{
    "title": "European Journal of Marketing",
    "oaid": "https://openalex.org/S89389284",
    "issn": "0309-0566",
    "cited_by": {
        "Thirties": {
            "Journal of Marketing": 0,
            "Journal of Marketing Research": 0,
            "Journal of Consumer Research": 0,
            "Marketing Science": 0,
            "Journal of Consumer Psychology": 0,
            "Journal of the Academy of Marketing Science": 0,
            "International Journal of Research in Marketing": 0,
            "Psychology and Marketing": 0,
            "European Journal of Marketing": 0,
            "Journal of Retailing": 0,
            "Industrial Marketing Management": 0
        },
        "Forties": {
            "Journal of Marketing": 0,
            "Journal of Marketing Research": 0,
            "Journal of Consumer Research": 0,
            "Marketing Science": 0,
            "Journal of Consumer Psychology": 0,
            "Journal of the Academy of Marketing Science": 0,
            "International Journal of Research in Marketing": 0,
            "Psychology and Marketing": 0,
            "European Journal of Marketing": 0,
            "Journal of Retailing": 0,
            "Industrial Marketing Management": 0
        },
        "Fifties": {
            "Journal of Marketing": 0,
            "Journal of Marketing Research": 0,
            "Journal of Consumer Research": 0,
            "Marketing Science": 0,
            "Journal of Consumer Psychology": 0,
            "Journal of the Academy of Marketing Science": 0,
            "International Journal of Research in Marketing": 0,
            "Psychology and Marketing": 0,
            "European Journal of Marketing": 0,
            "Journal of Retailing": 0,
            "Industrial Marketing Management": 0
        },
        "Sixties": {
            "Journal of Marketing": 0,
            "Journal of Marketing Research": 0,
            "Journal of Consumer Research": 0,
            "Marketing Science": 0,
            "Journal of Consumer Psychology": 0,
            "Journal of the Academy of Marketing Science": 0,
            "International Journal of Research in Marketing": 0,
            "Psychology and Marketing": 0,
            "European Journal of Marketing": 2,
            "Journal of Retailing": 0,
            "Industrial Marketing Management": 0
        },
        "Seventies": {
            "Journal of Marketing": 2,
            "Journal of Marketing Research": 8,
            "Journal of Consumer Research": 2,
            "Marketing Science": 0,
            "Journal of Consumer Psychology": 0,
            "Journal of the Academy of Marketing Science": 7,
            "International Journal of Research in Marketing": 0,
            "Psychology and Marketing": 0,
            "European Journal of Marketing": 50,
            "Journal of Retailing": 0,
            "Industrial Marketing Management": 25
        },
        "Eighties": {
            "Journal of Marketing": 23,
            "Journal of Marketing Research": 5,
            "Journal of Consumer Research": 1,
            "Marketing Science": 0,
            "Journal of Consumer Psychology": 0,
            "Journal of the Academy of Marketing Science": 6,
            "International Journal of Research in Marketing": 6,
            "Psychology and Marketing": 4,
            "European Journal of Marketing": 76,
            "Journal of Retailing": 0,
            "Industrial Marketing Management": 32
        },
        "Nineties": {
            "Journal of Marketing": 16,
            "Journal of Marketing Research": 0,
            "Journal of Consumer Research": 3,
            "Marketing Science": 1,
            "Journal of Consumer Psychology": 0,
            "Journal of the Academy of Marketing Science": 10,
            "International Journal of Research in Marketing": 22,
            "Psychology and Marketing": 6,
            "European Journal of Marketing": 190,
            "Journal of Retailing": 6,
            "Industrial Marketing Management": 36
        },
        "Aughts": {
            "Journal of Marketing": 46,
            "Journal of Marketing Research": 8,
            "Journal of Consumer Research": 9,
            "Marketing Science": 4,
            "Journal of Consumer Psychology": 5,
            "Journal of the Academy of Marketing Science": 50,
            "International Journal of Research in Marketing": 20,
            "Psychology and Marketing": 31,
            "European Journal of Marketing": 626,
            "Journal of Retailing": 15,
            "Industrial Marketing Management": 232
        },
        "Teens": {
            "Journal of Marketing": 24,
            "Journal of Marketing Research": 7,
            "Journal of Consumer Research": 23,
            "Marketing Science": 3,
            "Journal of Consumer Psychology": 15,
            "Journal of the Academy of Marketing Science": 76,
            "International Journal of Research in Marketing": 34,
            "Psychology and Marketing": 142,
            "European Journal of Marketing": 1008,
            "Journal of Retailing": 25,
            "Industrial Marketing Management": 217
        },
        "Twenties": {
            "Journal of Marketing": 11,
            "Journal of Marketing Research": 0,
            "Journal of Consumer Research": 2,
            "Marketing Science": 0,
            "Journal of Consumer Psychology": 9,
            "Journal of the Academy of Marketing Science": 15,
            "International Journal of Research in Marketing": 5,
            "Psychology and Marketing": 106,
            "European Journal of Marketing": 272,
            "Journal of Retailing": 8,
            "Industrial Marketing Management": 81
        }
    },
    "references": {
        "Thirties": {},
        "Forties": {},
        "Fifties": {},
        "Sixties": {},
        "Seventies": {},
        "Eighties": {},
        "Nineties": {},
        "Aughts": {},
        "Teens": {},
        "Twenties": {}
    }
}