{
    "title": "Industrial Marketing Management",
    "oaid": "https://openalex.org/S31748134",
    "issn": "0019-8501",
    "cited_by": {
        "Thirties": {
            "Journal of Marketing": 0,
            "Journal of Marketing Research": 0,
            "Journal of Consumer Research": 0,
            "Marketing Science": 0,
            "Journal of Consumer Psychology": 0,
            "Journal of the Academy of Marketing Science": 0,
            "International Journal of Research in Marketing": 0,
            "Psychology and Marketing": 0,
            "European Journal of Marketing": 0,
            "Journal of Retailing": 0,
            "Industrial Marketing Management": 0
        },
        "Forties": {
            "Journal of Marketing": 0,
            "Journal of Marketing Research": 0,
            "Journal of Consumer Research": 0,
            "Marketing Science": 0,
            "Journal of Consumer Psychology": 0,
            "Journal of the Academy of Marketing Science": 0,
            "International Journal of Research in Marketing": 0,
            "Psychology and Marketing": 0,
            "European Journal of Marketing": 0,
            "Journal of Retailing": 0,
            "Industrial Marketing Management": 0
        },
        "Fifties": {
            "Journal of Marketing": 0,
            "Journal of Marketing Research": 0,
            "Journal of Consumer Research": 0,
            "Marketing Science": 0,
            "Journal of Consumer Psychology": 0,
            "Journal of the Academy of Marketing Science": 0,
            "International Journal of Research in Marketing": 0,
            "Psychology and Marketing": 0,
            "European Journal of Marketing": 0,
            "Journal of Retailing": 0,
            "Industrial Marketing Management": 0
        },
        "Sixties": {
            "Journal of Marketing": 0,
            "Journal of Marketing Research": 0,
            "Journal of Consumer Research": 0,
            "Marketing Science": 0,
            "Journal of Consumer Psychology": 0,
            "Journal of the Academy of Marketing Science": 0,
            "International Journal of Research in Marketing": 0,
            "Psychology and Marketing": 0,
            "European Journal of Marketing": 0,
            "Journal of Retailing": 0,
            "Industrial Marketing Management": 0
        },
        "Seventies": {
            "Journal of Marketing": 6,
            "Journal of Marketing Research": 7,
            "Journal of Consumer Research": 0,
            "Marketing Science": 0,
            "Journal of Consumer Psychology": 0,
            "Journal of the Academy of Marketing Science": 3,
            "International Journal of Research in Marketing": 0,
            "Psychology and Marketing": 0,
            "European Journal of Marketing": 9,
            "Journal of Retailing": 0,
            "Industrial Marketing Management": 72
        },
        "Eighties": {
            "Journal of Marketing": 71,
            "Journal of Marketing Research": 19,
            "Journal of Consumer Research": 1,
            "Marketing Science": 3,
            "Journal of Consumer Psychology": 0,
            "Journal of the Academy of Marketing Science": 43,
            "International Journal of Research in Marketing": 24,
            "Psychology and Marketing": 0,
            "European Journal of Marketing": 48,
            "Journal of Retailing": 0,
            "Industrial Marketing Management": 302
        },
        "Nineties": {
            "Journal of Marketing": 14,
            "Journal of Marketing Research": 3,
            "Journal of Consumer Research": 0,
            "Marketing Science": 4,
            "Journal of Consumer Psychology": 0,
            "Journal of the Academy of Marketing Science": 23,
            "International Journal of Research in Marketing": 11,
            "Psychology and Marketing": 3,
            "European Journal of Marketing": 46,
            "Journal of Retailing": 3,
            "Industrial Marketing Management": 350
        },
        "Aughts": {
            "Journal of Marketing": 31,
            "Journal of Marketing Research": 2,
            "Journal of Consumer Research": 0,
            "Marketing Science": 3,
            "Journal of Consumer Psychology": 0,
            "Journal of the Academy of Marketing Science": 65,
            "International Journal of Research in Marketing": 27,
            "Psychology and Marketing": 16,
            "European Journal of Marketing": 162,
            "Journal of Retailing": 16,
            "Industrial Marketing Management": 1766
        },
        "Teens": {
            "Journal of Marketing": 51,
            "Journal of Marketing Research": 5,
            "Journal of Consumer Research": 4,
            "Marketing Science": 0,
            "Journal of Consumer Psychology": 0,
            "Journal of the Academy of Marketing Science": 138,
            "International Journal of Research in Marketing": 12,
            "Psychology and Marketing": 104,
            "European Journal of Marketing": 173,
            "Journal of Retailing": 3,
            "Industrial Marketing Management": 7119
        },
        "Twenties": {
            "Journal of Marketing": 10,
            "Journal of Marketing Research": 1,
            "Journal of Consumer Research": 0,
            "Marketing Science": 0,
            "Journal of Consumer Psychology": 0,
            "Journal of the Academy of Marketing Science": 30,
            "International Journal of Research in Marketing": 5,
            "Psychology and Marketing": 28,
            "European Journal of Marketing": 92,
            "Journal of Retailing": 3,
            "Industrial Marketing Management": 2292
        }
    },
    "references": {
        "Thirties": {},
        "Forties": {},
        "Fifties": {},
        "Sixties": {},
        "Seventies": {},
        "Eighties": {},
        "Nineties": {},
        "Aughts": {},
        "Teens": {},
        "Twenties": {}
    }
}