{
    "title": "International Journal of Research in Marketing",
    "oaid": "https://openalex.org/S11810700",
    "issn": "1873-8001",
    "cited_by": {
        "Thirties": {
            "Journal of Marketing": 0,
            "Journal of Marketing Research": 0,
            "Journal of Consumer Research": 0,
            "Marketing Science": 0,
            "Journal of Consumer Psychology": 0,
            "Journal of the Academy of Marketing Science": 0,
            "International Journal of Research in Marketing": 0,
            "Psychology and Marketing": 0,
            "European Journal of Marketing": 0,
            "Journal of Retailing": 0,
            "Industrial Marketing Management": 0
        },
        "Forties": {
            "Journal of Marketing": 0,
            "Journal of Marketing Research": 0,
            "Journal of Consumer Research": 0,
            "Marketing Science": 0,
            "Journal of Consumer Psychology": 0,
            "Journal of the Academy of Marketing Science": 0,
            "International Journal of Research in Marketing": 0,
            "Psychology and Marketing": 0,
            "European Journal of Marketing": 0,
            "Journal of Retailing": 0,
            "Industrial Marketing Management": 0
        },
        "Fifties": {
            "Journal of Marketing": 0,
            "Journal of Marketing Research": 0,
            "Journal of Consumer Research": 0,
            "Marketing Science": 0,
            "Journal of Consumer Psychology": 0,
            "Journal of the Academy of Marketing Science": 0,
            "International Journal of Research in Marketing": 0,
            "Psychology and Marketing": 0,
            "European Journal of Marketing": 0,
            "Journal of Retailing": 0,
            "Industrial Marketing Management": 0
        },
        "Sixties": {
            "Journal of Marketing": 0,
            "Journal of Marketing Research": 0,
            "Journal of Consumer Research": 0,
            "Marketing Science": 0,
            "Journal of Consumer Psychology": 0,
            "Journal of the Academy of Marketing Science": 0,
            "International Journal of Research in Marketing": 0,
            "Psychology and Marketing": 0,
            "European Journal of Marketing": 0,
            "Journal of Retailing": 0,
            "Industrial Marketing Management": 0
        },
        "Seventies": {
            "Journal of Marketing": 0,
            "Journal of Marketing Research": 0,
            "Journal of Consumer Research": 0,
            "Marketing Science": 0,
            "Journal of Consumer Psychology": 0,
            "Journal of the Academy of Marketing Science": 0,
            "International Journal of Research in Marketing": 0,
            "Psychology and Marketing": 0,
            "European Journal of Marketing": 0,
            "Journal of Retailing": 0,
            "Industrial Marketing Management": 0
        },
        "Eighties": {
            "Journal of Marketing": 5,
            "Journal of Marketing Research": 6,
            "Journal of Consumer Research": 1,
            "Marketing Science": 2,
            "Journal of Consumer Psychology": 0,
            "Journal of the Academy of Marketing Science": 1,
            "International Journal of Research in Marketing": 35,
            "Psychology and Marketing": 1,
            "European Journal of Marketing": 3,
            "Journal of Retailing": 0,
            "Industrial Marketing Management": 2
        },
        "Nineties": {
            "Journal of Marketing": 62,
            "Journal of Marketing Research": 112,
            "Journal of Consumer Research": 14,
            "Marketing Science": 61,
            "Journal of Consumer Psychology": 4,
            "Journal of the Academy of Marketing Science": 24,
            "International Journal of Research in Marketing": 205,
            "Psychology and Marketing": 6,
            "European Journal of Marketing": 63,
            "Journal of Retailing": 20,
            "Industrial Marketing Management": 30
        },
        "Aughts": {
            "Journal of Marketing": 133,
            "Journal of Marketing Research": 54,
            "Journal of Consumer Research": 15,
            "Marketing Science": 108,
            "Journal of Consumer Psychology": 7,
            "Journal of the Academy of Marketing Science": 59,
            "International Journal of Research in Marketing": 481,
            "Psychology and Marketing": 35,
            "European Journal of Marketing": 82,
            "Journal of Retailing": 42,
            "Industrial Marketing Management": 74
        },
        "Teens": {
            "Journal of Marketing": 168,
            "Journal of Marketing Research": 125,
            "Journal of Consumer Research": 71,
            "Marketing Science": 74,
            "Journal of Consumer Psychology": 39,
            "Journal of the Academy of Marketing Science": 207,
            "International Journal of Research in Marketing": 542,
            "Psychology and Marketing": 79,
            "European Journal of Marketing": 160,
            "Journal of Retailing": 89,
            "Industrial Marketing Management": 186
        },
        "Twenties": {
            "Journal of Marketing": 36,
            "Journal of Marketing Research": 21,
            "Journal of Consumer Research": 12,
            "Marketing Science": 5,
            "Journal of Consumer Psychology": 3,
            "Journal of the Academy of Marketing Science": 62,
            "International Journal of Research in Marketing": 172,
            "Psychology and Marketing": 81,
            "European Journal of Marketing": 39,
            "Journal of Retailing": 29,
            "Industrial Marketing Management": 39
        }
    },
    "references": {
        "Thirties": {},
        "Forties": {},
        "Fifties": {},
        "Sixties": {},
        "Seventies": {},
        "Eighties": {},
        "Nineties": {},
        "Aughts": {},
        "Teens": {},
        "Twenties": {}
    }
}