{
    "title": "Journal of Marketing Research",
    "oaid": "https://openalex.org/S119950638",
    "issn": "1547-7193",
    "cited_by": {
        "Thirties": {
            "Journal of Marketing": 0,
            "Journal of Marketing Research": 0,
            "Journal of Consumer Research": 0,
            "Marketing Science": 0,
            "Journal of Consumer Psychology": 0,
            "Journal of the Academy of Marketing Science": 0,
            "International Journal of Research in Marketing": 0,
            "Psychology and Marketing": 0,
            "European Journal of Marketing": 0,
            "Journal of Retailing": 0,
            "Industrial Marketing Management": 0
        },
        "Forties": {
            "Journal of Marketing": 0,
            "Journal of Marketing Research": 0,
            "Journal of Consumer Research": 0,
            "Marketing Science": 0,
            "Journal of Consumer Psychology": 0,
            "Journal of the Academy of Marketing Science": 0,
            "International Journal of Research in Marketing": 0,
            "Psychology and Marketing": 0,
            "European Journal of Marketing": 0,
            "Journal of Retailing": 0,
            "Industrial Marketing Management": 0
        },
        "Fifties": {
            "Journal of Marketing": 0,
            "Journal of Marketing Research": 0,
            "Journal of Consumer Research": 0,
            "Marketing Science": 0,
            "Journal of Consumer Psychology": 0,
            "Journal of the Academy of Marketing Science": 0,
            "International Journal of Research in Marketing": 0,
            "Psychology and Marketing": 0,
            "European Journal of Marketing": 0,
            "Journal of Retailing": 0,
            "Industrial Marketing Management": 0
        },
        "Sixties": {
            "Journal of Marketing": 0,
            "Journal of Marketing Research": 294,
            "Journal of Consumer Research": 0,
            "Marketing Science": 0,
            "Journal of Consumer Psychology": 0,
            "Journal of the Academy of Marketing Science": 0,
            "International Journal of Research in Marketing": 0,
            "Psychology and Marketing": 0,
            "European Journal of Marketing": 8,
            "Journal of Retailing": 0,
            "Industrial Marketing Management": 0
        },
        "Seventies": {
            "Journal of Marketing": 137,
            "Journal of Marketing Research": 1338,
            "Journal of Consumer Research": 367,
            "Marketing Science": 0,
            "Journal of Consumer Psychology": 0,
            "Journal of the Academy of Marketing Science": 182,
            "International Journal of Research in Marketing": 0,
            "Psychology and Marketing": 0,
            "European Journal of Marketing": 77,
            "Journal of Retailing": 0,
            "Industrial Marketing Management": 146
        },
        "Eighties": {
            "Journal of Marketing": 526,
            "Journal of Marketing Research": 1015,
            "Journal of Consumer Research": 295,
            "Marketing Science": 253,
            "Journal of Consumer Psychology": 0,
            "Journal of the Academy of Marketing Science": 492,
            "International Journal of Research in Marketing": 309,
            "Psychology and Marketing": 120,
            "European Journal of Marketing": 52,
            "Journal of Retailing": 0,
            "Industrial Marketing Management": 122
        },
        "Nineties": {
            "Journal of Marketing": 534,
            "Journal of Marketing Research": 808,
            "Journal of Consumer Research": 198,
            "Marketing Science": 433,
            "Journal of Consumer Psychology": 192,
            "Journal of the Academy of Marketing Science": 304,
            "International Journal of Research in Marketing": 401,
            "Psychology and Marketing": 118,
            "European Journal of Marketing": 160,
            "Journal of Retailing": 237,
            "Industrial Marketing Management": 143
        },
        "Aughts": {
            "Journal of Marketing": 831,
            "Journal of Marketing Research": 897,
            "Journal of Consumer Research": 408,
            "Marketing Science": 668,
            "Journal of Consumer Psychology": 210,
            "Journal of the Academy of Marketing Science": 291,
            "International Journal of Research in Marketing": 327,
            "Psychology and Marketing": 122,
            "European Journal of Marketing": 170,
            "Journal of Retailing": 197,
            "Industrial Marketing Management": 195
        },
        "Teens": {
            "Journal of Marketing": 984,
            "Journal of Marketing Research": 1266,
            "Journal of Consumer Research": 727,
            "Marketing Science": 715,
            "Journal of Consumer Psychology": 354,
            "Journal of the Academy of Marketing Science": 686,
            "International Journal of Research in Marketing": 599,
            "Psychology and Marketing": 303,
            "European Journal of Marketing": 298,
            "Journal of Retailing": 370,
            "Industrial Marketing Management": 255
        },
        "Twenties": {
            "Journal of Marketing": 99,
            "Journal of Marketing Research": 180,
            "Journal of Consumer Research": 56,
            "Marketing Science": 64,
            "Journal of Consumer Psychology": 53,
            "Journal of the Academy of Marketing Science": 69,
            "International Journal of Research in Marketing": 46,
            "Psychology and Marketing": 54,
            "European Journal of Marketing": 23,
            "Journal of Retailing": 41,
            "Industrial Marketing Management": 25
        }
    },
    "references": {
        "Thirties": {},
        "Forties": {},
        "Fifties": {},
        "Sixties": {},
        "Seventies": {},
        "Eighties": {},
        "Nineties": {},
        "Aughts": {},
        "Teens": {},
        "Twenties": {}
    }
}