{
    "title": "Journal of Marketing",
    "oaid": "https://openalex.org/S142990027",
    "issn": "1547-7185",
    "cited_by": {
        "Thirties": {
            "Journal of Marketing": 0,
            "Journal of Marketing Research": 0,
            "Journal of Consumer Research": 0,
            "Marketing Science": 0,
            "Journal of Consumer Psychology": 0,
            "Journal of the Academy of Marketing Science": 0,
            "International Journal of Research in Marketing": 0,
            "Psychology and Marketing": 0,
            "European Journal of Marketing": 0,
            "Journal of Retailing": 0,
            "Industrial Marketing Management": 0
        },
        "Forties": {
            "Journal of Marketing": 12,
            "Journal of Marketing Research": 0,
            "Journal of Consumer Research": 0,
            "Marketing Science": 0,
            "Journal of Consumer Psychology": 0,
            "Journal of the Academy of Marketing Science": 0,
            "International Journal of Research in Marketing": 0,
            "Psychology and Marketing": 0,
            "European Journal of Marketing": 0,
            "Journal of Retailing": 0,
            "Industrial Marketing Management": 0
        },
        "Fifties": {
            "Journal of Marketing": 1,
            "Journal of Marketing Research": 0,
            "Journal of Consumer Research": 0,
            "Marketing Science": 0,
            "Journal of Consumer Psychology": 0,
            "Journal of the Academy of Marketing Science": 0,
            "International Journal of Research in Marketing": 0,
            "Psychology and Marketing": 0,
            "European Journal of Marketing": 0,
            "Journal of Retailing": 0,
            "Industrial Marketing Management": 0
        },
        "Sixties": {
            "Journal of Marketing": 9,
            "Journal of Marketing Research": 97,
            "Journal of Consumer Research": 0,
            "Marketing Science": 0,
            "Journal of Consumer Psychology": 0,
            "Journal of the Academy of Marketing Science": 0,
            "International Journal of Research in Marketing": 0,
            "Psychology and Marketing": 0,
            "European Journal of Marketing": 5,
            "Journal of Retailing": 0,
            "Industrial Marketing Management": 0
        },
        "Seventies": {
            "Journal of Marketing": 136,
            "Journal of Marketing Research": 523,
            "Journal of Consumer Research": 132,
            "Marketing Science": 0,
            "Journal of Consumer Psychology": 0,
            "Journal of the Academy of Marketing Science": 361,
            "International Journal of Research in Marketing": 0,
            "Psychology and Marketing": 0,
            "European Journal of Marketing": 174,
            "Journal of Retailing": 0,
            "Industrial Marketing Management": 284
        },
        "Eighties": {
            "Journal of Marketing": 874,
            "Journal of Marketing Research": 322,
            "Journal of Consumer Research": 195,
            "Marketing Science": 78,
            "Journal of Consumer Psychology": 0,
            "Journal of the Academy of Marketing Science": 276,
            "International Journal of Research in Marketing": 173,
            "Psychology and Marketing": 112,
            "European Journal of Marketing": 141,
            "Journal of Retailing": 1,
            "Industrial Marketing Management": 202
        },
        "Nineties": {
            "Journal of Marketing": 1185,
            "Journal of Marketing Research": 549,
            "Journal of Consumer Research": 74,
            "Marketing Science": 173,
            "Journal of Consumer Psychology": 121,
            "Journal of the Academy of Marketing Science": 596,
            "International Journal of Research in Marketing": 374,
            "Psychology and Marketing": 140,
            "European Journal of Marketing": 585,
            "Journal of Retailing": 435,
            "Industrial Marketing Management": 520
        },
        "Aughts": {
            "Journal of Marketing": 2034,
            "Journal of Marketing Research": 344,
            "Journal of Consumer Research": 128,
            "Marketing Science": 355,
            "Journal of Consumer Psychology": 65,
            "Journal of the Academy of Marketing Science": 708,
            "International Journal of Research in Marketing": 372,
            "Psychology and Marketing": 126,
            "European Journal of Marketing": 348,
            "Journal of Retailing": 288,
            "Industrial Marketing Management": 734
        },
        "Teens": {
            "Journal of Marketing": 1431,
            "Journal of Marketing Research": 638,
            "Journal of Consumer Research": 366,
            "Marketing Science": 203,
            "Journal of Consumer Psychology": 235,
            "Journal of the Academy of Marketing Science": 1114,
            "International Journal of Research in Marketing": 572,
            "Psychology and Marketing": 378,
            "European Journal of Marketing": 576,
            "Journal of Retailing": 384,
            "Industrial Marketing Management": 983
        },
        "Twenties": {
            "Journal of Marketing": 372,
            "Journal of Marketing Research": 78,
            "Journal of Consumer Research": 85,
            "Marketing Science": 27,
            "Journal of Consumer Psychology": 53,
            "Journal of the Academy of Marketing Science": 203,
            "International Journal of Research in Marketing": 125,
            "Psychology and Marketing": 120,
            "European Journal of Marketing": 81,
            "Journal of Retailing": 51,
            "Industrial Marketing Management": 110
        }
    },
    "references": {
        "Thirties": {},
        "Forties": {},
        "Fifties": {},
        "Sixties": {},
        "Seventies": {},
        "Eighties": {},
        "Nineties": {},
        "Aughts": {},
        "Teens": {},
        "Twenties": {}
    }
}