{
    "title": "Journal of Retailing",
    "oaid": "https://openalex.org/S159120381",
    "issn": "1873-3271",
    "cited_by": {
        "Thirties": {
            "Journal of Marketing": 0,
            "Journal of Marketing Research": 0,
            "Journal of Consumer Research": 0,
            "Marketing Science": 0,
            "Journal of Consumer Psychology": 0,
            "Journal of the Academy of Marketing Science": 0,
            "International Journal of Research in Marketing": 0,
            "Psychology and Marketing": 0,
            "European Journal of Marketing": 0,
            "Journal of Retailing": 0,
            "Industrial Marketing Management": 0
        },
        "Forties": {
            "Journal of Marketing": 0,
            "Journal of Marketing Research": 0,
            "Journal of Consumer Research": 0,
            "Marketing Science": 0,
            "Journal of Consumer Psychology": 0,
            "Journal of the Academy of Marketing Science": 0,
            "International Journal of Research in Marketing": 0,
            "Psychology and Marketing": 0,
            "European Journal of Marketing": 0,
            "Journal of Retailing": 0,
            "Industrial Marketing Management": 0
        },
        "Fifties": {
            "Journal of Marketing": 0,
            "Journal of Marketing Research": 0,
            "Journal of Consumer Research": 0,
            "Marketing Science": 0,
            "Journal of Consumer Psychology": 0,
            "Journal of the Academy of Marketing Science": 0,
            "International Journal of Research in Marketing": 0,
            "Psychology and Marketing": 0,
            "European Journal of Marketing": 0,
            "Journal of Retailing": 0,
            "Industrial Marketing Management": 0
        },
        "Sixties": {
            "Journal of Marketing": 0,
            "Journal of Marketing Research": 0,
            "Journal of Consumer Research": 0,
            "Marketing Science": 0,
            "Journal of Consumer Psychology": 0,
            "Journal of the Academy of Marketing Science": 0,
            "International Journal of Research in Marketing": 0,
            "Psychology and Marketing": 0,
            "European Journal of Marketing": 0,
            "Journal of Retailing": 0,
            "Industrial Marketing Management": 0
        },
        "Seventies": {
            "Journal of Marketing": 0,
            "Journal of Marketing Research": 1,
            "Journal of Consumer Research": 0,
            "Marketing Science": 0,
            "Journal of Consumer Psychology": 0,
            "Journal of the Academy of Marketing Science": 1,
            "International Journal of Research in Marketing": 0,
            "Psychology and Marketing": 0,
            "European Journal of Marketing": 0,
            "Journal of Retailing": 0,
            "Industrial Marketing Management": 0
        },
        "Eighties": {
            "Journal of Marketing": 4,
            "Journal of Marketing Research": 4,
            "Journal of Consumer Research": 3,
            "Marketing Science": 0,
            "Journal of Consumer Psychology": 0,
            "Journal of the Academy of Marketing Science": 12,
            "International Journal of Research in Marketing": 2,
            "Psychology and Marketing": 2,
            "European Journal of Marketing": 0,
            "Journal of Retailing": 0,
            "Industrial Marketing Management": 1
        },
        "Nineties": {
            "Journal of Marketing": 65,
            "Journal of Marketing Research": 31,
            "Journal of Consumer Research": 2,
            "Marketing Science": 22,
            "Journal of Consumer Psychology": 0,
            "Journal of the Academy of Marketing Science": 52,
            "International Journal of Research in Marketing": 35,
            "Psychology and Marketing": 15,
            "European Journal of Marketing": 36,
            "Journal of Retailing": 156,
            "Industrial Marketing Management": 12
        },
        "Aughts": {
            "Journal of Marketing": 142,
            "Journal of Marketing Research": 46,
            "Journal of Consumer Research": 23,
            "Marketing Science": 58,
            "Journal of Consumer Psychology": 18,
            "Journal of the Academy of Marketing Science": 118,
            "International Journal of Research in Marketing": 39,
            "Psychology and Marketing": 97,
            "European Journal of Marketing": 143,
            "Journal of Retailing": 1544,
            "Industrial Marketing Management": 67
        },
        "Teens": {
            "Journal of Marketing": 106,
            "Journal of Marketing Research": 65,
            "Journal of Consumer Research": 38,
            "Marketing Science": 16,
            "Journal of Consumer Psychology": 19,
            "Journal of the Academy of Marketing Science": 166,
            "International Journal of Research in Marketing": 118,
            "Psychology and Marketing": 129,
            "European Journal of Marketing": 151,
            "Journal of Retailing": 563,
            "Industrial Marketing Management": 102
        },
        "Twenties": {
            "Journal of Marketing": 11,
            "Journal of Marketing Research": 11,
            "Journal of Consumer Research": 7,
            "Marketing Science": 6,
            "Journal of Consumer Psychology": 10,
            "Journal of the Academy of Marketing Science": 51,
            "International Journal of Research in Marketing": 24,
            "Psychology and Marketing": 57,
            "European Journal of Marketing": 26,
            "Journal of Retailing": 236,
            "Industrial Marketing Management": 15
        }
    },
    "references": {
        "Thirties": {},
        "Forties": {},
        "Fifties": {},
        "Sixties": {},
        "Seventies": {},
        "Eighties": {},
        "Nineties": {},
        "Aughts": {},
        "Teens": {},
        "Twenties": {}
    }
}