{
    "title": "Journal of the Academy of Marketing Science",
    "oaid": "https://openalex.org/S92522684",
    "issn": "1552-7824",
    "cited_by": {
        "Thirties": {
            "Journal of Marketing": 0,
            "Journal of Marketing Research": 0,
            "Journal of Consumer Research": 0,
            "Marketing Science": 0,
            "Journal of Consumer Psychology": 0,
            "Journal of the Academy of Marketing Science": 0,
            "International Journal of Research in Marketing": 0,
            "Psychology and Marketing": 0,
            "European Journal of Marketing": 0,
            "Journal of Retailing": 0,
            "Industrial Marketing Management": 0
        },
        "Forties": {
            "Journal of Marketing": 0,
            "Journal of Marketing Research": 0,
            "Journal of Consumer Research": 0,
            "Marketing Science": 0,
            "Journal of Consumer Psychology": 0,
            "Journal of the Academy of Marketing Science": 0,
            "International Journal of Research in Marketing": 0,
            "Psychology and Marketing": 0,
            "European Journal of Marketing": 0,
            "Journal of Retailing": 0,
            "Industrial Marketing Management": 0
        },
        "Fifties": {
            "Journal of Marketing": 0,
            "Journal of Marketing Research": 0,
            "Journal of Consumer Research": 0,
            "Marketing Science": 0,
            "Journal of Consumer Psychology": 0,
            "Journal of the Academy of Marketing Science": 0,
            "International Journal of Research in Marketing": 0,
            "Psychology and Marketing": 0,
            "European Journal of Marketing": 0,
            "Journal of Retailing": 0,
            "Industrial Marketing Management": 0
        },
        "Sixties": {
            "Journal of Marketing": 0,
            "Journal of Marketing Research": 0,
            "Journal of Consumer Research": 0,
            "Marketing Science": 0,
            "Journal of Consumer Psychology": 0,
            "Journal of the Academy of Marketing Science": 0,
            "International Journal of Research in Marketing": 0,
            "Psychology and Marketing": 0,
            "European Journal of Marketing": 0,
            "Journal of Retailing": 0,
            "Industrial Marketing Management": 0
        },
        "Seventies": {
            "Journal of Marketing": 0,
            "Journal of Marketing Research": 5,
            "Journal of Consumer Research": 1,
            "Marketing Science": 0,
            "Journal of Consumer Psychology": 0,
            "Journal of the Academy of Marketing Science": 16,
            "International Journal of Research in Marketing": 0,
            "Psychology and Marketing": 0,
            "European Journal of Marketing": 0,
            "Journal of Retailing": 0,
            "Industrial Marketing Management": 2
        },
        "Eighties": {
            "Journal of Marketing": 24,
            "Journal of Marketing Research": 8,
            "Journal of Consumer Research": 6,
            "Marketing Science": 2,
            "Journal of Consumer Psychology": 0,
            "Journal of the Academy of Marketing Science": 115,
            "International Journal of Research in Marketing": 9,
            "Psychology and Marketing": 3,
            "European Journal of Marketing": 6,
            "Journal of Retailing": 0,
            "Industrial Marketing Management": 18
        },
        "Nineties": {
            "Journal of Marketing": 196,
            "Journal of Marketing Research": 33,
            "Journal of Consumer Research": 15,
            "Marketing Science": 4,
            "Journal of Consumer Psychology": 13,
            "Journal of the Academy of Marketing Science": 250,
            "International Journal of Research in Marketing": 47,
            "Psychology and Marketing": 54,
            "European Journal of Marketing": 134,
            "Journal of Retailing": 83,
            "Industrial Marketing Management": 86
        },
        "Aughts": {
            "Journal of Marketing": 343,
            "Journal of Marketing Research": 35,
            "Journal of Consumer Research": 27,
            "Marketing Science": 39,
            "Journal of Consumer Psychology": 26,
            "Journal of the Academy of Marketing Science": 571,
            "International Journal of Research in Marketing": 99,
            "Psychology and Marketing": 134,
            "European Journal of Marketing": 318,
            "Journal of Retailing": 163,
            "Industrial Marketing Management": 355
        },
        "Teens": {
            "Journal of Marketing": 203,
            "Journal of Marketing Research": 53,
            "Journal of Consumer Research": 42,
            "Marketing Science": 19,
            "Journal of Consumer Psychology": 23,
            "Journal of the Academy of Marketing Science": 1187,
            "International Journal of Research in Marketing": 155,
            "Psychology and Marketing": 183,
            "European Journal of Marketing": 320,
            "Journal of Retailing": 123,
            "Industrial Marketing Management": 849
        },
        "Twenties": {
            "Journal of Marketing": 33,
            "Journal of Marketing Research": 16,
            "Journal of Consumer Research": 16,
            "Marketing Science": 3,
            "Journal of Consumer Psychology": 7,
            "Journal of the Academy of Marketing Science": 249,
            "International Journal of Research in Marketing": 48,
            "Psychology and Marketing": 89,
            "European Journal of Marketing": 74,
            "Journal of Retailing": 28,
            "Industrial Marketing Management": 137
        }
    },
    "references": {
        "Thirties": {},
        "Forties": {},
        "Fifties": {},
        "Sixties": {},
        "Seventies": {},
        "Eighties": {},
        "Nineties": {},
        "Aughts": {},
        "Teens": {},
        "Twenties": {}
    }
}