{
    "title": "Journal of Consumer Psychology",
    "oaid": "https://openalex.org/S163545350",
    "issn": "1532-7663",
    "cited_by": {
        "Thirties": {
            "Journal of Marketing": 0,
            "Journal of Marketing Research": 0,
            "Journal of Consumer Research": 0,
            "Marketing Science": 0,
            "Journal of Consumer Psychology": 0,
            "Journal of the Academy of Marketing Science": 0,
            "International Journal of Research in Marketing": 0,
            "Psychology and Marketing": 0,
            "European Journal of Marketing": 0,
            "Journal of Retailing": 0,
            "Industrial Marketing Management": 0
        },
        "Forties": {
            "Journal of Marketing": 0,
            "Journal of Marketing Research": 0,
            "Journal of Consumer Research": 0,
            "Marketing Science": 0,
            "Journal of Consumer Psychology": 0,
            "Journal of the Academy of Marketing Science": 0,
            "International Journal of Research in Marketing": 0,
            "Psychology and Marketing": 0,
            "European Journal of Marketing": 0,
            "Journal of Retailing": 0,
            "Industrial Marketing Management": 0
        },
        "Fifties": {
            "Journal of Marketing": 0,
            "Journal of Marketing Research": 0,
            "Journal of Consumer Research": 0,
            "Marketing Science": 0,
            "Journal of Consumer Psychology": 0,
            "Journal of the Academy of Marketing Science": 0,
            "International Journal of Research in Marketing": 0,
            "Psychology and Marketing": 0,
            "European Journal of Marketing": 0,
            "Journal of Retailing": 0,
            "Industrial Marketing Management": 0
        },
        "Sixties": {
            "Journal of Marketing": 0,
            "Journal of Marketing Research": 0,
            "Journal of Consumer Research": 0,
            "Marketing Science": 0,
            "Journal of Consumer Psychology": 0,
            "Journal of the Academy of Marketing Science": 0,
            "International Journal of Research in Marketing": 0,
            "Psychology and Marketing": 0,
            "European Journal of Marketing": 0,
            "Journal of Retailing": 0,
            "Industrial Marketing Management": 0
        },
        "Seventies": {
            "Journal of Marketing": 0,
            "Journal of Marketing Research": 0,
            "Journal of Consumer Research": 0,
            "Marketing Science": 0,
            "Journal of Consumer Psychology": 0,
            "Journal of the Academy of Marketing Science": 0,
            "International Journal of Research in Marketing": 0,
            "Psychology and Marketing": 0,
            "European Journal of Marketing": 0,
            "Journal of Retailing": 0,
            "Industrial Marketing Management": 0
        },
        "Eighties": {
            "Journal of Marketing": 0,
            "Journal of Marketing Research": 0,
            "Journal of Consumer Research": 0,
            "Marketing Science": 0,
            "Journal of Consumer Psychology": 0,
            "Journal of the Academy of Marketing Science": 0,
            "International Journal of Research in Marketing": 0,
            "Psychology and Marketing": 0,
            "European Journal of Marketing": 0,
            "Journal of Retailing": 0,
            "Industrial Marketing Management": 0
        },
        "Nineties": {
            "Journal of Marketing": 23,
            "Journal of Marketing Research": 31,
            "Journal of Consumer Research": 35,
            "Marketing Science": 2,
            "Journal of Consumer Psychology": 91,
            "Journal of the Academy of Marketing Science": 22,
            "International Journal of Research in Marketing": 8,
            "Psychology and Marketing": 22,
            "European Journal of Marketing": 2,
            "Journal of Retailing": 6,
            "Industrial Marketing Management": 0
        },
        "Aughts": {
            "Journal of Marketing": 103,
            "Journal of Marketing Research": 106,
            "Journal of Consumer Research": 300,
            "Marketing Science": 43,
            "Journal of Consumer Psychology": 1020,
            "Journal of the Academy of Marketing Science": 53,
            "International Journal of Research in Marketing": 47,
            "Psychology and Marketing": 138,
            "European Journal of Marketing": 28,
            "Journal of Retailing": 43,
            "Industrial Marketing Management": 4
        },
        "Teens": {
            "Journal of Marketing": 104,
            "Journal of Marketing Research": 201,
            "Journal of Consumer Research": 497,
            "Marketing Science": 18,
            "Journal of Consumer Psychology": 883,
            "Journal of the Academy of Marketing Science": 100,
            "International Journal of Research in Marketing": 108,
            "Psychology and Marketing": 303,
            "European Journal of Marketing": 149,
            "Journal of Retailing": 112,
            "Industrial Marketing Management": 18
        },
        "Twenties": {
            "Journal of Marketing": 26,
            "Journal of Marketing Research": 27,
            "Journal of Consumer Research": 25,
            "Marketing Science": 2,
            "Journal of Consumer Psychology": 212,
            "Journal of the Academy of Marketing Science": 21,
            "International Journal of Research in Marketing": 11,
            "Psychology and Marketing": 73,
            "European Journal of Marketing": 34,
            "Journal of Retailing": 4,
            "Industrial Marketing Management": 3
        }
    },
    "references": {
        "Thirties": {},
        "Forties": {},
        "Fifties": {},
        "Sixties": {},
        "Seventies": {},
        "Eighties": {},
        "Nineties": {},
        "Aughts": {},
        "Teens": {},
        "Twenties": {}
    }
}