{
    "title": "Journal of Consumer Research",
    "oaid": "https://openalex.org/S145429826",
    "issn": "1537-5277",
    "cited_by": {
        "Thirties": {
            "Journal of Marketing": 0,
            "Journal of Marketing Research": 0,
            "Journal of Consumer Research": 0,
            "Marketing Science": 0,
            "Journal of Consumer Psychology": 0,
            "Journal of the Academy of Marketing Science": 0,
            "International Journal of Research in Marketing": 0,
            "Psychology and Marketing": 0,
            "European Journal of Marketing": 0,
            "Journal of Retailing": 0,
            "Industrial Marketing Management": 0
        },
        "Forties": {
            "Journal of Marketing": 0,
            "Journal of Marketing Research": 0,
            "Journal of Consumer Research": 0,
            "Marketing Science": 0,
            "Journal of Consumer Psychology": 0,
            "Journal of the Academy of Marketing Science": 0,
            "International Journal of Research in Marketing": 0,
            "Psychology and Marketing": 0,
            "European Journal of Marketing": 0,
            "Journal of Retailing": 0,
            "Industrial Marketing Management": 0
        },
        "Fifties": {
            "Journal of Marketing": 0,
            "Journal of Marketing Research": 0,
            "Journal of Consumer Research": 0,
            "Marketing Science": 0,
            "Journal of Consumer Psychology": 0,
            "Journal of the Academy of Marketing Science": 0,
            "International Journal of Research in Marketing": 0,
            "Psychology and Marketing": 0,
            "European Journal of Marketing": 0,
            "Journal of Retailing": 0,
            "Industrial Marketing Management": 0
        },
        "Sixties": {
            "Journal of Marketing": 0,
            "Journal of Marketing Research": 0,
            "Journal of Consumer Research": 0,
            "Marketing Science": 0,
            "Journal of Consumer Psychology": 0,
            "Journal of the Academy of Marketing Science": 0,
            "International Journal of Research in Marketing": 0,
            "Psychology and Marketing": 0,
            "European Journal of Marketing": 0,
            "Journal of Retailing": 0,
            "Industrial Marketing Management": 0
        },
        "Seventies": {
            "Journal of Marketing": 20,
            "Journal of Marketing Research": 99,
            "Journal of Consumer Research": 203,
            "Marketing Science": 0,
            "Journal of Consumer Psychology": 0,
            "Journal of the Academy of Marketing Science": 23,
            "International Journal of Research in Marketing": 0,
            "Psychology and Marketing": 0,
            "European Journal of Marketing": 7,
            "Journal of Retailing": 0,
            "Industrial Marketing Management": 0
        },
        "Eighties": {
            "Journal of Marketing": 335,
            "Journal of Marketing Research": 376,
            "Journal of Consumer Research": 855,
            "Marketing Science": 85,
            "Journal of Consumer Psychology": 0,
            "Journal of the Academy of Marketing Science": 161,
            "International Journal of Research in Marketing": 111,
            "Psychology and Marketing": 144,
            "European Journal of Marketing": 20,
            "Journal of Retailing": 2,
            "Industrial Marketing Management": 8
        },
        "Nineties": {
            "Journal of Marketing": 368,
            "Journal of Marketing Research": 416,
            "Journal of Consumer Research": 696,
            "Marketing Science": 78,
            "Journal of Consumer Psychology": 323,
            "Journal of the Academy of Marketing Science": 201,
            "International Journal of Research in Marketing": 162,
            "Psychology and Marketing": 177,
            "European Journal of Marketing": 113,
            "Journal of Retailing": 164,
            "Industrial Marketing Management": 20
        },
        "Aughts": {
            "Journal of Marketing": 421,
            "Journal of Marketing Research": 444,
            "Journal of Consumer Research": 1685,
            "Marketing Science": 150,
            "Journal of Consumer Psychology": 594,
            "Journal of the Academy of Marketing Science": 232,
            "International Journal of Research in Marketing": 126,
            "Psychology and Marketing": 279,
            "European Journal of Marketing": 145,
            "Journal of Retailing": 198,
            "Industrial Marketing Management": 22
        },
        "Teens": {
            "Journal of Marketing": 430,
            "Journal of Marketing Research": 616,
            "Journal of Consumer Research": 2505,
            "Marketing Science": 32,
            "Journal of Consumer Psychology": 1006,
            "Journal of the Academy of Marketing Science": 310,
            "International Journal of Research in Marketing": 315,
            "Psychology and Marketing": 512,
            "European Journal of Marketing": 526,
            "Journal of Retailing": 294,
            "Industrial Marketing Management": 77
        },
        "Twenties": {
            "Journal of Marketing": 63,
            "Journal of Marketing Research": 54,
            "Journal of Consumer Research": 207,
            "Marketing Science": 3,
            "Journal of Consumer Psychology": 85,
            "Journal of the Academy of Marketing Science": 58,
            "International Journal of Research in Marketing": 20,
            "Psychology and Marketing": 97,
            "European Journal of Marketing": 32,
            "Journal of Retailing": 17,
            "Industrial Marketing Management": 4
        }
    },
    "references": {
        "Thirties": {},
        "Forties": {},
        "Fifties": {},
        "Sixties": {},
        "Seventies": {},
        "Eighties": {},
        "Nineties": {},
        "Aughts": {},
        "Teens": {},
        "Twenties": {}
    }
}