{
    "title": "Marketing Science",
    "oaid": "https://openalex.org/S163534328",
    "issn": "0732-2399",
    "cited_by": {
        "Thirties": {
            "Journal of Marketing": 0,
            "Journal of Marketing Research": 0,
            "Journal of Consumer Research": 0,
            "Marketing Science": 0,
            "Journal of Consumer Psychology": 0,
            "Journal of the Academy of Marketing Science": 0,
            "International Journal of Research in Marketing": 0,
            "Psychology and Marketing": 0,
            "European Journal of Marketing": 0,
            "Journal of Retailing": 0,
            "Industrial Marketing Management": 0
        },
        "Forties": {
            "Journal of Marketing": 0,
            "Journal of Marketing Research": 0,
            "Journal of Consumer Research": 0,
            "Marketing Science": 0,
            "Journal of Consumer Psychology": 0,
            "Journal of the Academy of Marketing Science": 0,
            "International Journal of Research in Marketing": 0,
            "Psychology and Marketing": 0,
            "European Journal of Marketing": 0,
            "Journal of Retailing": 0,
            "Industrial Marketing Management": 0
        },
        "Fifties": {
            "Journal of Marketing": 0,
            "Journal of Marketing Research": 0,
            "Journal of Consumer Research": 0,
            "Marketing Science": 0,
            "Journal of Consumer Psychology": 0,
            "Journal of the Academy of Marketing Science": 0,
            "International Journal of Research in Marketing": 0,
            "Psychology and Marketing": 0,
            "European Journal of Marketing": 0,
            "Journal of Retailing": 0,
            "Industrial Marketing Management": 0
        },
        "Sixties": {
            "Journal of Marketing": 0,
            "Journal of Marketing Research": 0,
            "Journal of Consumer Research": 0,
            "Marketing Science": 0,
            "Journal of Consumer Psychology": 0,
            "Journal of the Academy of Marketing Science": 0,
            "International Journal of Research in Marketing": 0,
            "Psychology and Marketing": 0,
            "European Journal of Marketing": 0,
            "Journal of Retailing": 0,
            "Industrial Marketing Management": 0
        },
        "Seventies": {
            "Journal of Marketing": 0,
            "Journal of Marketing Research": 0,
            "Journal of Consumer Research": 0,
            "Marketing Science": 0,
            "Journal of Consumer Psychology": 0,
            "Journal of the Academy of Marketing Science": 0,
            "International Journal of Research in Marketing": 0,
            "Psychology and Marketing": 0,
            "European Journal of Marketing": 0,
            "Journal of Retailing": 0,
            "Industrial Marketing Management": 0
        },
        "Eighties": {
            "Journal of Marketing": 58,
            "Journal of Marketing Research": 190,
            "Journal of Consumer Research": 26,
            "Marketing Science": 228,
            "Journal of Consumer Psychology": 0,
            "Journal of the Academy of Marketing Science": 22,
            "International Journal of Research in Marketing": 54,
            "Psychology and Marketing": 3,
            "European Journal of Marketing": 2,
            "Journal of Retailing": 0,
            "Industrial Marketing Management": 0
        },
        "Nineties": {
            "Journal of Marketing": 107,
            "Journal of Marketing Research": 358,
            "Journal of Consumer Research": 38,
            "Marketing Science": 453,
            "Journal of Consumer Psychology": 10,
            "Journal of the Academy of Marketing Science": 56,
            "International Journal of Research in Marketing": 143,
            "Psychology and Marketing": 9,
            "European Journal of Marketing": 6,
            "Journal of Retailing": 97,
            "Industrial Marketing Management": 3
        },
        "Aughts": {
            "Journal of Marketing": 483,
            "Journal of Marketing Research": 429,
            "Journal of Consumer Research": 85,
            "Marketing Science": 2016,
            "Journal of Consumer Psychology": 51,
            "Journal of the Academy of Marketing Science": 102,
            "International Journal of Research in Marketing": 237,
            "Psychology and Marketing": 51,
            "European Journal of Marketing": 29,
            "Journal of Retailing": 176,
            "Industrial Marketing Management": 38
        },
        "Teens": {
            "Journal of Marketing": 449,
            "Journal of Marketing Research": 648,
            "Journal of Consumer Research": 63,
            "Marketing Science": 1218,
            "Journal of Consumer Psychology": 23,
            "Journal of the Academy of Marketing Science": 311,
            "International Journal of Research in Marketing": 409,
            "Psychology and Marketing": 37,
            "European Journal of Marketing": 96,
            "Journal of Retailing": 175,
            "Industrial Marketing Management": 67
        },
        "Twenties": {
            "Journal of Marketing": 49,
            "Journal of Marketing Research": 81,
            "Journal of Consumer Research": 11,
            "Marketing Science": 181,
            "Journal of Consumer Psychology": 8,
            "Journal of the Academy of Marketing Science": 26,
            "International Journal of Research in Marketing": 34,
            "Psychology and Marketing": 20,
            "European Journal of Marketing": 11,
            "Journal of Retailing": 19,
            "Industrial Marketing Management": 6
        }
    },
    "references": {
        "Thirties": {},
        "Forties": {},
        "Fifties": {},
        "Sixties": {},
        "Seventies": {},
        "Eighties": {},
        "Nineties": {},
        "Aughts": {},
        "Teens": {},
        "Twenties": {}
    }
}