[
    {
        "title": "Journal of Marketing",
        "oaid": "https://openalex.org/S142990027",
        "issn": "1547-7185",
        "cited_by": {
            "Thirties": {
                "Journal of Marketing": 0,
                "Journal of Marketing Research": 0,
                "Journal of Consumer Research": 0,
                "Marketing Science": 0,
                "Journal of Consumer Psychology": 0,
                "Journal of the Academy of Marketing Science": 0,
                "International Journal of Research in Marketing": 0,
                "Psychology and Marketing": 0,
                "European Journal of Marketing": 0,
                "Journal of Retailing": 0,
                "Industrial Marketing Management": 0
            },
            "Forties": {
                "Journal of Marketing": 12,
                "Journal of Marketing Research": 0,
                "Journal of Consumer Research": 0,
                "Marketing Science": 0,
                "Journal of Consumer Psychology": 0,
                "Journal of the Academy of Marketing Science": 0,
                "International Journal of Research in Marketing": 0,
                "Psychology and Marketing": 0,
                "European Journal of Marketing": 0,
                "Journal of Retailing": 0,
                "Industrial Marketing Management": 0
            },
            "Fifties": {
                "Journal of Marketing": 1,
                "Journal of Marketing Research": 0,
                "Journal of Consumer Research": 0,
                "Marketing Science": 0,
                "Journal of Consumer Psychology": 0,
                "Journal of the Academy of Marketing Science": 0,
                "International Journal of Research in Marketing": 0,
                "Psychology and Marketing": 0,
                "European Journal of Marketing": 0,
                "Journal of Retailing": 0,
                "Industrial Marketing Management": 0
            },
            "Sixties": {
                "Journal of Marketing": 9,
                "Journal of Marketing Research": 97,
                "Journal of Consumer Research": 0,
                "Marketing Science": 0,
                "Journal of Consumer Psychology": 0,
                "Journal of the Academy of Marketing Science": 0,
                "International Journal of Research in Marketing": 0,
                "Psychology and Marketing": 0,
                "European Journal of Marketing": 5,
                "Journal of Retailing": 0,
                "Industrial Marketing Management": 0
            },
            "Seventies": {
                "Journal of Marketing": 136,
                "Journal of Marketing Research": 523,
                "Journal of Consumer Research": 132,
                "Marketing Science": 0,
                "Journal of Consumer Psychology": 0,
                "Journal of the Academy of Marketing Science": 361,
                "International Journal of Research in Marketing": 0,
                "Psychology and Marketing": 0,
                "European Journal of Marketing": 174,
                "Journal of Retailing": 0,
                "Industrial Marketing Management": 284
            },
            "Eighties": {
                "Journal of Marketing": 874,
                "Journal of Marketing Research": 322,
                "Journal of Consumer Research": 195,
                "Marketing Science": 78,
                "Journal of Consumer Psychology": 0,
                "Journal of the Academy of Marketing Science": 276,
                "International Journal of Research in Marketing": 173,
                "Psychology and Marketing": 112,
                "European Journal of Marketing": 141,
                "Journal of Retailing": 1,
                "Industrial Marketing Management": 202
            },
            "Nineties": {
                "Journal of Marketing": 1185,
                "Journal of Marketing Research": 549,
                "Journal of Consumer Research": 74,
                "Marketing Science": 173,
                "Journal of Consumer Psychology": 121,
                "Journal of the Academy of Marketing Science": 596,
                "International Journal of Research in Marketing": 374,
                "Psychology and Marketing": 140,
                "European Journal of Marketing": 585,
                "Journal of Retailing": 435,
                "Industrial Marketing Management": 520
            },
            "Aughts": {
                "Journal of Marketing": 2034,
                "Journal of Marketing Research": 344,
                "Journal of Consumer Research": 128,
                "Marketing Science": 355,
                "Journal of Consumer Psychology": 65,
                "Journal of the Academy of Marketing Science": 708,
                "International Journal of Research in Marketing": 372,
                "Psychology and Marketing": 126,
                "European Journal of Marketing": 348,
                "Journal of Retailing": 288,
                "Industrial Marketing Management": 734
            },
            "Teens": {
                "Journal of Marketing": 1431,
                "Journal of Marketing Research": 638,
                "Journal of Consumer Research": 366,
                "Marketing Science": 203,
                "Journal of Consumer Psychology": 235,
                "Journal of the Academy of Marketing Science": 1114,
                "International Journal of Research in Marketing": 572,
                "Psychology and Marketing": 378,
                "European Journal of Marketing": 576,
                "Journal of Retailing": 384,
                "Industrial Marketing Management": 983
            },
            "Twenties": {
                "Journal of Marketing": 372,
                "Journal of Marketing Research": 78,
                "Journal of Consumer Research": 85,
                "Marketing Science": 27,
                "Journal of Consumer Psychology": 53,
                "Journal of the Academy of Marketing Science": 203,
                "International Journal of Research in Marketing": 125,
                "Psychology and Marketing": 120,
                "European Journal of Marketing": 81,
                "Journal of Retailing": 51,
                "Industrial Marketing Management": 110
            }
        },
        "references": {
            "Thirties": {},
            "Forties": {},
            "Fifties": {},
            "Sixties": {},
            "Seventies": {},
            "Eighties": {},
            "Nineties": {},
            "Aughts": {},
            "Teens": {},
            "Twenties": {}
        }
    },
    {
        "title": "Journal of Marketing Research",
        "oaid": "https://openalex.org/S119950638",
        "issn": "1547-7193",
        "cited_by": {
            "Thirties": {
                "Journal of Marketing": 0,
                "Journal of Marketing Research": 0,
                "Journal of Consumer Research": 0,
                "Marketing Science": 0,
                "Journal of Consumer Psychology": 0,
                "Journal of the Academy of Marketing Science": 0,
                "International Journal of Research in Marketing": 0,
                "Psychology and Marketing": 0,
                "European Journal of Marketing": 0,
                "Journal of Retailing": 0,
                "Industrial Marketing Management": 0
            },
            "Forties": {
                "Journal of Marketing": 0,
                "Journal of Marketing Research": 0,
                "Journal of Consumer Research": 0,
                "Marketing Science": 0,
                "Journal of Consumer Psychology": 0,
                "Journal of the Academy of Marketing Science": 0,
                "International Journal of Research in Marketing": 0,
                "Psychology and Marketing": 0,
                "European Journal of Marketing": 0,
                "Journal of Retailing": 0,
                "Industrial Marketing Management": 0
            },
            "Fifties": {
                "Journal of Marketing": 0,
                "Journal of Marketing Research": 0,
                "Journal of Consumer Research": 0,
                "Marketing Science": 0,
                "Journal of Consumer Psychology": 0,
                "Journal of the Academy of Marketing Science": 0,
                "International Journal of Research in Marketing": 0,
                "Psychology and Marketing": 0,
                "European Journal of Marketing": 0,
                "Journal of Retailing": 0,
                "Industrial Marketing Management": 0
            },
            "Sixties": {
                "Journal of Marketing": 0,
                "Journal of Marketing Research": 294,
                "Journal of Consumer Research": 0,
                "Marketing Science": 0,
                "Journal of Consumer Psychology": 0,
                "Journal of the Academy of Marketing Science": 0,
                "International Journal of Research in Marketing": 0,
                "Psychology and Marketing": 0,
                "European Journal of Marketing": 8,
                "Journal of Retailing": 0,
                "Industrial Marketing Management": 0
            },
            "Seventies": {
                "Journal of Marketing": 137,
                "Journal of Marketing Research": 1338,
                "Journal of Consumer Research": 367,
                "Marketing Science": 0,
                "Journal of Consumer Psychology": 0,
                "Journal of the Academy of Marketing Science": 182,
                "International Journal of Research in Marketing": 0,
                "Psychology and Marketing": 0,
                "European Journal of Marketing": 77,
                "Journal of Retailing": 0,
                "Industrial Marketing Management": 146
            },
            "Eighties": {
                "Journal of Marketing": 526,
                "Journal of Marketing Research": 1015,
                "Journal of Consumer Research": 295,
                "Marketing Science": 253,
                "Journal of Consumer Psychology": 0,
                "Journal of the Academy of Marketing Science": 492,
                "International Journal of Research in Marketing": 309,
                "Psychology and Marketing": 120,
                "European Journal of Marketing": 52,
                "Journal of Retailing": 0,
                "Industrial Marketing Management": 122
            },
            "Nineties": {
                "Journal of Marketing": 534,
                "Journal of Marketing Research": 808,
                "Journal of Consumer Research": 198,
                "Marketing Science": 433,
                "Journal of Consumer Psychology": 192,
                "Journal of the Academy of Marketing Science": 304,
                "International Journal of Research in Marketing": 401,
                "Psychology and Marketing": 118,
                "European Journal of Marketing": 160,
                "Journal of Retailing": 237,
                "Industrial Marketing Management": 143
            },
            "Aughts": {
                "Journal of Marketing": 831,
                "Journal of Marketing Research": 897,
                "Journal of Consumer Research": 408,
                "Marketing Science": 668,
                "Journal of Consumer Psychology": 210,
                "Journal of the Academy of Marketing Science": 291,
                "International Journal of Research in Marketing": 327,
                "Psychology and Marketing": 122,
                "European Journal of Marketing": 170,
                "Journal of Retailing": 197,
                "Industrial Marketing Management": 195
            },
            "Teens": {
                "Journal of Marketing": 984,
                "Journal of Marketing Research": 1266,
                "Journal of Consumer Research": 727,
                "Marketing Science": 715,
                "Journal of Consumer Psychology": 354,
                "Journal of the Academy of Marketing Science": 686,
                "International Journal of Research in Marketing": 599,
                "Psychology and Marketing": 303,
                "European Journal of Marketing": 298,
                "Journal of Retailing": 370,
                "Industrial Marketing Management": 255
            },
            "Twenties": {
                "Journal of Marketing": 99,
                "Journal of Marketing Research": 180,
                "Journal of Consumer Research": 56,
                "Marketing Science": 64,
                "Journal of Consumer Psychology": 53,
                "Journal of the Academy of Marketing Science": 69,
                "International Journal of Research in Marketing": 46,
                "Psychology and Marketing": 54,
                "European Journal of Marketing": 23,
                "Journal of Retailing": 41,
                "Industrial Marketing Management": 25
            }
        },
        "references": {
            "Thirties": {},
            "Forties": {},
            "Fifties": {},
            "Sixties": {},
            "Seventies": {},
            "Eighties": {},
            "Nineties": {},
            "Aughts": {},
            "Teens": {},
            "Twenties": {}
        }
    },
    {
        "title": "Journal of Consumer Research",
        "oaid": "https://openalex.org/S145429826",
        "issn": "1537-5277",
        "cited_by": {
            "Thirties": {
                "Journal of Marketing": 0,
                "Journal of Marketing Research": 0,
                "Journal of Consumer Research": 0,
                "Marketing Science": 0,
                "Journal of Consumer Psychology": 0,
                "Journal of the Academy of Marketing Science": 0,
                "International Journal of Research in Marketing": 0,
                "Psychology and Marketing": 0,
                "European Journal of Marketing": 0,
                "Journal of Retailing": 0,
                "Industrial Marketing Management": 0
            },
            "Forties": {
                "Journal of Marketing": 0,
                "Journal of Marketing Research": 0,
                "Journal of Consumer Research": 0,
                "Marketing Science": 0,
                "Journal of Consumer Psychology": 0,
                "Journal of the Academy of Marketing Science": 0,
                "International Journal of Research in Marketing": 0,
                "Psychology and Marketing": 0,
                "European Journal of Marketing": 0,
                "Journal of Retailing": 0,
                "Industrial Marketing Management": 0
            },
            "Fifties": {
                "Journal of Marketing": 0,
                "Journal of Marketing Research": 0,
                "Journal of Consumer Research": 0,
                "Marketing Science": 0,
                "Journal of Consumer Psychology": 0,
                "Journal of the Academy of Marketing Science": 0,
                "International Journal of Research in Marketing": 0,
                "Psychology and Marketing": 0,
                "European Journal of Marketing": 0,
                "Journal of Retailing": 0,
                "Industrial Marketing Management": 0
            },
            "Sixties": {
                "Journal of Marketing": 0,
                "Journal of Marketing Research": 0,
                "Journal of Consumer Research": 0,
                "Marketing Science": 0,
                "Journal of Consumer Psychology": 0,
                "Journal of the Academy of Marketing Science": 0,
                "International Journal of Research in Marketing": 0,
                "Psychology and Marketing": 0,
                "European Journal of Marketing": 0,
                "Journal of Retailing": 0,
                "Industrial Marketing Management": 0
            },
            "Seventies": {
                "Journal of Marketing": 20,
                "Journal of Marketing Research": 99,
                "Journal of Consumer Research": 203,
                "Marketing Science": 0,
                "Journal of Consumer Psychology": 0,
                "Journal of the Academy of Marketing Science": 23,
                "International Journal of Research in Marketing": 0,
                "Psychology and Marketing": 0,
                "European Journal of Marketing": 7,
                "Journal of Retailing": 0,
                "Industrial Marketing Management": 0
            },
            "Eighties": {
                "Journal of Marketing": 335,
                "Journal of Marketing Research": 376,
                "Journal of Consumer Research": 855,
                "Marketing Science": 85,
                "Journal of Consumer Psychology": 0,
                "Journal of the Academy of Marketing Science": 161,
                "International Journal of Research in Marketing": 111,
                "Psychology and Marketing": 144,
                "European Journal of Marketing": 20,
                "Journal of Retailing": 2,
                "Industrial Marketing Management": 8
            },
            "Nineties": {
                "Journal of Marketing": 368,
                "Journal of Marketing Research": 416,
                "Journal of Consumer Research": 696,
                "Marketing Science": 78,
                "Journal of Consumer Psychology": 323,
                "Journal of the Academy of Marketing Science": 201,
                "International Journal of Research in Marketing": 162,
                "Psychology and Marketing": 177,
                "European Journal of Marketing": 113,
                "Journal of Retailing": 164,
                "Industrial Marketing Management": 20
            },
            "Aughts": {
                "Journal of Marketing": 421,
                "Journal of Marketing Research": 444,
                "Journal of Consumer Research": 1685,
                "Marketing Science": 150,
                "Journal of Consumer Psychology": 594,
                "Journal of the Academy of Marketing Science": 232,
                "International Journal of Research in Marketing": 126,
                "Psychology and Marketing": 279,
                "European Journal of Marketing": 145,
                "Journal of Retailing": 198,
                "Industrial Marketing Management": 22
            },
            "Teens": {
                "Journal of Marketing": 430,
                "Journal of Marketing Research": 616,
                "Journal of Consumer Research": 2505,
                "Marketing Science": 32,
                "Journal of Consumer Psychology": 1006,
                "Journal of the Academy of Marketing Science": 310,
                "International Journal of Research in Marketing": 315,
                "Psychology and Marketing": 512,
                "European Journal of Marketing": 526,
                "Journal of Retailing": 294,
                "Industrial Marketing Management": 77
            },
            "Twenties": {
                "Journal of Marketing": 63,
                "Journal of Marketing Research": 54,
                "Journal of Consumer Research": 207,
                "Marketing Science": 3,
                "Journal of Consumer Psychology": 85,
                "Journal of the Academy of Marketing Science": 58,
                "International Journal of Research in Marketing": 20,
                "Psychology and Marketing": 97,
                "European Journal of Marketing": 32,
                "Journal of Retailing": 17,
                "Industrial Marketing Management": 4
            }
        },
        "references": {
            "Thirties": {},
            "Forties": {},
            "Fifties": {},
            "Sixties": {},
            "Seventies": {},
            "Eighties": {},
            "Nineties": {},
            "Aughts": {},
            "Teens": {},
            "Twenties": {}
        }
    },
    {
        "title": "Marketing Science",
        "oaid": "https://openalex.org/S163534328",
        "issn": "0732-2399",
        "cited_by": {
            "Thirties": {
                "Journal of Marketing": 0,
                "Journal of Marketing Research": 0,
                "Journal of Consumer Research": 0,
                "Marketing Science": 0,
                "Journal of Consumer Psychology": 0,
                "Journal of the Academy of Marketing Science": 0,
                "International Journal of Research in Marketing": 0,
                "Psychology and Marketing": 0,
                "European Journal of Marketing": 0,
                "Journal of Retailing": 0,
                "Industrial Marketing Management": 0
            },
            "Forties": {
                "Journal of Marketing": 0,
                "Journal of Marketing Research": 0,
                "Journal of Consumer Research": 0,
                "Marketing Science": 0,
                "Journal of Consumer Psychology": 0,
                "Journal of the Academy of Marketing Science": 0,
                "International Journal of Research in Marketing": 0,
                "Psychology and Marketing": 0,
                "European Journal of Marketing": 0,
                "Journal of Retailing": 0,
                "Industrial Marketing Management": 0
            },
            "Fifties": {
                "Journal of Marketing": 0,
                "Journal of Marketing Research": 0,
                "Journal of Consumer Research": 0,
                "Marketing Science": 0,
                "Journal of Consumer Psychology": 0,
                "Journal of the Academy of Marketing Science": 0,
                "International Journal of Research in Marketing": 0,
                "Psychology and Marketing": 0,
                "European Journal of Marketing": 0,
                "Journal of Retailing": 0,
                "Industrial Marketing Management": 0
            },
            "Sixties": {
                "Journal of Marketing": 0,
                "Journal of Marketing Research": 0,
                "Journal of Consumer Research": 0,
                "Marketing Science": 0,
                "Journal of Consumer Psychology": 0,
                "Journal of the Academy of Marketing Science": 0,
                "International Journal of Research in Marketing": 0,
                "Psychology and Marketing": 0,
                "European Journal of Marketing": 0,
                "Journal of Retailing": 0,
                "Industrial Marketing Management": 0
            },
            "Seventies": {
                "Journal of Marketing": 0,
                "Journal of Marketing Research": 0,
                "Journal of Consumer Research": 0,
                "Marketing Science": 0,
                "Journal of Consumer Psychology": 0,
                "Journal of the Academy of Marketing Science": 0,
                "International Journal of Research in Marketing": 0,
                "Psychology and Marketing": 0,
                "European Journal of Marketing": 0,
                "Journal of Retailing": 0,
                "Industrial Marketing Management": 0
            },
            "Eighties": {
                "Journal of Marketing": 58,
                "Journal of Marketing Research": 190,
                "Journal of Consumer Research": 26,
                "Marketing Science": 228,
                "Journal of Consumer Psychology": 0,
                "Journal of the Academy of Marketing Science": 22,
                "International Journal of Research in Marketing": 54,
                "Psychology and Marketing": 3,
                "European Journal of Marketing": 2,
                "Journal of Retailing": 0,
                "Industrial Marketing Management": 0
            },
            "Nineties": {
                "Journal of Marketing": 107,
                "Journal of Marketing Research": 358,
                "Journal of Consumer Research": 38,
                "Marketing Science": 453,
                "Journal of Consumer Psychology": 10,
                "Journal of the Academy of Marketing Science": 56,
                "International Journal of Research in Marketing": 143,
                "Psychology and Marketing": 9,
                "European Journal of Marketing": 6,
                "Journal of Retailing": 97,
                "Industrial Marketing Management": 3
            },
            "Aughts": {
                "Journal of Marketing": 483,
                "Journal of Marketing Research": 429,
                "Journal of Consumer Research": 85,
                "Marketing Science": 2016,
                "Journal of Consumer Psychology": 51,
                "Journal of the Academy of Marketing Science": 102,
                "International Journal of Research in Marketing": 237,
                "Psychology and Marketing": 51,
                "European Journal of Marketing": 29,
                "Journal of Retailing": 176,
                "Industrial Marketing Management": 38
            },
            "Teens": {
                "Journal of Marketing": 449,
                "Journal of Marketing Research": 648,
                "Journal of Consumer Research": 63,
                "Marketing Science": 1218,
                "Journal of Consumer Psychology": 23,
                "Journal of the Academy of Marketing Science": 311,
                "International Journal of Research in Marketing": 409,
                "Psychology and Marketing": 37,
                "European Journal of Marketing": 96,
                "Journal of Retailing": 175,
                "Industrial Marketing Management": 67
            },
            "Twenties": {
                "Journal of Marketing": 49,
                "Journal of Marketing Research": 81,
                "Journal of Consumer Research": 11,
                "Marketing Science": 181,
                "Journal of Consumer Psychology": 8,
                "Journal of the Academy of Marketing Science": 26,
                "International Journal of Research in Marketing": 34,
                "Psychology and Marketing": 20,
                "European Journal of Marketing": 11,
                "Journal of Retailing": 19,
                "Industrial Marketing Management": 6
            }
        },
        "references": {
            "Thirties": {},
            "Forties": {},
            "Fifties": {},
            "Sixties": {},
            "Seventies": {},
            "Eighties": {},
            "Nineties": {},
            "Aughts": {},
            "Teens": {},
            "Twenties": {}
        }
    },
    {
        "title": "Journal of Consumer Psychology",
        "oaid": "https://openalex.org/S163545350",
        "issn": "1532-7663",
        "cited_by": {
            "Thirties": {
                "Journal of Marketing": 0,
                "Journal of Marketing Research": 0,
                "Journal of Consumer Research": 0,
                "Marketing Science": 0,
                "Journal of Consumer Psychology": 0,
                "Journal of the Academy of Marketing Science": 0,
                "International Journal of Research in Marketing": 0,
                "Psychology and Marketing": 0,
                "European Journal of Marketing": 0,
                "Journal of Retailing": 0,
                "Industrial Marketing Management": 0
            },
            "Forties": {
                "Journal of Marketing": 0,
                "Journal of Marketing Research": 0,
                "Journal of Consumer Research": 0,
                "Marketing Science": 0,
                "Journal of Consumer Psychology": 0,
                "Journal of the Academy of Marketing Science": 0,
                "International Journal of Research in Marketing": 0,
                "Psychology and Marketing": 0,
                "European Journal of Marketing": 0,
                "Journal of Retailing": 0,
                "Industrial Marketing Management": 0
            },
            "Fifties": {
                "Journal of Marketing": 0,
                "Journal of Marketing Research": 0,
                "Journal of Consumer Research": 0,
                "Marketing Science": 0,
                "Journal of Consumer Psychology": 0,
                "Journal of the Academy of Marketing Science": 0,
                "International Journal of Research in Marketing": 0,
                "Psychology and Marketing": 0,
                "European Journal of Marketing": 0,
                "Journal of Retailing": 0,
                "Industrial Marketing Management": 0
            },
            "Sixties": {
                "Journal of Marketing": 0,
                "Journal of Marketing Research": 0,
                "Journal of Consumer Research": 0,
                "Marketing Science": 0,
                "Journal of Consumer Psychology": 0,
                "Journal of the Academy of Marketing Science": 0,
                "International Journal of Research in Marketing": 0,
                "Psychology and Marketing": 0,
                "European Journal of Marketing": 0,
                "Journal of Retailing": 0,
                "Industrial Marketing Management": 0
            },
            "Seventies": {
                "Journal of Marketing": 0,
                "Journal of Marketing Research": 0,
                "Journal of Consumer Research": 0,
                "Marketing Science": 0,
                "Journal of Consumer Psychology": 0,
                "Journal of the Academy of Marketing Science": 0,
                "International Journal of Research in Marketing": 0,
                "Psychology and Marketing": 0,
                "European Journal of Marketing": 0,
                "Journal of Retailing": 0,
                "Industrial Marketing Management": 0
            },
            "Eighties": {
                "Journal of Marketing": 0,
                "Journal of Marketing Research": 0,
                "Journal of Consumer Research": 0,
                "Marketing Science": 0,
                "Journal of Consumer Psychology": 0,
                "Journal of the Academy of Marketing Science": 0,
                "International Journal of Research in Marketing": 0,
                "Psychology and Marketing": 0,
                "European Journal of Marketing": 0,
                "Journal of Retailing": 0,
                "Industrial Marketing Management": 0
            },
            "Nineties": {
                "Journal of Marketing": 23,
                "Journal of Marketing Research": 31,
                "Journal of Consumer Research": 35,
                "Marketing Science": 2,
                "Journal of Consumer Psychology": 91,
                "Journal of the Academy of Marketing Science": 22,
                "International Journal of Research in Marketing": 8,
                "Psychology and Marketing": 22,
                "European Journal of Marketing": 2,
                "Journal of Retailing": 6,
                "Industrial Marketing Management": 0
            },
            "Aughts": {
                "Journal of Marketing": 103,
                "Journal of Marketing Research": 106,
                "Journal of Consumer Research": 300,
                "Marketing Science": 43,
                "Journal of Consumer Psychology": 1020,
                "Journal of the Academy of Marketing Science": 53,
                "International Journal of Research in Marketing": 47,
                "Psychology and Marketing": 138,
                "European Journal of Marketing": 28,
                "Journal of Retailing": 43,
                "Industrial Marketing Management": 4
            },
            "Teens": {
                "Journal of Marketing": 104,
                "Journal of Marketing Research": 201,
                "Journal of Consumer Research": 497,
                "Marketing Science": 18,
                "Journal of Consumer Psychology": 883,
                "Journal of the Academy of Marketing Science": 100,
                "International Journal of Research in Marketing": 108,
                "Psychology and Marketing": 303,
                "European Journal of Marketing": 149,
                "Journal of Retailing": 112,
                "Industrial Marketing Management": 18
            },
            "Twenties": {
                "Journal of Marketing": 26,
                "Journal of Marketing Research": 27,
                "Journal of Consumer Research": 25,
                "Marketing Science": 2,
                "Journal of Consumer Psychology": 212,
                "Journal of the Academy of Marketing Science": 21,
                "International Journal of Research in Marketing": 11,
                "Psychology and Marketing": 73,
                "European Journal of Marketing": 34,
                "Journal of Retailing": 4,
                "Industrial Marketing Management": 3
            }
        },
        "references": {
            "Thirties": {},
            "Forties": {},
            "Fifties": {},
            "Sixties": {},
            "Seventies": {},
            "Eighties": {},
            "Nineties": {},
            "Aughts": {},
            "Teens": {},
            "Twenties": {}
        }
    },
    {
        "title": "Journal of the Academy of Marketing Science",
        "oaid": "https://openalex.org/S92522684",
        "issn": "1552-7824",
        "cited_by": {
            "Thirties": {
                "Journal of Marketing": 0,
                "Journal of Marketing Research": 0,
                "Journal of Consumer Research": 0,
                "Marketing Science": 0,
                "Journal of Consumer Psychology": 0,
                "Journal of the Academy of Marketing Science": 0,
                "International Journal of Research in Marketing": 0,
                "Psychology and Marketing": 0,
                "European Journal of Marketing": 0,
                "Journal of Retailing": 0,
                "Industrial Marketing Management": 0
            },
            "Forties": {
                "Journal of Marketing": 0,
                "Journal of Marketing Research": 0,
                "Journal of Consumer Research": 0,
                "Marketing Science": 0,
                "Journal of Consumer Psychology": 0,
                "Journal of the Academy of Marketing Science": 0,
                "International Journal of Research in Marketing": 0,
                "Psychology and Marketing": 0,
                "European Journal of Marketing": 0,
                "Journal of Retailing": 0,
                "Industrial Marketing Management": 0
            },
            "Fifties": {
                "Journal of Marketing": 0,
                "Journal of Marketing Research": 0,
                "Journal of Consumer Research": 0,
                "Marketing Science": 0,
                "Journal of Consumer Psychology": 0,
                "Journal of the Academy of Marketing Science": 0,
                "International Journal of Research in Marketing": 0,
                "Psychology and Marketing": 0,
                "European Journal of Marketing": 0,
                "Journal of Retailing": 0,
                "Industrial Marketing Management": 0
            },
            "Sixties": {
                "Journal of Marketing": 0,
                "Journal of Marketing Research": 0,
                "Journal of Consumer Research": 0,
                "Marketing Science": 0,
                "Journal of Consumer Psychology": 0,
                "Journal of the Academy of Marketing Science": 0,
                "International Journal of Research in Marketing": 0,
                "Psychology and Marketing": 0,
                "European Journal of Marketing": 0,
                "Journal of Retailing": 0,
                "Industrial Marketing Management": 0
            },
            "Seventies": {
                "Journal of Marketing": 0,
                "Journal of Marketing Research": 5,
                "Journal of Consumer Research": 1,
                "Marketing Science": 0,
                "Journal of Consumer Psychology": 0,
                "Journal of the Academy of Marketing Science": 16,
                "International Journal of Research in Marketing": 0,
                "Psychology and Marketing": 0,
                "European Journal of Marketing": 0,
                "Journal of Retailing": 0,
                "Industrial Marketing Management": 2
            },
            "Eighties": {
                "Journal of Marketing": 24,
                "Journal of Marketing Research": 8,
                "Journal of Consumer Research": 6,
                "Marketing Science": 2,
                "Journal of Consumer Psychology": 0,
                "Journal of the Academy of Marketing Science": 115,
                "International Journal of Research in Marketing": 9,
                "Psychology and Marketing": 3,
                "European Journal of Marketing": 6,
                "Journal of Retailing": 0,
                "Industrial Marketing Management": 18
            },
            "Nineties": {
                "Journal of Marketing": 196,
                "Journal of Marketing Research": 33,
                "Journal of Consumer Research": 15,
                "Marketing Science": 4,
                "Journal of Consumer Psychology": 13,
                "Journal of the Academy of Marketing Science": 250,
                "International Journal of Research in Marketing": 47,
                "Psychology and Marketing": 54,
                "European Journal of Marketing": 134,
                "Journal of Retailing": 83,
                "Industrial Marketing Management": 86
            },
            "Aughts": {
                "Journal of Marketing": 343,
                "Journal of Marketing Research": 35,
                "Journal of Consumer Research": 27,
                "Marketing Science": 39,
                "Journal of Consumer Psychology": 26,
                "Journal of the Academy of Marketing Science": 571,
                "International Journal of Research in Marketing": 99,
                "Psychology and Marketing": 134,
                "European Journal of Marketing": 318,
                "Journal of Retailing": 163,
                "Industrial Marketing Management": 355
            },
            "Teens": {
                "Journal of Marketing": 203,
                "Journal of Marketing Research": 53,
                "Journal of Consumer Research": 42,
                "Marketing Science": 19,
                "Journal of Consumer Psychology": 23,
                "Journal of the Academy of Marketing Science": 1187,
                "International Journal of Research in Marketing": 155,
                "Psychology and Marketing": 183,
                "European Journal of Marketing": 320,
                "Journal of Retailing": 123,
                "Industrial Marketing Management": 849
            },
            "Twenties": {
                "Journal of Marketing": 33,
                "Journal of Marketing Research": 16,
                "Journal of Consumer Research": 16,
                "Marketing Science": 3,
                "Journal of Consumer Psychology": 7,
                "Journal of the Academy of Marketing Science": 249,
                "International Journal of Research in Marketing": 48,
                "Psychology and Marketing": 89,
                "European Journal of Marketing": 74,
                "Journal of Retailing": 28,
                "Industrial Marketing Management": 137
            }
        },
        "references": {
            "Thirties": {},
            "Forties": {},
            "Fifties": {},
            "Sixties": {},
            "Seventies": {},
            "Eighties": {},
            "Nineties": {},
            "Aughts": {},
            "Teens": {},
            "Twenties": {}
        }
    },
    {
        "title": "International Journal of Research in Marketing",
        "oaid": "https://openalex.org/S11810700",
        "issn": "1873-8001",
        "cited_by": {
            "Thirties": {
                "Journal of Marketing": 0,
                "Journal of Marketing Research": 0,
                "Journal of Consumer Research": 0,
                "Marketing Science": 0,
                "Journal of Consumer Psychology": 0,
                "Journal of the Academy of Marketing Science": 0,
                "International Journal of Research in Marketing": 0,
                "Psychology and Marketing": 0,
                "European Journal of Marketing": 0,
                "Journal of Retailing": 0,
                "Industrial Marketing Management": 0
            },
            "Forties": {
                "Journal of Marketing": 0,
                "Journal of Marketing Research": 0,
                "Journal of Consumer Research": 0,
                "Marketing Science": 0,
                "Journal of Consumer Psychology": 0,
                "Journal of the Academy of Marketing Science": 0,
                "International Journal of Research in Marketing": 0,
                "Psychology and Marketing": 0,
                "European Journal of Marketing": 0,
                "Journal of Retailing": 0,
                "Industrial Marketing Management": 0
            },
            "Fifties": {
                "Journal of Marketing": 0,
                "Journal of Marketing Research": 0,
                "Journal of Consumer Research": 0,
                "Marketing Science": 0,
                "Journal of Consumer Psychology": 0,
                "Journal of the Academy of Marketing Science": 0,
                "International Journal of Research in Marketing": 0,
                "Psychology and Marketing": 0,
                "European Journal of Marketing": 0,
                "Journal of Retailing": 0,
                "Industrial Marketing Management": 0
            },
            "Sixties": {
                "Journal of Marketing": 0,
                "Journal of Marketing Research": 0,
                "Journal of Consumer Research": 0,
                "Marketing Science": 0,
                "Journal of Consumer Psychology": 0,
                "Journal of the Academy of Marketing Science": 0,
                "International Journal of Research in Marketing": 0,
                "Psychology and Marketing": 0,
                "European Journal of Marketing": 0,
                "Journal of Retailing": 0,
                "Industrial Marketing Management": 0
            },
            "Seventies": {
                "Journal of Marketing": 0,
                "Journal of Marketing Research": 0,
                "Journal of Consumer Research": 0,
                "Marketing Science": 0,
                "Journal of Consumer Psychology": 0,
                "Journal of the Academy of Marketing Science": 0,
                "International Journal of Research in Marketing": 0,
                "Psychology and Marketing": 0,
                "European Journal of Marketing": 0,
                "Journal of Retailing": 0,
                "Industrial Marketing Management": 0
            },
            "Eighties": {
                "Journal of Marketing": 5,
                "Journal of Marketing Research": 6,
                "Journal of Consumer Research": 1,
                "Marketing Science": 2,
                "Journal of Consumer Psychology": 0,
                "Journal of the Academy of Marketing Science": 1,
                "International Journal of Research in Marketing": 35,
                "Psychology and Marketing": 1,
                "European Journal of Marketing": 3,
                "Journal of Retailing": 0,
                "Industrial Marketing Management": 2
            },
            "Nineties": {
                "Journal of Marketing": 62,
                "Journal of Marketing Research": 112,
                "Journal of Consumer Research": 14,
                "Marketing Science": 61,
                "Journal of Consumer Psychology": 4,
                "Journal of the Academy of Marketing Science": 24,
                "International Journal of Research in Marketing": 205,
                "Psychology and Marketing": 6,
                "European Journal of Marketing": 63,
                "Journal of Retailing": 20,
                "Industrial Marketing Management": 30
            },
            "Aughts": {
                "Journal of Marketing": 133,
                "Journal of Marketing Research": 54,
                "Journal of Consumer Research": 15,
                "Marketing Science": 108,
                "Journal of Consumer Psychology": 7,
                "Journal of the Academy of Marketing Science": 59,
                "International Journal of Research in Marketing": 481,
                "Psychology and Marketing": 35,
                "European Journal of Marketing": 82,
                "Journal of Retailing": 42,
                "Industrial Marketing Management": 74
            },
            "Teens": {
                "Journal of Marketing": 168,
                "Journal of Marketing Research": 125,
                "Journal of Consumer Research": 71,
                "Marketing Science": 74,
                "Journal of Consumer Psychology": 39,
                "Journal of the Academy of Marketing Science": 207,
                "International Journal of Research in Marketing": 542,
                "Psychology and Marketing": 79,
                "European Journal of Marketing": 160,
                "Journal of Retailing": 89,
                "Industrial Marketing Management": 186
            },
            "Twenties": {
                "Journal of Marketing": 36,
                "Journal of Marketing Research": 21,
                "Journal of Consumer Research": 12,
                "Marketing Science": 5,
                "Journal of Consumer Psychology": 3,
                "Journal of the Academy of Marketing Science": 62,
                "International Journal of Research in Marketing": 172,
                "Psychology and Marketing": 81,
                "European Journal of Marketing": 39,
                "Journal of Retailing": 29,
                "Industrial Marketing Management": 39
            }
        },
        "references": {
            "Thirties": {},
            "Forties": {},
            "Fifties": {},
            "Sixties": {},
            "Seventies": {},
            "Eighties": {},
            "Nineties": {},
            "Aughts": {},
            "Teens": {},
            "Twenties": {}
        }
    },
    {
        "title": "Psychology and Marketing",
        "oaid": "https://openalex.org/S102896891",
        "issn": "0742-6046",
        "cited_by": {
            "Thirties": {
                "Journal of Marketing": 0,
                "Journal of Marketing Research": 0,
                "Journal of Consumer Research": 0,
                "Marketing Science": 0,
                "Journal of Consumer Psychology": 0,
                "Journal of the Academy of Marketing Science": 0,
                "International Journal of Research in Marketing": 0,
                "Psychology and Marketing": 0,
                "European Journal of Marketing": 0,
                "Journal of Retailing": 0,
                "Industrial Marketing Management": 0
            },
            "Forties": {
                "Journal of Marketing": 0,
                "Journal of Marketing Research": 0,
                "Journal of Consumer Research": 0,
                "Marketing Science": 0,
                "Journal of Consumer Psychology": 0,
                "Journal of the Academy of Marketing Science": 0,
                "International Journal of Research in Marketing": 0,
                "Psychology and Marketing": 0,
                "European Journal of Marketing": 0,
                "Journal of Retailing": 0,
                "Industrial Marketing Management": 0
            },
            "Fifties": {
                "Journal of Marketing": 0,
                "Journal of Marketing Research": 0,
                "Journal of Consumer Research": 0,
                "Marketing Science": 0,
                "Journal of Consumer Psychology": 0,
                "Journal of the Academy of Marketing Science": 0,
                "International Journal of Research in Marketing": 0,
                "Psychology and Marketing": 0,
                "European Journal of Marketing": 0,
                "Journal of Retailing": 0,
                "Industrial Marketing Management": 0
            },
            "Sixties": {
                "Journal of Marketing": 0,
                "Journal of Marketing Research": 0,
                "Journal of Consumer Research": 0,
                "Marketing Science": 0,
                "Journal of Consumer Psychology": 0,
                "Journal of the Academy of Marketing Science": 0,
                "International Journal of Research in Marketing": 0,
                "Psychology and Marketing": 0,
                "European Journal of Marketing": 0,
                "Journal of Retailing": 0,
                "Industrial Marketing Management": 0
            },
            "Seventies": {
                "Journal of Marketing": 0,
                "Journal of Marketing Research": 0,
                "Journal of Consumer Research": 0,
                "Marketing Science": 0,
                "Journal of Consumer Psychology": 0,
                "Journal of the Academy of Marketing Science": 0,
                "International Journal of Research in Marketing": 0,
                "Psychology and Marketing": 0,
                "European Journal of Marketing": 0,
                "Journal of Retailing": 0,
                "Industrial Marketing Management": 0
            },
            "Eighties": {
                "Journal of Marketing": 10,
                "Journal of Marketing Research": 7,
                "Journal of Consumer Research": 7,
                "Marketing Science": 1,
                "Journal of Consumer Psychology": 0,
                "Journal of the Academy of Marketing Science": 15,
                "International Journal of Research in Marketing": 1,
                "Psychology and Marketing": 33,
                "European Journal of Marketing": 0,
                "Journal of Retailing": 0,
                "Industrial Marketing Management": 1
            },
            "Nineties": {
                "Journal of Marketing": 19,
                "Journal of Marketing Research": 17,
                "Journal of Consumer Research": 15,
                "Marketing Science": 5,
                "Journal of Consumer Psychology": 19,
                "Journal of the Academy of Marketing Science": 16,
                "International Journal of Research in Marketing": 5,
                "Psychology and Marketing": 98,
                "European Journal of Marketing": 13,
                "Journal of Retailing": 18,
                "Industrial Marketing Management": 4
            },
            "Aughts": {
                "Journal of Marketing": 55,
                "Journal of Marketing Research": 9,
                "Journal of Consumer Research": 38,
                "Marketing Science": 9,
                "Journal of Consumer Psychology": 39,
                "Journal of the Academy of Marketing Science": 44,
                "International Journal of Research in Marketing": 23,
                "Psychology and Marketing": 729,
                "European Journal of Marketing": 78,
                "Journal of Retailing": 30,
                "Industrial Marketing Management": 27
            },
            "Teens": {
                "Journal of Marketing": 27,
                "Journal of Marketing Research": 17,
                "Journal of Consumer Research": 33,
                "Marketing Science": 3,
                "Journal of Consumer Psychology": 49,
                "Journal of the Academy of Marketing Science": 80,
                "International Journal of Research in Marketing": 32,
                "Psychology and Marketing": 1168,
                "European Journal of Marketing": 198,
                "Journal of Retailing": 37,
                "Industrial Marketing Management": 40
            },
            "Twenties": {
                "Journal of Marketing": 9,
                "Journal of Marketing Research": 4,
                "Journal of Consumer Research": 5,
                "Marketing Science": 0,
                "Journal of Consumer Psychology": 12,
                "Journal of the Academy of Marketing Science": 25,
                "International Journal of Research in Marketing": 13,
                "Psychology and Marketing": 1269,
                "European Journal of Marketing": 81,
                "Journal of Retailing": 13,
                "Industrial Marketing Management": 37
            }
        },
        "references": {
            "Thirties": {},
            "Forties": {},
            "Fifties": {},
            "Sixties": {},
            "Seventies": {},
            "Eighties": {},
            "Nineties": {},
            "Aughts": {},
            "Teens": {},
            "Twenties": {}
        }
    },
    {
        "title": "European Journal of Marketing",
        "oaid": "https://openalex.org/S89389284",
        "issn": "0309-0566",
        "cited_by": {
            "Thirties": {
                "Journal of Marketing": 0,
                "Journal of Marketing Research": 0,
                "Journal of Consumer Research": 0,
                "Marketing Science": 0,
                "Journal of Consumer Psychology": 0,
                "Journal of the Academy of Marketing Science": 0,
                "International Journal of Research in Marketing": 0,
                "Psychology and Marketing": 0,
                "European Journal of Marketing": 0,
                "Journal of Retailing": 0,
                "Industrial Marketing Management": 0
            },
            "Forties": {
                "Journal of Marketing": 0,
                "Journal of Marketing Research": 0,
                "Journal of Consumer Research": 0,
                "Marketing Science": 0,
                "Journal of Consumer Psychology": 0,
                "Journal of the Academy of Marketing Science": 0,
                "International Journal of Research in Marketing": 0,
                "Psychology and Marketing": 0,
                "European Journal of Marketing": 0,
                "Journal of Retailing": 0,
                "Industrial Marketing Management": 0
            },
            "Fifties": {
                "Journal of Marketing": 0,
                "Journal of Marketing Research": 0,
                "Journal of Consumer Research": 0,
                "Marketing Science": 0,
                "Journal of Consumer Psychology": 0,
                "Journal of the Academy of Marketing Science": 0,
                "International Journal of Research in Marketing": 0,
                "Psychology and Marketing": 0,
                "European Journal of Marketing": 0,
                "Journal of Retailing": 0,
                "Industrial Marketing Management": 0
            },
            "Sixties": {
                "Journal of Marketing": 0,
                "Journal of Marketing Research": 0,
                "Journal of Consumer Research": 0,
                "Marketing Science": 0,
                "Journal of Consumer Psychology": 0,
                "Journal of the Academy of Marketing Science": 0,
                "International Journal of Research in Marketing": 0,
                "Psychology and Marketing": 0,
                "European Journal of Marketing": 2,
                "Journal of Retailing": 0,
                "Industrial Marketing Management": 0
            },
            "Seventies": {
                "Journal of Marketing": 2,
                "Journal of Marketing Research": 8,
                "Journal of Consumer Research": 2,
                "Marketing Science": 0,
                "Journal of Consumer Psychology": 0,
                "Journal of the Academy of Marketing Science": 7,
                "International Journal of Research in Marketing": 0,
                "Psychology and Marketing": 0,
                "European Journal of Marketing": 50,
                "Journal of Retailing": 0,
                "Industrial Marketing Management": 25
            },
            "Eighties": {
                "Journal of Marketing": 23,
                "Journal of Marketing Research": 5,
                "Journal of Consumer Research": 1,
                "Marketing Science": 0,
                "Journal of Consumer Psychology": 0,
                "Journal of the Academy of Marketing Science": 6,
                "International Journal of Research in Marketing": 6,
                "Psychology and Marketing": 4,
                "European Journal of Marketing": 76,
                "Journal of Retailing": 0,
                "Industrial Marketing Management": 32
            },
            "Nineties": {
                "Journal of Marketing": 16,
                "Journal of Marketing Research": 0,
                "Journal of Consumer Research": 3,
                "Marketing Science": 1,
                "Journal of Consumer Psychology": 0,
                "Journal of the Academy of Marketing Science": 10,
                "International Journal of Research in Marketing": 22,
                "Psychology and Marketing": 6,
                "European Journal of Marketing": 190,
                "Journal of Retailing": 6,
                "Industrial Marketing Management": 36
            },
            "Aughts": {
                "Journal of Marketing": 46,
                "Journal of Marketing Research": 8,
                "Journal of Consumer Research": 9,
                "Marketing Science": 4,
                "Journal of Consumer Psychology": 5,
                "Journal of the Academy of Marketing Science": 50,
                "International Journal of Research in Marketing": 20,
                "Psychology and Marketing": 31,
                "European Journal of Marketing": 626,
                "Journal of Retailing": 15,
                "Industrial Marketing Management": 232
            },
            "Teens": {
                "Journal of Marketing": 24,
                "Journal of Marketing Research": 7,
                "Journal of Consumer Research": 23,
                "Marketing Science": 3,
                "Journal of Consumer Psychology": 15,
                "Journal of the Academy of Marketing Science": 76,
                "International Journal of Research in Marketing": 34,
                "Psychology and Marketing": 142,
                "European Journal of Marketing": 1008,
                "Journal of Retailing": 25,
                "Industrial Marketing Management": 217
            },
            "Twenties": {
                "Journal of Marketing": 11,
                "Journal of Marketing Research": 0,
                "Journal of Consumer Research": 2,
                "Marketing Science": 0,
                "Journal of Consumer Psychology": 9,
                "Journal of the Academy of Marketing Science": 15,
                "International Journal of Research in Marketing": 5,
                "Psychology and Marketing": 106,
                "European Journal of Marketing": 272,
                "Journal of Retailing": 8,
                "Industrial Marketing Management": 81
            }
        },
        "references": {
            "Thirties": {},
            "Forties": {},
            "Fifties": {},
            "Sixties": {},
            "Seventies": {},
            "Eighties": {},
            "Nineties": {},
            "Aughts": {},
            "Teens": {},
            "Twenties": {}
        }
    },
    {
        "title": "Journal of Retailing",
        "oaid": "https://openalex.org/S159120381",
        "issn": "1873-3271",
        "cited_by": {
            "Thirties": {
                "Journal of Marketing": 0,
                "Journal of Marketing Research": 0,
                "Journal of Consumer Research": 0,
                "Marketing Science": 0,
                "Journal of Consumer Psychology": 0,
                "Journal of the Academy of Marketing Science": 0,
                "International Journal of Research in Marketing": 0,
                "Psychology and Marketing": 0,
                "European Journal of Marketing": 0,
                "Journal of Retailing": 0,
                "Industrial Marketing Management": 0
            },
            "Forties": {
                "Journal of Marketing": 0,
                "Journal of Marketing Research": 0,
                "Journal of Consumer Research": 0,
                "Marketing Science": 0,
                "Journal of Consumer Psychology": 0,
                "Journal of the Academy of Marketing Science": 0,
                "International Journal of Research in Marketing": 0,
                "Psychology and Marketing": 0,
                "European Journal of Marketing": 0,
                "Journal of Retailing": 0,
                "Industrial Marketing Management": 0
            },
            "Fifties": {
                "Journal of Marketing": 0,
                "Journal of Marketing Research": 0,
                "Journal of Consumer Research": 0,
                "Marketing Science": 0,
                "Journal of Consumer Psychology": 0,
                "Journal of the Academy of Marketing Science": 0,
                "International Journal of Research in Marketing": 0,
                "Psychology and Marketing": 0,
                "European Journal of Marketing": 0,
                "Journal of Retailing": 0,
                "Industrial Marketing Management": 0
            },
            "Sixties": {
                "Journal of Marketing": 0,
                "Journal of Marketing Research": 0,
                "Journal of Consumer Research": 0,
                "Marketing Science": 0,
                "Journal of Consumer Psychology": 0,
                "Journal of the Academy of Marketing Science": 0,
                "International Journal of Research in Marketing": 0,
                "Psychology and Marketing": 0,
                "European Journal of Marketing": 0,
                "Journal of Retailing": 0,
                "Industrial Marketing Management": 0
            },
            "Seventies": {
                "Journal of Marketing": 0,
                "Journal of Marketing Research": 1,
                "Journal of Consumer Research": 0,
                "Marketing Science": 0,
                "Journal of Consumer Psychology": 0,
                "Journal of the Academy of Marketing Science": 1,
                "International Journal of Research in Marketing": 0,
                "Psychology and Marketing": 0,
                "European Journal of Marketing": 0,
                "Journal of Retailing": 0,
                "Industrial Marketing Management": 0
            },
            "Eighties": {
                "Journal of Marketing": 4,
                "Journal of Marketing Research": 4,
                "Journal of Consumer Research": 3,
                "Marketing Science": 0,
                "Journal of Consumer Psychology": 0,
                "Journal of the Academy of Marketing Science": 12,
                "International Journal of Research in Marketing": 2,
                "Psychology and Marketing": 2,
                "European Journal of Marketing": 0,
                "Journal of Retailing": 0,
                "Industrial Marketing Management": 1
            },
            "Nineties": {
                "Journal of Marketing": 65,
                "Journal of Marketing Research": 31,
                "Journal of Consumer Research": 2,
                "Marketing Science": 22,
                "Journal of Consumer Psychology": 0,
                "Journal of the Academy of Marketing Science": 52,
                "International Journal of Research in Marketing": 35,
                "Psychology and Marketing": 15,
                "European Journal of Marketing": 36,
                "Journal of Retailing": 156,
                "Industrial Marketing Management": 12
            },
            "Aughts": {
                "Journal of Marketing": 142,
                "Journal of Marketing Research": 46,
                "Journal of Consumer Research": 23,
                "Marketing Science": 58,
                "Journal of Consumer Psychology": 18,
                "Journal of the Academy of Marketing Science": 118,
                "International Journal of Research in Marketing": 39,
                "Psychology and Marketing": 97,
                "European Journal of Marketing": 143,
                "Journal of Retailing": 1544,
                "Industrial Marketing Management": 67
            },
            "Teens": {
                "Journal of Marketing": 106,
                "Journal of Marketing Research": 65,
                "Journal of Consumer Research": 38,
                "Marketing Science": 16,
                "Journal of Consumer Psychology": 19,
                "Journal of the Academy of Marketing Science": 166,
                "International Journal of Research in Marketing": 118,
                "Psychology and Marketing": 129,
                "European Journal of Marketing": 151,
                "Journal of Retailing": 563,
                "Industrial Marketing Management": 102
            },
            "Twenties": {
                "Journal of Marketing": 11,
                "Journal of Marketing Research": 11,
                "Journal of Consumer Research": 7,
                "Marketing Science": 6,
                "Journal of Consumer Psychology": 10,
                "Journal of the Academy of Marketing Science": 51,
                "International Journal of Research in Marketing": 24,
                "Psychology and Marketing": 57,
                "European Journal of Marketing": 26,
                "Journal of Retailing": 236,
                "Industrial Marketing Management": 15
            }
        },
        "references": {
            "Thirties": {},
            "Forties": {},
            "Fifties": {},
            "Sixties": {},
            "Seventies": {},
            "Eighties": {},
            "Nineties": {},
            "Aughts": {},
            "Teens": {},
            "Twenties": {}
        }
    },
    {
        "title": "Industrial Marketing Management",
        "oaid": "https://openalex.org/S31748134",
        "issn": "0019-8501",
        "cited_by": {
            "Thirties": {
                "Journal of Marketing": 0,
                "Journal of Marketing Research": 0,
                "Journal of Consumer Research": 0,
                "Marketing Science": 0,
                "Journal of Consumer Psychology": 0,
                "Journal of the Academy of Marketing Science": 0,
                "International Journal of Research in Marketing": 0,
                "Psychology and Marketing": 0,
                "European Journal of Marketing": 0,
                "Journal of Retailing": 0,
                "Industrial Marketing Management": 0
            },
            "Forties": {
                "Journal of Marketing": 0,
                "Journal of Marketing Research": 0,
                "Journal of Consumer Research": 0,
                "Marketing Science": 0,
                "Journal of Consumer Psychology": 0,
                "Journal of the Academy of Marketing Science": 0,
                "International Journal of Research in Marketing": 0,
                "Psychology and Marketing": 0,
                "European Journal of Marketing": 0,
                "Journal of Retailing": 0,
                "Industrial Marketing Management": 0
            },
            "Fifties": {
                "Journal of Marketing": 0,
                "Journal of Marketing Research": 0,
                "Journal of Consumer Research": 0,
                "Marketing Science": 0,
                "Journal of Consumer Psychology": 0,
                "Journal of the Academy of Marketing Science": 0,
                "International Journal of Research in Marketing": 0,
                "Psychology and Marketing": 0,
                "European Journal of Marketing": 0,
                "Journal of Retailing": 0,
                "Industrial Marketing Management": 0
            },
            "Sixties": {
                "Journal of Marketing": 0,
                "Journal of Marketing Research": 0,
                "Journal of Consumer Research": 0,
                "Marketing Science": 0,
                "Journal of Consumer Psychology": 0,
                "Journal of the Academy of Marketing Science": 0,
                "International Journal of Research in Marketing": 0,
                "Psychology and Marketing": 0,
                "European Journal of Marketing": 0,
                "Journal of Retailing": 0,
                "Industrial Marketing Management": 0
            },
            "Seventies": {
                "Journal of Marketing": 6,
                "Journal of Marketing Research": 7,
                "Journal of Consumer Research": 0,
                "Marketing Science": 0,
                "Journal of Consumer Psychology": 0,
                "Journal of the Academy of Marketing Science": 3,
                "International Journal of Research in Marketing": 0,
                "Psychology and Marketing": 0,
                "European Journal of Marketing": 9,
                "Journal of Retailing": 0,
                "Industrial Marketing Management": 72
            },
            "Eighties": {
                "Journal of Marketing": 71,
                "Journal of Marketing Research": 19,
                "Journal of Consumer Research": 1,
                "Marketing Science": 3,
                "Journal of Consumer Psychology": 0,
                "Journal of the Academy of Marketing Science": 43,
                "International Journal of Research in Marketing": 24,
                "Psychology and Marketing": 0,
                "European Journal of Marketing": 48,
                "Journal of Retailing": 0,
                "Industrial Marketing Management": 302
            },
            "Nineties": {
                "Journal of Marketing": 14,
                "Journal of Marketing Research": 3,
                "Journal of Consumer Research": 0,
                "Marketing Science": 4,
                "Journal of Consumer Psychology": 0,
                "Journal of the Academy of Marketing Science": 23,
                "International Journal of Research in Marketing": 11,
                "Psychology and Marketing": 3,
                "European Journal of Marketing": 46,
                "Journal of Retailing": 3,
                "Industrial Marketing Management": 350
            },
            "Aughts": {
                "Journal of Marketing": 31,
                "Journal of Marketing Research": 2,
                "Journal of Consumer Research": 0,
                "Marketing Science": 3,
                "Journal of Consumer Psychology": 0,
                "Journal of the Academy of Marketing Science": 65,
                "International Journal of Research in Marketing": 27,
                "Psychology and Marketing": 16,
                "European Journal of Marketing": 162,
                "Journal of Retailing": 16,
                "Industrial Marketing Management": 1766
            },
            "Teens": {
                "Journal of Marketing": 51,
                "Journal of Marketing Research": 5,
                "Journal of Consumer Research": 4,
                "Marketing Science": 0,
                "Journal of Consumer Psychology": 0,
                "Journal of the Academy of Marketing Science": 138,
                "International Journal of Research in Marketing": 12,
                "Psychology and Marketing": 104,
                "European Journal of Marketing": 173,
                "Journal of Retailing": 3,
                "Industrial Marketing Management": 7119
            },
            "Twenties": {
                "Journal of Marketing": 10,
                "Journal of Marketing Research": 1,
                "Journal of Consumer Research": 0,
                "Marketing Science": 0,
                "Journal of Consumer Psychology": 0,
                "Journal of the Academy of Marketing Science": 30,
                "International Journal of Research in Marketing": 5,
                "Psychology and Marketing": 28,
                "European Journal of Marketing": 92,
                "Journal of Retailing": 3,
                "Industrial Marketing Management": 2292
            }
        },
        "references": {
            "Thirties": {},
            "Forties": {},
            "Fifties": {},
            "Sixties": {},
            "Seventies": {},
            "Eighties": {},
            "Nineties": {},
            "Aughts": {},
            "Teens": {},
            "Twenties": {}
        }
    }
]