{
    "title": "Psychology and Marketing",
    "oaid": "https://openalex.org/S102896891",
    "issn": "0742-6046",
    "cited_by": {
        "Thirties": {
            "Journal of Marketing": 0,
            "Journal of Marketing Research": 0,
            "Journal of Consumer Research": 0,
            "Marketing Science": 0,
            "Journal of Consumer Psychology": 0,
            "Journal of the Academy of Marketing Science": 0,
            "International Journal of Research in Marketing": 0,
            "Psychology and Marketing": 0,
            "European Journal of Marketing": 0,
            "Journal of Retailing": 0,
            "Industrial Marketing Management": 0
        },
        "Forties": {
            "Journal of Marketing": 0,
            "Journal of Marketing Research": 0,
            "Journal of Consumer Research": 0,
            "Marketing Science": 0,
            "Journal of Consumer Psychology": 0,
            "Journal of the Academy of Marketing Science": 0,
            "International Journal of Research in Marketing": 0,
            "Psychology and Marketing": 0,
            "European Journal of Marketing": 0,
            "Journal of Retailing": 0,
            "Industrial Marketing Management": 0
        },
        "Fifties": {
            "Journal of Marketing": 0,
            "Journal of Marketing Research": 0,
            "Journal of Consumer Research": 0,
            "Marketing Science": 0,
            "Journal of Consumer Psychology": 0,
            "Journal of the Academy of Marketing Science": 0,
            "International Journal of Research in Marketing": 0,
            "Psychology and Marketing": 0,
            "European Journal of Marketing": 0,
            "Journal of Retailing": 0,
            "Industrial Marketing Management": 0
        },
        "Sixties": {
            "Journal of Marketing": 0,
            "Journal of Marketing Research": 0,
            "Journal of Consumer Research": 0,
            "Marketing Science": 0,
            "Journal of Consumer Psychology": 0,
            "Journal of the Academy of Marketing Science": 0,
            "International Journal of Research in Marketing": 0,
            "Psychology and Marketing": 0,
            "European Journal of Marketing": 0,
            "Journal of Retailing": 0,
            "Industrial Marketing Management": 0
        },
        "Seventies": {
            "Journal of Marketing": 0,
            "Journal of Marketing Research": 0,
            "Journal of Consumer Research": 0,
            "Marketing Science": 0,
            "Journal of Consumer Psychology": 0,
            "Journal of the Academy of Marketing Science": 0,
            "International Journal of Research in Marketing": 0,
            "Psychology and Marketing": 0,
            "European Journal of Marketing": 0,
            "Journal of Retailing": 0,
            "Industrial Marketing Management": 0
        },
        "Eighties": {
            "Journal of Marketing": 10,
            "Journal of Marketing Research": 7,
            "Journal of Consumer Research": 7,
            "Marketing Science": 1,
            "Journal of Consumer Psychology": 0,
            "Journal of the Academy of Marketing Science": 15,
            "International Journal of Research in Marketing": 1,
            "Psychology and Marketing": 33,
            "European Journal of Marketing": 0,
            "Journal of Retailing": 0,
            "Industrial Marketing Management": 1
        },
        "Nineties": {
            "Journal of Marketing": 19,
            "Journal of Marketing Research": 17,
            "Journal of Consumer Research": 15,
            "Marketing Science": 5,
            "Journal of Consumer Psychology": 19,
            "Journal of the Academy of Marketing Science": 16,
            "International Journal of Research in Marketing": 5,
            "Psychology and Marketing": 98,
            "European Journal of Marketing": 13,
            "Journal of Retailing": 18,
            "Industrial Marketing Management": 4
        },
        "Aughts": {
            "Journal of Marketing": 55,
            "Journal of Marketing Research": 9,
            "Journal of Consumer Research": 38,
            "Marketing Science": 9,
            "Journal of Consumer Psychology": 39,
            "Journal of the Academy of Marketing Science": 44,
            "International Journal of Research in Marketing": 23,
            "Psychology and Marketing": 729,
            "European Journal of Marketing": 78,
            "Journal of Retailing": 30,
            "Industrial Marketing Management": 27
        },
        "Teens": {
            "Journal of Marketing": 27,
            "Journal of Marketing Research": 17,
            "Journal of Consumer Research": 33,
            "Marketing Science": 3,
            "Journal of Consumer Psychology": 49,
            "Journal of the Academy of Marketing Science": 80,
            "International Journal of Research in Marketing": 32,
            "Psychology and Marketing": 1168,
            "European Journal of Marketing": 198,
            "Journal of Retailing": 37,
            "Industrial Marketing Management": 40
        },
        "Twenties": {
            "Journal of Marketing": 9,
            "Journal of Marketing Research": 4,
            "Journal of Consumer Research": 5,
            "Marketing Science": 0,
            "Journal of Consumer Psychology": 12,
            "Journal of the Academy of Marketing Science": 25,
            "International Journal of Research in Marketing": 13,
            "Psychology and Marketing": 1269,
            "European Journal of Marketing": 81,
            "Journal of Retailing": 13,
            "Industrial Marketing Management": 37
        }
    },
    "references": {
        "Thirties": {},
        "Forties": {},
        "Fifties": {},
        "Sixties": {},
        "Seventies": {},
        "Eighties": {},
        "Nineties": {},
        "Aughts": {},
        "Teens": {},
        "Twenties": {}
    }
}