source_journal,work_title,work_oaid,DOI,pub_year,work_type,all_cited_by_count
European Journal of Marketing,A Service‐Orientated Approach to Marketing of Services,https://openalex.org/W1964336577,https://doi.org/10.1108/eum0000000004985,1978,article,538
European Journal of Marketing,UK Consumers’ Attitudes towards Imports: The Measurement of National Stereotype Image,https://openalex.org/W2050740014,https://doi.org/10.1108/eum0000000004982,1978,article,367
European Journal of Marketing,Nurturing Corporate Images,https://openalex.org/W2018552091,https://doi.org/10.1108/eum0000000005007,1977,article,321
European Journal of Marketing,A study in successful exporting,https://openalex.org/W1966050041,https://doi.org/10.1108/eum0000000005176,1971,article,131
European Journal of Marketing,Marketing of Services An Evaluation of the Theory,https://openalex.org/W1977476788,https://doi.org/10.1108/eum0000000005058,1975,article,106
European Journal of Marketing,The Marketing of Professional Services — An Organizational Dilemma,https://openalex.org/W2001315711,https://doi.org/10.1108/eum0000000004951,1979,article,106
European Journal of Marketing,A Competitive Profile of Products and Associated Marketing Practices of Selected European and Non‐European Countries,https://openalex.org/W2016973769,https://doi.org/10.1108/eum0000000005032,1977,article,98
European Journal of Marketing,Factors Affecting Consumers' Choice between Manufacturer Brands and Retailer Own Labels,https://openalex.org/W2061039161,https://doi.org/10.1108/eum0000000004965,1978,article,98
European Journal of Marketing,The Industrial Purchasing Decision as a Political Process,https://openalex.org/W2000645080,https://doi.org/10.1108/eum0000000005054,1975,article,90
European Journal of Marketing,The role of customer service in industrial marketing,https://openalex.org/W2083375125,https://doi.org/10.1108/eum0000000005074,1974,article,80
European Journal of Marketing,International market segmentation,https://openalex.org/W1973833645,https://doi.org/10.1108/eum0000000005120,1972,article,78
European Journal of Marketing,Customer service in industrial marketing: a Comparative Study,https://openalex.org/W2072671138,https://doi.org/10.1108/eum0000000005042,1976,article,78
European Journal of Marketing,The marketing of services: an approach,https://openalex.org/W2013815693,https://doi.org/10.1108/eum0000000005082,1974,article,69
European Journal of Marketing,Perceived Risk: A Synthesis,https://openalex.org/W2067503740,https://doi.org/10.1108/eum0000000005017,1977,article,69
European Journal of Marketing,Channels of Distribution Conceptualisation: A State‐of‐the Art Review,https://openalex.org/W2046413121,https://doi.org/10.1108/eum0000000004993,1978,article,60
European Journal of Marketing,Measuring the Gains from Government Export Promotion,https://openalex.org/W2030565909,https://doi.org/10.1108/eum0000000004977,1978,article,58
European Journal of Marketing,The Strategy of Own Brands,https://openalex.org/W2027349849,https://doi.org/10.1108/eum0000000004930,1979,article,52
European Journal of Marketing,The marketing concept: quo vadis?,https://openalex.org/W1983768661,https://doi.org/10.1108/eum0000000005043,1976,article,50
European Journal of Marketing,The determinants of choice of supplier: a study of purchase behaviour for capital goods,https://openalex.org/W2037742304,https://doi.org/10.1108/eum0000000005113,1973,article,47
European Journal of Marketing,A Refined Approach to the Wheel of Retailing,https://openalex.org/W1967303727,https://doi.org/10.1108/eum0000000004957,1979,article,47
European Journal of Marketing,The Marketing of Technology,https://openalex.org/W2052355425,https://doi.org/10.1108/eum0000000005021,1977,article,46
European Journal of Marketing,"American Marketing in the European Common Market, 1963‐1973",https://openalex.org/W1982701328,https://doi.org/10.1108/eum0000000004999,1977,article,45
European Journal of Marketing,A Name to Compare With A Discussion of the Naming of New Brands,https://openalex.org/W2040447948,https://doi.org/10.1108/eum0000000005020,1977,article,44
European Journal of Marketing,Industrial Buyer Behaviour A Model of the Implications of Risk Handling Behaviour for Communication Policies in Industrial Marketing,https://openalex.org/W2029912049,https://doi.org/10.1108/eum0000000005008,1977,article,43
European Journal of Marketing,Evaluation of retail store attributes and Sales performance,https://openalex.org/W2053163976,https://doi.org/10.1108/eum0000000005104,1973,article,42
European Journal of Marketing,The International Consumerist Movement,https://openalex.org/W1989596100,https://doi.org/10.1108/eum0000000004998,1977,article,40
European Journal of Marketing,Some factors influencing the size of the buyer's evoked set,https://openalex.org/W2078002523,https://doi.org/10.1108/eum0000000005116,1973,article,40
European Journal of Marketing,Advertising Thresholds and Wearout,https://openalex.org/W1998860838,https://doi.org/10.1108/eum0000000004971,1978,article,36
European Journal of Marketing,International Advertising Strategy,https://openalex.org/W2050755012,https://doi.org/10.1108/eum0000000005034,1977,article,36
European Journal of Marketing,The three wheels of retailing: a theoretical note,https://openalex.org/W2029007084,https://doi.org/10.1108/eum0000000005101,1973,article,35
European Journal of Marketing,Power and influence structures in distribution channels,https://openalex.org/W1997078014,https://doi.org/10.1108/eum0000000005107,1973,article,32
European Journal of Marketing,Ownership and acquisition of consumer durables: report on the Nottingham consumer durables project,https://openalex.org/W2040836470,https://doi.org/10.1108/eum0000000005145,1972,article,32
European Journal of Marketing,A User's Guide to Conjoint Measurement in Marketing,https://openalex.org/W2061581995,https://doi.org/10.1108/eum0000000004969,1978,article,33
European Journal of Marketing,International marketing presentations: some options,https://openalex.org/W2084119428,https://doi.org/10.1108/eum0000000005126,1972,article,28
European Journal of Marketing,The consumer decision‐making process,https://openalex.org/W2005542614,https://doi.org/10.1108/eum0000000005155,1971,article,26
European Journal of Marketing,Unit pricing: a positive response to consumerism,https://openalex.org/W2068599452,https://doi.org/10.1108/eum0000000005144,1972,article,26
European Journal of Marketing,Source loyalty in the freight transport market,https://openalex.org/W2092097019,https://doi.org/10.1108/eum0000000005038,1976,article,26
European Journal of Marketing,Risk Reduction and the Industrial Purchaser,https://openalex.org/W2033435598,https://doi.org/10.1108/eum0000000005056,1975,article,25
European Journal of Marketing,Industrial Salesmen as a Source of Marketing Intelligence,https://openalex.org/W2022386932,https://doi.org/10.1108/eum0000000004932,1979,article,26
European Journal of Marketing,Consumption Patterns and Macromarketing: A Radical Perspective,https://openalex.org/W1966788703,https://doi.org/10.1108/eum0000000005015,1977,article,25
European Journal of Marketing,Introducing successful new industrial products,https://openalex.org/W2031428759,https://doi.org/10.1108/eum0000000005053,1976,article,25
European Journal of Marketing,An Analysis of Headquarters Executive Involvement in International Advertising,https://openalex.org/W1969876099,https://doi.org/10.1108/eb027329,1977,article,24
European Journal of Marketing,The role of the comparative analysis approach in social marketing,https://openalex.org/W2028884353,https://doi.org/10.1108/eum0000000005099,1973,article,22
European Journal of Marketing,The effect of advertising on sales and brand shares,https://openalex.org/W1996223721,https://doi.org/10.1108/eum0000000005196,1970,article,17
European Journal of Marketing,Channel Control in International Markets,https://openalex.org/W2087544651,https://doi.org/10.1108/eum0000000005019,1977,article,22
European Journal of Marketing,The Product Management Function in Marketing: Some Behavioural Aspects of Decision Taking,https://openalex.org/W2153208759,https://doi.org/10.1108/eum0000000005062,1975,article,20
European Journal of Marketing,Industrial buyer behaviour: Some aspects of the search process,https://openalex.org/W1976497345,https://doi.org/10.1108/eum0000000005079,1974,article,19
European Journal of Marketing,Manufacturer/Retailer Relationships,https://openalex.org/W2089428593,https://doi.org/10.1108/eum0000000004955,1979,article,21
European Journal of Marketing,Industrial Marketing as an Organizational Problem: A Case Study,https://openalex.org/W2030685167,https://doi.org/10.1108/eum0000000004931,1979,article,20
European Journal of Marketing,The Development of Professionalism As An Issue in British Marketing,https://openalex.org/W2075605121,https://doi.org/10.1108/eum0000000004929,1979,article,19
European Journal of Marketing,A descriptive theory of pricing for marketing,https://openalex.org/W1993350562,https://doi.org/10.1108/eum0000000005139,1972,article,17
European Journal of Marketing,Pricing policies and market strategy,https://openalex.org/W1975208358,https://doi.org/10.1108/eum0000000005162,1971,article,16
European Journal of Marketing,Marketing in socialist societies,https://openalex.org/W2004512287,https://doi.org/10.1108/eum0000000005150,1971,article,16
European Journal of Marketing,The Differential Method of Pricing,https://openalex.org/W2043841184,https://doi.org/10.1108/eum0000000004943,1979,article,18
European Journal of Marketing,Brand Positioning Using Multidimensional Scaling,https://openalex.org/W2003673675,https://doi.org/10.1108/eum0000000005055,1975,article,16
European Journal of Marketing,Communication and diffusion processes in industrial markets,https://openalex.org/W2039162341,https://doi.org/10.1108/eum0000000005171,1971,article,14
European Journal of Marketing,Farmers' Tractor Purchase Decisions: A Study of Interpersonal Communication in Industrial Buying Behaviour,https://openalex.org/W2059221876,https://doi.org/10.1108/eum0000000004962,1979,article,16
European Journal of Marketing,Cross‐Cultural Analysis of Market Profiles of Domestic and Foreign Travellers,https://openalex.org/W1977194314,https://doi.org/10.1108/eum0000000004984,1978,article,15
European Journal of Marketing,Opinions About Consumerism Issues Among Present and Future Norwegian Business Executives,https://openalex.org/W1979354455,https://doi.org/10.1108/eum0000000005001,1977,article,14
European Journal of Marketing,New Product Development,https://openalex.org/W2035363184,https://doi.org/10.1108/eum0000000004970,1978,article,14
European Journal of Marketing,Perspectives on the European marketing strategy of US multinationals,https://openalex.org/W1967125036,https://doi.org/10.1108/eum0000000005049,1976,article,13
European Journal of Marketing,The marketing mix and buyer behaviour in the TV rental market,https://openalex.org/W2045156412,https://doi.org/10.1108/eum0000000005173,1971,article,11
European Journal of Marketing,The Durable Purchasing Behaviour of the Individual Household,https://openalex.org/W2018207916,https://doi.org/10.1108/eum0000000004967,1978,article,13
European Journal of Marketing,Environmental factors and marketing practices,https://openalex.org/W1964985320,https://doi.org/10.1108/eum0000000005110,1973,article,12
European Journal of Marketing,Market segmentation by factor analysis,https://openalex.org/W1999034632,https://doi.org/10.1108/eum0000000005118,1972,article,11
European Journal of Marketing,The Economic Determinants of Consumer Complaints,https://openalex.org/W2038921491,https://doi.org/10.1108/eum0000000004988,1978,article,12
European Journal of Marketing,Marketing Teaching,https://openalex.org/W4235648187,https://doi.org/10.1108/eum0000000004928,1979,article,12
European Journal of Marketing,Advertising in a Developing Economy; Opportunity and Responsibility,https://openalex.org/W1967824955,https://doi.org/10.1108/eum0000000005069,1975,article,11
European Journal of Marketing,The response of US business to consumerism,https://openalex.org/W2059927559,https://doi.org/10.1108/eum0000000004995,1976,article,11
European Journal of Marketing,Psychological characteristics of innovators,https://openalex.org/W2013964781,https://doi.org/10.1108/eum0000000005141,1972,article,10
European Journal of Marketing,Logistics in its marketing context,https://openalex.org/W2061931622,https://doi.org/10.1108/eum0000000005131,1972,article,10
European Journal of Marketing,The relationship of intentions to buy consumer durables with levels of purchase,https://openalex.org/W2012647670,https://doi.org/10.1108/eum0000000005187,1970,article,8
European Journal of Marketing,Change in the distribution systems of western industrialised economies,https://openalex.org/W2078080546,https://doi.org/10.1108/eum0000000005184,1970,article,8
European Journal of Marketing,Marketing Library and Information Services The Strengths and Weaknesses of a Marketing Approach,https://openalex.org/W2009044251,https://doi.org/10.1108/eum0000000005028,1977,article,10
European Journal of Marketing,Management Structures and Marketing Strategies in UK Industry,https://openalex.org/W2064700145,https://doi.org/10.1108/eum0000000004952,1979,article,10
European Journal of Marketing,Marketing's Social dilemma,https://openalex.org/W1980596387,https://doi.org/10.1108/eum0000000005073,1974,article,9
European Journal of Marketing,Commodity Marketing and Generic Promotion,https://openalex.org/W2000054830,https://doi.org/10.1108/eum0000000005033,1977,article,9
European Journal of Marketing,Product availability and the management of demand,https://openalex.org/W2019286734,https://doi.org/10.1108/eum0000000005041,1976,article,9
European Journal of Marketing,Some issues in international consumer research,https://openalex.org/W2009211542,https://doi.org/10.1108/eum0000000005088,1974,article,8
European Journal of Marketing,Building and operating a forecasting model: the regression analysis approach,https://openalex.org/W2009873933,https://doi.org/10.1108/eum0000000005189,1970,article,6
European Journal of Marketing,The marketing of non‐profit making organisations: a preliminary report,https://openalex.org/W2039656413,https://doi.org/10.1108/eum0000000005051,1976,article,8
European Journal of Marketing,"Industrial diffusion, adoption and communication",https://openalex.org/W2050724451,https://doi.org/10.1108/eum0000000005052,1976,article,8
European Journal of Marketing,Marketing of Local Authority Sports Centre Services A Pilot Study,https://openalex.org/W2066507134,https://doi.org/10.1108/eum0000000005027,1977,article,8
European Journal of Marketing,Marketing Planning in a Social Enterprise A Conceptual Approach,https://openalex.org/W2070697207,https://doi.org/10.1108/eum0000000005072,1975,article,8
European Journal of Marketing,Nonmetric multidimensional scaling: a user's guide,https://openalex.org/W1998474869,https://doi.org/10.1108/eum0000000005103,1973,article,7
European Journal of Marketing,Market analysis utilising cultural anthropological indicators,https://openalex.org/W2024540674,https://doi.org/10.1108/eum0000000005121,1972,article,7
European Journal of Marketing,The effect of subjective factors on customer/supplier relations in industrial marketing,https://openalex.org/W2037154787,https://doi.org/10.1108/eum0000000005179,1970,article,5
European Journal of Marketing,Regularities in sole buying,https://openalex.org/W2068004880,https://doi.org/10.1108/eum0000000005186,1970,article,5
European Journal of Marketing,The market development of new industrial products,https://openalex.org/W2039773692,https://doi.org/10.1108/eum0000000005119,1972,article,6
European Journal of Marketing,Innovation Profiles: A New Tool for Capital Equipment Manufacturers,https://openalex.org/W1963677633,https://doi.org/10.1108/eum0000000005016,1977,article,7
European Journal of Marketing,Shop Size and Productivity in British Retailing in the 1960s,https://openalex.org/W2022332092,https://doi.org/10.1108/eum0000000005012,1977,article,7
European Journal of Marketing,A Comparative View of Public Policy Toward Distribution,https://openalex.org/W2034216515,https://doi.org/10.1108/eum0000000004980,1978,article,7
European Journal of Marketing,Effective Decision Aids in Marketing,https://openalex.org/W2055574259,https://doi.org/10.1108/eum0000000005006,1977,article,7
European Journal of Marketing,Personal Selling,https://openalex.org/W4231202436,https://doi.org/10.1108/eum0000000004954,1979,article,7
European Journal of Marketing,An analysis of the status of marketing in Egypt,https://openalex.org/W2015193808,https://doi.org/10.1108/eum0000000005102,1973,article,6
European Journal of Marketing,Price and product quality assessment,https://openalex.org/W2069157822,https://doi.org/10.1108/eum0000000005075,1974,article,6
European Journal of Marketing,Changing aspects of channel structure in America,https://openalex.org/W1965065092,https://doi.org/10.1108/eum0000000005191,1970,article,4
European Journal of Marketing,A study of the tachistoscope,https://openalex.org/W1965228220,https://doi.org/10.1108/eum0000000005180,1970,article,4
European Journal of Marketing,The structure of the marketing specialisms in their context,https://openalex.org/W1980845405,https://doi.org/10.1108/eum0000000005188,1970,article,4
European Journal of Marketing,"Testing, labelling, certifying: a perspective on consumer information",https://openalex.org/W2047131767,https://doi.org/10.1108/eum0000000005190,1970,article,4
European Journal of Marketing,Large Customers and their Suppliers,https://openalex.org/W1964485212,https://doi.org/10.1108/eum0000000005014,1977,article,6
European Journal of Marketing,Special Issue: Business School Graffiti,https://openalex.org/W1989922657,https://doi.org/10.1108/eum0000000004994,1978,article,6
European Journal of Marketing,Consumerism in Perspective,https://openalex.org/W1995711021,https://doi.org/10.1108/eum0000000004986,1978,article,6
European Journal of Marketing,Advertising in France: the advertiser‐advertising agency relationship,https://openalex.org/W2001598793,https://doi.org/10.1108/eum0000000005037,1976,article,6
European Journal of Marketing,The Sales Force — Structures and Organisation,https://openalex.org/W2007642042,https://doi.org/10.1108/eum0000000004972,1978,article,6
European Journal of Marketing,Forecasting Performance for Financial Outlets,https://openalex.org/W2013215839,https://doi.org/10.1108/eum0000000004953,1979,article,6
European Journal of Marketing,British Teachers' Conceptions of Marketing,https://openalex.org/W2066955548,https://doi.org/10.1108/eum0000000005005,1977,article,6
European Journal of Marketing,Determining Consumer Satisfaction through Benefit Profiling,https://openalex.org/W2080389406,https://doi.org/10.1108/eum0000000004961,1979,article,6
European Journal of Marketing,Impact of Inflation on Consumer Life Style: Some Empirical Results on the Money Illusion and Consumer Purchasing Behaviour,https://openalex.org/W2086858343,https://doi.org/10.1108/eum0000000004933,1979,article,6
European Journal of Marketing,The Social Responsibilities of Business: What Marketing Executives Think,https://openalex.org/W2107692564,https://doi.org/10.1108/eum0000000004997,1977,article,6
European Journal of Marketing,Economic implications of hypermarkets in Britain,https://openalex.org/W1975532098,https://doi.org/10.1108/eum0000000005147,1972,article,5
European Journal of Marketing,Agency selection in international advertising,https://openalex.org/W1994726958,https://doi.org/10.1108/eum0000000005142,1972,article,5
European Journal of Marketing,"Model building in marketing: problems, developments and state of the art",https://openalex.org/W2038825624,https://doi.org/10.1108/eum0000000005127,1972,article,5
European Journal of Marketing,Some factors influencing the media decision,https://openalex.org/W2133596504,https://doi.org/10.1108/eum0000000005149,1972,article,5
European Journal of Marketing,Setting objectives for advertising,https://openalex.org/W1989760086,https://doi.org/10.1108/eum0000000005040,1976,article,5
European Journal of Marketing,Comparative Profiles of Foreign Customers and Intermediaries,https://openalex.org/W2008882152,https://doi.org/10.1108/eum0000000005068,1975,article,5
European Journal of Marketing,Communication Problems in the Marketing of Synthetic Meats,https://openalex.org/W2076158900,https://doi.org/10.1108/eum0000000005067,1975,article,5
European Journal of Marketing,A bargain theory of pricing,https://openalex.org/W2001366058,https://doi.org/10.1108/eum0000000005169,1971,article,4
European Journal of Marketing,Anthropological insights into customer behaviour,https://openalex.org/W2016668774,https://doi.org/10.1108/eum0000000005159,1971,article,4
European Journal of Marketing,Theory and nonsense of motivation research,https://openalex.org/W2025481413,https://doi.org/10.1108/eum0000000005172,1971,article,4
European Journal of Marketing,Measuring attitudes to lamb,https://openalex.org/W2052856492,https://doi.org/10.1108/eum0000000005158,1971,article,4
European Journal of Marketing,The cyclical evolution of marketing channels,https://openalex.org/W2080296086,https://doi.org/10.1108/eum0000000005167,1971,article,4
European Journal of Marketing,The marketing of freightliners,https://openalex.org/W2054954172,https://doi.org/10.1108/eum0000000005201,1970,article,3
European Journal of Marketing,A marketing approach to marketing education,https://openalex.org/W2078562996,https://doi.org/10.1108/eum0000000005198,1970,article,3
European Journal of Marketing,Behavioural Constraints on Marketing Information Systems,https://openalex.org/W1972159759,https://doi.org/10.1108/eum0000000004959,1979,article,5
European Journal of Marketing,Consumerism in Europe: Challenges and Opportunities for Marketing Strategy,https://openalex.org/W2006671721,https://doi.org/10.1108/eum0000000004992,1978,article,5
European Journal of Marketing,The Effects of the Abolition of Resale Price Maintenance in Two Trades,https://openalex.org/W2040798347,https://doi.org/10.1108/eum0000000004956,1979,article,5
European Journal of Marketing,Channel Power: A Form of Economic Exploitation,https://openalex.org/W2062330406,https://doi.org/10.1108/eum0000000004968,1978,article,5
European Journal of Marketing,Influencing Buyer Behaviour: Processes and Strategies,https://openalex.org/W2073319772,https://doi.org/10.1108/eum0000000004949,1979,article,5
European Journal of Marketing,Brand loyalty and the television rental market,https://openalex.org/W1965279291,https://doi.org/10.1108/eum0000000005115,1973,article,4
European Journal of Marketing,The effect of price cuts on perceived product quality in a grocery shopping simulation,https://openalex.org/W2019022574,https://doi.org/10.1108/eum0000000005143,1972,article,4
European Journal of Marketing,Factors affecting newspaper choice,https://openalex.org/W2030626296,https://doi.org/10.1108/eum0000000005130,1972,article,4
European Journal of Marketing,Evaluating the effectiveness of below‐the‐line promotion: a critique,https://openalex.org/W2057900661,https://doi.org/10.1108/eum0000000005100,1973,article,4
European Journal of Marketing,The Marketing Man's Image of Himself and his Work Relationships,https://openalex.org/W1976900666,https://doi.org/10.1108/eum0000000005004,1977,article,4
European Journal of Marketing,The Diffusion of a Pharmaceutical Innovation in Ireland,https://openalex.org/W2004624985,https://doi.org/10.1108/eum0000000005000,1977,article,4
European Journal of Marketing,"Sales force compensation, goal congruence and economic efficiency",https://openalex.org/W2029061287,https://doi.org/10.1108/eum0000000005035,1976,article,4
European Journal of Marketing,Understanding marketing channels,https://openalex.org/W2045736192,https://doi.org/10.1108/eum0000000005039,1976,article,4
European Journal of Marketing,Product maturity and marketing strategy,https://openalex.org/W2046585128,https://doi.org/10.1108/eum0000000005036,1976,article,4
European Journal of Marketing,Order rates in bidding,https://openalex.org/W2048355721,https://doi.org/10.1108/eum0000000004996,1976,article,4
European Journal of Marketing,The estimation of marketing efficiency,https://openalex.org/W2060903204,https://doi.org/10.1108/eum0000000005048,1976,article,4
European Journal of Marketing,Smallest Space Analysis of Students' Attitudes on Marketing Education,https://openalex.org/W2066646858,https://doi.org/10.1108/eum0000000005003,1977,article,4
European Journal of Marketing,Marketing of Nursing as a Career,https://openalex.org/W2079917640,https://doi.org/10.1108/eum0000000005026,1977,article,4
European Journal of Marketing,The Image of Craftsmanship; A Predictor Variable Influencing the Purchase of European Automobiles by Americans?,https://openalex.org/W1971063079,https://doi.org/10.1108/eum0000000004981,1978,article,4
European Journal of Marketing,Transfer Pricing and its Misuse,https://openalex.org/W2023049656,https://doi.org/10.1108/eum0000000004939,1979,article,4
European Journal of Marketing,Consumerism: The Public's Awareness of their Rights,https://openalex.org/W2041123528,https://doi.org/10.1108/eum0000000004934,1979,article,4
European Journal of Marketing,"Scarcities, Lifestyles, Waste Management and International Marketing",https://openalex.org/W2043177291,https://doi.org/10.1108/eum0000000004991,1978,article,4
European Journal of Marketing,The Pricing of Industrial Products,https://openalex.org/W2075025468,https://doi.org/10.1108/eum0000000004938,1979,article,4
European Journal of Marketing,Towards a Balanced View of Consumerism,https://openalex.org/W2078670242,https://doi.org/10.1108/eum0000000004987,1978,article,4
European Journal of Marketing,Buy‐response Analysis: A Practical Tool of Market Research,https://openalex.org/W2086893369,https://doi.org/10.1108/eum0000000004940,1979,article,4
European Journal of Marketing,An Appraisal of Multi‐Attribute Utility Models in Marketing,https://openalex.org/W2089238122,https://doi.org/10.1108/eum0000000004950,1979,article,4
European Journal of Marketing,Diffusion of innovation in the flour milling industry,https://openalex.org/W2003061368,https://doi.org/10.1108/eum0000000005140,1972,article,3
European Journal of Marketing,The future development of retail and wholesale distribution in Western Europe: an analysis of trends up to 1980,https://openalex.org/W2005976658,https://doi.org/10.1108/eum0000000005153,1971,article,3
European Journal of Marketing,The marketing of flowers in the United Kingdom,https://openalex.org/W2007285583,https://doi.org/10.1108/eum0000000005129,1972,article,3
European Journal of Marketing,The Hungarian marketing scene,https://openalex.org/W2057444093,https://doi.org/10.1108/eum0000000005160,1971,article,3
European Journal of Marketing,The development and use of the mechanical tachistoscope,https://openalex.org/W2060609053,https://doi.org/10.1108/eum0000000005157,1971,article,3
European Journal of Marketing,Compatibility analysis for the screening of new products,https://openalex.org/W2083080857,https://doi.org/10.1108/eum0000000005138,1972,article,3
European Journal of Marketing,The impact of out‐of‐town shipping: a test of the Lakschmanan‐Harsen model,https://openalex.org/W1970013125,https://doi.org/10.1108/eum0000000005076,1974,article,3
European Journal of Marketing,Fish Marketing in Britain: Structural Change and System Performance,https://openalex.org/W2001619434,https://doi.org/10.1108/eum0000000005071,1975,article,3
European Journal of Marketing,Rail Freight Marketing: Some UK Perspectives,https://openalex.org/W2006678217,https://doi.org/10.1108/eum0000000005066,1975,article,3
European Journal of Marketing,On the search for new products,https://openalex.org/W2012103471,https://doi.org/10.1108/eum0000000005047,1976,article,3
European Journal of Marketing,Aspects of the application of behavioural sciences to marketing,https://openalex.org/W2018442900,https://doi.org/10.1108/eum0000000005090,1974,article,3
European Journal of Marketing,"Current status of marketing theory; a European, American comparison",https://openalex.org/W2021048588,https://doi.org/10.1108/eum0000000005086,1974,article,3
European Journal of Marketing,The facet design approach to the construction of multivariate marketing models,https://openalex.org/W2036805419,https://doi.org/10.1108/eum0000000005083,1974,article,3
European Journal of Marketing,A note on Jaguar’s pricing policy,https://openalex.org/W2037857344,https://doi.org/10.1108/eum0000000005117,1973,article,3
European Journal of Marketing,The Customer‐Seller Value Match,https://openalex.org/W2056254211,https://doi.org/10.1108/eum0000000005063,1975,article,3
European Journal of Marketing,Some applications of operational research in advertising,https://openalex.org/W2082274122,https://doi.org/10.1108/eum0000000005111,1973,article,3
European Journal of Marketing,Interregional marketing and alternative reform strategies in Ecuador,https://openalex.org/W2089268402,https://doi.org/10.1108/eum0000000005091,1974,article,3
European Journal of Marketing,Television advertising: a consumer viewpoint,https://openalex.org/W2108027361,https://doi.org/10.1108/eum0000000005084,1974,article,3
European Journal of Marketing,International marketing strategy decisions and the growth rate of major American firms,https://openalex.org/W2146975447,https://doi.org/10.1108/eum0000000005080,1974,article,3
European Journal of Marketing,Marketing ‘Outward Bound’,https://openalex.org/W1964348969,https://doi.org/10.1108/eum0000000005029,1977,article,3
European Journal of Marketing,Some Constraints on Adaptive Marketing by Foreign Consumer Goods Firms in Japan,https://openalex.org/W1970543809,https://doi.org/10.1108/eum0000000005030,1977,article,3
European Journal of Marketing,Objectives and Performance Evaluation of Marketing Boards,https://openalex.org/W2053445894,https://doi.org/10.1108/eum0000000004974,1978,article,3
European Journal of Marketing,Marketing Men Choose their Ideal Boss and Subordinate,https://openalex.org/W2055169652,https://doi.org/10.1108/eum0000000005010,1977,article,3
European Journal of Marketing,Present Status of Marketing Research in Turkey,https://openalex.org/W2060475030,https://doi.org/10.1108/eum0000000004979,1978,article,3
European Journal of Marketing,Desk Research Methods for the Soviet Capital Goods Market,https://openalex.org/W2080300859,https://doi.org/10.1108/eum0000000004960,1979,article,3
European Journal of Marketing,Marketing Logistics Systems Analysis,https://openalex.org/W2092441680,https://doi.org/10.1108/eum0000000005009,1977,article,3
European Journal of Marketing,Export Targeting,https://openalex.org/W4232950476,https://doi.org/10.1108/eb027344,1977,article,3
European Journal of Marketing,A database for a marketing information system,https://openalex.org/W1976460969,https://doi.org/10.1108/eum0000000005156,1971,article,2
European Journal of Marketing,A decision system for competitive bidding,https://openalex.org/W2050356298,https://doi.org/10.1108/eum0000000005170,1971,article,2
European Journal of Marketing,Irish advertising agencies as seen by their clients,https://openalex.org/W2139874650,https://doi.org/10.1108/eum0000000005166,1971,article,2
European Journal of Marketing,Examining the job attitude/salesman performance issue,https://openalex.org/W2017361310,https://doi.org/10.1108/eum0000000005132,1972,article,2
European Journal of Marketing,The Polish marketing scene,https://openalex.org/W2018860596,https://doi.org/10.1108/eum0000000005134,1972,article,2
European Journal of Marketing,The time sequence of events B a basis for market segmentation,https://openalex.org/W2060466941,https://doi.org/10.1108/eum0000000005125,1972,article,2
European Journal of Marketing,The marketing of placement services,https://openalex.org/W2094967278,https://doi.org/10.1108/eum0000000005128,1972,article,2
European Journal of Marketing,Modelling and marketing: two important concepts and the connection between them,https://openalex.org/W1970040181,https://doi.org/10.1108/eum0000000005114,1973,article,2
European Journal of Marketing,The individuals information acquisition: test of a model,https://openalex.org/W2003089216,https://doi.org/10.1108/eum0000000005089,1974,article,2
European Journal of Marketing,"Demand, marketing and time",https://openalex.org/W2008773985,https://doi.org/10.1108/eum0000000005105,1973,article,2
European Journal of Marketing,Snow Crop Revisited,https://openalex.org/W2010373453,https://doi.org/10.1108/eum0000000005059,1975,article,2
European Journal of Marketing,Domestic Applications of Comparative Marketing Analysis,https://openalex.org/W2036322536,https://doi.org/10.1108/eum0000000005065,1975,article,2
European Journal of Marketing,The marketing function in its organisational context,https://openalex.org/W2080742560,https://doi.org/10.1108/eum0000000005092,1974,article,2
European Journal of Marketing,Some Organisational Problems Facing Urban Passenger Transport Marketing,https://openalex.org/W2089388911,https://doi.org/10.1108/eum0000000005061,1975,article,2
European Journal of Marketing,A Structure of Operational Marketing Research,https://openalex.org/W1974513447,https://doi.org/10.1108/eum0000000004964,1978,article,2
European Journal of Marketing,Evaluating Changes in the Marketing Information System,https://openalex.org/W1980953694,https://doi.org/10.1108/eum0000000005013,1977,article,2
European Journal of Marketing,West German Retailing in Perspective,https://openalex.org/W2006641152,https://doi.org/10.1108/eum0000000004958,1979,article,2
European Journal of Marketing,Terms of Sale: Theory and Practice,https://openalex.org/W2013189997,https://doi.org/10.1108/eum0000000004963,1979,article,2
European Journal of Marketing,A decision analysis approach for unique situation competitive bidding,https://openalex.org/W2061488463,https://doi.org/10.1108/eum0000000005045,1976,article,2
European Journal of Marketing,Marketing to the African Segment of the South African Market,https://openalex.org/W2085895508,https://doi.org/10.1108/eum0000000004973,1978,article,2
European Journal of Marketing,Marketing Marketing Training,https://openalex.org/W2092546527,https://doi.org/10.1108/eum0000000004927,1979,article,2
European Journal of Marketing,Simulation of the selection of an item for a grocery ‘ad.’,https://openalex.org/W1978489272,https://doi.org/10.1108/eum0000000005185,1970,article,1
European Journal of Marketing,Some aspects of small firm purchasing activities,https://openalex.org/W2000986894,https://doi.org/10.1108/eum0000000005178,1970,article,1
European Journal of Marketing,The problems of determining an integrated model of buyer behaviour,https://openalex.org/W2021828800,https://doi.org/10.1108/eum0000000005183,1970,article,1
European Journal of Marketing,The development of British and American mail order trading,https://openalex.org/W2055466103,https://doi.org/10.1108/eum0000000005199,1970,article,1
European Journal of Marketing,Marketing strategy in socialist industrial enterprises,https://openalex.org/W1979692212,https://doi.org/10.1108/eum0000000005123,1972,article,1
European Journal of Marketing,Comparative commodity marketing structures,https://openalex.org/W2031411104,https://doi.org/10.1108/eum0000000005133,1972,article,1
European Journal of Marketing,A model toward optimizing advertising effort on durable goods purchase,https://openalex.org/W2042674446,https://doi.org/10.1108/eum0000000005151,1971,article,1
European Journal of Marketing,The Irish marketing scene,https://openalex.org/W2053946144,https://doi.org/10.1108/eum0000000005168,1971,article,1
European Journal of Marketing,A case study of production orientation: Malayan canned pineapple,https://openalex.org/W2059446035,https://doi.org/10.1108/eum0000000005135,1972,article,1
European Journal of Marketing,British steel: the challenge for an international industry,https://openalex.org/W2074205378,https://doi.org/10.1108/eum0000000005154,1971,article,1
European Journal of Marketing,The marketing mix – a problem analysis,https://openalex.org/W2074271845,https://doi.org/10.1108/eum0000000005174,1971,article,1
European Journal of Marketing,Statutory marketing in a developing economy,https://openalex.org/W2141972544,https://doi.org/10.1108/eum0000000005136,1972,article,1
European Journal of Marketing,Jaguar's Pricing Policy — A Comment,https://openalex.org/W1963908399,https://doi.org/10.1108/eb027324,1974,article,1
European Journal of Marketing,Methods for handling competition in dynamic market models,https://openalex.org/W2010728071,https://doi.org/10.1108/eum0000000005095,1973,article,1
European Journal of Marketing,Market research in the guided market place,https://openalex.org/W2069946618,https://doi.org/10.1108/eum0000000005094,1973,article,1
European Journal of Marketing,Restrictive marketing practices in the EEC,https://openalex.org/W2072320614,https://doi.org/10.1108/eum0000000005109,1973,article,1
European Journal of Marketing,Consumerism and Distribution; A Management View,https://openalex.org/W2103442062,https://doi.org/10.1108/eum0000000005070,1975,article,1
European Journal of Marketing,Marketing Transport Services An Evaluation of the Marketing Strategy for Transportation Services,https://openalex.org/W1965958636,https://doi.org/10.1108/eum0000000005022,1977,article,1
European Journal of Marketing,Forecasting Consumer Values,https://openalex.org/W1969350945,https://doi.org/10.1108/eum0000000005031,1977,article,1
European Journal of Marketing,Forecasting new consumer durables by market segmentation,https://openalex.org/W2026740358,https://doi.org/10.1108/eum0000000005050,1976,article,1
European Journal of Marketing,Measuring the Price Sensitivity of Household Electricity Consumption by Means of Interview Data,https://openalex.org/W1967044643,https://doi.org/10.1108/eum0000000004941,1979,article,1
European Journal of Marketing,Proposal for a New Approach to Marketing in Economic Science,https://openalex.org/W1977148988,https://doi.org/10.1108/eum0000000004976,1978,article,1
European Journal of Marketing,A Decision Analysis Approach to Repetitive Competitive Bidding,https://openalex.org/W1984966600,https://doi.org/10.1108/eum0000000004978,1978,article,1
European Journal of Marketing,Market Structure and Marketing Policies,https://openalex.org/W2001473939,https://doi.org/10.1108/eum0000000004983,1978,article,1
European Journal of Marketing,Pricing and Advertising,https://openalex.org/W2024855510,https://doi.org/10.1108/eum0000000004942,1979,article,1
European Journal of Marketing,Exploring Relations among Awareness Attitude and Behaviour,https://openalex.org/W2032450354,https://doi.org/10.1108/eum0000000004966,1978,article,1
European Journal of Marketing,An Application of Sequential Analysis in Pricing Research,https://openalex.org/W2045671729,https://doi.org/10.1108/eum0000000004975,1978,article,1
European Journal of Marketing,20 Years of Which?,https://openalex.org/W2058491144,https://doi.org/10.1108/eum0000000004989,1978,article,1
European Journal of Marketing,The Price Commission and the Investigation of Proposed Price Increases,https://openalex.org/W2083991701,https://doi.org/10.1108/eum0000000004945,1979,article,1
European Journal of Marketing,Long‐term forecasting of consumer durable markets,https://openalex.org/W1976768835,https://doi.org/10.1108/eum0000000005182,1970,article,0
European Journal of Marketing,The overlap problem,https://openalex.org/W1980177947,https://doi.org/10.1108/eum0000000005194,1970,article,0
European Journal of Marketing,A pagination model for the national newspapers,https://openalex.org/W2046451875,https://doi.org/10.1108/eum0000000005200,1970,article,0
European Journal of Marketing,Further reflections on consumer panels,https://openalex.org/W2058302182,https://doi.org/10.1108/eum0000000005181,1970,article,0
European Journal of Marketing,The balance of trade in agricultural machinery,https://openalex.org/W2059530317,https://doi.org/10.1108/eum0000000005177,1970,article,0
European Journal of Marketing,Simulation models of consumer behaviour,https://openalex.org/W2066476395,https://doi.org/10.1108/eum0000000005195,1970,article,0
European Journal of Marketing,2001 – The existential customer,https://openalex.org/W2068580426,https://doi.org/10.1108/eum0000000005193,1970,article,0
European Journal of Marketing,Computerized marketing information systems,https://openalex.org/W2077297890,https://doi.org/10.1108/eum0000000005192,1970,article,0
European Journal of Marketing,Interpersonal barriers to effective product management,https://openalex.org/W2090319324,https://doi.org/10.1108/eum0000000005197,1970,article,0
European Journal of Marketing,Routinization in marketing,https://openalex.org/W1990837719,https://doi.org/10.1108/eum0000000005161,1971,article,0
European Journal of Marketing,Network analysis and marketing decisions,https://openalex.org/W1995694757,https://doi.org/10.1108/eum0000000005148,1972,article,0
European Journal of Marketing,Marketing models in the gas industry,https://openalex.org/W1997720022,https://doi.org/10.1108/eum0000000005163,1971,article,0
European Journal of Marketing,An approach to the evaluation of short post‐experience courses in marketing,https://openalex.org/W2028641265,https://doi.org/10.1108/eum0000000005122,1972,article,0
European Journal of Marketing,Consumer durables: differentiation strategy and consumer response in relation to real and apparent risk,https://openalex.org/W2055453252,https://doi.org/10.1108/eum0000000005146,1972,article,0
European Journal of Marketing,The role of marketing in conglomerates,https://openalex.org/W2057660266,https://doi.org/10.1108/eum0000000005165,1971,article,0
European Journal of Marketing,A model towards optimizing advertising effort on consumer goods purchase,https://openalex.org/W2061039348,https://doi.org/10.1108/eum0000000005175,1971,article,0
European Journal of Marketing,“Out‐of‐town” regional shopping centres – a reality by 1980?,https://openalex.org/W2061252103,https://doi.org/10.1108/eum0000000005152,1971,article,0
European Journal of Marketing,Solus agreements in a franchising context,https://openalex.org/W2092333909,https://doi.org/10.1108/eum0000000005164,1971,article,0
European Journal of Marketing,Main shopping catchments of the West Yorkshire conurbation,https://openalex.org/W2110925469,https://doi.org/10.1108/eum0000000005124,1972,article,0
European Journal of Marketing,A Comment on ‘A Note on Jaguar's Pricing Policy’,https://openalex.org/W1965153141,https://doi.org/10.1108/eb027325,1974,article,0
European Journal of Marketing,The personality‐culture relationship and its effects on interpersonal transactions,https://openalex.org/W1980998524,https://doi.org/10.1108/eum0000000005096,1973,article,0
European Journal of Marketing,Jaguar's Pricing Policy — A Reply,https://openalex.org/W1985984351,https://doi.org/10.1108/eb027326,1974,article,0
European Journal of Marketing,A bargain theory of pricing: generalization,https://openalex.org/W1999347575,https://doi.org/10.1108/eum0000000005098,1973,article,0
European Journal of Marketing,Increasing the Utility of Routine Market Research Reports: A Diagnostic Procedure,https://openalex.org/W2008345012,https://doi.org/10.1108/eum0000000005064,1975,article,0
European Journal of Marketing,Marketing of protein‐rich foods in developing countries,https://openalex.org/W2011598810,https://doi.org/10.1108/eum0000000005106,1973,article,0
European Journal of Marketing,The need for a system for an extensive information analysis of specific marketing decisions,https://openalex.org/W2014348809,https://doi.org/10.1108/eum0000000005108,1973,article,0
European Journal of Marketing,Segmenting domestic and foreign car buyers,https://openalex.org/W2027304716,https://doi.org/10.1108/eum0000000005087,1974,article,0
European Journal of Marketing,The Role and Significance of the Overseas Chinese in Asian Marketing,https://openalex.org/W2030218714,https://doi.org/10.1108/eum0000000005057,1975,article,0
European Journal of Marketing,Competitive marketing patterns in Canadian markets: 1958‐1967,https://openalex.org/W2030696585,https://doi.org/10.1108/eum0000000005081,1974,article,0
European Journal of Marketing,Clues to the design of a marketing mix,https://openalex.org/W2037978819,https://doi.org/10.1108/eum0000000005085,1974,article,0
European Journal of Marketing,Sales analysis: a visual approach,https://openalex.org/W2053885715,https://doi.org/10.1108/eum0000000005077,1974,article,0
European Journal of Marketing,Hunting down the marketing management gap: in a developing economy,https://openalex.org/W2057867278,https://doi.org/10.1108/eum0000000005093,1974,article,0
European Journal of Marketing,Trading Stamps and retail prices,https://openalex.org/W2063702442,https://doi.org/10.1108/eum0000000005112,1973,article,0
European Journal of Marketing,Register of Research in the United Kingdom,https://openalex.org/W2065298237,https://doi.org/10.1108/eb027327,1975,article,0
European Journal of Marketing,"Education, culture and market research",https://openalex.org/W2066252083,https://doi.org/10.1108/eum0000000005097,1973,article,0
European Journal of Marketing,Conspectus of degree courses in marketing,https://openalex.org/W2078463245,https://doi.org/10.1108/eb027323,1973,article,0
European Journal of Marketing,First Time Buyers of a Repurchasable New Product,https://openalex.org/W2082747001,https://doi.org/10.1108/eum0000000005060,1975,article,0
European Journal of Marketing,A Note on Research in the United Kingdom,https://openalex.org/W2171926340,https://doi.org/10.1108/eb027328,1975,article,0
European Journal of Marketing,Marketing Life Assurance Causes of Success and Failure in Assurance Salesmen,https://openalex.org/W1988000044,https://doi.org/10.1108/eum0000000005025,1977,article,0
European Journal of Marketing,Some Influences of EEC Competition Policy upon Marketing and Distribution ‘Service’ Agreements,https://openalex.org/W2021773271,https://doi.org/10.1108/eum0000000005023,1977,article,0
European Journal of Marketing,A Performance Index for Evaluating Marketing Programmes,https://openalex.org/W2042802333,https://doi.org/10.1108/eum0000000005002,1977,article,0
European Journal of Marketing,Men's leisurewear: a male dominated market,https://openalex.org/W2048829008,https://doi.org/10.1108/eum0000000005044,1976,article,0
European Journal of Marketing,A Rejoinder: Marketing Men's Perceptions of Self and Colleagues,https://openalex.org/W2053036051,https://doi.org/10.1108/eum0000000005011,1977,article,0
European Journal of Marketing,Advertising Strategy Implications of Consumer Evaluation Process Models,https://openalex.org/W2085896874,https://doi.org/10.1108/eum0000000005018,1977,article,0
European Journal of Marketing,Marketing Strategies of Open‐end Investment Funds in the EEC,https://openalex.org/W2107596216,https://doi.org/10.1108/eum0000000005024,1977,article,0
European Journal of Marketing,DIMENSIONS OF MARKETING CHANNELS,https://openalex.org/W4238021830,https://doi.org/10.1108/eb060794,1976,article,0
European Journal of Marketing,NOTATIONAL SYSTEMS AND MACROMEASUREMENTS,https://openalex.org/W4250982201,https://doi.org/10.1108/eb060796,1976,article,0
European Journal of Marketing,IMPORTANCE OF MARKETING CHANNELS,https://openalex.org/W4253369990,https://doi.org/10.1108/eb060793,1976,article,0
European Journal of Marketing,DEFINITIONAL ISSUES,https://openalex.org/W4256623656,https://doi.org/10.1108/eb060795,1976,article,0
European Journal of Marketing,Towards Restoring Equilibrium in the European Agricultural Market: The Case of Milk Products,https://openalex.org/W2001478617,https://doi.org/10.1108/eum0000000004947,1979,article,0
European Journal of Marketing,How to Price During Inflation,https://openalex.org/W2005940877,https://doi.org/10.1108/eum0000000004944,1979,article,0
European Journal of Marketing,Marketing to Industrial Democrats,https://openalex.org/W2041984047,https://doi.org/10.1108/eum0000000004935,1979,article,0
European Journal of Marketing,Some Aspects of Price Behaviour in Agricultural Markets,https://openalex.org/W2047356378,https://doi.org/10.1108/eum0000000004937,1979,article,0
European Journal of Marketing,Pricing in Eastern Europe – The Example of Hungary,https://openalex.org/W2060775846,https://doi.org/10.1108/eum0000000004948,1979,article,0
European Journal of Marketing,Public Utility Pricing in Britain,https://openalex.org/W2068342353,https://doi.org/10.1108/eum0000000004946,1979,article,0
European Journal of Marketing,The New International Price Competition,https://openalex.org/W2159170158,https://doi.org/10.1108/eum0000000004936,1979,article,0
