source_journal,work_title,work_oaid,DOI,pub_year,work_type,all_cited_by_count
European Journal of Marketing,A Service Quality Model and its Marketing Implications,https://openalex.org/W2094013842,https://doi.org/10.1108/eum0000000004784,1984,article,6293
European Journal of Marketing,The Development of Buyer‐Seller Relationships in Industrial Markets,https://openalex.org/W2072733534,https://doi.org/10.1108/eum0000000004910,1980,article,1304
European Journal of Marketing,Consumer Behaviour in Tourism,https://openalex.org/W2001456449,https://doi.org/10.1108/eum0000000004718,1987,article,1144
European Journal of Marketing,How to Design a Service,https://openalex.org/W2084486980,https://doi.org/10.1108/eum0000000004799,1982,article,998
European Journal of Marketing,An Applied Service Marketing Theory,https://openalex.org/W1977267690,https://doi.org/10.1108/eum0000000004859,1982,article,715
European Journal of Marketing,Chinese Cultural Values: Their Dimensions and Marketing Implications,https://openalex.org/W2077648382,https://doi.org/10.1108/eum0000000005285,1988,article,502
European Journal of Marketing,Defining Marketing: A Market‐Oriented Approach,https://openalex.org/W1992589261,https://doi.org/10.1108/eum0000000000541,1989,article,414
European Journal of Marketing,The Contingency Approach: Its Foundations and Relevance to Theory Building and Research in Marketing,https://openalex.org/W2140761148,https://doi.org/10.1108/eum0000000005291,1988,article,321
European Journal of Marketing,The Role of Trust and Co‐operation in Marketing Channels: A Preliminary Study,https://openalex.org/W2130056739,https://doi.org/10.1108/eum0000000000550,1989,article,307
European Journal of Marketing,The Evolution of Marketing in Small Firms,https://openalex.org/W2064482383,https://doi.org/10.1108/eum0000000004739,1985,article,218
European Journal of Marketing,The Marketing of Services: Managing the Intangibles,https://openalex.org/W2063374916,https://doi.org/10.1108/eum0000000004748,1985,article,201
European Journal of Marketing,Risk Reducing Strategies Used in the Purchase of Wine in the UK,https://openalex.org/W2154881397,https://doi.org/10.1108/eum0000000000589,1989,article,194
European Journal of Marketing,A Consumer Approach to Branded Wines,https://openalex.org/W2110094311,https://doi.org/10.1108/eum0000000004649,1986,article,183
European Journal of Marketing,Project NewProd: Factors in New Product Success,https://openalex.org/W2006709915,https://doi.org/10.1108/eum0000000004906,1980,article,169
European Journal of Marketing,Service Firms: Interdependence of External and Internal Marketing Strategies,https://openalex.org/W1970198055,https://doi.org/10.1108/eum0000000004658,1986,article,138
European Journal of Marketing,Consumer Risk Perception in the UK Wine Market,https://openalex.org/W2056979325,https://doi.org/10.1108/eum0000000005296,1988,article,130
European Journal of Marketing,Company Internationalisation: Active and Reactive Exporting,https://openalex.org/W1985110403,https://doi.org/10.1108/eum0000000004876,1981,article,126
European Journal of Marketing,Consumer Behaviour towards Fashion,https://openalex.org/W1974505993,https://doi.org/10.1108/eum0000000000575,1989,article,117
European Journal of Marketing,The Performance Impact of Product Innovation Strategies,https://openalex.org/W2038999423,https://doi.org/10.1108/eum0000000004787,1984,article,113
European Journal of Marketing,International Marketing and Purchasing of Industrial Goods Features of a European Research Project,https://openalex.org/W2066915096,https://doi.org/10.1108/eum0000000004909,1980,article,109
European Journal of Marketing,Export Stimulation: A Segmentation Study of the Exporting Problems of Australian Manufacturing Firms,https://openalex.org/W1998642321,https://doi.org/10.1108/eum0000000004750,1985,article,103
European Journal of Marketing,A Framework for the Use of Power,https://openalex.org/W1999313553,https://doi.org/10.1108/eum0000000004899,1980,article,102
European Journal of Marketing,Conceptual and Methodological Issues in Organisational Buying Behaviour,https://openalex.org/W2052032443,https://doi.org/10.1108/eum0000000004904,1980,article,93
European Journal of Marketing,The Marketing Research Scene in Saudi Arabia,https://openalex.org/W2040666413,https://doi.org/10.1108/eum0000000005282,1988,article,100
European Journal of Marketing,The Performance Impact of an International Orientation on Product Innovation,https://openalex.org/W2048398942,https://doi.org/10.1108/eum0000000005304,1988,article,99
European Journal of Marketing,The Accounting Assessment of Competitive Position,https://openalex.org/W2063386458,https://doi.org/10.1108/eum0000000004626,1986,article,99
European Journal of Marketing,Problems and Strategies in the International Marketing of Services,https://openalex.org/W2071456825,https://doi.org/10.1108/eum0000000000574,1989,article,94
European Journal of Marketing,Exploring the Impact of Governmental Export Subsidies,https://openalex.org/W2073999775,https://doi.org/10.1108/eum0000000004826,1983,article,91
European Journal of Marketing,Ethical Beliefs in Marketing Management: a Cross‐Cultural Study,https://openalex.org/W2087889944,https://doi.org/10.1108/eum0000000004871,1981,article,91
European Journal of Marketing,Cluster Analysis for Market Segmentation,https://openalex.org/W2088485733,https://doi.org/10.1108/eum0000000004918,1980,article,91
European Journal of Marketing,Marketing the Political Product,https://openalex.org/W2032538934,https://doi.org/10.1108/eum0000000005299,1988,article,90
European Journal of Marketing,"Corporate Codes of Ethics in Large UK Companies: An Empirical Investigation of Use, Content and Attitudes",https://openalex.org/W1980155096,https://doi.org/10.1108/eum0000000000571,1989,article,89
European Journal of Marketing,The Integration of Marketing Flows in Channels of Distribution,https://openalex.org/W1975087164,https://doi.org/10.1108/eum0000000000546,1989,article,88
European Journal of Marketing,Tourists Perceptions of Finland and Selected European Countries As Travel Destinations,https://openalex.org/W2003129080,https://doi.org/10.1108/eum0000000004833,1983,article,87
European Journal of Marketing,Role Portrayals in British Magazine Advertisement,https://openalex.org/W1977357307,https://doi.org/10.1108/eum0000000004724,1985,article,82
European Journal of Marketing,Grocery Generics — An Extension of the Private Label Concept,https://openalex.org/W2049118784,https://doi.org/10.1108/eum0000000004760,1984,article,78
European Journal of Marketing,Diffusion of Innovation and Opinion Leadership,https://openalex.org/W2091912630,https://doi.org/10.1108/eum0000000004893,1980,article,74
European Journal of Marketing,Situational Segmentation of Industrial Markets,https://openalex.org/W2055327927,https://doi.org/10.1108/eum0000000004905,1980,article,71
European Journal of Marketing,Marketing‐Mix Standardisation: An Integrated Approach in Global Marketing,https://openalex.org/W1970151063,https://doi.org/10.1108/eum0000000005301,1988,article,80
European Journal of Marketing,Cognitive Style and Consumer Innovativeness: An Empirical Test of Kirton's Adaption‐Innovation Theory in the Context of Food Purchasing,https://openalex.org/W2070602880,https://doi.org/10.1108/eum0000000004755,1986,article,79
European Journal of Marketing,The Changing Price Dimension in Purchasing,https://openalex.org/W1984912592,https://doi.org/10.1108/eum0000000004674,1987,article,76
European Journal of Marketing,The Buying of Own Labels,https://openalex.org/W2049780703,https://doi.org/10.1108/eum0000000000561,1989,article,67
European Journal of Marketing,Export Marketing Strategies in the British Clothing Industry,https://openalex.org/W1975029642,https://doi.org/10.1108/eum0000000004653,1986,article,65
European Journal of Marketing,Marketing Concept and Customer Orientation,https://openalex.org/W1978463994,https://doi.org/10.1108/eum0000000004757,1986,article,61
European Journal of Marketing,Theories of Export Behaviour: A Critical Analysis,https://openalex.org/W1986791757,https://doi.org/10.1108/eum0000000004751,1985,article,61
European Journal of Marketing,Patterns of Brand Loyalty: Their Determinants and Their Role for Leading Brands,https://openalex.org/W2078442595,https://doi.org/10.1108/eum0000000004642,1986,article,61
European Journal of Marketing,Consumer Boycotts and Consumer Sovereignty,https://openalex.org/W1998071967,https://doi.org/10.1108/eum0000000004694,1987,article,60
European Journal of Marketing,The Move to Administered Vertical Marketing Systems by British Retailers,https://openalex.org/W2001734157,https://doi.org/10.1108/eum0000000000578,1989,article,60
European Journal of Marketing,Behavioural Aspects of the Exporter‐Importer Relationship: The Case of Cypriot Exporters and British Importers,https://openalex.org/W2000502160,https://doi.org/10.1108/eum0000000000576,1989,article,58
European Journal of Marketing,Controlling Country‐Specific and Industry‐Specific Influences on Export Behaviour,https://openalex.org/W2034249501,https://doi.org/10.1108/eum0000000004637,1986,article,58
European Journal of Marketing,Shoppers' Awareness of Retail Grocery Prices,https://openalex.org/W2071517802,https://doi.org/10.1108/eum0000000004687,1987,article,58
European Journal of Marketing,Student Accounts — A Profitable Segment?,https://openalex.org/W2078966136,https://doi.org/10.1108/eum0000000004839,1982,article,57
European Journal of Marketing,Resellers’ Supplier Selection Criteria for Different Consumer Products,https://openalex.org/W2085828452,https://doi.org/10.1108/eum0000000004725,1985,article,57
European Journal of Marketing,Adoption of Supermarket Shopping in a Developing Country: The Selective Adoption Phenomenon,https://openalex.org/W2115138912,https://doi.org/10.1108/eum0000000004802,1982,article,56
European Journal of Marketing,An Understanding of Marketing Strategy,https://openalex.org/W1985061751,https://doi.org/10.1108/eum0000000004794,1984,article,55
European Journal of Marketing,An Alternative Paradigm for Marketing Theory,https://openalex.org/W2080629553,https://doi.org/10.1108/eum0000000004780,1984,article,54
European Journal of Marketing,Targeting of Fund‐raising Appeals — How to Identify Donors,https://openalex.org/W2082491795,https://doi.org/10.1108/eum0000000005265,1988,article,55
European Journal of Marketing,An Examination of the Relative Impact of Growth Strategies on Profit Performance,https://openalex.org/W2046660111,https://doi.org/10.1108/eum0000000005268,1988,article,54
European Journal of Marketing,The Competitiveness of British Industry: What Really Makes the Difference?,https://openalex.org/W2075837653,https://doi.org/10.1108/eb027339,1988,article,53
European Journal of Marketing,Marketing: Concept and Function,https://openalex.org/W2078445386,https://doi.org/10.1108/eum0000000000560,1989,article,53
European Journal of Marketing,Marketing's Domain,https://openalex.org/W2034437661,https://doi.org/10.1108/eum0000000004721,1984,article,52
European Journal of Marketing,Own Brands and the Cookware Market,https://openalex.org/W1997125129,https://doi.org/10.1108/eum0000000004758,1987,article,51
European Journal of Marketing,Export Market Research Orientations of Turkish Firms,https://openalex.org/W2032281690,https://doi.org/10.1108/eum0000000004754,1985,article,49
European Journal of Marketing,Determinants of Product Innovation Activities,https://openalex.org/W2047522150,https://doi.org/10.1108/eum0000000000593,1989,article,49
European Journal of Marketing,Factors Influencing The Choice of a Supplier by Grocery Distributors,https://openalex.org/W2012579607,https://doi.org/10.1108/eum0000000004816,1983,article,48
European Journal of Marketing,Using versus Choosing: The Relationship of the Consumption Experience to Reasons for Purchasing,https://openalex.org/W2039609340,https://doi.org/10.1108/eum0000000004662,1986,article,48
European Journal of Marketing,Competition and Marketing Strategy,https://openalex.org/W2045238523,https://doi.org/10.1108/eb027337,1988,article,48
European Journal of Marketing,Global Marketing and the Case for International Product Standardisation,https://openalex.org/W1986333607,https://doi.org/10.1108/eum0000000004715,1987,article,46
European Journal of Marketing,Foreign Travel Behaviour in a Growing Vacation Market: Implications for Tourism Marketers,https://openalex.org/W1994210480,https://doi.org/10.1108/eum0000000004697,1987,article,45
European Journal of Marketing,Common Factors Underlying Incentive to Export: Studies in the European Forest Products Industry,https://openalex.org/W2021660346,https://doi.org/10.1108/eum0000000005303,1988,article,45
European Journal of Marketing,International Marketing in UK Higher Education: Some Issues in Relation to Marketing Educational Programmes to Overseas Students,https://openalex.org/W2102675671,https://doi.org/10.1108/eum0000000000566,1989,article,45
European Journal of Marketing,Extending Product Lifetime: Prospects and Opportunities,https://openalex.org/W1976826618,https://doi.org/10.1108/eum0000000004830,1983,article,43
European Journal of Marketing,Strategic Planning in Industrial Marketing: An Interaction Approach,https://openalex.org/W1989308918,https://doi.org/10.1108/eum0000000004652,1986,article,43
European Journal of Marketing,Conceptual and Methodological Issues in Buying Centre Research,https://openalex.org/W2038256502,https://doi.org/10.1108/eum0000000004656,1986,article,41
European Journal of Marketing,Marketing Behaviour and Entrepreneurship: A Synthesis of Alderson and Austrian Economics,https://openalex.org/W2081068641,https://doi.org/10.1108/eum0000000004861,1982,article,41
European Journal of Marketing,Operationalising the Relationship between Marketing and Economic Development: Some Insights from Less Developed Countries,https://openalex.org/W2082101247,https://doi.org/10.1108/eum0000000004678,1987,article,41
European Journal of Marketing,Commercial Sponsorship,https://openalex.org/W4376848641,https://doi.org/10.1108/eum0000000004825,1983,article,41
European Journal of Marketing,Some Dangerous Axioms of Production Elimination Decision‐making,https://openalex.org/W2051520579,https://doi.org/10.1108/eum0000000004800,1982,article,39
European Journal of Marketing,Perceptions of the Societal Marketing Concept,https://openalex.org/W2031466450,https://doi.org/10.1108/03090569010142640,1989,article,39
European Journal of Marketing,Different Approaches to Foreign Market Entry between Users and Non‐Users of Trade Missions,https://openalex.org/W2010041439,https://doi.org/10.1108/eum0000000005300,1988,article,38
European Journal of Marketing,The Role of Marketing in Economic Development,https://openalex.org/W1985602792,https://doi.org/10.1108/eum0000000004856,1982,article,37
European Journal of Marketing,Changes in the Perception of a Service during its Consumption: A case of Organised Tours,https://openalex.org/W2010669690,https://doi.org/10.1108/eum0000000000597,1989,article,37
European Journal of Marketing,The “Wheel of Retailing” and Retail Product Management,https://openalex.org/W1966173344,https://doi.org/10.1108/eum0000000004791,1984,article,35
European Journal of Marketing,The Characteristics of European Export Marketing Staff,https://openalex.org/W1999825423,https://doi.org/10.1108/eum0000000004752,1985,article,35
European Journal of Marketing,Value‐in‐use Pricing,https://openalex.org/W2064135298,https://doi.org/10.1108/eum0000000004851,1982,article,35
European Journal of Marketing,Consumer Attitudes Towards Marketing in England and the United States,https://openalex.org/W2023434194,https://doi.org/10.1108/eum0000000004853,1982,article,34
European Journal of Marketing,Pseudo Research in Marketing: The Case of the Price/Perceived‐Quality Relationship,https://openalex.org/W2038299887,https://doi.org/10.1108/eum0000000004922,1980,article,34
European Journal of Marketing,Export Marketing in the Middle East. The Importance of Cultural Differences,https://openalex.org/W2064449110,https://doi.org/10.1108/eum0000000004808,1983,article,34
European Journal of Marketing,The Manufacturing/Marketing Orientation and its Information Needs,https://openalex.org/W2003622433,https://doi.org/10.1108/eum0000000004911,1980,article,32
European Journal of Marketing,Product Deletion and the Effects of Strategy,https://openalex.org/W2067401487,https://doi.org/10.1108/eum0000000000591,1989,article,35
European Journal of Marketing,Consumer Sentiment towards Marketing in Hong Kong,https://openalex.org/W2068969998,https://doi.org/10.1108/eum0000000000563,1989,article,34
European Journal of Marketing,"Recruitment, Motivation, Training and Evaluation of Overseas Distributors",https://openalex.org/W2009034090,https://doi.org/10.1108/eum0000000000548,1989,article,33
European Journal of Marketing,Dealing with Cheating in Distribution,https://openalex.org/W1979682135,https://doi.org/10.1108/eum0000000000551,1989,article,32
European Journal of Marketing,An Overview of Marketing Planning in UK Manufacturing Companies,https://openalex.org/W2081645367,https://doi.org/10.1108/eum0000000004857,1982,article,32
European Journal of Marketing,A Longitudinal Analysis of the Competitive Profile of Products and Associated Marketing Practices of Selected European and Non‐European Countries,https://openalex.org/W2132585557,https://doi.org/10.1108/eum0000000004683,1987,article,32
European Journal of Marketing,Buyer/Seller Relationships in Japan and Germany: An Interaction Approach,https://openalex.org/W1974465118,https://doi.org/10.1108/eum0000000004745,1985,article,31
European Journal of Marketing,Segmenting Industrial Markets by Buyer Sophistication,https://openalex.org/W2017691941,https://doi.org/10.1108/eum0000000004820,1983,article,31
European Journal of Marketing,How British Retail Manager View French and American Products,https://openalex.org/W2037444331,https://doi.org/10.1108/eum0000000004923,1980,article,30
European Journal of Marketing,Factory Analysis — a Tool for Data Reduction,https://openalex.org/W2080763463,https://doi.org/10.1108/eum0000000004917,1980,article,29
European Journal of Marketing,Perceived Risk in Grocery Outlet Selection: A Case Study in Saudi Arabia,https://openalex.org/W1981857270,https://doi.org/10.1108/eum0000000004778,1984,article,30
European Journal of Marketing,Where Advertising Decisions Are Really Made,https://openalex.org/W1993111194,https://doi.org/10.1108/eum0000000005289,1988,article,30
European Journal of Marketing,A Strategic Paradigm for Predicting Manufacturer‐Reseller Conflict,https://openalex.org/W2028017331,https://doi.org/10.1108/eum0000000000549,1989,article,30
European Journal of Marketing,ACORN in the Political Marketplace,https://openalex.org/W1986318875,https://doi.org/10.1108/eum0000000004663,1986,article,29
European Journal of Marketing,The Conceptual Domain of Marketing: Evaluation of Shelby Hunt's Three Dichotomies Model,https://openalex.org/W2014561764,https://doi.org/10.1108/eum0000000004801,1982,article,29
European Journal of Marketing,Pharmaceutical Promotion Tools — Their Relative Importance,https://openalex.org/W2012386489,https://doi.org/10.1108/eum0000000005281,1988,article,28
European Journal of Marketing,A Re‐Examination of Marketing for British Non‐Profit Organisations,https://openalex.org/W2019058814,https://doi.org/10.1108/eum0000000004817,1983,article,28
European Journal of Marketing,The Specification of Aggregate Market Models,https://openalex.org/W2049979252,https://doi.org/10.1108/eum0000000004681,1987,article,28
European Journal of Marketing,The Identification of Weak Industrial Products,https://openalex.org/W2082517943,https://doi.org/10.1108/eum0000000004670,1986,article,28
European Journal of Marketing,Methodological Framework for a Cross‐National Comparison of Consumerism Issues in Multiple Environments,https://openalex.org/W2074029624,https://doi.org/10.1108/eum0000000004762,1985,article,27
European Journal of Marketing,The Definition of Market Segments for Banking Services,https://openalex.org/W2085489056,https://doi.org/10.1108/eum0000000004863,1982,article,27
European Journal of Marketing,Understanding Barriers to Product Innovation at the R &amp; D/Marketing Interface,https://openalex.org/W2081867739,https://doi.org/10.1108/eum0000000004850,1982,article,26
European Journal of Marketing,Conjoint Measurement for Marketing Management,https://openalex.org/W2088420637,https://doi.org/10.1108/eum0000000004915,1980,article,26
European Journal of Marketing,Technology Transfer in the International Market,https://openalex.org/W2121472155,https://doi.org/10.1108/eum0000000004806,1983,article,26
European Journal of Marketing,The Challenge of Teaching Marketing to Small Businesses,https://openalex.org/W2039664727,https://doi.org/10.1108/eum0000000004736,1985,article,25
European Journal of Marketing,Marketing and Museums,https://openalex.org/W2069760983,https://doi.org/10.1108/eum0000000004773,1984,article,25
European Journal of Marketing,Merchandising,https://openalex.org/W4239452825,https://doi.org/10.1108/eum0000000004795,1984,article,25
European Journal of Marketing,New Product Development in Dutch Companies: The Idea Generation Stage,https://openalex.org/W1974130893,https://doi.org/10.1108/eum0000000004884,1981,article,24
European Journal of Marketing,"Motives must be Differentiated from Needs, Drives, Wants: Strategy Implications",https://openalex.org/W2075894089,https://doi.org/10.1108/eum0000000000558,1989,article,25
European Journal of Marketing,The Importance of Price in International Business Development,https://openalex.org/W1963821635,https://doi.org/10.1108/03090569010000764,1989,article,24
European Journal of Marketing,The Internationalisation of Importing Companies,https://openalex.org/W2035191435,https://doi.org/10.1108/eum0000000005302,1988,article,24
European Journal of Marketing,"Attitudes towards European, Japanese and US Cars",https://openalex.org/W1977017751,https://doi.org/10.1108/eum0000000004700,1987,article,23
European Journal of Marketing,Marketing Asset Accounting: Scope and Rationale,https://openalex.org/W1982976188,https://doi.org/10.1108/eum0000000004625,1986,article,23
European Journal of Marketing,Price‐Size Relationships and Customer Reactions to a Limited Unit‐Pricing Programme,https://openalex.org/W2008703255,https://doi.org/10.1108/eum0000000004761,1985,article,23
European Journal of Marketing,Forecasting the Future of Video Using a Diffusion Model,https://openalex.org/W2016011525,https://doi.org/10.1108/eum0000000004829,1983,article,23
European Journal of Marketing,Products as Targets of Negative Information: Some Recent Findings,https://openalex.org/W2054977607,https://doi.org/10.1108/eum0000000004643,1986,article,23
European Journal of Marketing,Export Marketing Management in Medium‐Sized British Firms,https://openalex.org/W2087890806,https://doi.org/10.1108/eum0000000004807,1983,article,23
European Journal of Marketing,Marketing Orientation in the Service of Incoming Tourism,https://openalex.org/W1990340546,https://doi.org/10.1108/eum0000000004657,1986,article,22
European Journal of Marketing,Marketing and Non‐Profit‐Making Organisations,https://openalex.org/W2074063899,https://doi.org/10.1108/eum0000000004766,1984,article,22
European Journal of Marketing,America's Political Market,https://openalex.org/W2112906025,https://doi.org/10.1108/eum0000000004693,1987,article,22
European Journal of Marketing,Female and Part‐Time Employment within Superstore Retailing,https://openalex.org/W1990224819,https://doi.org/10.1108/eum0000000004858,1982,article,21
European Journal of Marketing,Exporting — From the Importer's Viewpoint: The Case of Israeli Exporters of Consumer Goods to Great Britain,https://openalex.org/W2077061166,https://doi.org/10.1108/eum0000000004875,1981,article,21
European Journal of Marketing,Multidimensional Scaling of Consumer Perceptions and Preferences,https://openalex.org/W1970086550,https://doi.org/10.1108/eum0000000004919,1980,article,20
European Journal of Marketing,Motivation and Dissatisfaction of Industrial Salespeople — How Relevant is Herzberg's Theory?,https://openalex.org/W1979052573,https://doi.org/10.1108/eum0000000005264,1988,article,21
European Journal of Marketing,Consumer Awareness and Complaining Behaviour,https://openalex.org/W1995927892,https://doi.org/10.1108/eum0000000004655,1986,article,21
European Journal of Marketing,Marketers′ and Consumers′ Concurring Perceptions of Market Structure,https://openalex.org/W2013272296,https://doi.org/10.1108/eum0000000000537,1989,article,21
European Journal of Marketing,The Marketing System and the Environment,https://openalex.org/W2056428947,https://doi.org/10.1108/eum0000000004740,1985,article,21
European Journal of Marketing,Strategy Development and Implementation of Tourism Marketing Plans: Part 2,https://openalex.org/W2130563957,https://doi.org/10.1108/eum0000000000559,1989,article,21
European Journal of Marketing,Organisational Decision Making and Industrial Marketing,https://openalex.org/W2074101192,https://doi.org/10.1108/eum0000000004723,1985,article,20
European Journal of Marketing,The Marketing of Services in the UK Construction Industry,https://openalex.org/W2085450349,https://doi.org/10.1108/eum0000000004813,1983,article,20
European Journal of Marketing,International Marketing Planning,https://openalex.org/W4206123174,https://doi.org/10.1108/eum0000000004862,1982,article,20
European Journal of Marketing,Strategic Planning in Retail,https://openalex.org/W2070443745,https://doi.org/10.1108/eum0000000004828,1983,article,19
European Journal of Marketing,Modelling in Marketing: Explicating Subjective Knowledge,https://openalex.org/W1965872133,https://doi.org/10.1108/eum0000000004885,1981,article,18
European Journal of Marketing,The Application of Product Life Cycle Theory to Popular Record Marketing,https://openalex.org/W1967937210,https://doi.org/10.1108/eum0000000004881,1981,article,18
European Journal of Marketing,International Marketing Indicators,https://openalex.org/W2026264264,https://doi.org/10.1108/eum0000000004897,1980,article,17
European Journal of Marketing,Consumer Protection in China: The Current State of the Art,https://openalex.org/W1976778043,https://doi.org/10.1108/eum0000000005266,1988,article,20
European Journal of Marketing,A Model for Reducing Internal Resistance to Change in a Firm′s International Marketing Strategy,https://openalex.org/W2008512349,https://doi.org/10.1108/eum0000000000577,1989,article,19
European Journal of Marketing,"Marketing, or the Anthropology of Consumption",https://openalex.org/W2060567981,https://doi.org/10.1108/eum0000000004717,1987,article,19
European Journal of Marketing,How Consumers Trade Off Behavioural Costs and Benefits,https://openalex.org/W2115409369,https://doi.org/10.1108/eum0000000004639,1986,article,19
European Journal of Marketing,Consumerism and Marketing Management's Responsibility,https://openalex.org/W2001123115,https://doi.org/10.1108/eum0000000004682,1987,article,18
European Journal of Marketing,Bank Marketing Priorities in the United States,https://openalex.org/W2056349017,https://doi.org/10.1108/eum0000000004798,1982,article,17
European Journal of Marketing,A Study of Diffusion of Innovations in Respect of the High Speed Train,https://openalex.org/W2014942096,https://doi.org/10.1108/eum0000000005275,1988,article,18
European Journal of Marketing,Advertising Practices in Northern Europe,https://openalex.org/W2086801039,https://doi.org/10.1108/eum0000000000557,1989,article,18
European Journal of Marketing,Strategic Planning and Environmental Analysis,https://openalex.org/W2087033439,https://doi.org/10.1108/eb027335,1988,article,18
European Journal of Marketing,Corporate Strategy and the Role of Navigational Marketing,https://openalex.org/W2002906158,https://doi.org/10.1108/eum0000000000592,1989,article,17
European Journal of Marketing,The Impact of Environmental/ Situational Forces on Industrial Channel Management,https://openalex.org/W2088073684,https://doi.org/10.1108/eum0000000000543,1989,article,17
European Journal of Marketing,Aid to Small‐Scale Retailing: The Norwegian Case,https://openalex.org/W1991297794,https://doi.org/10.1108/eum0000000004869,1981,article,16
European Journal of Marketing,Problem Analysis: a Consumer‐Based Methodology for the Discovery of New Product Ideas,https://openalex.org/W2001769816,https://doi.org/10.1108/eum0000000004883,1981,article,16
European Journal of Marketing,Radical Innovation in the Mature Company,https://openalex.org/W2043989920,https://doi.org/10.1108/eum0000000004742,1985,article,16
European Journal of Marketing,Consumer Outshopping Behaviour and its Implications for Channel Strategy: A Study of the Camera Patronage Pattern in Hong Kong,https://openalex.org/W2059824291,https://doi.org/10.1108/eum0000000004731,1985,article,16
European Journal of Marketing,Strategic Marketing: Linking Marketing and Corporate Planning,https://openalex.org/W2094891500,https://doi.org/10.1108/eum0000000004822,1983,article,16
European Journal of Marketing,Marketing Strategies in Industrial Marketing: A Framework Applied to a Steel Producer,https://openalex.org/W1977227676,https://doi.org/10.1108/eum0000000004912,1980,article,15
European Journal of Marketing,Toward a Theory of Modern Markets,https://openalex.org/W2002004974,https://doi.org/10.1108/eum0000000004924,1980,article,15
European Journal of Marketing,The Changing Character of Industrial Selling,https://openalex.org/W2073816742,https://doi.org/10.1108/eum0000000004907,1980,article,15
European Journal of Marketing,Delineating the Boundaries of Marketing,https://openalex.org/W1496195868,https://doi.org/10.1108/eum0000000004722,1985,article,15
European Journal of Marketing,The Purchasing of International Financial Services by Medium‐ and Large‐Sized UK Companies with European Subsidiaries,https://openalex.org/W1985882284,https://doi.org/10.1108/eum0000000004845,1982,article,15
European Journal of Marketing,Accounting for Marketing Assets,https://openalex.org/W2016868391,https://doi.org/10.1108/eum0000000004628,1986,article,15
European Journal of Marketing,Customer Service in Industrial Marketing: Hedge Against Competition,https://openalex.org/W2024449702,https://doi.org/10.1108/eum0000000004702,1987,article,15
European Journal of Marketing,2001 – The Existential Consumer,https://openalex.org/W1970842772,https://doi.org/10.1108/eum0000000000585,1989,article,14
European Journal of Marketing,Marketing Education: Present Needs and Future Challenges,https://openalex.org/W1993230769,https://doi.org/10.1108/eum0000000005276,1988,article,14
European Journal of Marketing,Organisational Dimensions of Global Marketing,https://openalex.org/W2000008059,https://doi.org/10.1108/eum0000000000569,1989,article,14
European Journal of Marketing,Approaching the New Product Organisation Problem: Favour Flexibility and Variety of Attack,https://openalex.org/W2011719225,https://doi.org/10.1108/eum0000000004790,1984,article,14
European Journal of Marketing,Perceptions of Wholesaler Functional Role Prescriptions in Marketing Channels,https://openalex.org/W2018143817,https://doi.org/10.1108/eum0000000000544,1989,article,14
European Journal of Marketing,The Metamorphosis of European Retailing,https://openalex.org/W2022232712,https://doi.org/10.1108/eum0000000004659,1986,article,14
European Journal of Marketing,Marketing and Information Technology,https://openalex.org/W2027972260,https://doi.org/10.1108/eum0000000005297,1988,article,14
European Journal of Marketing,Strategic Marketing Considerations for the Small Firm,https://openalex.org/W1972735287,https://doi.org/10.1108/eum0000000004738,1985,article,13
European Journal of Marketing,Postgraduate Marketing Curricula in the United Kingdom,https://openalex.org/W1998927760,https://doi.org/10.1108/eum0000000004803,1982,article,13
European Journal of Marketing,Understanding the Japanese distribution system: An explanatory framework,https://openalex.org/W2040366940,https://doi.org/10.1108/eum0000000004804,1983,article,13
European Journal of Marketing,The Image and Reputation of British Suppliers in Western Europe,https://openalex.org/W2043557389,https://doi.org/10.1108/eum0000000004729,1985,article,13
European Journal of Marketing,Research Issues in Macro‐Marketing: A Blueprint for Progress,https://openalex.org/W2071976448,https://doi.org/10.1108/eum0000000004720,1984,article,13
European Journal of Marketing,"A Comparative Study of Advertising in Canada, the United Kingdom and Turkey",https://openalex.org/W1982772561,https://doi.org/10.1108/eum0000000004866,1981,article,12
European Journal of Marketing,The Multivariate Jungle — The Academic's Playground but the Manager's Minefield An Introduction to the Special Edition,https://openalex.org/W2007739821,https://doi.org/10.1108/eum0000000004913,1980,article,12
European Journal of Marketing,Discriminant Analysis — An Aid to Market Segment Description,https://openalex.org/W2075190117,https://doi.org/10.1108/eum0000000004914,1980,article,12
European Journal of Marketing,Pricing Strategies in Industrial Markets,https://openalex.org/W2075394052,https://doi.org/10.1108/eum0000000004908,1980,article,12
European Journal of Marketing,Evaluation of the Marketing Mix — Its Application to Strategic Marketing,https://openalex.org/W2007254124,https://doi.org/10.1108/eum0000000004900,1980,article,11
European Journal of Marketing,Managing International and Export Marketing,https://openalex.org/W2028594847,https://doi.org/10.1108/eum0000000004894,1980,article,11
European Journal of Marketing,Performing Export Tasks in Industrial Channels of Distribution,https://openalex.org/W2075048223,https://doi.org/10.1108/eum0000000000547,1989,article,13
European Journal of Marketing,The Impact of Logistics on the Demand for Mature Industrial Products,https://openalex.org/W2082823205,https://doi.org/10.1108/eum0000000000545,1989,article,13
European Journal of Marketing,Supermarkets and their Role in Chinese Retailing,https://openalex.org/W2143245350,https://doi.org/10.1108/eum0000000000556,1989,article,13
European Journal of Marketing,Replication of Pricing Effects on Brand Choice Behaviour,https://openalex.org/W1974749811,https://doi.org/10.1108/eum0000000004675,1987,article,12
European Journal of Marketing,Consumer Movement and Advertising Regulation in the International Environment: Today and the Future,https://openalex.org/W2025966454,https://doi.org/10.1108/eum0000000004765,1985,article,12
European Journal of Marketing,The Stages of Marketing Evolution in East European Countries,https://openalex.org/W2049464275,https://doi.org/10.1108/eum0000000004809,1983,article,12
European Journal of Marketing,Working Females as a Market Segment for Bank Services,https://openalex.org/W2078675515,https://doi.org/10.1108/eum0000000004841,1982,article,12
European Journal of Marketing,The Marketing of Margarine,https://openalex.org/W2090782042,https://doi.org/10.1108/eum0000000004647,1986,article,12
European Journal of Marketing,How can Marketing be Successfully Standardised for the European Market?,https://openalex.org/W2093071827,https://doi.org/10.1108/eum0000000000580,1989,article,12
European Journal of Marketing,The Definition of Market Segments for Leisure Centre Services: Theory and Practice,https://openalex.org/W2094120628,https://doi.org/10.1108/eum0000000004774,1984,article,12
European Journal of Marketing,"The Bank Manager: Marketer, Salesman or Administrator?",https://openalex.org/W2009273048,https://doi.org/10.1108/eum0000000004926,1980,article,10
European Journal of Marketing,A Comparative History of Advertising Self‐regulation in the UK and the USA,https://openalex.org/W1969732307,https://doi.org/10.1108/eum0000000005278,1988,article,11
European Journal of Marketing,An International Comparative Study of Credit Strategy,https://openalex.org/W1971900385,https://doi.org/10.1108/eum0000000004730,1985,article,11
European Journal of Marketing,The Marketing of Public Library Services in the United Kingdom — The Rationale for a Marketing Approach,https://openalex.org/W1976605477,https://doi.org/10.1108/eum0000000004767,1984,article,11
European Journal of Marketing,Petrol Advertising in the Twenties and Thirties: The Case of the British Petroleum Company,https://openalex.org/W1977361386,https://doi.org/10.1108/eum0000000004646,1986,article,11
European Journal of Marketing,A Product Life Cycle Theory for International Trade: An Empirical Investigation,https://openalex.org/W2020058947,https://doi.org/10.1108/eum0000000004793,1984,article,11
European Journal of Marketing,The Use of Foreign Banks by British Companies,https://openalex.org/W2025591356,https://doi.org/10.1108/eum0000000004847,1982,article,11
European Journal of Marketing,A Conceptual Tourism Marketing Planning Model: Part 1,https://openalex.org/W2046910826,https://doi.org/10.1108/eum0000000000539,1989,article,11
European Journal of Marketing,The Migration of Ideas from Strategic Management to Marketing on the Subject of Competition,https://openalex.org/W2063613297,https://doi.org/10.1108/eum0000000000594,1989,article,11
European Journal of Marketing,Keeping Advertising from Going Down in History — Unfairly,https://openalex.org/W2101771834,https://doi.org/10.1108/eum0000000005292,1988,article,11
European Journal of Marketing,″The Big Four″: An Examination of the International Drinks Industry,https://openalex.org/W2158629191,https://doi.org/10.1108/eum0000000000590,1989,article,11
European Journal of Marketing,The Organisation of High‐Technology Product Innovation,https://openalex.org/W2163768798,https://doi.org/10.1108/eum0000000004792,1984,article,11
European Journal of Marketing,"Credit Unions — Past, Present and Future",https://openalex.org/W2030789815,https://doi.org/10.1108/eum0000000004838,1982,article,10
European Journal of Marketing,Weekly Cash‐Paid Workers: Attitudes and Behaviour with Regard to Banks and Other Financial Institutions,https://openalex.org/W2039468322,https://doi.org/10.1108/eum0000000004842,1982,article,10
European Journal of Marketing,Problems in Marketing Services: The Case of Incoming Tourism,https://openalex.org/W1963575165,https://doi.org/10.1108/eum0000000004823,1983,article,10
European Journal of Marketing,Developing an Axiological Method to Measure Company Values,https://openalex.org/W1969718953,https://doi.org/10.1108/eum0000000005287,1988,article,10
European Journal of Marketing,Towards Effective Product Management,https://openalex.org/W1981117797,https://doi.org/10.1108/eum0000000005284,1988,article,10
European Journal of Marketing,The Buy British Campaign of 1931,https://openalex.org/W1993631799,https://doi.org/10.1108/eum0000000004692,1987,article,10
European Journal of Marketing,Consumption Symbolism and Meaning in Works of Art: A Paradigmatic Case,https://openalex.org/W2013974938,https://doi.org/10.1108/eum0000000005290,1988,article,10
European Journal of Marketing,The Marketing of Public Library Services in the UK — Practical Applications,https://openalex.org/W2028681430,https://doi.org/10.1108/eum0000000004768,1984,article,10
European Journal of Marketing,Origins and Early Development of Outdoor Advertising in the United States,https://openalex.org/W2033519558,https://doi.org/10.1108/eum0000000004644,1986,article,10
European Journal of Marketing,Marketing's Role in Strategic and Tactical Planning,https://openalex.org/W2035968526,https://doi.org/10.1108/eum0000000005283,1988,article,10
European Journal of Marketing,Problems Confronting British Industrial Distributors,https://openalex.org/W2045182788,https://doi.org/10.1108/eum0000000004688,1987,article,10
European Journal of Marketing,Marketing and Purchasing Strategies in the Distribution Channels of Mid‐range Computers,https://openalex.org/W2068484717,https://doi.org/10.1108/eum0000000000552,1989,article,10
European Journal of Marketing,Half a Century of Professional Bodies in Sales Promotion,https://openalex.org/W2074078610,https://doi.org/10.1108/eum0000000004665,1986,article,10
European Journal of Marketing,Strategy and the US Cultural Bias,https://openalex.org/W2109781937,https://doi.org/10.1108/eum0000000004743,1985,article,10
European Journal of Marketing,The South Australian Wine Grape Market: An Analysis Using Experimental Economics Techniques,https://openalex.org/W2148467126,https://doi.org/10.1108/eum0000000000587,1989,article,10
European Journal of Marketing,East European Competition in the UK Car Market: Some Empirical Evidence,https://openalex.org/W2054573477,https://doi.org/10.1108/eum0000000004867,1981,article,9
European Journal of Marketing,Stimulating Energy Conservation: Applying the Business Heritage of Marketing,https://openalex.org/W2030774842,https://doi.org/10.1108/eum0000000004898,1980,article,8
European Journal of Marketing,Product Life Cycle and Export Competitiveness of the UK Electronics Industry (1970–1979),https://openalex.org/W1988638490,https://doi.org/10.1108/eum0000000004704,1987,article,9
European Journal of Marketing,"The Sinclair C5 – An Investigation into its Development, Launch, and Subsequent Failure",https://openalex.org/W2010031670,https://doi.org/10.1108/eum0000000000542,1989,article,9
European Journal of Marketing,The Role of the Branch Bank Manager in the Marketing of Bank Services,https://openalex.org/W2018662640,https://doi.org/10.1108/eum0000000004836,1982,article,9
European Journal of Marketing,Social Marketing‐ Dimensions of Power and Politics,https://openalex.org/W2033791092,https://doi.org/10.1108/eum0000000004854,1982,article,9
European Journal of Marketing,The Strategic Management of Technology: a New Wave of Market‐led Pragmatism or a Return to Product Orientation?,https://openalex.org/W2034840898,https://doi.org/10.1108/eum0000000004716,1987,article,9
European Journal of Marketing,The Stimulation and Planning of Blood Donation: A Marketing Problem,https://openalex.org/W2054926073,https://doi.org/10.1108/eum0000000004824,1983,article,9
European Journal of Marketing,Selection and Motivation of Industrial Distributors: A Comparative Analysis,https://openalex.org/W2055913791,https://doi.org/10.1108/eum0000000000553,1989,article,9
European Journal of Marketing,The UK Incentive Travel Market: A User's View,https://openalex.org/W2056010914,https://doi.org/10.1108/eum0000000004713,1987,article,9
European Journal of Marketing,Keys for Success in Exporting to the US Market,https://openalex.org/W2064501865,https://doi.org/10.1108/eum0000000004753,1985,article,9
European Journal of Marketing,Strategic Positioning in the UK Car Market,https://openalex.org/W2080462938,https://doi.org/10.1108/eum0000000004696,1987,article,9
European Journal of Marketing,Marketing Management and Products Liability,https://openalex.org/W2026905575,https://doi.org/10.1108/eum0000000004874,1981,article,8
European Journal of Marketing,Consumer‐Client Orientation and Public Service Marketing,https://openalex.org/W2051853259,https://doi.org/10.1108/eum0000000004879,1981,article,8
European Journal of Marketing,Control of New Product Development in UK Companies,https://openalex.org/W1979868247,https://doi.org/10.1108/eum0000000004788,1984,article,8
European Journal of Marketing,The Involvement Model in Advertising Consumer Products Abroad,https://openalex.org/W1988609464,https://doi.org/10.1108/eum0000000000538,1989,article,8
European Journal of Marketing,Retailer Marketing – Informational Strategies,https://openalex.org/W1992389343,https://doi.org/10.1108/eum0000000004819,1983,article,8
European Journal of Marketing,The Adoption of Marketing by the English Clearing Banks,https://openalex.org/W2047928209,https://doi.org/10.1108/eum0000000004835,1982,article,8
European Journal of Marketing,The Marketing Accountant in Industry,https://openalex.org/W2051505328,https://doi.org/10.1108/eum0000000004631,1986,article,8
European Journal of Marketing,Problems of Organising for Effective New‐Product Development,https://openalex.org/W2060238010,https://doi.org/10.1108/eum0000000004814,1983,article,8
European Journal of Marketing,Fashion Life Cycles and Extension Theory,https://openalex.org/W2081815864,https://doi.org/10.1108/eum0000000004686,1987,article,8
European Journal of Marketing,Marketing Objectives in UK and US Manufacturing Companies,https://openalex.org/W2081900168,https://doi.org/10.1108/eum0000000004746,1985,article,8
European Journal of Marketing,Accounting Principles and Marketing Models Related to Deferred Marketing Costs,https://openalex.org/W2139640193,https://doi.org/10.1108/eum0000000004629,1986,article,8
European Journal of Marketing,Products and Services in the Perspective of Consumer Socialization,https://openalex.org/W2149913068,https://doi.org/10.1108/eum0000000004672,1986,article,8
European Journal of Marketing,Household Purchasing Decisions: How do American and Dutch Consumers Differ?,https://openalex.org/W2040573295,https://doi.org/10.1108/eum0000000004872,1981,article,7
European Journal of Marketing,Theatre Objectives and Marketing Planning,https://openalex.org/W2061409525,https://doi.org/10.1108/eum0000000004878,1981,article,7
European Journal of Marketing,The Role of the Dealer in Farmers' Purchase Decisions,https://openalex.org/W1976490850,https://doi.org/10.1108/eum0000000004714,1987,article,7
European Journal of Marketing,An Investigation into School Savings Schemes and School Banks,https://openalex.org/W2000652496,https://doi.org/10.1108/eum0000000004840,1982,article,7
European Journal of Marketing,Profitably Marketing Products through Grocery Retailers,https://openalex.org/W2062277029,https://doi.org/10.1108/eum0000000004650,1986,article,7
European Journal of Marketing,The Personal Account Sector,https://openalex.org/W2077367734,https://doi.org/10.1108/eum0000000004837,1982,article,7
European Journal of Marketing,Towards a Parametric Definition of Marketing,https://openalex.org/W2089206609,https://doi.org/10.1108/eum0000000004677,1987,article,7
European Journal of Marketing,Concessionaires — A Strategic Option for Retailers,https://openalex.org/W1991963567,https://doi.org/10.1108/eum0000000005274,1988,article,7
European Journal of Marketing,The Ecology of Consumer Markets Less and More Developed Countries,https://openalex.org/W1980794720,https://doi.org/10.1108/eum0000000004855,1982,article,6
European Journal of Marketing,The Benefits and Costs of Voluntary Codes of Practice,https://openalex.org/W2035607133,https://doi.org/10.1108/eum0000000004865,1982,article,6
European Journal of Marketing,AID Comes to the Aid of Marketing Management,https://openalex.org/W2037665063,https://doi.org/10.1108/eum0000000004916,1980,article,5
European Journal of Marketing,Towards a Theory of Product Range Policy,https://openalex.org/W1981023040,https://doi.org/10.1108/eum0000000004669,1986,article,6
European Journal of Marketing,Is This the Stuff That Marketers are Made Of?,https://openalex.org/W1981308033,https://doi.org/10.1108/eum0000000004728,1985,article,6
European Journal of Marketing,The Consumer in a Socialist Economy,https://openalex.org/W1991425737,https://doi.org/10.1108/eum0000000004763,1985,article,6
European Journal of Marketing,"Aspects of Price Policy, Product Policy and Costs in a Recession",https://openalex.org/W1991998725,https://doi.org/10.1108/eum0000000004764,1985,article,6
European Journal of Marketing,Pharmaceutical Product Management in 1990: Will There Be Any Changes?,https://openalex.org/W2018724370,https://doi.org/10.1108/eum0000000004727,1985,article,6
European Journal of Marketing,Organisational Dimensions of Information Systems,https://openalex.org/W2020530314,https://doi.org/10.1108/eum0000000004685,1987,article,6
European Journal of Marketing,Cope's and the Promotion of Tobacco in Victorian England,https://openalex.org/W2037741546,https://doi.org/10.1108/eum0000000004664,1986,article,6
European Journal of Marketing,Product Life Cycles of the Windsurfer Market,https://openalex.org/W2038727890,https://doi.org/10.1108/eum0000000004744,1985,article,6
European Journal of Marketing,Factors Influencing Tuna Prices in Japan and Implications for the Development of the Coral Sea Tuna Fishery,https://openalex.org/W2064218270,https://doi.org/10.1108/eum0000000000562,1989,article,6
European Journal of Marketing,Marketing Planning: Observations on Current Practices and Recent Studies,https://openalex.org/W2067973713,https://doi.org/10.1108/eum0000000000595,1989,article,6
European Journal of Marketing,Public Libraries Can and Do Make a Difference: A Case to be Proved,https://openalex.org/W2070926097,https://doi.org/10.1108/eum0000000004769,1984,article,6
European Journal of Marketing,The Distribution of On‐Licence Beer and Cider Consumption and its Personality Determinants among Young Men,https://openalex.org/W2075808849,https://doi.org/10.1108/eum0000000004641,1986,article,6
European Journal of Marketing,The Meaning of Marketing and Leisure: Issues for Research and Development,https://openalex.org/W2167177047,https://doi.org/10.1108/eum0000000004796,1984,article,6
European Journal of Marketing,A Power Potential Approach to Middlemen Strategies in Social Marketing,https://openalex.org/W2007156284,https://doi.org/10.1108/eum0000000004786,1984,article,5
European Journal of Marketing,The Power of Consumer Organisations,https://openalex.org/W2028954358,https://doi.org/10.1108/eum0000000004852,1982,article,5
European Journal of Marketing,Financial Ratios and The Analysis of Marketing Policy,https://openalex.org/W2065536465,https://doi.org/10.1108/eum0000000004849,1982,article,5
European Journal of Marketing,Cultural Market Segmentation in a Bilingual and Bicultural Setting,https://openalex.org/W2007189116,https://doi.org/10.1108/eum0000000004903,1980,article,4
European Journal of Marketing,Multilateral Perspectives in International Marketing Dynamics,https://openalex.org/W1996617734,https://doi.org/10.1108/eum0000000004654,1986,article,5
European Journal of Marketing,The Right of Reply: An Exchange of Views,https://openalex.org/W2020370576,https://doi.org/10.1108/eum0000000004633,1986,article,5
European Journal of Marketing,Consumer Choice in Behavioural Perspective,https://openalex.org/W2028162033,https://doi.org/10.1108/eum0000000004638,1986,article,5
European Journal of Marketing,Competitiveness in FMCG Markets,https://openalex.org/W2045347906,https://doi.org/10.1108/eum0000000000540,1989,article,5
European Journal of Marketing,Eisenhower's Secret Strategy: Television Planning in the 1952 Campaign,https://openalex.org/W2056340739,https://doi.org/10.1108/eum0000000004645,1986,article,5
European Journal of Marketing,Managing Industrial Middlemen in the Small Technology‐based Firm,https://openalex.org/W2090941306,https://doi.org/10.1108/eum0000000000555,1989,article,5
European Journal of Marketing,Measuring Channel Sensitivities to New Industrial Service Designs: Managerial Implications,https://openalex.org/W2110445589,https://doi.org/10.1108/eum0000000000565,1989,article,5
European Journal of Marketing,Building the Paul Masson Brand,https://openalex.org/W2117295522,https://doi.org/10.1108/eum0000000000588,1989,article,5
European Journal of Marketing,Marketing Expenditures as Capital Investment,https://openalex.org/W2127341777,https://doi.org/10.1108/eum0000000004630,1986,article,5
European Journal of Marketing,Competition and Marketing Strategy,https://openalex.org/W4206541626,https://doi.org/10.1108/eum0000000005270,1988,article,5
European Journal of Marketing,Fund Raising Consultancy and PR,https://openalex.org/W2082541867,https://doi.org/10.1108/eum0000000004892,1981,article,4
European Journal of Marketing,Marketing by a Small Tour Operator in a Market Dominated by Big Operators,https://openalex.org/W1996666779,https://doi.org/10.1108/eb027332,1985,article,4
European Journal of Marketing,An Empirical Examination of Customer store Image Components In Three UK Retail Groups,https://openalex.org/W2001752288,https://doi.org/10.1108/eum0000000004834,1983,article,4
European Journal of Marketing,The Penetration of the UK Corporate Market by US Banks,https://openalex.org/W2016861916,https://doi.org/10.1108/eum0000000004846,1982,article,4
European Journal of Marketing,Theory into Practice: An Awkward Fit,https://openalex.org/W2019784373,https://doi.org/10.1108/eum0000000004735,1985,article,4
European Journal of Marketing,Creativity Training: Developing the Agency‐Client Creative Interface,https://openalex.org/W2020800813,https://doi.org/10.1108/eum0000000004706,1987,article,4
European Journal of Marketing,Exact Journals? English Newsbooks in the Civil War and Interregnum,https://openalex.org/W2026080871,https://doi.org/10.1108/eum0000000004689,1987,article,4
European Journal of Marketing,The Practice of Product Testing in the New Product Development Process: The Role of Model‐Based Approaches,https://openalex.org/W2042935945,https://doi.org/10.1108/eum0000000004789,1984,article,4
European Journal of Marketing,Exploring the Problem‐Prone Consumers: Hypotheses and Empirical Findings,https://openalex.org/W2076056359,https://doi.org/10.1108/eum0000000004680,1987,article,4
European Journal of Marketing,The Information Content of Women's Magazine Advertising in the UK,https://openalex.org/W2085829302,https://doi.org/10.1108/eum0000000004831,1983,article,4
European Journal of Marketing,Localised Marketing Strategies and the Bible of International Business,https://openalex.org/W4235961486,https://doi.org/10.1108/eum0000000004676,1987,article,4
European Journal of Marketing,Retail Trade Advertising in the ‘Leicester Journal’ and the ‘Leicester Chronicle’ 1855‐71,https://openalex.org/W1971164052,https://doi.org/10.1108/eum0000000004666,1986,article,4
European Journal of Marketing,The Electronic Re‐Organization of Industry: Implications for Sub‐Contractors,https://openalex.org/W1987861073,https://doi.org/10.1108/eum0000000004661,1986,article,4
European Journal of Marketing,Advertising Executives′ Perceptions of Satellite TV′s Potential Impact on the European Market,https://openalex.org/W2008562338,https://doi.org/10.1108/eum0000000000567,1989,article,4
European Journal of Marketing,Industrial Distributors and Small Manufacturers,https://openalex.org/W2018010215,https://doi.org/10.1108/eum0000000000554,1989,article,4
European Journal of Marketing,Pharmaceutical Advertisement in the 17th and 18th Centuries,https://openalex.org/W2020362788,https://doi.org/10.1108/eum0000000005279,1988,article,4
European Journal of Marketing,"Commercial Television Breaks, Consumer Behaviour and New Technology: An Initial Analysis",https://openalex.org/W2037146657,https://doi.org/10.1108/eum0000000004636,1986,article,4
European Journal of Marketing,How to Compete and Communicate in Mature Industrial Products,https://openalex.org/W2046979351,https://doi.org/10.1108/eum0000000000598,1989,article,4
European Journal of Marketing,An Investigation into the Nature of Problem Recognition and Deliberation in Buyer Behaviour,https://openalex.org/W2057377046,https://doi.org/10.1108/eb027343,1988,article,4
European Journal of Marketing,The Peevish Penmen: Direct Mail and US Elections,https://openalex.org/W2060593995,https://doi.org/10.1108/eum0000000005288,1988,article,4
European Journal of Marketing,A Comment: An Examination of the Relative Impact of Growth Strategies on Profit Performance,https://openalex.org/W2082399426,https://doi.org/10.1108/eum0000000000572,1989,article,4
European Journal of Marketing,"Why Not, Why and How to Value Intangible Marketing Assets",https://openalex.org/W2087023399,https://doi.org/10.1108/eum0000000004627,1986,article,4
European Journal of Marketing,The Competitiveness of British Industry: What Really Makes the Difference?,https://openalex.org/W4243158150,https://doi.org/10.1108/eum0000000005271,1988,article,4
European Journal of Marketing,Are Consumers Unique in Terms of Cognitive and Affective Reactions towards the Advertising Content? A Pilot Study,https://openalex.org/W1997316264,https://doi.org/10.1108/eum0000000004886,1981,article,3
European Journal of Marketing,Exploring Price Dealing Behaviour among Food Retailers,https://openalex.org/W2009757815,https://doi.org/10.1108/eum0000000004887,1981,article,3
European Journal of Marketing,Launching A Weaning Food in a Developing Country: The Moroccan Experience,https://openalex.org/W2018177676,https://doi.org/10.1108/eum0000000004832,1983,article,3
European Journal of Marketing,Marketing of Continuing Management Development,https://openalex.org/W2025367873,https://doi.org/10.1108/eum0000000004880,1981,article,3
European Journal of Marketing,Dealing with East European Importing Organisations: A Survey of UK Exporters' Experience,https://openalex.org/W2048676484,https://doi.org/10.1108/eum0000000004860,1982,article,3
European Journal of Marketing,Generic Products in Belgium: Introduction and Conditions,https://openalex.org/W2049488439,https://doi.org/10.1108/eum0000000004873,1981,article,3
European Journal of Marketing,International Product Life Cycles and the International Automobile Industry,https://openalex.org/W2065518807,https://doi.org/10.1108/eum0000000004877,1981,article,3
European Journal of Marketing,International Aspects of Bank Marketing,https://openalex.org/W2081829273,https://doi.org/10.1108/eum0000000004843,1982,article,3
European Journal of Marketing,Household Economics and Market Segmentation,https://openalex.org/W2091466205,https://doi.org/10.1108/eum0000000004827,1983,article,3
European Journal of Marketing,The Market Research Terminal and Developments in Survey Research,https://openalex.org/W1968043353,https://doi.org/10.1108/eum0000000004635,1986,article,3
European Journal of Marketing,The Marketing of Hops in Great Britain: A Study of Changing Structures and Farmers' Attitudes,https://openalex.org/W1983267290,https://doi.org/10.1108/eum0000000004785,1984,article,3
European Journal of Marketing,"A New Medium for Advertising: The Postcard, 1900–1920",https://openalex.org/W1986932338,https://doi.org/10.1108/eum0000000005293,1988,article,3
European Journal of Marketing,Sir Hedley Le Bas and the Origins of Domestic Propaganda in Britain 1914–1917,https://openalex.org/W1989789127,https://doi.org/10.1108/eum0000000004710,1987,article,3
European Journal of Marketing,Towards Improved Agricultural Products Marketing Strategy,https://openalex.org/W1997901496,https://doi.org/10.1108/eum0000000005286,1988,article,3
European Journal of Marketing,Knowing your Rights: A Cross‐Cultural Study,https://openalex.org/W2005005780,https://doi.org/10.1108/eum0000000004698,1987,article,3
European Journal of Marketing,Growing Up: The Evolution of Advertising in <i>Youth's Companion</i> during the Second Half of the Nineteenth Century,https://openalex.org/W2007085912,https://doi.org/10.1108/eum0000000004690,1987,article,3
European Journal of Marketing,A Multinational Approach to New Product Development,https://openalex.org/W2037211915,https://doi.org/10.1108/eum0000000004749,1985,article,3
European Journal of Marketing,Organisational Development: A New Direction for Marketing Channel Research,https://openalex.org/W2048202380,https://doi.org/10.1108/eum0000000000573,1989,article,3
European Journal of Marketing,Customer Satisfaction — The Key to Successful and Legally Unfettered Trading,https://openalex.org/W2060123747,https://doi.org/10.1108/eum0000000004732,1985,article,3
European Journal of Marketing,The Challenge of Basic Strategies,https://openalex.org/W2063447376,https://doi.org/10.1108/eum0000000004699,1987,article,3
European Journal of Marketing,Consumer Demand or Customer Satisfaction?,https://openalex.org/W2073511573,https://doi.org/10.1108/eum0000000005277,1988,article,3
European Journal of Marketing,The Positioning of Good News: The Christian Gospels as Marketing Communications,https://openalex.org/W2074154891,https://doi.org/10.1108/eum0000000005294,1988,article,3
European Journal of Marketing,Marketing Asset Accounting: The Way Forward?,https://openalex.org/W2085318035,https://doi.org/10.1108/eum0000000004632,1986,article,3
European Journal of Marketing,Marketing the Library Service — Sales and Promotion,https://openalex.org/W2087826449,https://doi.org/10.1108/eum0000000004771,1984,article,3
European Journal of Marketing,Local Government in England and Wales,https://openalex.org/W2094816412,https://doi.org/10.1108/eum0000000004719,1984,article,3
European Journal of Marketing,The Future US Business Environment with Strategic Marketing Implications for European Exporters,https://openalex.org/W2104105286,https://doi.org/10.1108/eum0000000000570,1989,article,3
European Journal of Marketing,Strategic Planning and Environmental Analysis,https://openalex.org/W4230221961,https://doi.org/10.1108/eum0000000005269,1988,article,3
European Journal of Marketing,A Strategic Tool for Low Involvement Products: Leverage Analysis,https://openalex.org/W1965462054,https://doi.org/10.1108/eum0000000004848,1982,article,2
European Journal of Marketing,The Unfamiliar Tourist Destination — a Marketing Challenge,https://openalex.org/W1982259509,https://doi.org/10.1108/eum0000000004891,1981,article,2
European Journal of Marketing,Design Management and New Product Development,https://openalex.org/W2089288697,https://doi.org/10.1108/eum0000000004882,1981,article,2
European Journal of Marketing,The Development of American Television as an Advertiser‐supported Medium — as seen by the Contemporary American Press,https://openalex.org/W1967071156,https://doi.org/10.1108/eum0000000004708,1987,article,2
European Journal of Marketing,Consumerism in an Era of Decline: Does it still have a future?,https://openalex.org/W1971477106,https://doi.org/10.1108/eum0000000004783,1984,article,2
European Journal of Marketing,Incentives — A Vector of Improved Sales Performance?,https://openalex.org/W1977584815,https://doi.org/10.1108/eum0000000004756,1986,article,2
European Journal of Marketing,Implementing a Multistage Salesforce Model in a Small Company,https://openalex.org/W2013581316,https://doi.org/10.1108/eum0000000004737,1985,article,2
European Journal of Marketing,Sales Promotions and the Marketing of Local Government Recreation and Leisure Services,https://openalex.org/W2014586059,https://doi.org/10.1108/eum0000000004775,1984,article,2
European Journal of Marketing,The Benefits of Delivered Pricing,https://openalex.org/W2041908478,https://doi.org/10.1108/eum0000000005267,1988,article,2
European Journal of Marketing,The Not <i>Quite</i> So Inevitable Origins of Commercial Broadcasting in America,https://openalex.org/W2050458227,https://doi.org/10.1108/eum0000000004691,1987,article,2
European Journal of Marketing,Employer Perceptions and the Market for Sandwich Students,https://openalex.org/W2053180100,https://doi.org/10.1108/eb027333,1987,article,2
European Journal of Marketing,"Product Liability Legislation, Consumer Behaviour and Marketing Strategy",https://openalex.org/W2062885689,https://doi.org/10.1108/eum0000000004797,1984,article,2
European Journal of Marketing,Expectations and Results of Contractual Joint Ventures by US and UK MNCs in Eastern Europe,https://openalex.org/W2068265711,https://doi.org/10.1108/eum0000000004781,1984,article,2
European Journal of Marketing,A Consumer‐Based Model for Researching New Products,https://openalex.org/W2070028290,https://doi.org/10.1108/eum0000000004673,1986,article,2
European Journal of Marketing,Services in the Arab Gulf States,https://openalex.org/W2076074593,https://doi.org/10.1108/eum0000000000596,1989,article,2
European Journal of Marketing,"Commercial Television, Globalisation and the Public Interest: The History of <i>Voice of Firestone</i>",https://openalex.org/W2083287274,https://doi.org/10.1108/eum0000000004711,1987,article,2
European Journal of Marketing,The Pacific Rim—Vision or Reality?,https://openalex.org/W2084984179,https://doi.org/10.1108/eum0000000004782,1984,article,2
European Journal of Marketing,Adoption of a Discontinuous PDM Innovation in Agriculture: Rough‐Terrain Forklift Trucks,https://openalex.org/W1963702843,https://doi.org/10.1108/eum0000000004896,1980,article,1
European Journal of Marketing,Marketing Students and Their Managerial Talents,https://openalex.org/W2002263142,https://doi.org/10.1108/eum0000000004901,1980,article,1
European Journal of Marketing,Industrial Marketing under Employee Participation,https://openalex.org/W2036513058,https://doi.org/10.1108/eum0000000004920,1980,article,1
European Journal of Marketing,What Chance to Profit?,https://openalex.org/W2060533798,https://doi.org/10.1108/eum0000000004921,1980,article,1
European Journal of Marketing,International Industrial Marketing into Eastern Europe,https://openalex.org/W2061717479,https://doi.org/10.1108/eum0000000004925,1980,article,1
European Journal of Marketing,The Marketing Functions in the Framework of the Integrative Marketing Concept,https://openalex.org/W2090259417,https://doi.org/10.1108/eum0000000004895,1980,article,1
European Journal of Marketing,Spanish Distribution Channels: Their Current State and Consequent Implication in Marketing Mix Strategies,https://openalex.org/W2107244820,https://doi.org/10.1108/eum0000000004902,1980,article,1
European Journal of Marketing,Industrial Sales Forces — Organization Strategy,https://openalex.org/W2012602823,https://doi.org/10.1108/eum0000000004888,1981,article,1
European Journal of Marketing,Transfer Pricing and its Misuse: Some Further Considerations,https://openalex.org/W2013746179,https://doi.org/10.1108/eum0000000004889,1981,article,1
European Journal of Marketing,The Evaluation of Pre‐tests by Advertising People: Results of a Survey in Belgium,https://openalex.org/W2022266511,https://doi.org/10.1108/eum0000000004870,1981,article,1
European Journal of Marketing,"A Comparative Study of Manufacturers' Sales Subsidiaries and Manufacturers' Sales Finance Subsidiaries in the UK, USA, Canada and Japan",https://openalex.org/W1980356478,https://doi.org/10.1108/eum0000000004747,1985,article,1
European Journal of Marketing,Crisis Point in the TV Rental Industry,https://openalex.org/W1994944749,https://doi.org/10.1108/eum0000000004810,1983,article,1
European Journal of Marketing,Competition in the UK automobile market: An empirical study,https://openalex.org/W2047898406,https://doi.org/10.1108/eum0000000004805,1983,article,1
European Journal of Marketing,Selected Durable Products and Marketing Management in the 1980s,https://openalex.org/W2051674726,https://doi.org/10.1108/eum0000000004821,1983,article,1
European Journal of Marketing,On Becoming A Ten‐Speed Bike Owner,https://openalex.org/W2095429274,https://doi.org/10.1108/eum0000000004815,1983,article,1
European Journal of Marketing,Influencing Politicians,https://openalex.org/W4213194923,https://doi.org/10.1108/eum0000000004772,1984,article,1
European Journal of Marketing,Some Food Marketing and Policy Implications of European Enlargement,https://openalex.org/W1979578910,https://doi.org/10.1108/eum0000000004703,1987,article,1
European Journal of Marketing,Principles of Promoting Cigarettes: The Greek Case,https://openalex.org/W1987236085,https://doi.org/10.1108/eum0000000004705,1987,article,1
European Journal of Marketing,Pioneering Commercial Radio the “D‐I‐Y” Way,https://openalex.org/W1989183243,https://doi.org/10.1108/eum0000000004707,1987,article,1
European Journal of Marketing,An Extended Model for New Product Selection,https://openalex.org/W2001000478,https://doi.org/10.1108/eum0000000000579,1989,article,1
European Journal of Marketing,Global Competition for Environmental Markets: The Case of the Water Pollution Control Equipment Industry,https://openalex.org/W2011725460,https://doi.org/10.1108/eum0000000004759,1986,article,1
European Journal of Marketing,Dorland: Its Origins and Growth to 1939,https://openalex.org/W2025280234,https://doi.org/10.1108/eum0000000005295,1988,article,1
European Journal of Marketing,“Serve America Now” — Advertising Bus Travel in the US during the Second World War,https://openalex.org/W2053771091,https://doi.org/10.1108/eum0000000005280,1988,article,1
European Journal of Marketing,Perceptions of Brazilian and Foreign Technology,https://openalex.org/W2068324918,https://doi.org/10.1108/eum0000000005263,1988,article,1
European Journal of Marketing,Market Segmentation and Apartheid,https://openalex.org/W2077110807,https://doi.org/10.1108/eum0000000005273,1988,article,1
European Journal of Marketing,An Analysis of Choice Criteria Using Conjoint Analysis,https://openalex.org/W2083425618,https://doi.org/10.1108/eum0000000005298,1988,article,1
European Journal of Marketing,Review of European Marketing Literature,https://openalex.org/W2091247444,https://doi.org/10.1108/eb027330,1980,article,0
European Journal of Marketing,The Market for Academic Manuscripts,https://openalex.org/W1972633892,https://doi.org/10.1108/eum0000000004890,1981,article,0
European Journal of Marketing,Regional Differences in Consumer Usage of Eggs,https://openalex.org/W2012156294,https://doi.org/10.1108/eum0000000004868,1981,article,0
European Journal of Marketing,Exploring Copywriters' Ability to Perceive Target Group Attitudes Towards Advertising Copy,https://openalex.org/W1968607904,https://doi.org/10.1108/eum0000000004818,1983,article,0
European Journal of Marketing,Structure‐Performance Relationships in the Broiler Market,https://openalex.org/W1970828010,https://doi.org/10.1108/eum0000000004726,1985,article,0
European Journal of Marketing,Co‐operation in the Market Place: The Marketing Activities of Worker Co‐operatives,https://openalex.org/W1974437436,https://doi.org/10.1108/eum0000000004734,1985,article,0
European Journal of Marketing,The Development of UK Banks into International Markets,https://openalex.org/W1975812311,https://doi.org/10.1108/eum0000000004844,1982,article,0
European Journal of Marketing,Customer Policy as an Alternative Orientation to Marketing Simple,https://openalex.org/W2050892179,https://doi.org/10.1108/eum0000000004864,1982,article,0
European Journal of Marketing,Seamus Connolly: A Market‐Oriented Engineer,https://openalex.org/W4255517763,https://doi.org/10.1108/eum0000000004733,1985,article,0
European Journal of Marketing,Towards Non‐Incremental Strategies in Developing Public Products and Services,https://openalex.org/W1978162270,https://doi.org/10.1108/eum0000000004679,1987,article,0
European Journal of Marketing,Marketing Strategy for Wall Partitioning in the UK,https://openalex.org/W1982673217,https://doi.org/10.1108/eum0000000004651,1986,article,0
European Journal of Marketing,Modelling with Linear Learning,https://openalex.org/W1988697811,https://doi.org/10.1108/eum0000000004640,1986,article,0
European Journal of Marketing,Lewis and Lowe: Postscript from 1844 — and Before,https://openalex.org/W2003433549,https://doi.org/10.1108/eum0000000004712,1987,article,0
European Journal of Marketing,Trust in God — But Not in Luce,https://openalex.org/W2004015761,https://doi.org/10.1108/eum0000000004709,1987,article,0
European Journal of Marketing,A Reference Library Talks to its Users,https://openalex.org/W2017848032,https://doi.org/10.1108/eum0000000004770,1984,article,0
European Journal of Marketing,Purchasing Behaviour in Local Government in the United Kingdom,https://openalex.org/W2026900635,https://doi.org/10.1108/eum0000000000568,1989,article,0
European Journal of Marketing,Recent Changes in Enterprise Management and Marketing Practices in Romania,https://openalex.org/W2033280173,https://doi.org/10.1108/eum0000000004671,1986,article,0
European Journal of Marketing,How Fisons Managed its Turnaround,https://openalex.org/W2033655715,https://doi.org/10.1108/eb027341,1988,article,0
European Journal of Marketing,Developments in the UK Food Market,https://openalex.org/W2039173891,https://doi.org/10.1108/eum0000000004777,1984,article,0
European Journal of Marketing,Strike Effects on the Structure of a Product Market,https://openalex.org/W2042760675,https://doi.org/10.1108/eum0000000004684,1987,article,0
European Journal of Marketing,Local Authority Publishing in the United Kingdom,https://openalex.org/W2092740599,https://doi.org/10.1108/eum0000000004776,1984,article,0
European Journal of Marketing,End‐Paper Advertising,https://openalex.org/W2093905945,https://doi.org/10.1108/eum0000000004667,1986,article,0
European Journal of Marketing,Sales Strategies for the On‐Licence Trade,https://openalex.org/W2111818171,https://doi.org/10.1108/eum0000000004648,1986,article,0
European Journal of Marketing,Commentary,https://openalex.org/W4206052721,https://doi.org/10.1108/eb027336,1988,article,0
European Journal of Marketing,Commentary,https://openalex.org/W4245814207,https://doi.org/10.1108/eb027334,1988,article,0
European Journal of Marketing,Commentary,https://openalex.org/W4246536132,https://doi.org/10.1108/eb027338,1988,article,0
European Journal of Marketing,Commentary,https://openalex.org/W4247267964,https://doi.org/10.1108/eb027342,1988,article,0
European Journal of Marketing,How Fisons Managed its Turnaround,https://openalex.org/W4249395044,https://doi.org/10.1108/eum0000000005272,1988,article,0
European Journal of Marketing,HAT Research,https://openalex.org/W4251678732,https://doi.org/10.1108/eum0000000004668,1986,article,0
European Journal of Marketing,Commentary,https://openalex.org/W4252301370,https://doi.org/10.1108/eb027340,1988,article,0
