source_journal,work_title,work_oaid,DOI,pub_year,work_type,all_cited_by_count
European Journal of Marketing,The first export order: a marketing innovation,https://openalex.org/W1973179743,https://doi.org/10.1108/eum0000000005244,1968,article,205
European Journal of Marketing,A model of family decision making,https://openalex.org/W2013569081,https://doi.org/10.1108/eum0000000005254,1968,article,59
European Journal of Marketing,The management of export marketing in engineering industries,https://openalex.org/W2045538908,https://doi.org/10.1108/eum0000000005235,1967,article,59
European Journal of Marketing,The application of product life cycles to corporate strategy: some research findings,https://openalex.org/W2002680076,https://doi.org/10.1108/eum0000000005206,1969,article,37
European Journal of Marketing,Marketing to children,https://openalex.org/W1966780210,https://doi.org/10.1108/eum0000000005249,1968,article,16
European Journal of Marketing,The successful salesman: a personality analysis,https://openalex.org/W1973466717,https://doi.org/10.1108/eum0000000005240,1968,article,15
European Journal of Marketing,An econometric analysis of the effects of generic advertising on the demand for tea in the U.K.,https://openalex.org/W2049051536,https://doi.org/10.1108/eum0000000005220,1969,article,13
European Journal of Marketing,The influence of price differences on brand shares and switching,https://openalex.org/W2028979184,https://doi.org/10.1108/eum0000000005222,1969,article,12
European Journal of Marketing,International business and political geography,https://openalex.org/W2091413887,https://doi.org/10.1108/eum0000000005214,1969,article,12
European Journal of Marketing,Patterns of gift giving and their marketing implications,https://openalex.org/W1970178992,https://doi.org/10.1108/eum0000000005255,1968,article,11
European Journal of Marketing,Cluster analysis and market segmentation,https://openalex.org/W2044185389,https://doi.org/10.1108/eum0000000005210,1969,article,9
European Journal of Marketing,Determinants of consumer complaints,https://openalex.org/W2019439413,https://doi.org/10.1108/eum0000000005221,1969,article,8
European Journal of Marketing,The origins of motivational research,https://openalex.org/W2006168215,https://doi.org/10.1108/eum0000000005211,1969,article,7
European Journal of Marketing,Repeat buying of a new brand – a 10‐point case history,https://openalex.org/W2073686442,https://doi.org/10.1108/eum0000000005253,1968,article,5
European Journal of Marketing,A conceptual framework for the measurement of marketing efficiency,https://openalex.org/W1972754792,https://doi.org/10.1108/eum0000000005204,1969,article,4
European Journal of Marketing,Is industrial marketing different?,https://openalex.org/W1981873538,https://doi.org/10.1108/eum0000000005213,1969,article,4
European Journal of Marketing,Applying the marketing concept to public transport planning,https://openalex.org/W1989701359,https://doi.org/10.1108/eum0000000005215,1969,article,4
European Journal of Marketing,Consumer reaction to retail price and display changes,https://openalex.org/W2009548697,https://doi.org/10.1108/eum0000000005250,1968,article,4
European Journal of Marketing,Marketing orientation and organizational design,https://openalex.org/W2011292914,https://doi.org/10.1108/eum0000000005260,1968,article,3
European Journal of Marketing,Consumer motivations: examples from the grocery trade,https://openalex.org/W2062300945,https://doi.org/10.1108/eum0000000005202,1969,article,3
European Journal of Marketing,Price behaviour in a retail grocery sub‐market,https://openalex.org/W2093110732,https://doi.org/10.1108/eum0000000005257,1968,article,3
European Journal of Marketing,The marketing of computers and office machinery,https://openalex.org/W1965304752,https://doi.org/10.1108/eum0000000005227,1967,article,2
European Journal of Marketing,Product planning in engineering companies: a recent research survey,https://openalex.org/W1970117211,https://doi.org/10.1108/eum0000000005208,1969,article,2
European Journal of Marketing,Location analysis in economic geography – implications for research in marketing,https://openalex.org/W2000560833,https://doi.org/10.1108/eum0000000005217,1969,article,2
European Journal of Marketing,Forecasting problems in the gas industry,https://openalex.org/W2007215267,https://doi.org/10.1108/eum0000000005261,1968,article,2
European Journal of Marketing,"Human ecology, geography and marketing",https://openalex.org/W2008456831,https://doi.org/10.1108/eum0000000005216,1969,article,2
European Journal of Marketing,The role of service in industrial marketing,https://openalex.org/W2008761271,https://doi.org/10.1108/eum0000000005241,1968,article,2
European Journal of Marketing,Decision theory in consumer research,https://openalex.org/W2020316495,https://doi.org/10.1108/eum0000000005233,1967,article,2
European Journal of Marketing,Toward a theory of marketing strategy,https://openalex.org/W2055013279,https://doi.org/10.1108/eum0000000005262,1968,article,2
European Journal of Marketing,Government aid to Britain's export drive,https://openalex.org/W2058865128,https://doi.org/10.1108/eum0000000005247,1968,article,2
European Journal of Marketing,The motivation of sales executives in two major companies,https://openalex.org/W2062389096,https://doi.org/10.1108/eum0000000005230,1967,article,2
European Journal of Marketing,Applying a systems perspective to marketing motivation,https://openalex.org/W2083516476,https://doi.org/10.1108/eum0000000005205,1969,article,2
European Journal of Marketing,Critique of the system of commission agents in the export trade to Latin America,https://openalex.org/W2086723943,https://doi.org/10.1108/eum0000000005245,1968,article,2
European Journal of Marketing,"Large retail firms in Europe: their characteristics, relative importance, and future development",https://openalex.org/W2112626877,https://doi.org/10.1108/eum0000000005259,1968,article,2
European Journal of Marketing,DIARY OF MARKETING EVENTS,https://openalex.org/W1544598137,https://doi.org/10.1108/eb060106,1968,article,1
European Journal of Marketing,The pattern of mail order,https://openalex.org/W1968455644,https://doi.org/10.1108/eum0000000005232,1967,article,1
European Journal of Marketing,The structure of agricultural marketing in the United Kingdom,https://openalex.org/W1970460154,https://doi.org/10.1108/eum0000000005242,1968,article,1
European Journal of Marketing,Measuring the selling effectiveness of different advertising appropriations,https://openalex.org/W1981980597,https://doi.org/10.1108/eum0000000005239,1968,article,1
European Journal of Marketing,Formalisation in advertising client‐agency relationships,https://openalex.org/W1984923612,https://doi.org/10.1108/eum0000000005236,1967,article,1
European Journal of Marketing,REGISTER OF CURRENT RESEARCH,https://openalex.org/W1991159401,https://doi.org/10.1108/eb060102,1967,article,1
European Journal of Marketing,The dynamics of innovation,https://openalex.org/W1991341386,https://doi.org/10.1108/eum0000000005248,1968,article,1
European Journal of Marketing,The marketing design of life assurance proposals,https://openalex.org/W2039840353,https://doi.org/10.1108/eum0000000005229,1967,article,1
European Journal of Marketing,CONSPECTUS OF ADVANCED MARKETING COURSES,https://openalex.org/W2050377184,https://doi.org/10.1108/eb060103,1967,article,1
European Journal of Marketing,Education and Research in Marketing: The C.N.A.A. System,https://openalex.org/W2060532955,https://doi.org/10.1108/eum0000000005228,1967,article,1
European Journal of Marketing,Bradford's retail market area,https://openalex.org/W2073312269,https://doi.org/10.1108/eum0000000005258,1968,article,1
European Journal of Marketing,Status report on marketing theory,https://openalex.org/W2084219463,https://doi.org/10.1108/eum0000000005256,1968,article,1
European Journal of Marketing,"The industrial market – practices, motives, and their marketing implications",https://openalex.org/W2145380073,https://doi.org/10.1108/eum0000000005234,1967,article,1
European Journal of Marketing,Institutional influence in air passenger routeing decisions,https://openalex.org/W2029532152,https://doi.org/10.1108/eum0000000005225,1969,article,1
European Journal of Marketing,Some reflections on consumer panels,https://openalex.org/W2055604440,https://doi.org/10.1108/eum0000000005207,1969,article,1
European Journal of Marketing,Survey of industrial advertising media,https://openalex.org/W2061461166,https://doi.org/10.1108/eum0000000005209,1969,article,1
European Journal of Marketing,Exporting industrial products via commission agents,https://openalex.org/W2086196120,https://doi.org/10.1108/eum0000000005203,1969,article,1
European Journal of Marketing,DIARY OF MARKETING EVENTS,https://openalex.org/W1572489506,https://doi.org/10.1108/eb060104,1967,article,0
European Journal of Marketing,Decline in the status of household decision making,https://openalex.org/W1995618424,https://doi.org/10.1108/eum0000000005251,1968,article,0
European Journal of Marketing,Coupon trading and cigarette smoking: a comment on the government's decision to limit coupon trading,https://openalex.org/W1999151043,https://doi.org/10.1108/eum0000000005243,1968,article,0
European Journal of Marketing,The Newcastle meat marketing research programme,https://openalex.org/W2013429369,https://doi.org/10.1108/eum0000000005231,1967,article,0
European Journal of Marketing,American buying houses in Britain,https://openalex.org/W2024544812,https://doi.org/10.1108/eum0000000005246,1968,article,0
European Journal of Marketing,“St Michael” – A Marketing Philosophy,https://openalex.org/W2044440210,https://doi.org/10.1108/eum0000000005226,1967,article,0
European Journal of Marketing,The use of tests in the selection of salesmen,https://openalex.org/W2059856725,https://doi.org/10.1108/eum0000000005252,1968,article,0
European Journal of Marketing,REGISTER OF EXPORT RESEARCH,https://openalex.org/W2076913237,https://doi.org/10.1108/eb060105,1968,article,0
European Journal of Marketing,Multi‐dimensional analysis as a technique for a real and ecological comparison,https://openalex.org/W1991665879,https://doi.org/10.1108/eum0000000005219,1969,article,0
European Journal of Marketing,Marketing natural gas in Britain,https://openalex.org/W2010026450,https://doi.org/10.1108/eum0000000005223,1969,article,0
European Journal of Marketing,Marketing constraints in traditional economies,https://openalex.org/W2012834624,https://doi.org/10.1108/eum0000000005224,1969,article,0
European Journal of Marketing,Commercial implications of the Central Register of Businesses,https://openalex.org/W2023776818,https://doi.org/10.1108/eum0000000005212,1969,article,0
European Journal of Marketing,Future trends of regionalism in Britain,https://openalex.org/W2042059246,https://doi.org/10.1108/eum0000000005218,1969,article,0
