source_journal,work_title,work_oaid,DOI,pub_year,work_type,all_cited_by_count
European Journal of Marketing,The value concept and relationship marketing,https://openalex.org/W2078789144,https://doi.org/10.1108/03090569610106626,1996,article,2164
European Journal of Marketing,"SERVQUAL: review, critique, research agenda",https://openalex.org/W2062182591,https://doi.org/10.1108/03090569610105762,1996,article,1689
European Journal of Marketing,Consumer perceived risk: conceptualisations and models,https://openalex.org/W2059916607,https://doi.org/10.1108/03090569910249229,1999,article,1398
European Journal of Marketing,Perceived Risk: Further Considerations for the Marketing Discipline,https://openalex.org/W2062541363,https://doi.org/10.1108/03090569310026637,1993,article,1191
European Journal of Marketing,"On the relationship between store image, store satisfaction and store loyalty",https://openalex.org/W2063821546,https://doi.org/10.1108/03090569810216118,1998,article,1168
European Journal of Marketing,Antecedents and consequences of trust and satisfaction in buyer‐seller relationships,https://openalex.org/W1996757241,https://doi.org/10.1108/03090569810204580,1998,article,1070
European Journal of Marketing,"Relations between organizational culture, identity and image",https://openalex.org/W2044149056,https://doi.org/10.1108/eb060636,1997,article,1022
European Journal of Marketing,The internationalization of small computer software firms,https://openalex.org/W1482626164,https://doi.org/10.1108/03090569510097556,1995,article,1010
European Journal of Marketing,Growing the entrepreneurial firm,https://openalex.org/W1527713967,https://doi.org/10.1108/03090569510095008,1995,article,997
European Journal of Marketing,Processes of a case study methodology for postgraduate research in marketing,https://openalex.org/W2076308332,https://doi.org/10.1108/03090569810232237,1998,article,996
European Journal of Marketing,The link between green purchasing decisions and measures of environmental consciousness,https://openalex.org/W1998194115,https://doi.org/10.1108/03090569610118740,1996,article,981
European Journal of Marketing,"An Examination of the Effect of Product Performance on Brand Reputation, Satisfaction and Loyalty",https://openalex.org/W2077627952,https://doi.org/10.1108/03090569310043179,1993,article,880
European Journal of Marketing,Community and consumption,https://openalex.org/W1496157279,https://doi.org/10.1108/03090569710162380,1997,article,816
European Journal of Marketing,"Corporate identity: the concept, its measurement and management",https://openalex.org/W2052779143,https://doi.org/10.1108/eb060635,1997,article,763
European Journal of Marketing,Linking perceived service quality and service loyalty: a multi‐dimensional perspective,https://openalex.org/W2008202927,https://doi.org/10.1108/03090569910292285,1999,article,762
European Journal of Marketing,Linking student satisfaction and service quality perceptions: the case of university education,https://openalex.org/W2036796144,https://doi.org/10.1108/03090569710176655,1997,article,608
European Journal of Marketing,The Market for Luxury Goods: Income versus Culture,https://openalex.org/W1979472161,https://doi.org/10.1108/03090569310024530,1993,article,579
European Journal of Marketing,Marketing‐orientation Revisited: The Crucial Role of the Part‐time Marketer,https://openalex.org/W2064275069,https://doi.org/10.1108/03090569110139166,1991,article,553
European Journal of Marketing,Marketing in a postmodern world,https://openalex.org/W2083672014,https://doi.org/10.1108/03090569510075334,1995,article,552
European Journal of Marketing,Religious Contrasts in Consumer Decision Behaviour Patterns: Their Dimensions and Marketing Implications,https://openalex.org/W2133385622,https://doi.org/10.1108/03090569410062023,1994,article,431
European Journal of Marketing,Developing a better measure of market orientation,https://openalex.org/W2064061789,https://doi.org/10.1108/03090569810232327,1998,article,414
European Journal of Marketing,The customer as co‐producer,https://openalex.org/W1990286931,https://doi.org/10.1108/03090569610118803,1996,article,407
European Journal of Marketing,Determinants of export performance in a European context,https://openalex.org/W2007424799,https://doi.org/10.1108/03090569610121656,1996,article,397
European Journal of Marketing,From segmentation to fragmentation,https://openalex.org/W1605202291,https://doi.org/10.1108/eum0000000004321,1997,article,377
European Journal of Marketing,Success Factors in Developing New Business Services,https://openalex.org/W1985176426,https://doi.org/10.1108/03090569110138202,1991,article,353
European Journal of Marketing,Towards a framework for managing corporate identity,https://openalex.org/W1979236086,https://doi.org/10.1108/eb060639,1997,article,369
European Journal of Marketing,"Relations between organizational culture, identity and image",https://openalex.org/W4235545580,https://doi.org/10.1108/03090569710167583,1997,article,364
European Journal of Marketing,Existential consumption and irrational desire,https://openalex.org/W2045409478,https://doi.org/10.1108/03090569710162371,1997,article,351
European Journal of Marketing,Importance‐Performance Analysis and the Measurement of Service Quality,https://openalex.org/W2020296969,https://doi.org/10.1108/03090569310026402,1993,article,317
European Journal of Marketing,Consumer decision‐making styles: a multi‐country investigation,https://openalex.org/W1968814802,https://doi.org/10.1108/03090569610153273,1996,article,315
European Journal of Marketing,Sponsorship and the Image of the Sponsor,https://openalex.org/W2007521568,https://doi.org/10.1108/eum0000000000630,1991,article,315
European Journal of Marketing,The capabilities and performance advantages of market‐driven firms,https://openalex.org/W2059581839,https://doi.org/10.1108/03090569910292339,1999,article,307
European Journal of Marketing,Differences in Perceptions of Exporting Problems Based on Firm Size and Export Market Experience,https://openalex.org/W2015488371,https://doi.org/10.1108/03090569410062014,1994,article,304
European Journal of Marketing,The Hidden Crisis in Product‐harm Crisis Management,https://openalex.org/W2043255238,https://doi.org/10.1108/03090569410055265,1994,article,298
European Journal of Marketing,Relationship marketing and imaginary organizations: a synthesis,https://openalex.org/W2021895867,https://doi.org/10.1108/03090569610106635,1996,article,294
European Journal of Marketing,Using Neural Network Analysis to Evaluate Buyer‐Seller Relationships,https://openalex.org/W1968806916,https://doi.org/10.1108/03090569410075777,1994,article,293
European Journal of Marketing,Marketing orientation and its determinants: an empirical analysis,https://openalex.org/W2024730954,https://doi.org/10.1108/03090569910285896,1999,article,285
European Journal of Marketing,Media effect in commercial sponsorship,https://openalex.org/W2072540619,https://doi.org/10.1108/03090569910253170,1999,article,283
European Journal of Marketing,Country of origin marketing over the product life cycle,https://openalex.org/W1494198329,https://doi.org/10.1108/03090569610107409,1996,article,282
European Journal of Marketing,Identifying Innovators in Consumer Product Markets,https://openalex.org/W1980863635,https://doi.org/10.1108/03090569210022498,1992,article,280
European Journal of Marketing,Product‐market Strategy and Performance: An Analysis of the Miles and Snow Strategy Types,https://openalex.org/W2009263458,https://doi.org/10.1108/03090569310045870,1993,article,277
European Journal of Marketing,Testing the Role of Country Image in Consumer Choice Behaviour,https://openalex.org/W2081699860,https://doi.org/10.1108/eum0000000000609,1990,article,277
European Journal of Marketing,Brand equity: the halo effect measure,https://openalex.org/W2017898062,https://doi.org/10.1108/03090569510086657,1995,article,274
European Journal of Marketing,Political marketing ‐ <i>vive la différence!</i>,https://openalex.org/W2002611282,https://doi.org/10.1108/03090569610149764,1996,article,271
European Journal of Marketing,Market orientation and dimensions of strategic orientation,https://openalex.org/W2089166600,https://doi.org/10.1108/03090569810243712,1998,article,267
European Journal of Marketing,Consumer evaluations of sponsorship programmes,https://openalex.org/W2029276573,https://doi.org/10.1108/03090569510102504,1995,article,264
European Journal of Marketing,Customer Satisfaction during the Service Delivery Process,https://openalex.org/W2015247717,https://doi.org/10.1108/03090569410062005,1994,article,253
European Journal of Marketing,"Consumer research, interpretive paradigms and methodological ambiguities",https://openalex.org/W2004735127,https://doi.org/10.1108/03090569910285805,1999,article,250
European Journal of Marketing,"Niche Marketing Revisited: Concept, Applications and Some European Cases",https://openalex.org/W2008131647,https://doi.org/10.1108/03090569410061178,1994,article,249
European Journal of Marketing,Sport sponsorship as distinctive competence,https://openalex.org/W1986641626,https://doi.org/10.1108/03090569910253044,1999,article,248
European Journal of Marketing,Modelling the components of the brand,https://openalex.org/W2053554282,https://doi.org/10.1108/03090569810243721,1998,article,248
European Journal of Marketing,"Sports sponsorship, spectator recall and false consensus",https://openalex.org/W2005876946,https://doi.org/10.1108/03090569910253071,1999,article,246
European Journal of Marketing,The Marketing Concept: Putting the Theory into Practice,https://openalex.org/W2027174413,https://doi.org/10.1108/03090569010001637,1990,article,246
European Journal of Marketing,A Strategic Approach to Managing Buyer‐Seller Relationships,https://openalex.org/W2043375723,https://doi.org/10.1108/eum0000000000622,1991,article,246
European Journal of Marketing,Where to Now in New Product Development Research?,https://openalex.org/W1964589798,https://doi.org/10.1108/03090569210023037,1992,article,244
European Journal of Marketing,Conceptualizing consumer experiences in cyberspace,https://openalex.org/W2000750121,https://doi.org/10.1108/03090569810224056,1998,article,239
European Journal of Marketing,Market segmentation by using consumer lifestyle dimensions and ethnocentrism,https://openalex.org/W1606076562,https://doi.org/10.1108/03090569910262053,1999,article,238
European Journal of Marketing,Marketing in the new millennium,https://openalex.org/W2063656867,https://doi.org/10.1108/03090569510147712,1995,article,236
European Journal of Marketing,Buyer‐Seller Relationships: An Application of the IMP Interaction Model,https://openalex.org/W1967477345,https://doi.org/10.1108/03090569210010022,1992,article,233
European Journal of Marketing,What is the sports product and who buys it? The marketing of professional sports leagues,https://openalex.org/W2015146104,https://doi.org/10.1108/03090569910253251,1999,article,231
European Journal of Marketing,A broadened conception of internal marketing,https://openalex.org/W2043115776,https://doi.org/10.1108/03090569910285869,1999,article,230
European Journal of Marketing,An Integrated Model of Organizational Adoption and Diffusion of Innovations,https://openalex.org/W1976467960,https://doi.org/10.1108/03090569310039705,1993,article,226
European Journal of Marketing,The Importance of Product Country of Origin:,https://openalex.org/W1527375991,https://doi.org/10.1108/03090569410061150,1994,article,225
European Journal of Marketing,Advertising Uses and Gratifications,https://openalex.org/W1965355450,https://doi.org/10.1108/03090569410145706,1994,article,223
European Journal of Marketing,Using means‐end structures for benefit segmentation,https://openalex.org/W1503491999,https://doi.org/10.1108/eum0000000004491,1999,article,221
European Journal of Marketing,An empirical examination of the role of “closeness” in industrial buyer‐seller relationships,https://openalex.org/W2042911989,https://doi.org/10.1108/03090569810215812,1998,article,219
European Journal of Marketing,"On Rethinking Marketing: Our Discipline, Our Practice, Our Methods",https://openalex.org/W2017129233,https://doi.org/10.1108/03090569410057263,1994,article,218
European Journal of Marketing,Learning through strategic alliances,https://openalex.org/W1490682769,https://doi.org/10.1108/03090569510079925,1995,article,216
European Journal of Marketing,Process‐oriented measurement of service quality,https://openalex.org/W1524994608,https://doi.org/10.1108/03090569710157025,1997,article,215
European Journal of Marketing,"A causal model to evaluate the relationships among supervision, role stress, organizational commitment and internal service quality",https://openalex.org/W2075565620,https://doi.org/10.1108/03090569510080932,1995,article,215
European Journal of Marketing,Visual identity: trappings or substance?,https://openalex.org/W2092822529,https://doi.org/10.1108/eb060637,1997,article,215
European Journal of Marketing,An Inquiry into Successful Exporting,https://openalex.org/W2098351709,https://doi.org/10.1108/03090569110001429,1991,article,212
European Journal of Marketing,Some Exploratory Models for Assessing Small Firms′ Marketing Performance (A Qualitative Approach),https://openalex.org/W2063396738,https://doi.org/10.1108/03090569010006056,1990,article,210
European Journal of Marketing,Political marketing and the marketing concept,https://openalex.org/W2004271304,https://doi.org/10.1108/03090569610149782,1996,article,208
European Journal of Marketing,"Chinese consumers’ evaluation of foreign products: the influence of culture, product types and product presentation format",https://openalex.org/W2087988093,https://doi.org/10.1108/03090569610153309,1996,article,206
European Journal of Marketing,Market orientation and firm size: an empirical examination in UK firms,https://openalex.org/W2070803278,https://doi.org/10.1108/03090569510075343,1995,article,204
European Journal of Marketing,Marketing and Public Sector Management,https://openalex.org/W2098177162,https://doi.org/10.1108/03090569410057308,1994,article,203
European Journal of Marketing,Consumer reactions to product placement strategies in television sponsorship,https://openalex.org/W2038067170,https://doi.org/10.1108/03090569910285832,1999,article,202
European Journal of Marketing,The determinants of entrepreneurial activity,https://openalex.org/W1552217237,https://doi.org/10.1108/03090569510094991,1995,article,197
European Journal of Marketing,Advertising Effects and Effectiveness,https://openalex.org/W2091813255,https://doi.org/10.1108/03090569310045861,1993,article,194
European Journal of Marketing,Political Marketing: Structure and Process,https://openalex.org/W2011011519,https://doi.org/10.1108/03090569410049154,1994,article,193
European Journal of Marketing,What makes commercial Web pages popular?,https://openalex.org/W1508655453,https://doi.org/10.1108/03090569810224119,1998,article,192
European Journal of Marketing,Consumer ethics: a cross‐cultural investigation,https://openalex.org/W2029382589,https://doi.org/10.1108/03090569710190514,1997,article,190
European Journal of Marketing,Deriving an operational measure of corporate identity,https://openalex.org/W1970871197,https://doi.org/10.1108/eb060640,1997,article,189
European Journal of Marketing,Market orientation in the top 200 British charity organizations and its impact on their performance,https://openalex.org/W2040782517,https://doi.org/10.1108/03090569710176592,1997,article,189
European Journal of Marketing,Satisfaction and Loyalty to Suppliers within the Grocery Trade,https://openalex.org/W2144246394,https://doi.org/10.1108/03090569310040334,1993,article,187
European Journal of Marketing,A relationship marketing approach to <i>guanxi</i>,https://openalex.org/W2049926851,https://doi.org/10.1108/03090569810197534,1998,article,186
European Journal of Marketing,Sponsorship – Legitimising the Medium,https://openalex.org/W2134572951,https://doi.org/10.1108/eum0000000000627,1991,article,186
European Journal of Marketing,Understanding the Role of Export Marketing Assistance: Empirical Evidence and Research Needs,https://openalex.org/W2120326701,https://doi.org/10.1108/03090569310038085,1993,article,183
European Journal of Marketing,Exploring the Effects of Consumers′ Dissatisfaction Level on Complaint Behaviours,https://openalex.org/W2083699334,https://doi.org/10.1108/eum0000000000621,1991,article,169
European Journal of Marketing,Consumer knowledge and country of origin effects,https://openalex.org/W2122230723,https://doi.org/10.1108/03090569710157034,1997,article,181
European Journal of Marketing,The theoretical and philosophical underpinnings of relationship marketing,https://openalex.org/W1716635940,https://doi.org/10.1108/03090569610106617,1996,article,178
European Journal of Marketing,Consumer Behaviour: A European Perspective,https://openalex.org/W1518394269,https://doi.org/10.1108/ejm.1999.33.5_6.1.1,1999,article,177
European Journal of Marketing,Theory and measurement of consumer innovativeness,https://openalex.org/W1480804317,https://doi.org/10.1108/03090569810204634,1998,article,173
European Journal of Marketing,Marketing and competitive performance: an empirical study,https://openalex.org/W1983121270,https://doi.org/10.1108/03090569810216145,1998,article,173
European Journal of Marketing,Market orientation and corporate success: findings from Germany,https://openalex.org/W2076517367,https://doi.org/10.1108/03090569610130106,1996,article,172
European Journal of Marketing,Assessing the Innovativeness of Organizations and its Antecedents: Project Innovstrat,https://openalex.org/W2010534662,https://doi.org/10.1108/03090569410075812,1994,article,169
European Journal of Marketing,Competitive advantages in virtual markets ‐ perspectives of “information‐based marketing” in cyberspace,https://openalex.org/W1984869064,https://doi.org/10.1108/03090569810224010,1998,article,166
European Journal of Marketing,"Contingency relationships between entrepreneurship, export channel structure and environment",https://openalex.org/W1563000927,https://doi.org/10.1108/03090569510097574,1995,article,165
European Journal of Marketing,What is this thing called service?,https://openalex.org/W2041956529,https://doi.org/10.1108/03090569910285959,1999,article,165
European Journal of Marketing,Comparison of country of origin effects on household and organizational buyers′ product perceptions,https://openalex.org/W2007633472,https://doi.org/10.1108/03090569510145741,1995,article,164
European Journal of Marketing,An Empirical Investigation of the Differences between Initiating and Continuing Exporters,https://openalex.org/W2019846122,https://doi.org/10.1108/eum0000000000638,1992,article,164
European Journal of Marketing,A factor analytic study of the sources of meaning in hedonic consumption,https://openalex.org/W2037738341,https://doi.org/10.1108/03090569910253053,1999,article,164
European Journal of Marketing,Domain‐specific Market Segmentation,https://openalex.org/W2026028666,https://doi.org/10.1108/03090569410075786,1994,article,163
European Journal of Marketing,Going green in the service sector,https://openalex.org/W1515882339,https://doi.org/10.1108/03090569610118777,1996,article,159
European Journal of Marketing,An alternative view of relationship marketing: a framework for ethical analysis,https://openalex.org/W2074766714,https://doi.org/10.1108/03090569610106644,1996,article,159
European Journal of Marketing,A cultural analysis of Japanese tourists: challenges for tourism marketers,https://openalex.org/W2120570109,https://doi.org/10.1108/03090569910292348,1999,article,157
European Journal of Marketing,"The Four Ps of the Marketing Concept: Prescriptive, Polemical, Permanent and Problematical",https://openalex.org/W2002806979,https://doi.org/10.1108/03090569210012408,1992,article,156
European Journal of Marketing,"Market Exchange, Social Structures and Time",https://openalex.org/W2055191747,https://doi.org/10.1108/03090569410057317,1994,article,155
European Journal of Marketing,Consequences of high and low adaptive capability in UK companies,https://openalex.org/W2054993278,https://doi.org/10.1108/03090569710176619,1997,article,154
European Journal of Marketing,The network paradigm and the marketing organization,https://openalex.org/W1569918571,https://doi.org/10.1108/03090569510079916,1995,article,152
European Journal of Marketing,Postmodern Marketing?,https://openalex.org/W4243542639,https://doi.org/10.1108/03090569310038094,1993,article,147
European Journal of Marketing,An experimental approach to investigating satisfaction and continuity in marketing alliances,https://openalex.org/W2064774200,https://doi.org/10.1108/03090569510086620,1995,article,146
European Journal of Marketing,Export performance: success determinants for New Zealand manufacturing exporters,https://openalex.org/W2069009741,https://doi.org/10.1108/03090569810232273,1998,article,146
European Journal of Marketing,The difference between Chinese and Western negotiations,https://openalex.org/W2015781594,https://doi.org/10.1108/03090569810204652,1998,article,143
European Journal of Marketing,A dynamic approach to country‐of‐origin effect,https://openalex.org/W2022704900,https://doi.org/10.1108/03090569810197471,1998,article,141
European Journal of Marketing,The self‐concept and image congruence hypothesis,https://openalex.org/W1923966822,https://doi.org/10.1108/03090569810243749,1998,article,140
European Journal of Marketing,Differences in “cultural values” and theireffects on responses to marketing stimuli,https://openalex.org/W1507561461,https://doi.org/10.1108/03090569810232291,1998,article,138
European Journal of Marketing,Standardization versus adaptation of international advertising strategies: Towards a framework,https://openalex.org/W2035898662,https://doi.org/10.1108/03090569710176646,1997,article,138
European Journal of Marketing,"Corporate identity: the concept, its measurement and management",https://openalex.org/W2576155578,https://doi.org/10.1108/03090569710167574,1997,article,138
European Journal of Marketing,Success factors of line extensions of fast‐moving consumer goods,https://openalex.org/W2055517406,https://doi.org/10.1108/03090569910262044,1999,article,136
European Journal of Marketing,A Preliminary Investigation into Pre‐ and Post‐Purchase Risk Perception and Reduction,https://openalex.org/W2093946848,https://doi.org/10.1108/03090569410049181,1994,article,136
European Journal of Marketing,Towards a framework for managing corporate identity,https://openalex.org/W4248306452,https://doi.org/10.1108/03090569710167619,1997,article,134
European Journal of Marketing,Markets of a single customer: exploiting conceptual developments in market segmentation,https://openalex.org/W1978587267,https://doi.org/10.1108/03090569710190587,1997,article,132
European Journal of Marketing,Oral participation in retail service delivery: a comparison of the roles of contact personnel and customers,https://openalex.org/W2011958871,https://doi.org/10.1108/03090569610130052,1996,article,132
European Journal of Marketing,Brand recall and brand preference at sponsored golf and tennis tournaments,https://openalex.org/W2030074552,https://doi.org/10.1108/03090569910253198,1999,article,132
European Journal of Marketing,Approaches to small firm marketing,https://openalex.org/W1553892217,https://doi.org/10.1108/03090569810197417,1998,article,131
European Journal of Marketing,Early adopters of the Web as a retail medium: small company winners and losers,https://openalex.org/W2029833874,https://doi.org/10.1108/03090569810224038,1998,article,131
European Journal of Marketing,Successful and Unsuccessful Exporters from Developing Countries:,https://openalex.org/W1561329421,https://doi.org/10.1108/03090569410074237,1994,article,125
European Journal of Marketing,Marketing Standardisation by Multinationals in an Emerging Market,https://openalex.org/W2081438052,https://doi.org/10.1108/eum0000000000635,1991,article,123
European Journal of Marketing,Measuring market orientation in several populations,https://openalex.org/W1567691772,https://doi.org/10.1108/03090569810197408,1998,article,127
European Journal of Marketing,Dimensions of internationalisation of manufacturing firms in the apparel industry,https://openalex.org/W2019606315,https://doi.org/10.1108/03090569910249201,1999,article,127
European Journal of Marketing,A comparison of gender role portrayals in magazine advertising,https://openalex.org/W1532830632,https://doi.org/10.1108/03090569510100696,1995,article,122
European Journal of Marketing,Towards an ecological collaborative relationship management A “co‐opetive” perspective,https://openalex.org/W2024530376,https://doi.org/10.1108/03090569810243767,1998,article,120
European Journal of Marketing,Cultural domination: the key to market‐oriented culture?,https://openalex.org/W2062094116,https://doi.org/10.1108/03090569810204643,1998,article,120
European Journal of Marketing,An investigation into the targeting of UK export assistance,https://openalex.org/W2052349240,https://doi.org/10.1108/03090569510097565,1995,article,119
European Journal of Marketing,Responses to different charity appeals: the impact of donor characteristics on the amount of donations,https://openalex.org/W2051579160,https://doi.org/10.1108/03090569710176574,1997,article,118
European Journal of Marketing,Understanding corporate identity: the French school of thought,https://openalex.org/W2071527904,https://doi.org/10.1108/eb060638,1997,article,118
European Journal of Marketing,Consumer response to the preferred brand out‐of‐stock situation,https://openalex.org/W2016090261,https://doi.org/10.1108/03090569810243640,1998,article,116
European Journal of Marketing,What Occurs Once Consumers Complain? A Theoretical Model for Understanding Satisfaction/ Dissatisfaction Outcomes of Complaint Responses,https://openalex.org/W2052897116,https://doi.org/10.1108/03090569110140489,1991,article,113
European Journal of Marketing,Market segmentation for competitive brands,https://openalex.org/W2082045985,https://doi.org/10.1108/03090569610153291,1996,article,112
European Journal of Marketing,Image management in sport organisations: the creation of value,https://openalex.org/W2012168555,https://doi.org/10.1108/03090569910253224,1999,article,111
European Journal of Marketing,"Awareness, use and effectiveness of models and methods for new product development",https://openalex.org/W2144788485,https://doi.org/10.1108/03090569510098483,1995,article,110
European Journal of Marketing,Small firm performance: assessing the interaction between entrepreneurial style and organizational structure,https://openalex.org/W2063183167,https://doi.org/10.1108/03090569710190550,1997,article,109
European Journal of Marketing,Strategic analysis in political markets,https://openalex.org/W1965005222,https://doi.org/10.1108/03090569610149773,1996,article,108
European Journal of Marketing,The Perceived Usefulness of Export Information Sources,https://openalex.org/W1998719372,https://doi.org/10.1108/03090569310045889,1993,article,108
European Journal of Marketing,The Visual Components of Print Advertising: A Five‐country Cross‐cultural Analysis,https://openalex.org/W2136237546,https://doi.org/10.1108/03090569210012381,1992,article,108
European Journal of Marketing,Exchange relationships in consumer markets?,https://openalex.org/W1974532196,https://doi.org/10.1108/03090569910249157,1999,article,107
European Journal of Marketing,Salesforce performance and behaviour‐based management processes in business‐to‐business sales organizations,https://openalex.org/W2044243674,https://doi.org/10.1108/03090569810197480,1998,article,107
European Journal of Marketing,Setting socially responsible marketing objectives,https://openalex.org/W1605227588,https://doi.org/10.1108/03090569610118722,1996,article,106
European Journal of Marketing,INTQUAL ‐ an internal measure of service quality and the link between service quality and business performance,https://openalex.org/W2026567363,https://doi.org/10.1108/03090569710176600,1997,article,105
European Journal of Marketing,Information systems in marketing,https://openalex.org/W1536128002,https://doi.org/10.1108/03090569510075307,1995,article,103
European Journal of Marketing,The role of marketing,https://openalex.org/W1492090231,https://doi.org/10.1108/03090569510094982,1995,article,101
European Journal of Marketing,Consumption Situation and Product Knowledge in the Adoption of a New Product,https://openalex.org/W2004856915,https://doi.org/10.1108/03090569110000718,1991,article,100
European Journal of Marketing,The influence of culture on advertising effectiveness in China and the USA,https://openalex.org/W1508723435,https://doi.org/10.1108/03090569710157106,1997,article,98
European Journal of Marketing,Professional Ideology and Marketing Implementation,https://openalex.org/W1974129673,https://doi.org/10.1108/03090569210007792,1992,article,98
European Journal of Marketing,A Stakeholder Approach to Marketing Management Using the Value Exchange Models,https://openalex.org/W2086320388,https://doi.org/10.1108/03090569110003553,1991,article,97
European Journal of Marketing,Sponsorship: The Research Contribution,https://openalex.org/W1974170325,https://doi.org/10.1108/eum0000000000629,1991,article,95
European Journal of Marketing,Country‐of‐Origin Stereotyping: A Case Study in the New Zealand Motor Vehicle Industry,https://openalex.org/W2010899400,https://doi.org/10.1108/eum0000000000639,1992,article,94
European Journal of Marketing,The Consumer Rules?,https://openalex.org/W1555067862,https://doi.org/10.1108/03090569410057281,1994,article,93
European Journal of Marketing,Retailer Internationalization: An Empirical Inquiry,https://openalex.org/W1966185085,https://doi.org/10.1108/eum0000000000641,1992,article,90
European Journal of Marketing,Prioritising the Sponsorship Audience,https://openalex.org/W1991987630,https://doi.org/10.1108/eum0000000000628,1991,article,89
European Journal of Marketing,Political marketing and party development in Britain,https://openalex.org/W1520323977,https://doi.org/10.1108/03090569610149818,1996,article,94
European Journal of Marketing,Consumer ethics in cross‐cultural settings,https://openalex.org/W1591688142,https://doi.org/10.1108/03090569510095017,1995,article,92
European Journal of Marketing,Cross‐national Evaluation of Made‐in Concept Using Multiple Cues,https://openalex.org/W2063169230,https://doi.org/10.1108/03090569310040343,1993,article,89
European Journal of Marketing,Cognitive Style and Personal Involvement as Explicators of Innovative Purchasing of ″Healthy″ Food Brands,https://openalex.org/W2011465952,https://doi.org/10.1108/03090569310026376,1993,article,88
European Journal of Marketing,Tacit knowledge and the epistemology of expertise in strategic marketing management,https://openalex.org/W1973255771,https://doi.org/10.1108/03090569910274348,1999,article,86
European Journal of Marketing,Assessing Marketing in Small and Medium‐sized Enterprises,https://openalex.org/W2070314254,https://doi.org/10.1108/eum0000000003872,1994,article,86
European Journal of Marketing,The elderly consumer and non‐food purchase behaviour,https://openalex.org/W2078810816,https://doi.org/10.1108/03090569510080941,1995,article,86
European Journal of Marketing,"How now, mad‐cow? Consumer confidence and source credibility during the 1996 BSE scare",https://openalex.org/W1984916086,https://doi.org/10.1108/03090569910292294,1999,article,84
European Journal of Marketing,Factors affecting consumers’ “Webad” visits,https://openalex.org/W2124256632,https://doi.org/10.1108/03090569810224128,1998,article,84
European Journal of Marketing,World Wide Web banner advertisement copy testing,https://openalex.org/W1989383496,https://doi.org/10.1108/03090569810224092,1998,article,83
European Journal of Marketing,Taiwanese Consumers’ Perceptions of Product Information Cues,https://openalex.org/W1543613276,https://doi.org/10.1108/03090569410049163,1994,article,82
European Journal of Marketing,Decision Making and Habit in Shopping Times,https://openalex.org/W2049427026,https://doi.org/10.1108/03090569410061196,1994,article,82
European Journal of Marketing,Managing Quality in Business‐to‐business Services,https://openalex.org/W2065411838,https://doi.org/10.1108/03090569310024512,1993,article,82
European Journal of Marketing,Applications of impression management and the drama metaphor in marketing: an introduction,https://openalex.org/W2078772535,https://doi.org/10.1108/03090569610130061,1996,article,81
European Journal of Marketing,Market segmentation: organizational archetypes and research agendas,https://openalex.org/W1971222822,https://doi.org/10.1108/03090569710157016,1997,article,80
European Journal of Marketing,Marketing ethics: is there more to it than the utilitarian approach?,https://openalex.org/W1982531852,https://doi.org/10.1108/03090569610118713,1996,article,78
European Journal of Marketing,Global Corporate Philanthropy – Marketing Beyond the Call of Duty?,https://openalex.org/W1979095104,https://doi.org/10.1108/eum0000000000651,1993,article,76
European Journal of Marketing,"Consumers′ Attitudes towards Marketing Practices, Consumerism and Government Regulations: Cross‐national Perspectives",https://openalex.org/W1990859840,https://doi.org/10.1108/03090569010137934,1990,article,70
European Journal of Marketing,Factors affecting consumer perceptions on product safety,https://openalex.org/W2087607956,https://doi.org/10.1108/03090569910285841,1999,article,80
European Journal of Marketing,Public event networks: an application of marketing theory to sporting events,https://openalex.org/W2111951158,https://doi.org/10.1108/03090569910253189,1999,article,80
European Journal of Marketing,The effect of pretest method on error detection rates,https://openalex.org/W1483229491,https://doi.org/10.1108/03090569810216091,1998,article,79
European Journal of Marketing,Cybermarketscapes and consumer freedoms and identities,https://openalex.org/W2167353423,https://doi.org/10.1108/03090569810224065,1998,article,79
European Journal of Marketing,Visual identity: trappings or substance?,https://openalex.org/W4243137995,https://doi.org/10.1108/03090569710167592,1997,article,79
European Journal of Marketing,The market orientation of Chinese enterprises during a time of transition,https://openalex.org/W2036991010,https://doi.org/10.1108/03090569910262279,1999,article,78
European Journal of Marketing,Marketing as Multiplex: Screening Postmodernism,https://openalex.org/W1982223617,https://doi.org/10.1108/03090569410067631,1994,article,75
European Journal of Marketing,Marketing Research Activity and Company Performance: Evidence from Manufacturing Industry,https://openalex.org/W2013562886,https://doi.org/10.1108/03090569310039723,1993,article,74
European Journal of Marketing,The role of matching in the foreign market entry process in the Baltic States,https://openalex.org/W2133740967,https://doi.org/10.1108/03090569610106671,1996,article,74
European Journal of Marketing,The Role of Geodemographics in Segmenting and Targeting Consumer Markets,https://openalex.org/W1504362025,https://doi.org/10.1108/03090569410062032,1994,article,73
European Journal of Marketing,Consensus and collaboration: norm‐regulated behaviour in industrial marketing relationships,https://openalex.org/W2074066914,https://doi.org/10.1108/03090569710190569,1997,article,73
European Journal of Marketing,American marketing in the European Union,https://openalex.org/W2076376920,https://doi.org/10.1108/03090569510102513,1995,article,73
European Journal of Marketing,Confirmatory compositional approaches to the development of product spaces,https://openalex.org/W2084899767,https://doi.org/10.1108/03090569610107418,1996,article,73
European Journal of Marketing,Market segmentation: normative model versus business reality,https://openalex.org/W1605090487,https://doi.org/10.1108/03090569610121665,1996,article,72
European Journal of Marketing,Mail survey response behavior,https://openalex.org/W1495864704,https://doi.org/10.1108/03090569810243776,1998,article,71
European Journal of Marketing,Conceptualizing total quality orientation,https://openalex.org/W1975551721,https://doi.org/10.1108/03090569810197390,1998,article,71
European Journal of Marketing,The partner selection process in international joint ventures,https://openalex.org/W2038543987,https://doi.org/10.1108/03090569910292276,1999,article,71
European Journal of Marketing,Hunt versus Anderson: Round 16,https://openalex.org/W2108356163,https://doi.org/10.1108/03090569410057272,1994,article,71
European Journal of Marketing,International Positioning: Japanese Department Stores in Hong Kong,https://openalex.org/W1965752627,https://doi.org/10.1108/eum0000000000645,1992,article,70
European Journal of Marketing,Adding value to service offerings: the case of UK retail financial services,https://openalex.org/W2002217619,https://doi.org/10.1108/03090569810243730,1998,article,70
European Journal of Marketing,Foreign Language Ability and International Marketing,https://openalex.org/W2042143529,https://doi.org/10.1108/eum0000000000634,1991,article,69
European Journal of Marketing,On‐line focus groups: conceptual issues and a research tool,https://openalex.org/W2064919968,https://doi.org/10.1108/03090569810224100,1998,article,69
European Journal of Marketing,Interpretative Methodology from Art and Literary Criticism: A Humanistic Approach to Advertising Imagery,https://openalex.org/W2170395752,https://doi.org/10.1108/03090569410067659,1994,article,68
European Journal of Marketing,Idea Generation: Identifying the Most Useful Techniques,https://openalex.org/W2027037135,https://doi.org/10.1108/03090569010140228,1990,article,67
European Journal of Marketing,Social propaganda and social marketing: a critical difference?,https://openalex.org/W2040549376,https://doi.org/10.1108/03090569610149791,1996,article,67
European Journal of Marketing,The effect of odd pricing on demand,https://openalex.org/W2056347119,https://doi.org/10.1108/03090569710190541,1997,article,67
European Journal of Marketing,Marketing high‐tech products: the emerging themes,https://openalex.org/W2013908051,https://doi.org/10.1108/03090569510098492,1995,article,65
European Journal of Marketing,Consumer Behaviour as an Evolutionary Process,https://openalex.org/W2035705372,https://doi.org/10.1108/03090569310042936,1993,article,65
European Journal of Marketing,The Internationalisation of the Advertising Industry,https://openalex.org/W2057540942,https://doi.org/10.1108/eum0000000000599,1990,article,65
European Journal of Marketing,Identifying Consumer Dissatisfaction Response Styles: An Agenda for Future Research,https://openalex.org/W1986521022,https://doi.org/10.1108/03090569010140516,1990,article,63
European Journal of Marketing,An Institutional Theory of Exchange in Marketing,https://openalex.org/W2013191730,https://doi.org/10.1108/03090569210022489,1992,article,63
European Journal of Marketing,Marketing Concepts and Actions: Implementing Marketing‐led Strategic Change,https://openalex.org/W2032566969,https://doi.org/10.1108/03090569010141641,1990,article,63
European Journal of Marketing,Theoretical and Practical Issues in the Determination of Market Boundaries,https://openalex.org/W1987985589,https://doi.org/10.1108/eum0000000000600,1990,article,62
European Journal of Marketing,US Pleasure Travellers′ Perceptions of Selected European Destinations,https://openalex.org/W2084983811,https://doi.org/10.1108/03090569210016594,1992,article,61
European Journal of Marketing,Neural Networks in Marketing: Modelling Consumer Responses to Advertising Stimuli,https://openalex.org/W2063915407,https://doi.org/10.1108/03090569310040325,1993,article,62
European Journal of Marketing,A Behaviourist Perspective on Purchase and Consumption,https://openalex.org/W1974058395,https://doi.org/10.1108/03090569310042891,1993,article,61
European Journal of Marketing,"The effects of environmental dynamism and heterogeneity on salespeople’s role perceptions, performance and job satisfaction",https://openalex.org/W2013646331,https://doi.org/10.1108/03090569610123816,1996,article,61
European Journal of Marketing,Personal selling constructs and measures: emic versus etic approaches to cross‐national research,https://openalex.org/W1994205735,https://doi.org/10.1108/03090569610123852,1996,article,60
European Journal of Marketing,Raiding the postmodern pantry,https://openalex.org/W1488550511,https://doi.org/10.1108/03090569710162344,1997,article,59
European Journal of Marketing,A contingency model of marketing information,https://openalex.org/W2023138701,https://doi.org/10.1108/03090569810197525,1998,article,59
European Journal of Marketing,Examining the antecedents and consequences of salesperson job stress,https://openalex.org/W2124436544,https://doi.org/10.1108/03090569710190532,1997,article,59
European Journal of Marketing,The Role of Product Cues in Assessing Risk in Second‐hand Markets,https://openalex.org/W1972785593,https://doi.org/10.1108/eum0000000000623,1991,article,58
European Journal of Marketing,Marketing Strategy Typologies in Hungary,https://openalex.org/W1976992263,https://doi.org/10.1108/eum0000000000656,1993,article,58
European Journal of Marketing,Conjoint experiments for direct mail response optimization,https://openalex.org/W2028130944,https://doi.org/10.1108/03090569810204625,1998,article,58
European Journal of Marketing,Generic products: who buys them and how do they perform relative to each other?,https://openalex.org/W2076847619,https://doi.org/10.1108/03090569710157070,1997,article,58
European Journal of Marketing,Export of Industrial Goods to Europe: The Case of Large Taiwanese Firms,https://openalex.org/W2046822787,https://doi.org/10.1108/eum0000000000624,1991,article,56
European Journal of Marketing,Market Development Using New Products and New Customers: A Role for Perceived Risk,https://openalex.org/W2087741039,https://doi.org/10.1108/03090569310026385,1993,article,56
European Journal of Marketing,Identification and Management of Key Clients,https://openalex.org/W2078220492,https://doi.org/10.1108/03090569210014370,1992,article,54
European Journal of Marketing,Marketing Approaches in Bulgaria,https://openalex.org/W2079025850,https://doi.org/10.1108/eum0000000000653,1993,article,54
European Journal of Marketing,International Marketing Ethics: Problems Encountered by Australian Firms,https://openalex.org/W2083600991,https://doi.org/10.1108/03090569010005787,1990,article,51
European Journal of Marketing,The interaction of message framing and felt involvement in the context of cell phone commercials,https://openalex.org/W1965580046,https://doi.org/10.1108/03090569910249247,1999,article,57
European Journal of Marketing,Franchise relationship quality: micro‐economic explanations,https://openalex.org/W2098540945,https://doi.org/10.1108/03090569910285751,1999,article,56
European Journal of Marketing,A dramaturgical view of the health care service encounter,https://openalex.org/W1531560828,https://doi.org/10.1108/03090569610130043,1996,article,55
European Journal of Marketing,Export stimulation,https://openalex.org/W2004982066,https://doi.org/10.1108/03090569510097538,1995,article,55
European Journal of Marketing,Marketing science in a postmodern world: introduction to the special issue,https://openalex.org/W2001619249,https://doi.org/10.1108/03090569710162308,1997,article,52
European Journal of Marketing,Distribution Strategies of European Retailers,https://openalex.org/W2021465646,https://doi.org/10.1108/eum0000000000643,1992,article,52
European Journal of Marketing,Networking when national boundaries dissolve,https://openalex.org/W2043172945,https://doi.org/10.1108/03090569610106653,1996,article,50
European Journal of Marketing,Sponsorship and the Drinks Industry in the 1990s,https://openalex.org/W2000376886,https://doi.org/10.1108/eum0000000000631,1991,article,49
European Journal of Marketing,Polarising Trends in Female Role Portrayals in UK Advertising,https://openalex.org/W2072196290,https://doi.org/10.1108/03090569010003482,1990,article,48
European Journal of Marketing,"Historical, Descriptive and Strategic Perspectives on the Construct of Product Commitment",https://openalex.org/W2097972715,https://doi.org/10.1108/03090569110003193,1991,article,48
European Journal of Marketing,Marketing Planning in the Public and Non‐profit Sectors,https://openalex.org/W1975775336,https://doi.org/10.1108/03090569010006759,1990,article,47
European Journal of Marketing,Female Body‐shape in Print Advertisements and the Increase in Anorexia Nervosa,https://openalex.org/W2003703017,https://doi.org/10.1108/03090569410074246,1994,article,47
European Journal of Marketing,Marketing – in Chaos or Transition?,https://openalex.org/W2037200476,https://doi.org/10.1108/03090569410057290,1994,article,47
European Journal of Marketing,Retail Buyers and their Fresh Produce Suppliers: A Power or Dependency Scenario in the UK?,https://openalex.org/W2011536099,https://doi.org/10.1108/03090569110004769,1991,article,45
European Journal of Marketing,Small business participation in the global economy,https://openalex.org/W2029053035,https://doi.org/10.1108/03090569910249184,1999,article,49
European Journal of Marketing,"Interfaces for resolving marketing, manufacturing and design conflicts",https://openalex.org/W1562885593,https://doi.org/10.1108/03090569810197499,1998,article,47
European Journal of Marketing,Expertise effects on prechoice decision processes and final outcomes,https://openalex.org/W1586133615,https://doi.org/10.1108/03090569810216181,1998,article,47
European Journal of Marketing,Science and interpretation in consumer research: a radical behaviourist perspective,https://openalex.org/W1984377326,https://doi.org/10.1108/03090569510092010,1995,article,47
European Journal of Marketing,High‐tech NPD success through faster overseas launch,https://openalex.org/W1999378616,https://doi.org/10.1108/03090569610130115,1996,article,47
European Journal of Marketing,The Importance of Labelling Examined in Food Marketing,https://openalex.org/W1990281799,https://doi.org/10.1108/03090569410055283,1994,article,46
European Journal of Marketing,Marketing politics to voters: late deciders in the 1992 British election,https://openalex.org/W2023894300,https://doi.org/10.1108/03090569610149845,1996,article,46
European Journal of Marketing,Sourcing of Industrial Products: Regiocentric Orientation of Chinese Organizational Buyers,https://openalex.org/W1969849323,https://doi.org/10.1108/03090569210014406,1992,article,45
European Journal of Marketing,Analysing Distribution Channel Dynamics: Loose and Tight Coupling in Distribution Networks,https://openalex.org/W2023613847,https://doi.org/10.1108/03090569210010031,1992,article,45
European Journal of Marketing,Moving the drama into the factory: the contribution of metaphors to services research,https://openalex.org/W2080809413,https://doi.org/10.1108/03090569610130025,1996,article,45
European Journal of Marketing,"Saudi consumers’ attitudes towards European, US and Japanese products and marketing practices",https://openalex.org/W1984121373,https://doi.org/10.1108/03090569710176628,1997,article,44
European Journal of Marketing,Ethical issues in insurance marketing in the UK,https://openalex.org/W2050855721,https://doi.org/10.1108/03090569610118786,1996,article,44
European Journal of Marketing,Constraints on the Adoption of the Marketing Concept: The Case of the Former Soviet Union,https://openalex.org/W2072789930,https://doi.org/10.1108/eum0000000000652,1993,article,44
European Journal of Marketing,The adoption of information technology in customer service,https://openalex.org/W1983241138,https://doi.org/10.1108/03090569610121674,1996,article,43
European Journal of Marketing,Solving marketing optimization problems using genetic algorithms,https://openalex.org/W1989807234,https://doi.org/10.1108/03090569510086648,1995,article,43
European Journal of Marketing,The identification and satisfaction of consumer analysis‐driven information needs of marketers on the WWW,https://openalex.org/W1998240134,https://doi.org/10.1108/03090569810224083,1998,article,43
European Journal of Marketing,"Internationalization, Internalization, or a New Theory for Small, Low‐technology Multinational Enterprise?",https://openalex.org/W2004069488,https://doi.org/10.1108/eum0000000000648,1992,article,43
European Journal of Marketing,Evaluating alternative segmentation strategies in standard industrial markets,https://openalex.org/W2069205794,https://doi.org/10.1108/03090569510080950,1995,article,43
European Journal of Marketing,Understanding corporate identity: the French school of thought,https://openalex.org/W2599177655,https://doi.org/10.1108/03090569710167600,1997,article,43
European Journal of Marketing,Design of a Marketing Information System: Useful Paradigms,https://openalex.org/W1987870522,https://doi.org/10.1108/03090569110136303,1991,article,41
European Journal of Marketing,Cautious Incremental Consumption: A Neglected Consumer Risk Reduction Strategy,https://openalex.org/W1996258854,https://doi.org/10.1108/03090569110144197,1991,article,40
European Journal of Marketing,“The Voice of the Consumer?”: Speculations on the Limits to the Marketing Analogy,https://openalex.org/W1969819663,https://doi.org/10.1108/03090569010002131,1990,article,38
European Journal of Marketing,"The Marketing Concept – Necessary, but Sufficient? An Environmental View",https://openalex.org/W2051893196,https://doi.org/10.1108/eum0000000000612,1990,article,38
European Journal of Marketing,The Influence of Environmental Change on the Marketing Practices of Building Societies,https://openalex.org/W1988870319,https://doi.org/10.1108/03090569010136881,1990,article,37
European Journal of Marketing,Enhancing the performance of marketing managers,https://openalex.org/W1543839764,https://doi.org/10.1108/03090569810216172,1998,article,42
European Journal of Marketing,The principal’s and agents’ contribution to customer loyalty within an integrated service distribution channel,https://openalex.org/W1544572390,https://doi.org/10.1108/03090569710176637,1997,article,42
European Journal of Marketing,Advertising client‐agency relationships,https://openalex.org/W1518732532,https://doi.org/10.1108/03090569610130089,1996,article,41
European Journal of Marketing,Personal construct psychology and personal selling performance,https://openalex.org/W2033523279,https://doi.org/10.1108/03090569610123807,1996,article,41
European Journal of Marketing,Examining the antecedents of sales organization effectiveness: an Australian study,https://openalex.org/W2042320356,https://doi.org/10.1108/03090569910285878,1999,article,41
European Journal of Marketing,Image of suburban shopping malls and two‐stage versus uni‐equational modelling of the retail trade attraction,https://openalex.org/W1482227017,https://doi.org/10.1108/03090569910262071,1999,article,40
European Journal of Marketing,The relationship of political marketing to political lobbying,https://openalex.org/W1510091135,https://doi.org/10.1108/03090569610149809,1996,article,40
European Journal of Marketing,Use of expert systems in international marketing,https://openalex.org/W1556854421,https://doi.org/10.1108/03090569710157043,1997,article,40
European Journal of Marketing,The behavioural perspective model,https://openalex.org/W1594858573,https://doi.org/10.1108/03090569910262143,1999,article,40
European Journal of Marketing,A case for more integrative multi‐disciplinary marketing education,https://openalex.org/W2115018773,https://doi.org/10.1108/03090569810232255,1998,article,40
European Journal of Marketing,The relationship between advertising and content provision on the Internet,https://openalex.org/W2051227992,https://doi.org/10.1108/03090569810224074,1998,article,39
European Journal of Marketing,Do service and merchandiseexporters behave andperform differently?,https://openalex.org/W1497149500,https://doi.org/10.1108/03090569810232282,1998,article,38
European Journal of Marketing,What Should Time Be?,https://openalex.org/W1974473115,https://doi.org/10.1108/03090569410067604,1994,article,38
European Journal of Marketing,Integration and Effectiveness of Marketing Information Systems,https://openalex.org/W2002573698,https://doi.org/10.1108/03090569310024567,1993,article,37
European Journal of Marketing,Cross‐cultural Effects of Price on Perceived Product Quality,https://openalex.org/W2042052475,https://doi.org/10.1108/03090569210016585,1992,article,37
European Journal of Marketing,Computer applications – a new road to qualitative data analysis?,https://openalex.org/W2070113423,https://doi.org/10.1108/03090569510147613,1995,article,37
European Journal of Marketing,"The effects of organizational formalization on organizational commitment and work alienation in US, Japanese and Korean industrial salesforces",https://openalex.org/W2078923073,https://doi.org/10.1108/03090569610123799,1996,article,37
European Journal of Marketing,Export marketing: conceptual and empirical developments,https://openalex.org/W2084217661,https://doi.org/10.1108/03090569510097529,1995,article,37
European Journal of Marketing,The Relationship between Exporters from a Developing Country and Importers based in a Developed Country: Conflict Considerations,https://openalex.org/W2040542480,https://doi.org/10.1108/03090569110004183,1991,article,35
European Journal of Marketing,Effective Marketing in Taiwan: Profiles of the Top Performers,https://openalex.org/W2040735516,https://doi.org/10.1108/eum0000000000636,1992,article,35
European Journal of Marketing,Marketing Strategies between Dumping and Anti‐dumping Action,https://openalex.org/W2006827098,https://doi.org/10.1108/eum0000000000632,1991,article,34
European Journal of Marketing,Pricing in the Australian Wine Industry,https://openalex.org/W2116552583,https://doi.org/10.1108/eum0000000000603,1990,article,33
European Journal of Marketing,Commentary,https://openalex.org/W1973970245,https://doi.org/10.1108/03090569910274311,1999,article,38
European Journal of Marketing,Professional judgment and the predicaments of practice,https://openalex.org/W2074509135,https://doi.org/10.1108/03090569910274339,1999,article,38
European Journal of Marketing,Understanding the marketing concept as organizational culture,https://openalex.org/W2039296346,https://doi.org/10.1108/03090569710157089,1997,article,37
European Journal of Marketing,Gathering and using information for the selection of trading partners,https://openalex.org/W2002863941,https://doi.org/10.1108/03090569910249210,1999,article,36
European Journal of Marketing,Model for market segments evaluation and selection,https://openalex.org/W2091763229,https://doi.org/10.1108/03090569610118830,1996,article,36
European Journal of Marketing,A Comparative Analysis of New Product Programmes:,https://openalex.org/W1545936633,https://doi.org/10.1108/03090569410064436,1994,article,35
European Journal of Marketing,Use of foreign language and models in print advertisements in East Asian countries,https://openalex.org/W1548215297,https://doi.org/10.1108/03090569510086639,1995,article,35
European Journal of Marketing,Turkish industrial purchasing managers’ perceptions of foreign and national industrial suppliers,https://openalex.org/W2047251060,https://doi.org/10.1108/03090569610130070,1996,article,35
European Journal of Marketing,Beyond ethnography,https://openalex.org/W2060492108,https://doi.org/10.1108/03090569710162362,1997,article,35
European Journal of Marketing,Brand Pricing in a Recession,https://openalex.org/W2075437914,https://doi.org/10.1108/03090569210010004,1992,article,34
European Journal of Marketing,A Comparative Study of Product Launch and Elimination Decisions in UK and US Companies,https://openalex.org/W2089249470,https://doi.org/10.1108/03090569410055256,1994,article,34
European Journal of Marketing,The Co‐ordinated Management of Meaning: A Case Exemplar of a New Consumer Research Technology,https://openalex.org/W1972413168,https://doi.org/10.1108/03090569410067640,1994,article,33
European Journal of Marketing,The market positioning of British medical charities,https://openalex.org/W2021811311,https://doi.org/10.1108/03090569510098474,1995,article,33
European Journal of Marketing,Public Relations: A Rationale for Its Development and Usage within UK Fast moving Consumer Goods Firms:,https://openalex.org/W1966769530,https://doi.org/10.1108/03090569310040352,1993,article,32
European Journal of Marketing,Advertising Agency/Client Relationships in an Advanced Developing Country,https://openalex.org/W1984510900,https://doi.org/10.1108/03090569410049145,1994,article,32
European Journal of Marketing,In Search of Excellent Sales Organizations,https://openalex.org/W2000057561,https://doi.org/10.1108/03090569210007765,1992,article,32
European Journal of Marketing,Consumer Sentiment in Australia: A Replication and Cross‐national Comparison,https://openalex.org/W2017976190,https://doi.org/10.1108/03090569010137745,1990,article,32
European Journal of Marketing,"Government Organisations and their Customers in The Netherlands: Strategy, Tactics and Operations",https://openalex.org/W2026575040,https://doi.org/10.1108/eum0000000000610,1990,article,32
European Journal of Marketing,Internationalization of Retailing: Developing New Perspectives,https://openalex.org/W2030886358,https://doi.org/10.1108/eum0000000000646,1992,article,32
European Journal of Marketing,Speed to Global Markets: An Empirical Prediction of New Product Success in the Ethical Pharmaceutical Industry,https://openalex.org/W2052493921,https://doi.org/10.1108/03090569410075803,1994,article,32
European Journal of Marketing,Project Dropstrat: What Factors Do Managers Consider in Deciding Whether to Drop a Product?,https://openalex.org/W2095892019,https://doi.org/10.1108/03090569310038102,1993,article,32
European Journal of Marketing,The Brand‐naming Enigma in the Asia Pacific Context,https://openalex.org/W2093110790,https://doi.org/10.1108/eum0000000000611,1990,article,30
European Journal of Marketing,″Project Dropstrat″: Product Elimination and the Product Life Cycle Concept,https://openalex.org/W2025403932,https://doi.org/10.1108/eum0000000000616,1990,article,29
European Journal of Marketing,Ownership decisions in plural contractual systems,https://openalex.org/W1607589002,https://doi.org/10.1108/03090569910249175,1999,article,33
European Journal of Marketing,A contingency analysis of the impact of salesperson’s effort on satisfaction and performance in selling new products,https://openalex.org/W2036793912,https://doi.org/10.1108/03090569810232345,1998,article,33
European Journal of Marketing,New interactive media: experts’ perceptions of opportunities and threats for existing businesses,https://openalex.org/W2150906808,https://doi.org/10.1108/03090569810224029,1998,article,33
European Journal of Marketing,Advertising comedy in electronic drama,https://openalex.org/W1519401171,https://doi.org/10.1108/03090569610130034,1996,article,31
European Journal of Marketing,Playing the part,https://openalex.org/W1574807893,https://doi.org/10.1108/03090569910262189,1999,article,31
European Journal of Marketing,Power and influence in the buying centre,https://openalex.org/W2013417482,https://doi.org/10.1108/03090569910292320,1999,article,31
European Journal of Marketing,The impact of economic liberalization on marketing practices in the People′s Republic of China,https://openalex.org/W2013984694,https://doi.org/10.1108/03090569510080923,1995,article,31
European Journal of Marketing,"Time, temporality and consumer behaviour",https://openalex.org/W1519044629,https://doi.org/10.1108/03090569810243622,1998,article,30
European Journal of Marketing,Evidence for Turkish industrial salespeople,https://openalex.org/W1950771588,https://doi.org/10.1108/03090569610105771,1996,article,30
European Journal of Marketing,Industrial Product Elimination Decisions: Some Complex Issues,https://openalex.org/W1995125561,https://doi.org/10.1108/03090569310038111,1993,article,30
European Journal of Marketing,Service Organization Selection: A Cross‐cultural Analysis of the Role of Involvement,https://openalex.org/W2008803568,https://doi.org/10.1108/03090569310026844,1993,article,30
European Journal of Marketing,Choice criteria in the selection of international accounting firms,https://openalex.org/W2066638419,https://doi.org/10.1108/03090569510075325,1995,article,30
European Journal of Marketing,The odd couple: marketing and Maggie,https://openalex.org/W2085028892,https://doi.org/10.1108/03090569610149836,1996,article,30
European Journal of Marketing,Innovation and Evolution in UK Retailing: The Retail Warehouse,https://openalex.org/W3124571953,https://doi.org/10.1108/03090569010135927,1990,article,27
European Journal of Marketing,Constituent Analysis: A Paradigm for Marketing Effectiveness in the Not‐for‐profit Organisation,https://openalex.org/W2038910437,https://doi.org/10.1108/03090569010139266,1990,article,26
European Journal of Marketing,Kotler is dead!,https://openalex.org/W2029124937,https://doi.org/10.1108/03090569710162399,1997,article,29
European Journal of Marketing,A typology of consumption based on ethnic origin and media usage,https://openalex.org/W2082900640,https://doi.org/10.1108/03090569810232318,1998,article,29
European Journal of Marketing,Assessing organizational attributes contributing to marketing excellence in American professional sport franchises,https://openalex.org/W2009698320,https://doi.org/10.1108/03090569910253080,1999,article,28
European Journal of Marketing,Marketing in Romania: The Challenges of the Transition from a Centrally‐planned Economy to a Consumer‐oriented Economy,https://openalex.org/W2025182237,https://doi.org/10.1108/eum0000000000657,1993,article,28
European Journal of Marketing,Pre‐purchase satisfaction and first‐time buyer behaviour: some preliminary evidence,https://openalex.org/W2072272723,https://doi.org/10.1108/03090569710190578,1997,article,28
European Journal of Marketing,Feline consumption,https://openalex.org/W4245384648,https://doi.org/10.1108/03090569710162335,1997,article,28
European Journal of Marketing,Soliciting unsolicited export orders,https://openalex.org/W1592804414,https://doi.org/10.1108/03090569510097547,1995,article,27
European Journal of Marketing,Emerging Trends in Export Channel Strategy: An Investigation of Hong Kong and Singaporean Firms,https://openalex.org/W1987034548,https://doi.org/10.1108/eum0000000000637,1992,article,27
European Journal of Marketing,Getting doctored: a proposed model of marketing doctoral student socialization,https://openalex.org/W2017291776,https://doi.org/10.1108/03090569910274366,1999,article,27
European Journal of Marketing,Developing Combinations of Message Appeals for Campaign Management,https://openalex.org/W2068627051,https://doi.org/10.1108/03090569310024558,1993,article,27
European Journal of Marketing,Sources of Competitive Advantage in the Marketing of Technology‐intensive Products and Processes,https://openalex.org/W2072325655,https://doi.org/10.1108/03090569210022452,1992,article,27
European Journal of Marketing,Modelling customer satisfaction in Telecom New Zealand,https://openalex.org/W2073203924,https://doi.org/10.1108/03090569710157098,1997,article,27
European Journal of Marketing,The Rise and Fall of the Copy Point,https://openalex.org/W1511620613,https://doi.org/10.1108/03090569410075759,1994,article,26
European Journal of Marketing,Political marketing: an information‐economic analysis,https://openalex.org/W1977055976,https://doi.org/10.1108/03090569610149863,1996,article,26
European Journal of Marketing,The Marketing‐Finance Interface,https://openalex.org/W1987319266,https://doi.org/10.1108/03090569010005228,1990,article,25
European Journal of Marketing,A Comparative Study of Operational Marketing Practices among British Department Stores and Supermarkets,https://openalex.org/W2072237688,https://doi.org/10.1108/03090569210014389,1992,article,25
European Journal of Marketing,"High Priesthood, Low Priestcraft: The Role of Political Consultants",https://openalex.org/W2086199451,https://doi.org/10.1108/03090569010145430,1990,article,25
European Journal of Marketing,International versus Domestic Marketing: Four Conceptual Perspectives,https://openalex.org/W1980929994,https://doi.org/10.1108/03090569010141579,1990,article,24
European Journal of Marketing,Consumer Acquisition Patterns for Durable Goods: A Rasch Analysis,https://openalex.org/W2047708695,https://doi.org/10.1108/eum0000000000613,1990,article,24
European Journal of Marketing,The Evolution of Marketing Theory in the United States and Europe,https://openalex.org/W2077704835,https://doi.org/10.1108/03090569110145150,1991,article,24
European Journal of Marketing,Advertising in China: Viability and Structure,https://openalex.org/W1968037704,https://doi.org/10.1108/03090569010140679,1990,article,23
European Journal of Marketing,Industrial Risk Reduction in the Purchase of Microcomputers by Small Businesses,https://openalex.org/W2025062791,https://doi.org/10.1108/03090569010003617,1990,article,23
European Journal of Marketing,Salespersons’ perceptions about sales contests,https://openalex.org/W1584983426,https://doi.org/10.1108/03090569510102496,1995,article,26
European Journal of Marketing,A polemic,https://openalex.org/W1995559445,https://doi.org/10.1108/03090569910274320,1999,article,26
European Journal of Marketing,Marketing in medium‐sized manufacturing firms,https://openalex.org/W1532039976,https://doi.org/10.1108/03090569910249193,1999,article,25
European Journal of Marketing,Marketing ‐ the whore of Babylon?,https://openalex.org/W2055353864,https://doi.org/10.1108/03090569710179959,1997,article,25
European Journal of Marketing,The growth of the political marketing industry and the California initiative process,https://openalex.org/W2077673459,https://doi.org/10.1108/03090569610149872,1996,article,25
European Journal of Marketing,Competitive Reactions to Product Quality Improvements in Industrial Markets,https://openalex.org/W2129581770,https://doi.org/10.1108/03090569410074255,1994,article,25
European Journal of Marketing,“Postmodern” versus “long‐standing” cultural narratives in consumer behavior: an empirical study of NetGirl online,https://openalex.org/W2036629859,https://doi.org/10.1108/03090569810224047,1998,article,24
European Journal of Marketing,Deriving an operational measure of corporate identity,https://openalex.org/W4231700051,https://doi.org/10.1108/03090569710167628,1997,article,24
European Journal of Marketing,Negotiation differences between two diverse cultures,https://openalex.org/W1572924082,https://doi.org/10.1108/03090569610118812,1996,article,23
European Journal of Marketing,Using Information to Enhance Competitive Advantage – The Marketing Options,https://openalex.org/W1989076843,https://doi.org/10.1108/03090569110000664,1991,article,23
European Journal of Marketing,An Exploration of the Quantity Surcharge Concept in Greece,https://openalex.org/W1995101959,https://doi.org/10.1108/03090569310045852,1993,article,23
European Journal of Marketing,Tactical publicity or strategic relationship management? An exploratory investigation of the role of public relations in the UK retail sector,https://openalex.org/W2022903137,https://doi.org/10.1108/03090569610153318,1996,article,23
European Journal of Marketing,Retail Internationalization: Contingency and Context?,https://openalex.org/W2060787345,https://doi.org/10.1108/eum0000000000642,1992,article,23
European Journal of Marketing,Values and Consumption Patterns: A Comparison between Rural and Urban Consumers in Western Germany,https://openalex.org/W1991555218,https://doi.org/10.1108/eum0000000000633,1991,article,22
European Journal of Marketing,Successful Product Innovation in UK and US Firms,https://openalex.org/W1999650190,https://doi.org/10.1108/03090569010137439,1990,article,22
European Journal of Marketing,On the Reliability of Psychographic Research: Encouraging Signs for Measurement Accuracy and Methodology in Consumer Research,https://openalex.org/W2070079875,https://doi.org/10.1108/eum0000000000601,1990,article,22
European Journal of Marketing,Stakeholders in a hybrid market: the example of air business passenger travel,https://openalex.org/W1982888206,https://doi.org/10.1108/03090569910285779,1999,article,23
European Journal of Marketing,Adoption of payment systems in ten countries – a case study of diffusion of innovations,https://openalex.org/W1984543313,https://doi.org/10.1108/03090569910292302,1999,article,22
European Journal of Marketing,Strategic groups analysis (SGA) as a tool for strategic marketing,https://openalex.org/W2010871042,https://doi.org/10.1108/03090569910262116,1999,article,22
European Journal of Marketing,An Examination of Methods of Setting Advertising Budgets: Practice and the Literature,https://openalex.org/W2035826576,https://doi.org/10.1108/03090569310039697,1993,article,22
European Journal of Marketing,Generic Models of European Shopping Centre Development,https://openalex.org/W2092534025,https://doi.org/10.1108/eum0000000000644,1992,article,22
European Journal of Marketing,Performance of strategic groups in the Greek dairy industry,https://openalex.org/W2092796536,https://doi.org/10.1108/03090569810243578,1998,article,22
European Journal of Marketing,Consumer behaviour and the retail “sales”,https://openalex.org/W1574389840,https://doi.org/10.1108/03090569610130098,1996,article,21
European Journal of Marketing,Analysing Marketing Profitability: Sales Are a Dangerous Cost‐driver,https://openalex.org/W2025982671,https://doi.org/10.1108/03090569210010013,1992,article,21
European Journal of Marketing,Development in the Global Alcoholic Drinks Industry and its Implications for the Future Marketing of Wine,https://openalex.org/W2129808777,https://doi.org/10.1108/eum0000000000606,1990,article,20
European Journal of Marketing,Temerarious directions for marketing,https://openalex.org/W2010335560,https://doi.org/10.1108/03090569710180029,1997,article,20
European Journal of Marketing,Market power and its measurement,https://openalex.org/W2057424228,https://doi.org/10.1108/03090569910262224,1999,article,20
European Journal of Marketing,The influence of product type on the purchasing structure,https://openalex.org/W2068874688,https://doi.org/10.1108/03090569810243587,1998,article,20
European Journal of Marketing,Global Marketing – A Market Responsive Approach,https://openalex.org/W1586438815,https://doi.org/10.1108/ejm.1999.33.11_12.1228.1,1999,article,19
European Journal of Marketing,Organization for Marketing among Polish Companies,https://openalex.org/W1993088041,https://doi.org/10.1108/eum0000000000655,1993,article,19
European Journal of Marketing,Mapping Consumers′ Cognitive Structures: A Comparison of Similarity Trees with Multidimensional Scaling and Cluster Analysis,https://openalex.org/W2043492491,https://doi.org/10.1108/03090569110145286,1991,article,19
European Journal of Marketing,Market entry modes and channels of distribution in the UK machine tool industry,https://openalex.org/W2056581705,https://doi.org/10.1108/03090569610118821,1996,article,19
European Journal of Marketing,The need for moral champions in global marketing,https://openalex.org/W2072517026,https://doi.org/10.1108/03090569610118795,1996,article,19
European Journal of Marketing,Playpower – sports meets marketing,https://openalex.org/W2074748615,https://doi.org/10.1108/ejm-02-1999-0001,1999,article,19
European Journal of Marketing,Personality and Consumer Behaviour: An Operational Approach,https://openalex.org/W2084350135,https://doi.org/10.1108/03090569310042918,1993,article,19
European Journal of Marketing,Determinants of Consumer Satisfaction/Dissatisfaction towards Dispute Settlements in Singapore,https://openalex.org/W2083476346,https://doi.org/10.1108/03090569110002059,1991,article,18
European Journal of Marketing,Barriers to Trade with Japan: A Socio‐cultural Perspective,https://openalex.org/W1993471505,https://doi.org/10.1108/03090569010139923,1990,article,17
European Journal of Marketing,Taiwanese Children as Consumers,https://openalex.org/W2058096633,https://doi.org/10.1108/03090569010002861,1990,article,17
European Journal of Marketing,Commentary: Setting socially irresponsible marketing objectives: a comment on a “quality of life approach”,https://openalex.org/W1968952814,https://doi.org/10.1108/03090569810215786,1998,article,18
European Journal of Marketing,Rural Outshopping in Australia: The Bathurst‐Orange Region,https://openalex.org/W2004200753,https://doi.org/10.1108/eum0000000000647,1992,article,18
European Journal of Marketing,Needs and Need Recognition in Organisational Buying,https://openalex.org/W1966741057,https://doi.org/10.1108/03090569110139094,1991,article,17
European Journal of Marketing,Market Analysis via Judgemental Modelling: An Application in the UK Chemical Industry,https://openalex.org/W1975655251,https://doi.org/10.1108/03090569310026592,1993,article,17
European Journal of Marketing,Consumption and Significance: Everyday Life in a Brand‐new Second‐hand Bow Tie,https://openalex.org/W2022841332,https://doi.org/10.1108/03090569310042927,1993,article,17
European Journal of Marketing,A Control View of the Behaviour of Consumers: Turning the Triangle,https://openalex.org/W2057427727,https://doi.org/10.1108/03090569310042909,1993,article,17
European Journal of Marketing,CAPPLAN: a decision‐support system for planning the pricing and sales effort policy of a salesforce,https://openalex.org/W2173860296,https://doi.org/10.1108/03090569610123825,1996,article,17
European Journal of Marketing,From “red multinationals” to capitalist entrepreneurs?,https://openalex.org/W2002794799,https://doi.org/10.1108/03090569510102478,1995,article,16
European Journal of Marketing,The power of perceived service quality in international marketing channels,https://openalex.org/W2026583018,https://doi.org/10.1108/03090569610153282,1996,article,16
European Journal of Marketing,The bitter and the sweet,https://openalex.org/W1502345844,https://doi.org/10.1108/03090569810204562,1998,article,15
European Journal of Marketing,Managerial Perceptions of the Demand Curve: Evidence from a Multiproduct Firm,https://openalex.org/W1968428088,https://doi.org/10.1108/03090569310043160,1993,article,15
European Journal of Marketing,The Marketing Strategies of British and German Companies,https://openalex.org/W1989014423,https://doi.org/10.1108/03090569410064445,1994,article,15
European Journal of Marketing,An Empirical Investigation of Institutional and Industrial Purchasing Structure,https://openalex.org/W2012980538,https://doi.org/10.1108/03090569410061169,1994,article,15
European Journal of Marketing,The dynamics of the legal market: an interaction perspective,https://openalex.org/W2025327468,https://doi.org/10.1108/03090569910285814,1999,article,14
European Journal of Marketing,Marketing in the Age of Intelligence: The Case for Control,https://openalex.org/W2037060166,https://doi.org/10.1108/03090569110143053,1991,article,14
European Journal of Marketing,"The Contemporary Use of Strategy, Strategic Planning, and Planning Tools by Marketers: A Cross‐national Comparison",https://openalex.org/W2048219878,https://doi.org/10.1108/03090569310043188,1993,article,14
European Journal of Marketing,Business research as an educational problem‐solving heuristic – the case of Porter’s diamond,https://openalex.org/W2056957665,https://doi.org/10.1108/03090569910274357,1999,article,14
European Journal of Marketing,Research Note: Marketing Budgeting Practices of Retailers,https://openalex.org/W2134754194,https://doi.org/10.1108/eum0000000000614,1990,article,12
European Journal of Marketing,Counter‐revolutionary forces in the information revolution,https://openalex.org/W1499118421,https://doi.org/10.1108/03090569710190523,1997,article,13
European Journal of Marketing,Visually Representing Consumer Perceptions,https://openalex.org/W1559996350,https://doi.org/10.1108/03090569410075740,1994,article,13
European Journal of Marketing,The Challenge of Innovation in a Norwegian Shipyard Facing the Russian Market,https://openalex.org/W1967573482,https://doi.org/10.1108/03090569310026628,1993,article,13
European Journal of Marketing,The effect of global leadership on purchasing process outcomes,https://openalex.org/W1973327634,https://doi.org/10.1108/03090569810243686,1998,article,13
European Journal of Marketing,An Empirical Study of the Scientific Styles of Marketing Academics,https://openalex.org/W1993711733,https://doi.org/10.1108/03090569410067622,1994,article,13
European Journal of Marketing,Curriculum internationalisation,https://openalex.org/W2021432657,https://doi.org/10.1108/03090569910274401,1999,article,13
European Journal of Marketing,The effects of bilingualism on the consumer: the case of Spain,https://openalex.org/W2109708547,https://doi.org/10.1108/03090569910292311,1999,article,13
European Journal of Marketing,International Issues in the Advertising of Health‐related Products,https://openalex.org/W1968404997,https://doi.org/10.1108/03090569110135188,1991,article,12
European Journal of Marketing,International direct marketing strategies: a US‐European comparison,https://openalex.org/W1971527990,https://doi.org/10.1108/03090569610107436,1996,article,12
European Journal of Marketing,Active and Passive International Marketing Strategies: The Case of Two State‐owned Broadcasters,https://openalex.org/W1976184147,https://doi.org/10.1108/03090569410055274,1994,article,12
European Journal of Marketing,"Reflections on Jazz and Teaching: Benny and Gene, Woody and We",https://openalex.org/W2007043767,https://doi.org/10.1108/03090569410067596,1994,article,12
European Journal of Marketing,Market demarcation,https://openalex.org/W2069557386,https://doi.org/10.1108/03090569510100687,1995,article,12
European Journal of Marketing,Stereotyping in Country Advertising: An Experimental Study,https://openalex.org/W1990578606,https://doi.org/10.1108/03090569210014424,1992,article,11
European Journal of Marketing,Speaking truth to power? Pollsters as campaign advisers,https://openalex.org/W1996505886,https://doi.org/10.1108/03090569610149827,1996,article,11
European Journal of Marketing,A study of marketing departments in Australasian universities,https://openalex.org/W2031651970,https://doi.org/10.1108/03090569810232228,1998,article,11
European Journal of Marketing,Relationship States in an International Marketing Channel,https://openalex.org/W2148976646,https://doi.org/10.1108/03090569110003724,1991,article,11
European Journal of Marketing,Marketing Strategy and Planning in the UK Pharmaceutical Industry: Some Preliminary Findings,https://openalex.org/W2002661738,https://doi.org/10.1108/03090569010142280,1990,article,10
European Journal of Marketing,How do CPA Firms Perceive Marketing and Advertising? A Hong Kong Experience,https://openalex.org/W2024327449,https://doi.org/10.1108/03090569010005912,1990,article,10
European Journal of Marketing,Postmodern Marketing Two:,https://openalex.org/W1578689995,https://doi.org/10.1108/ejm.1998.32.5_6.577.1,1998,article,10
European Journal of Marketing,Dynamic analysis of competition in marketing Strategic groups in Spanish banking,https://openalex.org/W1973939555,https://doi.org/10.1108/03090569810204544,1998,article,10
European Journal of Marketing,Elements of Not‐for‐Profit Services: A Case of University Student Accommodation,https://openalex.org/W2021405335,https://doi.org/10.1108/03090569210022506,1992,article,10
European Journal of Marketing,Australian perceptions and experiences of international countertrade with some international comparisons,https://openalex.org/W2076660898,https://doi.org/10.1108/03090569910262062,1999,article,10
European Journal of Marketing,Marketing pharmaceuticals in Japan: background and the experience of US firms,https://openalex.org/W2085022498,https://doi.org/10.1108/03090569710176583,1997,article,10
European Journal of Marketing,The marketing‐finance interface towards financial services with special reference to the new services provided by futures exchanges,https://openalex.org/W2136216151,https://doi.org/10.1108/03090569910262107,1999,article,10
European Journal of Marketing,Marketing and technical managers,https://openalex.org/W1534310658,https://doi.org/10.1108/03090569910274465,1999,article,9
European Journal of Marketing,"Eschatology, promise, hope: the Utopian vision of consumer research",https://openalex.org/W1971657485,https://doi.org/10.1108/03090569710179986,1997,article,9
European Journal of Marketing,Europe 1992: Implications for New Zealand Business,https://openalex.org/W2018367179,https://doi.org/10.1108/03090569310024521,1993,article,9
European Journal of Marketing,Organizational Buyers as Workers: The Key to Their Behaviour?,https://openalex.org/W2023519181,https://doi.org/10.1108/03090569410075795,1994,article,9
European Journal of Marketing,Benefit segments in a freight transport market,https://openalex.org/W2031101472,https://doi.org/10.1108/03090569510102522,1995,article,9
European Journal of Marketing,"Six sixty‐six and all that (or, what the hell is marketing eschatology?)",https://openalex.org/W3121781888,https://doi.org/10.1108/03090569710179940,1997,article,9
European Journal of Marketing,Criteria for Success in New Product Development for Consumer Goods: A Comparative Study,https://openalex.org/W2148732227,https://doi.org/10.1108/eum0000000000607,1990,article,8
European Journal of Marketing,Buy Brown’s book!,https://openalex.org/W1523152381,https://doi.org/10.1108/03090569710162353,1997,article,8
European Journal of Marketing,Marketing fresh fruit to Japanese consumers: exploring issues for Australian exporters,https://openalex.org/W1979814948,https://doi.org/10.1108/03090569910249238,1999,article,8
European Journal of Marketing,On Improving the Effectiveness of Test Marketing Decisions,https://openalex.org/W2036481714,https://doi.org/10.1108/03090569210012390,1992,article,8
European Journal of Marketing,Selecting a Broker or a Brokerage Firm: Segmentation of Investors in the Hong Kong Stock Market,https://openalex.org/W2110689666,https://doi.org/10.1108/03090569110137735,1991,article,8
European Journal of Marketing,Marketing Standardisation by Multinational in an Emerging Market,https://openalex.org/W2994519954,None,1991,article,8
European Journal of Marketing,Legal Aspects of Euro‐marketing,https://openalex.org/W1981736077,https://doi.org/10.1108/03090569410064454,1994,article,8
European Journal of Marketing,Who Does the Marketing in Retailing? A Case Study of Organizational Selling Behaviour in a Large Complex Organization,https://openalex.org/W2094077433,https://doi.org/10.1108/03090569310026646,1993,article,8
European Journal of Marketing,Marketing in Evolution:,https://openalex.org/W1530565803,https://doi.org/10.1108/ejm.1998.32.1_2.157.1,1998,article,7
European Journal of Marketing,The learning curve towards New Labour: Neil Kinnock’s corporate party 1983‐92,https://openalex.org/W1984528008,https://doi.org/10.1108/03090569610149854,1996,article,7
European Journal of Marketing,A dynamic analysis of market entry rates in a global industry: a community ecology perspective,https://openalex.org/W2073548001,https://doi.org/10.1108/03090569910292267,1999,article,7
European Journal of Marketing,The Impact of Managerial Attitudes on Technology Licensing Performance,https://openalex.org/W2017053739,https://doi.org/10.1108/eum0000000000640,1992,article,7
European Journal of Marketing,Marketing Control: Reconceptualization and Implementation Using the Feedforward Method,https://openalex.org/W2044219958,https://doi.org/10.1108/03090569210007774,1992,article,7
European Journal of Marketing,Organizational Buying Outcomes and Their Effects on Subsequent Decisions,https://openalex.org/W2094065736,https://doi.org/10.1108/03090569210012417,1992,article,7
European Journal of Marketing,POSIT‐ively soft systems methodology for marketing,https://openalex.org/W1996904862,https://doi.org/10.1108/03090569810215795,1998,article,6
European Journal of Marketing,Trading Companies and Small and Medium‐sized Firms: Functional Roles in International Commercial Relations,https://openalex.org/W2000789598,https://doi.org/10.1108/03090569010003248,1990,article,6
European Journal of Marketing,Measuring Inherent Product Values,https://openalex.org/W2054119132,https://doi.org/10.1108/03090569010003257,1990,article,6
European Journal of Marketing,Questioning eschatological questions about marketing Apocalypse conditional,https://openalex.org/W2089421628,https://doi.org/10.1108/03090569710180074,1997,article,6
European Journal of Marketing,Champagne: A Sustainable Competitive Advantage,https://openalex.org/W2121013087,https://doi.org/10.1108/eum0000000000604,1990,article,6
European Journal of Marketing,A Profile of UK Manufacturers and West German Agents and Distributors,https://openalex.org/W2010718008,https://doi.org/10.1108/03090569210007783,1992,article,6
European Journal of Marketing,The Cyclical Nature of Household Purchases in Informal Markets,https://openalex.org/W2034727006,https://doi.org/10.1108/eum0000000000620,1991,article,6
European Journal of Marketing,Determinants and Direction of Trading Companies′ Development in Europe,https://openalex.org/W2050561307,https://doi.org/10.1108/03090569310764421,1993,article,6
European Journal of Marketing,On the ability of ad agencies to assist in developing one‐to‐one communication,https://openalex.org/W1525292852,https://doi.org/10.1108/03090569810243758,1998,article,5
European Journal of Marketing,An Analysis of Competition in the New Europe,https://openalex.org/W1969833640,https://doi.org/10.1108/03090569310039714,1993,article,5
European Journal of Marketing,European Marketing and Distribution in the 1990s: The Case of the Machine Tool Industry in the UK,https://openalex.org/W2067683073,https://doi.org/10.1108/03090569210016576,1992,article,5
European Journal of Marketing,"The Coming Shape of Organisation981R.M. Belbin. <i>The Coming Shape of Organisation</i>. UK: Butterworth‐Heinemann 1998. 121 pp, ISBN: 07506 3950 4 price paperback ‐ (first published in hardback, 1996)",https://openalex.org/W1504060333,https://doi.org/10.1108/ejm.1998.32.11_12.1193.1,1998,article,4
European Journal of Marketing,Normative and Positive Aspects of Socialist Marketing Policy in Transition – Some Hungarian Reform‐Based Lessons,https://openalex.org/W2063275810,https://doi.org/10.1108/03090569010136557,1990,article,4
European Journal of Marketing,Product Management for Major Accounts – An Opportunity to Differentiate,https://openalex.org/W2069624022,https://doi.org/10.1108/03090569010000674,1990,article,4
European Journal of Marketing,Customer Care: A ″Bottom‐up″ View of a ″Top‐down″ Policy,https://openalex.org/W2160547450,https://doi.org/10.1108/03090569010135602,1990,article,4
European Journal of Marketing,Exporters′ Credit Policy: An Anglo‐West German Comparative Study,https://openalex.org/W1996617200,https://doi.org/10.1108/03090569110136592,1991,article,4
European Journal of Marketing,Marketing Reality: The Sole End and Purpose of Production is Consumption,https://openalex.org/W2166157447,https://doi.org/10.1108/eum0000000000618,1991,article,4
European Journal of Marketing,A Study of Price Accuracy in the New Zealand Supermarket Industry,https://openalex.org/W2065671057,https://doi.org/10.1108/eum0000000000650,1992,article,4
European Journal of Marketing,Sports Marketing: Competitive Business Strategies for Sports,https://openalex.org/W1552987688,https://doi.org/10.1108/ejm.1999.33.3_4.2.2,1999,article,3
European Journal of Marketing,A measure of trade centre position,https://openalex.org/W2005078218,https://doi.org/10.1108/03090569810215858,1998,article,3
European Journal of Marketing,Research Note: Book/Software Review: SPSS for Teaching Statistics in Marketing,https://openalex.org/W2003749330,https://doi.org/10.1108/eum0000000000615,1990,article,3
European Journal of Marketing,Pricing and the Correspondence to Market Conditions: Some Danish Evidence,https://openalex.org/W2018351916,https://doi.org/10.1108/eum0000000000608,1990,article,3
European Journal of Marketing,Intrachannel Co‐ordination: Strategies and Mechanisms,https://openalex.org/W1963528279,https://doi.org/10.1108/03090569110136510,1991,article,3
European Journal of Marketing,Broadening the Appeal of New Housing Product Portfolios: The Role of Segmentation,https://openalex.org/W1984128514,https://doi.org/10.1108/03090569210016567,1992,article,3
European Journal of Marketing,Selected European research into marketing,https://openalex.org/W1996206546,https://doi.org/10.1108/eb060633,1995,article,3
European Journal of Marketing,Demand Research and the Planning of Consumer Goods Supplies in a Centralised Socialist System – The Case of the Former German Democratic Republic,https://openalex.org/W2087091884,https://doi.org/10.1108/03090569110136547,1991,article,3
European Journal of Marketing,The Role Matrix: A Diagnostic Test of Marketing Health,https://openalex.org/W2125511789,https://doi.org/10.1108/03090569410064463,1994,article,3
European Journal of Marketing,Prospects for Promotion of ″Wild″ Shrimp in Japan: Implications for Australian Exporters,https://openalex.org/W4255424745,https://doi.org/10.1108/eum0000000000649,1992,article,3
European Journal of Marketing,Messianic eschatology,https://openalex.org/W2008453050,https://doi.org/10.1108/03090569710180065,1997,article,2
European Journal of Marketing,Trading partners,https://openalex.org/W2025081048,https://doi.org/10.1108/03090569710162326,1997,article,2
European Journal of Marketing,Marketing Ethics:,https://openalex.org/W2333726653,https://doi.org/10.1108/ejm.1999.33.1_2.219.1,1999,article,2
European Journal of Marketing,Establishing a Drinks Company in the Third World,https://openalex.org/W2165210301,https://doi.org/10.1108/eum0000000000602,1990,article,2
European Journal of Marketing,Technical Assessment of the Russian Market,https://openalex.org/W2167303807,https://doi.org/10.1108/eum0000000000654,1993,article,2
European Journal of Marketing,Ice to the Eskimos: How to Market a Product Nobody Wants,https://openalex.org/W1577291654,https://doi.org/10.1108/ejm.1999.33.3_4.1.1,1999,article,1
European Journal of Marketing,Internet World Guide to One‐to‐One Web Marketing (Internet World Series),https://openalex.org/W1579810267,https://doi.org/10.1108/ejm.1999.33.9_10.974.1,1999,article,1
European Journal of Marketing,Commentary – In search of excellence among business school professors: a rejoinder,https://openalex.org/W2073802608,https://doi.org/10.1108/03090569910285733,1999,article,1
European Journal of Marketing,Perception of Product Quality in a Static State Utility Model,https://openalex.org/W2052045375,https://doi.org/10.1108/03090569010145340,1990,article,1
European Journal of Marketing,Is today the right time to buy? Analysis of the factors which shape this opinion,https://openalex.org/W2063546600,https://doi.org/10.1108/03090569610121683,1996,article,1
European Journal of Marketing,Anbar Abstracts Issue,https://openalex.org/W4237276958,https://doi.org/10.1108/eb060631,1992,article,1
European Journal of Marketing,Food Marketing:,https://openalex.org/W2320299417,https://doi.org/10.1108/ejm.1998.32.9_10.924.2,1998,article,0
European Journal of Marketing,Services Marketing:,https://openalex.org/W2332695569,https://doi.org/10.1108/ejm.1998.32.9_10.922.1,1998,article,0
European Journal of Marketing,Examining the Antecedents of Sales Organisation Effectiveness,https://openalex.org/W2946744703,None,1999,article,0
European Journal of Marketing,Anbar Abstracts Issue,https://openalex.org/W4232222238,https://doi.org/10.1108/eb060634,1995,article,0
European Journal of Marketing,Marketing Strategy and Planning in the UK Pharmaceutical Industry: Some Preliminary Findings (Стратегия маркетинга и планирования в Британской фармацевтической промышленности: некоторые предварительные результаты),https://openalex.org/W69380,None,1990,article,0
European Journal of Marketing,Anbar Abstracts Issue,https://openalex.org/W4231257760,https://doi.org/10.1108/eb060632,1993,article,0
