source_journal,work_title,work_oaid,DOI,pub_year,work_type,all_cited_by_count
Industrial Marketing Management,Competitive strategy: Techniques for analysing industries and competitors,https://openalex.org/W231050506,https://doi.org/10.1016/0019-8501(82)90025-6,1982,article,1339
Industrial Marketing Management,Managing your corporate images,https://openalex.org/W1967641706,https://doi.org/10.1016/0019-8501(86)90051-9,1986,article,547
Industrial Marketing Management,Success factors in product innovation,https://openalex.org/W1966447478,https://doi.org/10.1016/0019-8501(87)90029-0,1987,article,515
Industrial Marketing Management,Predevelopment activities determine new product success,https://openalex.org/W2089541432,https://doi.org/10.1016/0019-8501(88)90007-7,1988,article,416
Industrial Marketing Management,How industrial salespeople gain customer trust,https://openalex.org/W2145347606,https://doi.org/10.1016/0019-8501(85)90039-2,1985,article,397
Industrial Marketing Management,Industrial Marketing Management,https://openalex.org/W291559653,https://doi.org/10.1016/0019-8501(82)90011-6,1982,article,317
Industrial Marketing Management,Developing and protecting profitable customer relationships,https://openalex.org/W2044776526,https://doi.org/10.1016/0019-8501(89)90040-0,1989,article,243
Industrial Marketing Management,Export management: An international context,https://openalex.org/W2593323676,https://doi.org/10.1016/0019-8501(83)90012-3,1983,article,228
Industrial Marketing Management,Account portfolio analysis for strategy development,https://openalex.org/W2027140790,https://doi.org/10.1016/0019-8501(82)90034-7,1982,article,226
Industrial Marketing Management,Buyer/seller relationships in international industrial markets,https://openalex.org/W2016240784,https://doi.org/10.1016/0019-8501(84)90041-5,1984,article,215
Industrial Marketing Management,Pay and organization development,https://openalex.org/W2736428425,https://doi.org/10.1016/0019-8501(82)90059-1,1982,article,210
Industrial Marketing Management,Disharmony between R&amp;D and marketing,https://openalex.org/W2037137439,https://doi.org/10.1016/0019-8501(81)90029-8,1981,article,198
Industrial Marketing Management,Resource allocation in the new product process,https://openalex.org/W1964891764,https://doi.org/10.1016/0019-8501(88)90008-9,1988,article,192
Industrial Marketing Management,How ethical are industrial buyers?,https://openalex.org/W1997459834,https://doi.org/10.1016/s0019-8501(83)80001-7,1983,article,183
Industrial Marketing Management,Differentiate with the 5th P: People,https://openalex.org/W1971487816,https://doi.org/10.1016/0019-8501(87)90032-0,1987,article,181
Industrial Marketing Management,Decision making for leaders,https://openalex.org/W96267788,https://doi.org/10.1016/0019-8501(84)90013-0,1984,article,175
Industrial Marketing Management,Industrial marketing strategy,https://openalex.org/W2617917272,https://doi.org/10.1016/0019-8501(80)90040-1,1980,article,166
Industrial Marketing Management,Marketing's role in product and service quality,https://openalex.org/W2092040473,https://doi.org/10.1016/0019-8501(88)90032-6,1988,article,154
Industrial Marketing Management,Industrial buying in high-tech markets,https://openalex.org/W2071694861,https://doi.org/10.1016/0019-8501(86)90021-0,1986,article,143
Industrial Marketing Management,R &amp; D and marketing dialogue in high-tech firms,https://openalex.org/W2131796708,https://doi.org/10.1016/0019-8501(85)90022-7,1985,article,135
Industrial Marketing Management,Improving response rates in industrial mail surveys,https://openalex.org/W2093226925,https://doi.org/10.1016/0019-8501(86)90028-3,1986,article,132
Industrial Marketing Management,Unique aspects of marketing industrial services,https://openalex.org/W2018484392,https://doi.org/10.1016/0019-8501(88)90013-2,1988,article,127
Industrial Marketing Management,JIT procurement and relationship marketing,https://openalex.org/W2148548499,https://doi.org/10.1016/0019-8501(89)90021-7,1989,article,125
Industrial Marketing Management,The impact of new product strategies,https://openalex.org/W2042807857,https://doi.org/10.1016/s0019-8501(83)80004-2,1983,article,120
Industrial Marketing Management,Keys to new product success and failure,https://openalex.org/W2001861653,https://doi.org/10.1016/0019-8501(87)90016-2,1987,article,118
Industrial Marketing Management,Industrial marketing strategy,https://openalex.org/W2742380557,https://doi.org/10.1016/0019-8501(85)90042-2,1985,article,108
Industrial Marketing Management,Why major account selling works,https://openalex.org/W2057291805,https://doi.org/10.1016/0019-8501(86)90045-3,1986,article,104
Industrial Marketing Management,New product success in industrial firms,https://openalex.org/W2066211726,https://doi.org/10.1016/0019-8501(82)90052-9,1982,article,104
Industrial Marketing Management,British export market selection and pricing,https://openalex.org/W2085723041,https://doi.org/10.1016/0019-8501(81)90038-9,1981,article,102
Industrial Marketing Management,A survey of sales management practices,https://openalex.org/W2035972113,https://doi.org/10.1016/0019-8501(82)90007-4,1982,article,98
Industrial Marketing Management,Marketing complex technical products: The importance of intangible attributes,https://openalex.org/W2066882324,https://doi.org/10.1016/0019-8501(89)90020-5,1989,article,104
Industrial Marketing Management,Export development strategies: U.S. promotion policy,https://openalex.org/W301228904,https://doi.org/10.1016/0019-8501(83)90011-1,1983,article,97
Industrial Marketing Management,Evaluating market segmentation approaches,https://openalex.org/W2028991330,https://doi.org/10.1016/0019-8501(84)90021-x,1984,article,95
Industrial Marketing Management,Criteria for screening new industrial products,https://openalex.org/W2059120759,https://doi.org/10.1016/0019-8501(84)90027-0,1984,article,94
Industrial Marketing Management,Marketing is home for the entrepreneurial process,https://openalex.org/W2059913306,https://doi.org/10.1016/0019-8501(81)90002-x,1981,article,93
Industrial Marketing Management,Overall corporate strategies for new product programs,https://openalex.org/W2033369882,https://doi.org/10.1016/0019-8501(85)90037-9,1985,article,87
Industrial Marketing Management,Effectiveness of branding a commodity product,https://openalex.org/W2077614959,https://doi.org/10.1016/0019-8501(88)90023-5,1988,article,86
Industrial Marketing Management,Industrial market segmentation by the structure of the purchasing process,https://openalex.org/W2029619053,https://doi.org/10.1016/0019-8501(80)90049-8,1980,article,85
Industrial Marketing Management,Purchase process for capital equipment and services,https://openalex.org/W2059766174,https://doi.org/10.1016/0019-8501(81)90033-x,1981,article,84
Industrial Marketing Management,The relative importance of industrial promotion tools,https://openalex.org/W2085060428,https://doi.org/10.1016/0019-8501(81)90036-5,1981,article,81
Industrial Marketing Management,Managerial guidelines for trade show effectiveness,https://openalex.org/W2042980196,https://doi.org/10.1016/0019-8501(84)90008-7,1984,article,79
Industrial Marketing Management,Stalemate in technology: Innovations overcome the depression,https://openalex.org/W286676272,https://doi.org/10.1016/0019-8501(83)90040-8,1983,article,77
Industrial Marketing Management,Measuring multiple buying influences,https://openalex.org/W2015993783,https://doi.org/10.1016/0019-8501(88)90003-x,1988,article,79
Industrial Marketing Management,Exporting at industrial trade shows,https://openalex.org/W2064590410,https://doi.org/10.1016/0019-8501(86)90029-5,1986,article,78
Industrial Marketing Management,Pricing an industrial service,https://openalex.org/W2040476874,https://doi.org/10.1016/0019-8501(89)90030-8,1989,article,76
Industrial Marketing Management,Identifying buying influences for a professional service: Implications for marketing efforts,https://openalex.org/W1972761109,https://doi.org/10.1016/0019-8501(87)90017-4,1987,article,75
Industrial Marketing Management,Increasing productivity through performance appraisal,https://openalex.org/W2939626936,https://doi.org/10.1016/0019-8501(82)90058-x,1982,article,71
Industrial Marketing Management,Negotiation styles of industrial buyers,https://openalex.org/W1968882031,https://doi.org/10.1016/0019-8501(86)90026-x,1986,article,70
Industrial Marketing Management,A decision-support system for evaluating sales prospects and launch strategies for new products,https://openalex.org/W1995243550,https://doi.org/10.1016/0019-8501(86)90046-5,1986,article,70
Industrial Marketing Management,Conflicts between engineering and marketing units,https://openalex.org/W2046385198,https://doi.org/10.1016/0019-8501(82)90019-0,1982,article,67
Industrial Marketing Management,Payoffs from national account management,https://openalex.org/W2065145389,https://doi.org/10.1016/0019-8501(81)90005-5,1981,article,66
Industrial Marketing Management,The purchase of components: Functional areas of influence,https://openalex.org/W1986836957,https://doi.org/10.1016/0019-8501(84)90042-7,1984,article,64
Industrial Marketing Management,Salespeople satisfaction and performance feedback,https://openalex.org/W1989382178,https://doi.org/10.1016/0019-8501(81)90027-4,1981,article,63
Industrial Marketing Management,A descriptive model of the trade-show budgeting decision process,https://openalex.org/W2039657830,https://doi.org/10.1016/0019-8501(83)90032-9,1983,article,62
Industrial Marketing Management,Classifying a customer as a national account,https://openalex.org/W2070460210,https://doi.org/10.1016/0019-8501(80)90019-x,1980,article,61
Industrial Marketing Management,Managing new-product announcements in the computer industry,https://openalex.org/W2055514040,https://doi.org/10.1016/0019-8501(89)90019-9,1989,article,61
Industrial Marketing Management,Risk factors in accepted and rejected new industrial products,https://openalex.org/W1993996771,https://doi.org/10.1016/0019-8501(82)90029-3,1982,article,59
Industrial Marketing Management,Pricing practices in two industries,https://openalex.org/W2134812753,https://doi.org/10.1016/0019-8501(85)90023-9,1985,article,59
Industrial Marketing Management,Impact of organizational and buyer characteristics on the buying center,https://openalex.org/W2023653233,https://doi.org/10.1016/0019-8501(85)90031-8,1985,article,58
Industrial Marketing Management,How purchasing agents handle personal risk,https://openalex.org/W2018946396,https://doi.org/10.1016/0019-8501(87)90038-1,1987,article,55
Industrial Marketing Management,Export attitudes of industrial manufacturers,https://openalex.org/W2087937915,https://doi.org/10.1016/0019-8501(85)90050-1,1985,article,55
Industrial Marketing Management,A portfolio approach to account profitability,https://openalex.org/W1973124672,https://doi.org/10.1016/0019-8501(84)90006-3,1984,article,54
Industrial Marketing Management,Organizational size and buying influences,https://openalex.org/W2036937646,https://doi.org/10.1016/0019-8501(81)90023-7,1981,article,54
Industrial Marketing Management,How valid is the buy-grid model?,https://openalex.org/W2061433640,https://doi.org/10.1016/0019-8501(83)90035-4,1983,article,52
Industrial Marketing Management,Referrals between professional service providers,https://openalex.org/W2015394059,https://doi.org/10.1016/0019-8501(87)90026-5,1987,article,54
Industrial Marketing Management,After sales service quality: Views between industrial customers and service managers,https://openalex.org/W2077330228,https://doi.org/10.1016/0019-8501(89)90036-9,1989,article,52
Industrial Marketing Management,Which buying decisions are made by individuals and not by groups?,https://openalex.org/W2012908521,https://doi.org/10.1016/0019-8501(86)90054-4,1986,article,50
Industrial Marketing Management,A model of industrial satisfaction/complaining behavior,https://openalex.org/W2015455041,https://doi.org/10.1016/0019-8501(81)90024-9,1981,article,49
Industrial Marketing Management,How to determine the composition and influence of a buying center,https://openalex.org/W2029647495,https://doi.org/10.1016/0019-8501(88)90004-1,1988,article,49
Industrial Marketing Management,Observations of centralized corporate procurement,https://openalex.org/W1981051814,https://doi.org/10.1016/0019-8501(81)90015-8,1981,article,48
Industrial Marketing Management,What buyers like from salesmen,https://openalex.org/W1987809732,https://doi.org/10.1016/0019-8501(85)90044-6,1985,article,48
Industrial Marketing Management,Product systems marketing,https://openalex.org/W2055645389,https://doi.org/10.1016/0019-8501(83)90017-2,1983,article,48
Industrial Marketing Management,The product-elimination decision and strategies,https://openalex.org/W2092112884,https://doi.org/10.1016/0019-8501(83)90033-0,1983,article,47
Industrial Marketing Management,User initiated product innovations,https://openalex.org/W1965219215,https://doi.org/10.1016/0019-8501(89)90026-6,1989,article,47
Industrial Marketing Management,How buyers handle conflicts,https://openalex.org/W2004522270,https://doi.org/10.1016/0019-8501(88)90017-x,1988,article,45
Industrial Marketing Management,Developing market responsiveness throughout your company,https://openalex.org/W2020886385,https://doi.org/10.1016/0019-8501(88)90010-7,1988,article,45
Industrial Marketing Management,Benefit segmentation for industrial products,https://openalex.org/W2086065609,https://doi.org/10.1016/0019-8501(86)90019-2,1986,article,45
Industrial Marketing Management,Bases of power in organizational buying decisions,https://openalex.org/W1990995262,https://doi.org/10.1016/0019-8501(84)90015-4,1984,article,44
Industrial Marketing Management,Criteria changes across product development stages,https://openalex.org/W1980938909,https://doi.org/10.1016/0019-8501(85)90036-7,1985,article,43
Industrial Marketing Management,The competitive bidding process: Beyond probability models,https://openalex.org/W1993350703,https://doi.org/10.1016/0019-8501(87)90013-7,1987,article,42
Industrial Marketing Management,Selection and motivation of distribution intermediaries,https://openalex.org/W2037688222,https://doi.org/10.1016/0019-8501(84)90020-8,1984,article,41
Industrial Marketing Management,Five common factors in top performing industrial firms,https://openalex.org/W2065282784,https://doi.org/10.1016/0019-8501(86)90049-0,1986,article,41
Industrial Marketing Management,Recruiting college students for the salesforce,https://openalex.org/W1988285124,https://doi.org/10.1016/0019-8501(80)90032-2,1980,article,39
Industrial Marketing Management,Some factors in industrial market segmentation,https://openalex.org/W2036594701,https://doi.org/10.1016/0019-8501(80)90003-6,1980,article,36
Industrial Marketing Management,Salesforce turnover: Those who left and those who stayed,https://openalex.org/W1964040088,https://doi.org/10.1016/0019-8501(89)90015-1,1989,article,41
Industrial Marketing Management,Implications of single vs. multiple buying sources,https://openalex.org/W2063769555,https://doi.org/10.1016/0019-8501(89)90033-3,1989,article,39
Industrial Marketing Management,Students' perceptions of personal selling,https://openalex.org/W2109435385,https://doi.org/10.1016/0019-8501(87)90019-8,1987,article,39
Industrial Marketing Management,Differences between industrial and consumer product managers,https://openalex.org/W2003106366,https://doi.org/10.1016/0019-8501(84)90030-0,1984,article,38
Industrial Marketing Management,How marketers evaluate price sensitivity,https://openalex.org/W2032670700,https://doi.org/10.1016/0019-8501(88)90019-3,1988,article,38
Industrial Marketing Management,Product development approaches in established firms,https://openalex.org/W2008882084,https://doi.org/10.1016/0019-8501(89)90028-x,1989,article,37
Industrial Marketing Management,Industrial product elimination: Major factors to consider,https://openalex.org/W2019342536,https://doi.org/10.1016/0019-8501(84)90038-5,1984,article,37
Industrial Marketing Management,High technology launch strategies in the U.K.,https://openalex.org/W2049961168,https://doi.org/10.1016/0019-8501(89)90029-1,1989,article,37
Industrial Marketing Management,Cooperation and conflict between industrial sales and production,https://openalex.org/W1989832168,https://doi.org/10.1016/0019-8501(84)90029-4,1984,article,36
Industrial Marketing Management,Industrial product concept testing,https://openalex.org/W2040909498,https://doi.org/10.1016/0019-8501(81)90011-0,1981,article,36
Industrial Marketing Management,Segmentation and positioning in a basic industry,https://openalex.org/W2079417797,https://doi.org/10.1016/0019-8501(87)90003-4,1987,article,36
Industrial Marketing Management,Evaluating sales training programs,https://openalex.org/W2097249871,https://doi.org/10.1016/0019-8501(89)90038-2,1989,article,36
Industrial Marketing Management,Organizational buying in the offshore oil industry,https://openalex.org/W1971449964,https://doi.org/10.1016/0019-8501(82)90017-7,1982,article,35
Industrial Marketing Management,The effect of two variables on industrial mail survey returns,https://openalex.org/W2068415380,https://doi.org/10.1016/0019-8501(85)90049-5,1985,article,35
Industrial Marketing Management,The implementation of project management: The professionals' handbook,https://openalex.org/W2319961422,https://doi.org/10.1016/0019-8501(82)90037-2,1982,article,35
Industrial Marketing Management,Customer service as a competitive tool,https://openalex.org/W2007093091,https://doi.org/10.1016/0019-8501(87)90030-7,1987,article,35
Industrial Marketing Management,Control vs. resources in channel design: Distribution differences in one industry,https://openalex.org/W2010316256,https://doi.org/10.1016/0019-8501(88)90005-3,1988,article,35
Industrial Marketing Management,Marketing approaches used by high tech firms,https://openalex.org/W2061192034,https://doi.org/10.1016/0019-8501(89)90006-0,1989,article,34
Industrial Marketing Management,How buyers view industrial salespeople,https://openalex.org/W2167735765,https://doi.org/10.1016/0019-8501(89)90023-0,1989,article,34
Industrial Marketing Management,Industrial supplier-buyer negotiations,https://openalex.org/W2053337148,https://doi.org/10.1016/0019-8501(88)90025-9,1988,article,33
Industrial Marketing Management,Industrial distributor selling: The roles of outside and inside sales,https://openalex.org/W2116290379,https://doi.org/10.1016/0019-8501(86)90044-1,1986,article,33
Industrial Marketing Management,Managerial marketing for industrial firms,https://openalex.org/W2316036354,https://doi.org/10.1016/0019-8501(84)90023-3,1984,article,33
Industrial Marketing Management,Requirements driven market segmentation,https://openalex.org/W1967987888,https://doi.org/10.1016/0019-8501(89)90027-8,1989,article,32
Industrial Marketing Management,Distribution performance and power sources,https://openalex.org/W2005618898,https://doi.org/10.1016/0019-8501(81)90028-6,1981,article,32
Industrial Marketing Management,Do a value analysis of your customer base,https://openalex.org/W2078179132,https://doi.org/10.1016/0019-8501(82)90001-3,1982,article,32
Industrial Marketing Management,Industrial life cycles and learning curves: Interaction of marketing and production,https://openalex.org/W2013433635,https://doi.org/10.1016/0019-8501(80)90046-2,1980,article,30
Industrial Marketing Management,Purchasing agent's influence in the buying process,https://openalex.org/W2075213594,https://doi.org/10.1016/0019-8501(80)90020-6,1980,article,29
Industrial Marketing Management,A framework for personal selling to organizations,https://openalex.org/W2026541425,https://doi.org/10.1016/0019-8501(80)90021-8,1980,article,28
Industrial Marketing Management,Vendor segmentation: An additional level of market segmentation,https://openalex.org/W2040531260,https://doi.org/10.1016/0019-8501(80)90035-8,1980,article,28
Industrial Marketing Management,Obstacles to JIT procurement,https://openalex.org/W1976793952,https://doi.org/10.1016/0019-8501(88)90024-7,1988,article,31
Industrial Marketing Management,Separate prices as a marketing tool,https://openalex.org/W2026265520,https://doi.org/10.1016/0019-8501(87)90012-5,1987,article,31
Industrial Marketing Management,Selecting an industrial advertising agency,https://openalex.org/W2001898123,https://doi.org/10.1016/0019-8501(88)90014-4,1988,article,30
Industrial Marketing Management,OEM buying process for new components: Purchasing and marketing implications,https://openalex.org/W2051041354,https://doi.org/10.1016/0019-8501(85)90033-1,1985,article,30
Industrial Marketing Management,Strategies of Belgian high-tech firms,https://openalex.org/W1983990880,https://doi.org/10.1016/0019-8501(86)90022-2,1986,article,29
Industrial Marketing Management,Successful industrial advertising campaigns,https://openalex.org/W1991609204,https://doi.org/10.1016/0019-8501(86)90053-2,1986,article,29
Industrial Marketing Management,Achieving an advantage with countertrade,https://openalex.org/W2063020480,https://doi.org/10.1016/0019-8501(88)90027-2,1988,article,29
Industrial Marketing Management,Financial and intangible factors in fleet lease or buy decision,https://openalex.org/W2061989181,https://doi.org/10.1016/0019-8501(81)90021-3,1981,article,28
Industrial Marketing Management,Competitive intelligence practices of industrial marketers,https://openalex.org/W2084409226,https://doi.org/10.1016/0019-8501(85)90019-7,1985,article,28
Industrial Marketing Management,Segmenting buyers in different types of organizations,https://openalex.org/W2084952911,https://doi.org/10.1016/0019-8501(81)90026-2,1981,article,28
Industrial Marketing Management,Customer service as a marketing strategy,https://openalex.org/W1989884737,https://doi.org/10.1016/0019-8501(81)90025-0,1981,article,27
Industrial Marketing Management,Modelling organizational buying as a sequence of decisions,https://openalex.org/W2007862385,https://doi.org/10.1016/0019-8501(83)90015-9,1983,article,27
Industrial Marketing Management,Key problems facing industrial distributors,https://openalex.org/W2033446254,https://doi.org/10.1016/0019-8501(84)90026-9,1984,article,27
Industrial Marketing Management,Institutionalizing innovation: A study of organizational learning systems,https://openalex.org/W2317462149,https://doi.org/10.1016/0019-8501(83)90037-8,1983,article,27
Industrial Marketing Management,Personal inducement of industrial buyers,https://openalex.org/W1997246902,https://doi.org/10.1016/0019-8501(80)90042-5,1980,article,25
Industrial Marketing Management,New replacement part buying,https://openalex.org/W2015693992,https://doi.org/10.1016/0019-8501(80)90018-8,1980,article,24
Industrial Marketing Management,New product success &amp; failure: Three case studies,https://openalex.org/W1971126072,https://doi.org/10.1016/0019-8501(88)90012-0,1988,article,27
Industrial Marketing Management,Negotiating with firms in developing countries: Two case studies,https://openalex.org/W2004093582,https://doi.org/10.1016/0019-8501(88)90026-0,1988,article,27
Industrial Marketing Management,Qualifying sales leads: The tight and loose approaches,https://openalex.org/W1982328386,https://doi.org/10.1016/0019-8501(88)90002-8,1988,article,26
Industrial Marketing Management,How designers and buyers evaluate products,https://openalex.org/W1982648599,https://doi.org/10.1016/0019-8501(89)90024-2,1989,article,26
Industrial Marketing Management,The performance of industrial and consumer product managers,https://openalex.org/W2030590326,https://doi.org/10.1016/0019-8501(88)90029-6,1988,article,26
Industrial Marketing Management,New product adoption by the buying organization: Who are the real influencers?,https://openalex.org/W2032684620,https://doi.org/10.1016/0019-8501(86)90042-8,1986,article,26
Industrial Marketing Management,Industrial barter and countertrade,https://openalex.org/W2073342133,https://doi.org/10.1016/0019-8501(87)90002-2,1987,article,26
Industrial Marketing Management,How Chinese buyers rate foreign suppliers,https://openalex.org/W2076625029,https://doi.org/10.1016/0019-8501(89)90035-7,1989,article,26
Industrial Marketing Management,Researching marketing problems and opportunities with focus groups,https://openalex.org/W2024026952,https://doi.org/10.1016/0019-8501(85)90017-3,1985,article,25
Industrial Marketing Management,Shippers' transportation choice processes under deregulation,https://openalex.org/W2064248229,https://doi.org/10.1016/0019-8501(82)90005-0,1982,article,25
Industrial Marketing Management,Industrial product managers: Authority and responsibility,https://openalex.org/W1993677279,https://doi.org/10.1016/0019-8501(84)90037-3,1984,article,24
Industrial Marketing Management,A systems approach for developing high technology products,https://openalex.org/W2035435573,https://doi.org/10.1016/0019-8501(82)90014-1,1982,article,24
Industrial Marketing Management,Industrial salespeople's views on motivation,https://openalex.org/W1996433633,https://doi.org/10.1016/0019-8501(80)90047-4,1980,article,22
Industrial Marketing Management,Unauthorized channels of distribution: Gray markets,https://openalex.org/W1982532521,https://doi.org/10.1016/0019-8501(86)90017-9,1986,article,24
Industrial Marketing Management,Copy length and industrial advertising readership,https://openalex.org/W2013497280,https://doi.org/10.1016/0019-8501(86)90034-9,1986,article,24
Industrial Marketing Management,Revitalizing weak industrial products,https://openalex.org/W2043974521,https://doi.org/10.1016/0019-8501(85)90046-x,1985,article,24
Industrial Marketing Management,Evaluating the effects of advertising and sales promotion campaigns,https://openalex.org/W2162879438,https://doi.org/10.1016/0019-8501(88)90015-6,1988,article,24
Industrial Marketing Management,Measuring industrial competitiveness,https://openalex.org/W1987807987,https://doi.org/10.1016/0019-8501(88)90009-0,1988,article,23
Industrial Marketing Management,Personality and salesforce selection in the pharmaceutical industry,https://openalex.org/W2033240605,https://doi.org/10.1016/0019-8501(86)90024-6,1986,article,23
Industrial Marketing Management,Increase response to industrial surveys,https://openalex.org/W2076566728,https://doi.org/10.1016/0019-8501(83)90003-2,1983,article,23
Industrial Marketing Management,Seeking out profitable countertrade opportunities,https://openalex.org/W2082008246,https://doi.org/10.1016/0019-8501(89)90022-9,1989,article,23
Industrial Marketing Management,Comparative advertising in horizontal business publications,https://openalex.org/W1979087432,https://doi.org/10.1016/0019-8501(87)90010-1,1987,article,22
Industrial Marketing Management,Buyers differ in evaluating suppliers,https://openalex.org/W2011452393,https://doi.org/10.1016/0019-8501(82)90051-7,1982,article,22
Industrial Marketing Management,Measures used to evaluate industrial marketing activities,https://openalex.org/W2012275088,https://doi.org/10.1016/0019-8501(82)90016-5,1982,article,22
Industrial Marketing Management,Selecting sales and distribution channels,https://openalex.org/W2062913701,https://doi.org/10.1016/0019-8501(87)90036-8,1987,article,22
Industrial Marketing Management,Matching new manufacturing technologies to industrial markets and strategies,https://openalex.org/W2075437851,https://doi.org/10.1016/0019-8501(85)90030-6,1985,article,22
Industrial Marketing Management,Targeting technical information to organizational positions,https://openalex.org/W2093871535,https://doi.org/10.1016/0019-8501(82)90050-5,1982,article,22
Industrial Marketing Management,Competitor analysis: Some practical approaches,https://openalex.org/W2114730550,https://doi.org/10.1016/0019-8501(84)90017-8,1984,article,22
Industrial Marketing Management,Segmenting the industrial market,https://openalex.org/W2321699107,https://doi.org/10.1016/0019-8501(85)90041-0,1985,article,22
Industrial Marketing Management,Marketing research through the salesforce,https://openalex.org/W2023894425,https://doi.org/10.1016/0019-8501(80)90034-6,1980,article,20
Industrial Marketing Management,Generalizing industrial buying: A longitudinal study,https://openalex.org/W1995946138,https://doi.org/10.1016/0019-8501(80)90011-5,1980,article,19
Industrial Marketing Management,Industrial buyer complaining behavior,https://openalex.org/W2083015484,https://doi.org/10.1016/0019-8501(80)90044-9,1980,article,19
Industrial Marketing Management,Identify and fulfill customer service expectations,https://openalex.org/W2090471181,https://doi.org/10.1016/0019-8501(88)90030-2,1988,article,22
Industrial Marketing Management,Microcomputer purchase criteria across industries,https://openalex.org/W2004702705,https://doi.org/10.1016/0019-8501(86)90055-6,1986,article,21
Industrial Marketing Management,The use and value of qualitative research studies,https://openalex.org/W2080059135,https://doi.org/10.1016/0019-8501(84)90031-2,1984,article,21
Industrial Marketing Management,Developing a manufacturer— Distributor information partnership,https://openalex.org/W1978437720,https://doi.org/10.1016/0019-8501(86)90057-x,1986,article,20
Industrial Marketing Management,Industrial product diffusion by market segment,https://openalex.org/W1982639567,https://doi.org/10.1016/0019-8501(82)90028-1,1982,article,20
Industrial Marketing Management,Sales force evaluation with expectancy theory,https://openalex.org/W2021391711,https://doi.org/10.1016/0019-8501(83)90021-4,1983,article,19
Industrial Marketing Management,The effects of sales training,https://openalex.org/W2086214353,https://doi.org/10.1016/0019-8501(81)90007-9,1981,article,19
Industrial Marketing Management,Technology transfer from government laboratories to industrial markets,https://openalex.org/W2059078437,https://doi.org/10.1016/0019-8501(80)90036-x,1980,article,18
Industrial Marketing Management,Salesmen and saleswomen job satisfaction,https://openalex.org/W2087211529,https://doi.org/10.1016/0019-8501(80)90030-9,1980,article,18
Industrial Marketing Management,Market planning for new industrial products,https://openalex.org/W2319228861,https://doi.org/10.1016/0019-8501(81)90040-7,1981,article,18
Industrial Marketing Management,The role of entrepreneurship in industrial marketing activities,https://openalex.org/W2008890620,https://doi.org/10.1016/0019-8501(88)90037-5,1988,article,20
Industrial Marketing Management,Successfully using telemarketing in industrial sales,https://openalex.org/W1974667589,https://doi.org/10.1016/0019-8501(88)90022-3,1988,article,19
Industrial Marketing Management,Industrial salesforce satisfaction and performance with Herzberg's theory,https://openalex.org/W1992533806,https://doi.org/10.1016/0019-8501(84)90003-8,1984,article,19
Industrial Marketing Management,Using humor in the industrial selling process,https://openalex.org/W2014559229,https://doi.org/10.1016/0019-8501(85)90013-6,1985,article,19
Industrial Marketing Management,Advertising budgeting practices of industrial advertisers,https://openalex.org/W2055279814,https://doi.org/10.1016/0019-8501(87)90009-5,1987,article,19
Industrial Marketing Management,Market segmentation practices of exporting companies,https://openalex.org/W2067626405,https://doi.org/10.1016/0019-8501(87)90014-9,1987,article,19
Industrial Marketing Management,Complaint voicing by industrial buyers,https://openalex.org/W2081051459,https://doi.org/10.1016/0019-8501(84)90040-3,1984,article,19
Industrial Marketing Management,Products and markets served by distributors and agents,https://openalex.org/W2084442046,https://doi.org/10.1016/0019-8501(89)90018-7,1989,article,19
Industrial Marketing Management,A method to improve response to industrial mail surveys,https://openalex.org/W2150757533,https://doi.org/10.1016/0019-8501(87)90040-x,1987,article,19
Industrial Marketing Management,Successful Project Management,https://openalex.org/W239274921,https://doi.org/10.1016/0019-8501(84)90012-9,1984,article,19
Industrial Marketing Management,Women in industrial advertisements,https://openalex.org/W1973936961,https://doi.org/10.1016/0019-8501(83)90024-x,1983,article,18
Industrial Marketing Management,Matching salesmen to the selling job,https://openalex.org/W2007300174,https://doi.org/10.1016/0019-8501(86)90043-x,1986,article,18
Industrial Marketing Management,Ten key activities of industrial salespeople,https://openalex.org/W2052390364,https://doi.org/10.1016/0019-8501(86)90023-4,1986,article,18
Industrial Marketing Management,A preferred style of sales management,https://openalex.org/W2060944056,https://doi.org/10.1016/0019-8501(86)90031-3,1986,article,18
Industrial Marketing Management,Salespeople's use of entertainment and gifts,https://openalex.org/W2070157756,https://doi.org/10.1016/0019-8501(87)90037-x,1987,article,18
Industrial Marketing Management,Computer awareness and usage by industrial marketers,https://openalex.org/W2030127018,https://doi.org/10.1016/0019-8501(89)90039-4,1989,article,18
Industrial Marketing Management,Using price discounts for a competitive advantage,https://openalex.org/W2041634255,https://doi.org/10.1016/0019-8501(88)90021-1,1988,article,18
Industrial Marketing Management,Using trade missions for export market entry,https://openalex.org/W1983262653,https://doi.org/10.1016/0019-8501(87)90033-2,1987,article,17
Industrial Marketing Management,Coalitions in organizational buying,https://openalex.org/W1984616130,https://doi.org/10.1016/0019-8501(84)90043-9,1984,article,17
Industrial Marketing Management,Transferring industrial technology to less developed countries,https://openalex.org/W1987214837,https://doi.org/10.1016/0019-8501(87)90035-6,1987,article,17
Industrial Marketing Management,Similarities in industrial procurement across four countries,https://openalex.org/W2020274150,https://doi.org/10.1016/0019-8501(85)90051-3,1985,article,17
Industrial Marketing Management,Is industrial advertising sexist?,https://openalex.org/W2038055945,https://doi.org/10.1016/0019-8501(87)90031-9,1987,article,17
Industrial Marketing Management,Segmenting a business market for a professional service,https://openalex.org/W2043077885,https://doi.org/10.1016/0019-8501(86)90040-4,1986,article,17
Industrial Marketing Management,Industrial advertising budget approaches in the U.K.,https://openalex.org/W2094109605,https://doi.org/10.1016/0019-8501(89)90004-7,1989,article,17
Industrial Marketing Management,Linking R&amp;D to market needs,https://openalex.org/W2169095676,https://doi.org/10.1016/0019-8501(87)90028-9,1987,article,17
Industrial Marketing Management,Frameworks of strategic marketing information needs,https://openalex.org/W1986178170,https://doi.org/10.1016/0019-8501(83)90029-9,1983,article,16
Industrial Marketing Management,Developing better industrial advertising,https://openalex.org/W2021005440,https://doi.org/10.1016/0019-8501(83)90031-7,1983,article,16
Industrial Marketing Management,The use of approved vendor lists,https://openalex.org/W2042496604,https://doi.org/10.1016/0019-8501(86)90025-8,1986,article,16
Industrial Marketing Management,Industrial product adoption in a technology push industry,https://openalex.org/W2092714411,https://doi.org/10.1016/0019-8501(80)90013-9,1980,article,14
Industrial Marketing Management,Simultaneous new product development: Reducing the new product failure rate,https://openalex.org/W2034060980,https://doi.org/10.1016/0019-8501(89)90009-6,1989,article,16
Industrial Marketing Management,Marketing research in medium-sized U.K. and U.S. firms,https://openalex.org/W2093777247,https://doi.org/10.1016/0019-8501(86)90027-1,1986,article,15
Industrial Marketing Management,Auditing your customer service activities,https://openalex.org/W2094616941,https://doi.org/10.1016/0019-8501(88)90031-4,1988,article,15
Industrial Marketing Management,Factors that influence the length of industrial channels,https://openalex.org/W1993921878,https://doi.org/10.1016/0019-8501(82)90015-3,1982,article,14
Industrial Marketing Management,Marketing cost concept in service firms,https://openalex.org/W2005478338,https://doi.org/10.1016/0019-8501(81)90013-4,1981,article,14
Industrial Marketing Management,Small business purchasing of capital equipment,https://openalex.org/W2010616566,https://doi.org/10.1016/0019-8501(81)90034-1,1981,article,14
Industrial Marketing Management,Developing the strategic plan,https://openalex.org/W1996905352,https://doi.org/10.1016/0019-8501(87)90015-0,1987,article,14
Industrial Marketing Management,Testing acceptance of a new industrial service,https://openalex.org/W2001020716,https://doi.org/10.1016/0019-8501(88)90028-4,1988,article,14
Industrial Marketing Management,Gift-giving and gift-taking in industrial companies,https://openalex.org/W2060284135,https://doi.org/10.1016/0019-8501(89)90025-4,1989,article,14
Industrial Marketing Management,Effective selling approaches to buyers' objections,https://openalex.org/W2064556220,https://doi.org/10.1016/0019-8501(85)90038-0,1985,article,14
Industrial Marketing Management,Approaches for improving salespersons' forecasts,https://openalex.org/W2067092987,https://doi.org/10.1016/0019-8501(89)90010-2,1989,article,14
Industrial Marketing Management,Improving industrial advertising copy,https://openalex.org/W2091631088,https://doi.org/10.1016/0019-8501(86)90052-0,1986,article,14
Industrial Marketing Management,How advertising message strategies are set,https://openalex.org/W2123973504,https://doi.org/10.1016/0019-8501(89)90017-5,1989,article,14
Industrial Marketing Management,Evaluate the sales force as a business,https://openalex.org/W1973170308,https://doi.org/10.1016/0019-8501(83)90022-6,1983,article,13
Industrial Marketing Management,The salesman's job in competitive bidding situations,https://openalex.org/W2000721973,https://doi.org/10.1016/0019-8501(87)90027-7,1987,article,13
Industrial Marketing Management,Sales manager's handbook,https://openalex.org/W231992137,https://doi.org/10.1016/0019-8501(86)90047-7,1986,article,13
Industrial Marketing Management,The executive guide to successful MRP II,https://openalex.org/W263962422,https://doi.org/10.1016/0019-8501(83)90025-1,1983,article,13
Industrial Marketing Management,Learning curves for new products,https://openalex.org/W2147595110,https://doi.org/10.1016/0019-8501(80)90014-0,1980,article,12
Industrial Marketing Management,Women as industrial sales representatives,https://openalex.org/W2007467980,https://doi.org/10.1016/0019-8501(80)90029-2,1980,article,11
Industrial Marketing Management,Improving mail survey responses from industrial organizations,https://openalex.org/W2027243509,https://doi.org/10.1016/0019-8501(80)90008-5,1980,article,11
Industrial Marketing Management,Bottom-up sales forecasting through scenario analysis,https://openalex.org/W2071169142,https://doi.org/10.1016/0019-8501(80)90024-3,1980,article,11
Industrial Marketing Management,Industrial sales emphasis across the life cycle,https://openalex.org/W2083571623,https://doi.org/10.1016/0019-8501(80)90045-0,1980,article,11
Industrial Marketing Management,Buying influences and perceptions of transportation services,https://openalex.org/W1987873173,https://doi.org/10.1016/0019-8501(88)90033-8,1988,article,13
Industrial Marketing Management,Coupling quality assurance programs to marketing,https://openalex.org/W1993029437,https://doi.org/10.1016/0019-8501(88)90001-6,1988,article,13
Industrial Marketing Management,Steps in selling effort deployment,https://openalex.org/W1967555732,https://doi.org/10.1016/0019-8501(82)90049-9,1982,article,12
Industrial Marketing Management,The role of change agents in new product adoption: A case study,https://openalex.org/W2007692740,https://doi.org/10.1016/0019-8501(88)90011-9,1988,article,12
Industrial Marketing Management,Predicting industrial ad readership,https://openalex.org/W2011915284,https://doi.org/10.1016/0019-8501(83)90007-x,1983,article,12
Industrial Marketing Management,Evaluating a decision support forecasting system,https://openalex.org/W2049768554,https://doi.org/10.1016/0019-8501(89)90011-4,1989,article,12
Industrial Marketing Management,Salesforce entertainment activities,https://openalex.org/W2061851678,https://doi.org/10.1016/0019-8501(85)90014-8,1985,article,12
Industrial Marketing Management,Strategies for marketing computers and related products,https://openalex.org/W2083352059,https://doi.org/10.1016/0019-8501(86)90041-6,1986,article,12
Industrial Marketing Management,Factory salesmen's roles with industrial distributors,https://openalex.org/W2084141081,https://doi.org/10.1016/0019-8501(87)90021-6,1987,article,12
Industrial Marketing Management,The readability of sales training manuals,https://openalex.org/W2085188754,https://doi.org/10.1016/0019-8501(87)90024-1,1987,article,12
Industrial Marketing Management,Industrial survey sampling,https://openalex.org/W2026999557,https://doi.org/10.1016/0019-8501(81)90014-6,1981,article,11
Industrial Marketing Management,Analyzing the industrial salesforce selection process,https://openalex.org/W2081344981,https://doi.org/10.1016/0019-8501(81)90008-0,1981,article,11
Industrial Marketing Management,Marketing to the industrial lease buyer,https://openalex.org/W2013204541,https://doi.org/10.1016/0019-8501(80)90016-4,1980,article,10
Industrial Marketing Management,Trends affecting industrial distributors,https://openalex.org/W2039863179,https://doi.org/10.1016/0019-8501(80)90005-x,1980,article,10
Industrial Marketing Management,Product profile analysis: A tool for industrial selling,https://openalex.org/W2051783429,https://doi.org/10.1016/0019-8501(80)90004-8,1980,article,10
Industrial Marketing Management,Changes in industrial buying: Implications for industrial marketers,https://openalex.org/W2095388551,https://doi.org/10.1016/0019-8501(80)90017-6,1980,article,10
Industrial Marketing Management,Management controls and marketing planning,https://openalex.org/W2325175168,https://doi.org/10.1016/0019-8501(80)90039-5,1980,article,10
Industrial Marketing Management,Critical path method for introducing an industrial product,https://openalex.org/W1965759494,https://doi.org/10.1016/0019-8501(82)90006-2,1982,article,11
Industrial Marketing Management,The adoption of flexible manufacturing systems in British and German companies,https://openalex.org/W1974217586,https://doi.org/10.1016/0019-8501(86)90050-7,1986,article,11
Industrial Marketing Management,The complex decision to select a supplier: A case study,https://openalex.org/W1979712069,https://doi.org/10.1016/0019-8501(83)90034-2,1983,article,11
Industrial Marketing Management,What types of profitability reports do marketing managers receive?,https://openalex.org/W2004259305,https://doi.org/10.1016/0019-8501(87)90039-3,1987,article,11
Industrial Marketing Management,Distributor image and marketing strategy,https://openalex.org/W2020768458,https://doi.org/10.1016/0019-8501(88)90034-x,1988,article,11
Industrial Marketing Management,Teleprospecting: An approach for qualifying accounts,https://openalex.org/W2030582701,https://doi.org/10.1016/0019-8501(89)90016-3,1989,article,11
Industrial Marketing Management,Marketing in a hostile environment: The British textile industry,https://openalex.org/W2055391694,https://doi.org/10.1016/0019-8501(85)90029-x,1985,article,11
Industrial Marketing Management,A case study of repeat buying for a commodity,https://openalex.org/W2068070532,https://doi.org/10.1016/0019-8501(84)90033-6,1984,article,11
Industrial Marketing Management,A survey of sales incentive programs,https://openalex.org/W2085645528,https://doi.org/10.1016/0019-8501(89)90037-0,1989,article,11
Industrial Marketing Management,Japanese buyers attitudes toward U.S. supply sources,https://openalex.org/W1965625259,https://doi.org/10.1016/0019-8501(81)90032-8,1981,article,10
Industrial Marketing Management,Support service is key for technology transfer to China,https://openalex.org/W2040704297,https://doi.org/10.1016/0019-8501(82)90002-5,1982,article,10
Industrial Marketing Management,Changing industrial buyer-seller pricing concerns,https://openalex.org/W2079898067,https://doi.org/10.1016/0019-8501(81)90004-3,1981,article,10
Industrial Marketing Management,Dispersed positioning in portfolio analysis,https://openalex.org/W2105414554,https://doi.org/10.1016/0019-8501(82)90013-x,1982,article,10
Industrial Marketing Management,Strategic planning in emerging companies,https://openalex.org/W2322187941,https://doi.org/10.1016/0019-8501(82)90043-8,1982,article,10
Industrial Marketing Management,The Multinational Company,https://openalex.org/W142055820,https://doi.org/10.1016/0019-8501(84)90010-5,1984,article,10
Industrial Marketing Management,Telemarketing in distribution channels,https://openalex.org/W1963994862,https://doi.org/10.1016/0019-8501(83)90019-6,1983,article,10
Industrial Marketing Management,Rating industrial advertisements,https://openalex.org/W1987319406,https://doi.org/10.1016/0019-8501(84)90007-5,1984,article,10
Industrial Marketing Management,Technical or nontechnical salesmen?,https://openalex.org/W2009432168,https://doi.org/10.1016/0019-8501(85)90043-4,1985,article,10
Industrial Marketing Management,The impact of selling aids on new prospects,https://openalex.org/W2033041049,https://doi.org/10.1016/0019-8501(84)90032-4,1984,article,10
Industrial Marketing Management,Segmenting the commuter aircraft market with cluster analysis,https://openalex.org/W2074304660,https://doi.org/10.1016/0019-8501(86)90039-8,1986,article,10
Industrial Marketing Management,Telemarketing: Supplement to field sales,https://openalex.org/W2078086767,https://doi.org/10.1016/0019-8501(85)90040-9,1985,article,10
Industrial Marketing Management,Breakeven analysis with semifixed costs,https://openalex.org/W2094209773,https://doi.org/10.1016/0019-8501(87)90006-x,1987,article,10
Industrial Marketing Management,Effective advertising in industrial supplier directories,https://openalex.org/W2094549721,https://doi.org/10.1016/0019-8501(85)90047-1,1985,article,10
Industrial Marketing Management,Segmenting high technology adopters,https://openalex.org/W2138989872,https://doi.org/10.1016/0019-8501(84)90035-x,1984,article,10
Industrial Marketing Management,Assessing risks in strategic planning,https://openalex.org/W1964018040,https://doi.org/10.1016/0019-8501(81)90001-8,1981,article,9
Industrial Marketing Management,Developing an end-use intelligence system,https://openalex.org/W1965683088,https://doi.org/10.1016/0019-8501(81)90003-1,1981,article,9
Industrial Marketing Management,Industrial sales management in the 1980s,https://openalex.org/W2015276619,https://doi.org/10.1016/0019-8501(81)90039-0,1981,article,9
Industrial Marketing Management,Pricing strategies that adjust to inflation,https://openalex.org/W2083386877,https://doi.org/10.1016/0019-8501(81)90010-9,1981,article,9
Industrial Marketing Management,Setting multinational industrial marketing strategies,https://openalex.org/W1983358070,https://doi.org/10.1016/0019-8501(80)90001-2,1980,article,8
Industrial Marketing Management,Marketing cost controls: A survey of industry practices,https://openalex.org/W2018202238,https://doi.org/10.1016/0019-8501(80)90006-1,1980,article,8
Industrial Marketing Management,Increase salespeople's prestige with a new title,https://openalex.org/W2026012877,https://doi.org/10.1016/0019-8501(80)90027-9,1980,article,8
Industrial Marketing Management,What British distributors dislike about manufacturers,https://openalex.org/W1987915983,https://doi.org/10.1016/0019-8501(87)90020-4,1987,article,9
Industrial Marketing Management,Market-driven procurement,https://openalex.org/W1995975247,https://doi.org/10.1016/0019-8501(89)90007-2,1989,article,9
Industrial Marketing Management,Developing and using a customer profile data bank,https://openalex.org/W1996095497,https://doi.org/10.1016/0019-8501(85)90018-5,1985,article,9
Industrial Marketing Management,Industrial distribution options: Trade-offs to consider,https://openalex.org/W2010518707,https://doi.org/10.1016/0019-8501(89)90032-1,1989,article,9
Industrial Marketing Management,Will a specialty business become a commodity business?,https://openalex.org/W2058864375,https://doi.org/10.1016/0019-8501(87)90004-6,1987,article,9
Industrial Marketing Management,Centralized and decentralized buying influences,https://openalex.org/W2074462180,https://doi.org/10.1016/0019-8501(82)90004-9,1982,article,9
Industrial Marketing Management,Purchasing's role in computer buying: A comparative study,https://openalex.org/W2083795418,https://doi.org/10.1016/0019-8501(84)90019-1,1984,article,9
Industrial Marketing Management,Value analysis of a sales force,https://openalex.org/W2085126621,https://doi.org/10.1016/0019-8501(82)90009-8,1982,article,9
Industrial Marketing Management,Five types of industrial sales jobs,https://openalex.org/W1977121021,https://doi.org/10.1016/0019-8501(88)90018-1,1988,article,8
Industrial Marketing Management,Impact of purchasing trends on industrial marketers,https://openalex.org/W1979564835,https://doi.org/10.1016/0019-8501(82)90030-x,1982,article,8
Industrial Marketing Management,Interaction based market segmentation,https://openalex.org/W1987469095,https://doi.org/10.1016/0019-8501(84)90036-1,1984,article,8
Industrial Marketing Management,Developing and using a data base marketing system,https://openalex.org/W1994645880,https://doi.org/10.1016/0019-8501(89)90002-3,1989,article,8
Industrial Marketing Management,“Salesforce deployment analysis”,https://openalex.org/W1999011692,https://doi.org/10.1016/0019-8501(83)90005-6,1983,article,8
Industrial Marketing Management,Telephone qualification of sales leads,https://openalex.org/W2009145009,https://doi.org/10.1016/0019-8501(87)90025-3,1987,article,8
Industrial Marketing Management,Evaluating the newer salesperson,https://openalex.org/W2011684913,https://doi.org/10.1016/0019-8501(83)90006-8,1983,article,8
Industrial Marketing Management,Improving postpurchase satisfaction in industrial distribution channels,https://openalex.org/W2019175101,https://doi.org/10.1016/0019-8501(88)90006-5,1988,article,8
Industrial Marketing Management,“Influencing the adoption of an innovation”,https://openalex.org/W2030297038,https://doi.org/10.1016/s0019-8501(83)80003-0,1983,article,8
Industrial Marketing Management,A multidimensional approach to motivating salespeople,https://openalex.org/W2036074973,https://doi.org/10.1016/0019-8501(84)90005-1,1984,article,8
Industrial Marketing Management,Buying in a matrix organization,https://openalex.org/W2051836954,https://doi.org/10.1016/0019-8501(84)90034-8,1984,article,8
Industrial Marketing Management,Industrial marketing education: Practitioner's views,https://openalex.org/W2057522549,https://doi.org/10.1016/0019-8501(82)90021-9,1982,article,8
Industrial Marketing Management,Determining motor carrier backhaul markets,https://openalex.org/W2080691466,https://doi.org/10.1016/0019-8501(86)90033-7,1986,article,8
Industrial Marketing Management,Marketing to associations that specify or approve industrial products,https://openalex.org/W1964025173,https://doi.org/10.1016/0019-8501(80)90007-3,1980,article,7
Industrial Marketing Management,The effective use of marketing research consultants,https://openalex.org/W2038408576,https://doi.org/10.1016/0019-8501(80)90037-1,1980,article,7
Industrial Marketing Management,Industrial sales call planning,https://openalex.org/W2061676691,https://doi.org/10.1016/0019-8501(81)90018-3,1981,article,7
Industrial Marketing Management,Product vs. customer focused industrial selling,https://openalex.org/W2078809631,https://doi.org/10.1016/0019-8501(80)90022-x,1980,article,7
Industrial Marketing Management,Pretesting the effectiveness of industrial advertising,https://openalex.org/W2138291222,https://doi.org/10.1016/0019-8501(80)90038-3,1980,article,7
Industrial Marketing Management,Guidelines for marketing a new industrial product,https://openalex.org/W1992743516,https://doi.org/10.1016/0019-8501(84)90028-2,1984,article,7
Industrial Marketing Management,Inverted breakeven analysis for profitable marketing decisions,https://openalex.org/W1997998624,https://doi.org/10.1016/0019-8501(84)90016-6,1984,article,7
Industrial Marketing Management,Marketing executives' perceptions of equitable salary increases,https://openalex.org/W2004216532,https://doi.org/10.1016/0019-8501(85)90032-x,1985,article,7
Industrial Marketing Management,Managing risk in contract pricing with multiple incentives,https://openalex.org/W2010115712,https://doi.org/10.1016/0019-8501(85)90026-4,1985,article,7
Industrial Marketing Management,Direct mail response factors for an industrial service,https://openalex.org/W2021767243,https://doi.org/10.1016/0019-8501(85)90048-3,1985,article,7
Industrial Marketing Management,Developing a strategic marketing orientation in a large industrial firm,https://openalex.org/W2023267368,https://doi.org/10.1016/0019-8501(82)90047-5,1982,article,7
Industrial Marketing Management,Industrial publicity: One of the best promotional tools,https://openalex.org/W2024804999,https://doi.org/10.1016/0019-8501(83)90008-1,1983,article,7
Industrial Marketing Management,Impact of humor on survey responses,https://openalex.org/W2027443373,https://doi.org/10.1016/0019-8501(83)90023-8,1983,article,7
Industrial Marketing Management,The choice of selling as a career,https://openalex.org/W2075278034,https://doi.org/10.1016/s0019-8501(83)80005-4,1983,article,7
Industrial Marketing Management,Comparative industrial advertising: The content and frequency,https://openalex.org/W2090071026,https://doi.org/10.1016/0019-8501(84)90044-0,1984,article,7
Industrial Marketing Management,Properly recruit salespeople to reduce training cost,https://openalex.org/W2091516334,https://doi.org/10.1016/0019-8501(82)90008-6,1982,article,7
Industrial Marketing Management,Strategic industrial marketing,https://openalex.org/W2603050708,https://doi.org/10.1016/0019-8501(86)90035-0,1986,article,7
Industrial Marketing Management,Retail scanner checkout system: How buying committees functioned,https://openalex.org/W1989943715,https://doi.org/10.1016/0019-8501(89)90034-5,1989,article,7
Industrial Marketing Management,Product publicity: Low cost and high credibility,https://openalex.org/W2121091514,https://doi.org/10.1016/0019-8501(88)90039-9,1988,article,7
Industrial Marketing Management,Three types of salesmen to understand and motivate,https://openalex.org/W1968057907,https://doi.org/10.1016/0019-8501(81)90016-x,1981,article,6
Industrial Marketing Management,Buying decisions in four Indian organizations,https://openalex.org/W1990131870,https://doi.org/10.1016/0019-8501(82)90031-1,1982,article,6
Industrial Marketing Management,Marketing to firms in developing asian countries,https://openalex.org/W2043652585,https://doi.org/10.1016/0019-8501(83)90020-2,1983,article,6
Industrial Marketing Management,Realigning industrial marketing channels,https://openalex.org/W2057711314,https://doi.org/10.1016/0019-8501(83)90004-4,1983,article,6
Industrial Marketing Management,Tactical product decisions,https://openalex.org/W2063528842,https://doi.org/10.1016/0019-8501(83)90030-5,1983,article,6
Industrial Marketing Management,Compensation plans that link management and salesman's objectives,https://openalex.org/W2068432066,https://doi.org/10.1016/0019-8501(82)90010-4,1982,article,6
Industrial Marketing Management,Buying an industrial service warehouse space,https://openalex.org/W2080210612,https://doi.org/10.1016/0019-8501(83)90036-6,1983,article,6
Industrial Marketing Management,Advertising Strategy: A communication theory approach,https://openalex.org/W248841234,https://doi.org/10.1016/0019-8501(83)90042-1,1983,article,6
Industrial Marketing Management,Techniques that reduce salesforce frustration,https://openalex.org/W2054220912,https://doi.org/10.1016/0019-8501(80)90023-1,1980,article,5
Industrial Marketing Management,Sales recruiting—A major area of underinvestment,https://openalex.org/W2080478302,https://doi.org/10.1016/0019-8501(80)90033-4,1980,article,5
Industrial Marketing Management,A method to portray and analyze sales performance,https://openalex.org/W1972421301,https://doi.org/10.1016/0019-8501(87)90018-6,1987,article,6
Industrial Marketing Management,Should you increase sales promotion or add salespeople?,https://openalex.org/W2022810711,https://doi.org/10.1016/0019-8501(89)90003-5,1989,article,6
Industrial Marketing Management,Growth strategies and performance in electronics companies,https://openalex.org/W2037895762,https://doi.org/10.1016/0019-8501(88)90036-3,1988,article,6
Industrial Marketing Management,Couple competitive analysis to sales force decisions,https://openalex.org/W2053742630,https://doi.org/10.1016/0019-8501(87)90008-3,1987,article,6
Industrial Marketing Management,Applying territoriality to steps in the buyer/seller process,https://openalex.org/W2057800864,https://doi.org/10.1016/0019-8501(84)90002-6,1984,article,6
Industrial Marketing Management,Industrial sales managers: Satisfaction and performance,https://openalex.org/W2065853393,https://doi.org/10.1016/0019-8501(85)90016-1,1985,article,6
Industrial Marketing Management,Global computer marketing strategies,https://openalex.org/W2079091043,https://doi.org/10.1016/0019-8501(89)90005-9,1989,article,6
Industrial Marketing Management,Field sales management,https://openalex.org/W2328409728,https://doi.org/10.1016/0019-8501(86)90048-9,1986,article,6
Industrial Marketing Management,Gross margin sales compensation plans,https://openalex.org/W1997747481,https://doi.org/10.1016/0019-8501(81)90017-1,1981,article,5
Industrial Marketing Management,The multinational corporation: Nine essays,https://openalex.org/W2726780865,https://doi.org/10.1016/0019-8501(81)90045-6,1981,article,5
Industrial Marketing Management,Applying financial portfolio and multiple criteria approaches to product line decisions,https://openalex.org/W1973225653,https://doi.org/10.1016/0019-8501(84)90018-x,1984,article,5
Industrial Marketing Management,An approach for allocating sales call effort,https://openalex.org/W2002885359,https://doi.org/10.1016/0019-8501(82)90036-0,1982,article,5
Industrial Marketing Management,Price leadership in the paper industry,https://openalex.org/W2009617756,https://doi.org/10.1016/0019-8501(83)90018-4,1983,article,5
Industrial Marketing Management,Optimizing the number of industrial salespersons,https://openalex.org/W2023927670,https://doi.org/10.1016/0019-8501(82)90035-9,1982,article,5
Industrial Marketing Management,The process of obtaining new accounts,https://openalex.org/W2052684470,https://doi.org/10.1016/0019-8501(82)90048-7,1982,article,5
Industrial Marketing Management,Advisors and decision-makers in product eliminations,https://openalex.org/W2066555032,https://doi.org/10.1016/0019-8501(85)90027-6,1985,article,5
Industrial Marketing Management,Manufacturers shift the inventory carrying function,https://openalex.org/W2072012107,https://doi.org/10.1016/0019-8501(82)90053-0,1982,article,5
Industrial Marketing Management,Industrial marketing research helps develop product/market strategies,https://openalex.org/W2087121926,https://doi.org/10.1016/0019-8501(83)90028-7,1983,article,5
Industrial Marketing Management,A sales mix model for effective industrial selling,https://openalex.org/W1976511994,https://doi.org/10.1016/0019-8501(80)90031-0,1980,article,4
Industrial Marketing Management,Gearing manufacturer support programs to distributors,https://openalex.org/W1993191923,https://doi.org/10.1016/0019-8501(89)90001-1,1989,article,5
Industrial Marketing Management,Improving marketing with DRP,https://openalex.org/W2057898099,https://doi.org/10.1016/0019-8501(88)90038-7,1988,article,5
Industrial Marketing Management,Effect of time on a marketing strategy,https://openalex.org/W1970043156,https://doi.org/10.1016/0019-8501(83)90016-0,1983,article,4
Industrial Marketing Management,Critical uses of research in business marketing,https://openalex.org/W2001262584,https://doi.org/10.1016/0019-8501(85)90035-5,1985,article,4
Industrial Marketing Management,Forecasting derived product demand in commercial construction,https://openalex.org/W2023389836,https://doi.org/10.1016/0019-8501(82)90032-3,1982,article,4
Industrial Marketing Management,Computer usage in distributor marketing,https://openalex.org/W2061005631,https://doi.org/10.1016/0019-8501(87)90007-1,1987,article,4
Industrial Marketing Management,“Monetary incentives and salesmen performance”,https://openalex.org/W2064508993,https://doi.org/10.1016/s0019-8501(83)80006-6,1983,article,4
Industrial Marketing Management,Technology changes market boundaries,https://openalex.org/W2068534244,https://doi.org/10.1016/0019-8501(83)90001-9,1983,article,4
Industrial Marketing Management,The value of company newsletters and magazines,https://openalex.org/W2081815308,https://doi.org/10.1016/0019-8501(87)90023-x,1987,article,4
Industrial Marketing Management,Diffusion of product code scanning systems,https://openalex.org/W2005805955,https://doi.org/10.1016/0019-8501(86)90032-5,1986,article,4
Industrial Marketing Management,Building a more successful rep organization,https://openalex.org/W2031418234,https://doi.org/10.1016/0019-8501(86)90030-1,1986,article,4
Industrial Marketing Management,The industrial proposal as a promotional tool,https://openalex.org/W2091843173,https://doi.org/10.1016/0019-8501(80)90015-2,1980,article,3
Industrial Marketing Management,Effective salesmanship,https://openalex.org/W111430018,https://doi.org/10.1016/0019-8501(81)90031-6,1981,article,3
Industrial Marketing Management,"Selling: Personality, persuasion, strategy",https://openalex.org/W1973132821,https://doi.org/10.1016/0019-8501(81)90030-4,1981,article,3
Industrial Marketing Management,Marketing a scientific research organization,https://openalex.org/W1980612255,https://doi.org/10.1016/s0019-8501(83)80008-x,1983,article,3
Industrial Marketing Management,Library support for industrial marketing research,https://openalex.org/W1991743660,https://doi.org/10.1016/0019-8501(82)90033-5,1982,article,3
Industrial Marketing Management,Estimating potential for aftermarket requirements,https://openalex.org/W2003816067,https://doi.org/10.1016/0019-8501(81)90012-2,1981,article,3
Industrial Marketing Management,Risk in product development stages,https://openalex.org/W2067057436,https://doi.org/10.1016/0019-8501(83)90002-0,1983,article,3
Industrial Marketing Management,Forecasting for firms selling projects or jobs “to order”,https://openalex.org/W1967202604,https://doi.org/10.1016/0019-8501(86)90056-8,1986,article,3
Industrial Marketing Management,Switching from reps to direct salespeople,https://openalex.org/W2044359682,https://doi.org/10.1016/0019-8501(87)90022-8,1987,article,3
Industrial Marketing Management,Grid analysis for sales supervision,https://openalex.org/W2050679732,https://doi.org/10.1016/0019-8501(85)90015-x,1985,article,3
Industrial Marketing Management,Managing a capital equipment business's market share,https://openalex.org/W2080507572,https://doi.org/10.1016/0019-8501(85)90034-3,1985,article,3
Industrial Marketing Management,Market planning for government procurement,https://openalex.org/W2090271860,https://doi.org/10.1016/0019-8501(86)90020-9,1986,article,3
Industrial Marketing Management,Understanding the competition: A practical guide to competitive analysis,https://openalex.org/W225940890,https://doi.org/10.1016/0019-8501(84)90011-7,1984,article,3
Industrial Marketing Management,How to prepare a marketing plan—3rd edition,https://openalex.org/W2315809510,https://doi.org/10.1016/0019-8501(84)90009-9,1984,article,3
Industrial Marketing Management,Technology development: Determining what to forecast,https://openalex.org/W1977296079,https://doi.org/10.1016/0019-8501(80)90002-4,1980,article,2
Industrial Marketing Management,A new method for routing salespersons,https://openalex.org/W1978652218,https://doi.org/10.1016/0019-8501(80)90025-5,1980,article,2
Industrial Marketing Management,On-line information retrieval aids new product development,https://openalex.org/W2002706698,https://doi.org/10.1016/0019-8501(80)90010-3,1980,article,2
Industrial Marketing Management,Buying process in the U.S. Department of Defense,https://openalex.org/W2056507138,https://doi.org/10.1016/0019-8501(80)90043-7,1980,article,2
Industrial Marketing Management,Industrial buying behavior in Brazil,https://openalex.org/W2075722786,https://doi.org/10.1016/0019-8501(80)90041-3,1980,article,2
Industrial Marketing Management,Salesforce selection that meets federal regulation and management needs,https://openalex.org/W2158451434,https://doi.org/10.1016/0019-8501(80)90028-0,1980,article,2
Industrial Marketing Management,A flexible approach to determining financial terms of sale,https://openalex.org/W2011366485,https://doi.org/10.1016/0019-8501(81)90022-5,1981,article,2
Industrial Marketing Management,Marketing a business school to industry,https://openalex.org/W2051171263,https://doi.org/10.1016/0019-8501(82)90020-7,1982,article,2
Industrial Marketing Management,Sales presentations at three company levels,https://openalex.org/W2057843982,https://doi.org/10.1016/0019-8501(81)90006-7,1981,article,2
Industrial Marketing Management,Organizational processes in formulating marketing policies,https://openalex.org/W2144892663,https://doi.org/10.1016/0019-8501(82)90003-7,1982,article,2
Industrial Marketing Management,Industrial purchase price management,https://openalex.org/W2613183323,https://doi.org/10.1016/0019-8501(81)90043-2,1981,article,2
Industrial Marketing Management,When to bid for government contracts,https://openalex.org/W1970044342,https://doi.org/10.1016/0019-8501(87)90005-8,1987,article,2
Industrial Marketing Management,"Balancing product quality, costs, and profits",https://openalex.org/W1987679329,https://doi.org/10.1016/0019-8501(89)90008-4,1989,article,2
Industrial Marketing Management,Industrial market research in India,https://openalex.org/W2010515729,https://doi.org/10.1016/0019-8501(87)90034-4,1987,article,2
Industrial Marketing Management,Utilizing expert database services,https://openalex.org/W2066360021,https://doi.org/10.1016/0019-8501(88)90016-8,1988,article,2
Industrial Marketing Management,Consultant selection: The two envelope system of bidding,https://openalex.org/W2073994126,https://doi.org/10.1016/s0019-8501(83)80007-8,1983,article,2
Industrial Marketing Management,Competing against an in-house supplier,https://openalex.org/W2084757583,https://doi.org/10.1016/0019-8501(89)90031-x,1989,article,2
Industrial Marketing Management,Emergency and routine MRO part buying,https://openalex.org/W2125588140,https://doi.org/10.1016/0019-8501(85)90020-3,1985,article,2
Industrial Marketing Management,Industrial purchasing and effective materials management,https://openalex.org/W218461614,https://doi.org/10.1016/0019-8501(86)90036-2,1986,article,2
Industrial Marketing Management,Government marketing — Theory and practice,https://openalex.org/W2938198861,https://doi.org/10.1016/0019-8501(83)90041-x,1983,article,2
Industrial Marketing Management,An industrial analysis market information system,https://openalex.org/W1978046555,https://doi.org/10.1016/0019-8501(80)90009-7,1980,article,1
Industrial Marketing Management,Product-market strategies in the minicomputer industry,https://openalex.org/W1986047121,https://doi.org/10.1016/0019-8501(80)90048-6,1980,article,1
Industrial Marketing Management,Competition in government and industry procurement contracting,https://openalex.org/W1972273829,https://doi.org/10.1016/0019-8501(81)90035-3,1981,article,1
Industrial Marketing Management,A dynamic industrial product model,https://openalex.org/W1982120451,https://doi.org/10.1016/0019-8501(81)90019-5,1981,article,1
Industrial Marketing Management,Reducing overreaction in contract markets,https://openalex.org/W2001456425,https://doi.org/10.1016/0019-8501(81)90037-7,1981,article,1
Industrial Marketing Management,Customer service and distribution strategy,https://openalex.org/W226529833,https://doi.org/10.1016/0019-8501(81)90044-4,1981,article,1
Industrial Marketing Management,Market and sales forecasting manual,https://openalex.org/W111948528,https://doi.org/10.1016/0019-8501(83)90013-5,1983,article,1
Industrial Marketing Management,Evaluating the capital purchase of a new technology,https://openalex.org/W1977047108,https://doi.org/10.1016/0019-8501(84)90004-x,1984,article,1
Industrial Marketing Management,Impact of purchasing systems contracts on distributors and procedures,https://openalex.org/W2052299818,https://doi.org/10.1016/0019-8501(82)90018-9,1982,article,1
Industrial Marketing Management,An experimental approach to segmenting buyers of marketing research,https://openalex.org/W2092178993,https://doi.org/10.1016/0019-8501(85)90028-8,1985,article,1
Industrial Marketing Management,Running an effective sales office,https://openalex.org/W226568481,https://doi.org/10.1016/0019-8501(82)90057-8,1982,article,1
Industrial Marketing Management,Secrets of a corporate headhunter,https://openalex.org/W2313260849,https://doi.org/10.1016/0019-8501(82)90024-4,1982,article,1
Industrial Marketing Management,Directory of industry data sources,https://openalex.org/W2313846780,https://doi.org/10.1016/0019-8501(84)90024-5,1984,article,1
Industrial Marketing Management,Industrial marketing management—Cases and readings,https://openalex.org/W2315263902,https://doi.org/10.1016/0019-8501(84)90022-1,1984,article,1
Industrial Marketing Management,Marketing information: A professional reference guide,https://openalex.org/W2318796150,https://doi.org/10.1016/0019-8501(83)90010-x,1983,article,1
Industrial Marketing Management,The A to Z of Sales Management,https://openalex.org/W2326978836,https://doi.org/10.1016/0019-8501(82)90012-8,1982,article,1
Industrial Marketing Management,Industrial New Product Development: A Manual for the 1980's,https://openalex.org/W2611999845,https://doi.org/10.1016/0019-8501(83)90039-1,1983,article,1
Industrial Marketing Management,Getting back to the basics of selling,https://openalex.org/W2729967958,https://doi.org/10.1016/0019-8501(82)90045-1,1982,article,1
Industrial Marketing Management,Product liability in industrial markets,https://openalex.org/W2088690532,https://doi.org/10.1016/0019-8501(86)90018-0,1986,article,1
Industrial Marketing Management,Legislation facing high-market-share U.S. industrial manufacturers,https://openalex.org/W2077380588,https://doi.org/10.1016/0019-8501(80)90012-7,1980,article,0
Industrial Marketing Management,Author index to volume 9,https://openalex.org/W4242318428,https://doi.org/10.1016/0019-8501(80)90050-4,1980,article,0
Industrial Marketing Management,The elements of export practice,https://openalex.org/W118487562,https://doi.org/10.1016/0019-8501(81)90009-2,1981,article,0
Industrial Marketing Management,Marketing planning &amp; strategy,https://openalex.org/W2323587933,https://doi.org/10.1016/0019-8501(81)90042-0,1981,article,0
Industrial Marketing Management,Author index to volume 10,https://openalex.org/W4233172497,https://doi.org/10.1016/0019-8501(81)90046-8,1981,article,0
Industrial Marketing Management,The management of marketing,https://openalex.org/W67039923,https://doi.org/10.1016/0019-8501(81)90041-9,1981,article,0
Industrial Marketing Management,Trademarks,https://openalex.org/W13356718,https://doi.org/10.1016/0019-8501(82)90056-6,1982,article,0
Industrial Marketing Management,The art of managing managers,https://openalex.org/W135421318,https://doi.org/10.1016/0019-8501(82)90040-2,1982,article,0
Industrial Marketing Management,How to get started as a manufactures' representative,https://openalex.org/W144662905,https://doi.org/10.1016/0019-8501(82)90054-2,1982,article,0
Industrial Marketing Management,Protectionism in the United States steel and aircraft industries,https://openalex.org/W1971092579,https://doi.org/10.1016/s0019-8501(83)80002-9,1983,article,0
Industrial Marketing Management,MRO parts service in the machine tool industry,https://openalex.org/W1978015235,https://doi.org/10.1016/0019-8501(85)90021-5,1985,article,0
Industrial Marketing Management,How to win with information or lose without it,https://openalex.org/W218244056,https://doi.org/10.1016/0019-8501(82)90042-6,1982,article,0
Industrial Marketing Management,Life-styled marketing: How to position products for premium profits,https://openalex.org/W2312394965,https://doi.org/10.1016/0019-8501(82)90046-3,1982,article,0
Industrial Marketing Management,Branchising proven techniques for rapid company expansion and market dominance,https://openalex.org/W2315477720,https://doi.org/10.1016/0019-8501(82)90022-0,1982,article,0
Industrial Marketing Management,Beating Men at Their Own Game—A woman's guide to successful selling in industry,https://openalex.org/W2317624315,https://doi.org/10.1016/0019-8501(83)90043-3,1983,article,0
Industrial Marketing Management,Handbook of innovative marketing techniques,https://openalex.org/W2320675073,https://doi.org/10.1016/0019-8501(82)90038-4,1982,article,0
Industrial Marketing Management,Diary of a small business,https://openalex.org/W2320931218,https://doi.org/10.1016/0019-8501(83)90014-7,1983,article,0
Industrial Marketing Management,Global business strategy for the 1980s,https://openalex.org/W2325957664,https://doi.org/10.1016/0019-8501(83)90026-3,1983,article,0
Industrial Marketing Management,Industrial marketing for results,https://openalex.org/W2594195818,https://doi.org/10.1016/0019-8501(82)90039-6,1982,article,0
Industrial Marketing Management,How to get—and keep!—good industrial representatives,https://openalex.org/W2611980404,https://doi.org/10.1016/0019-8501(83)90009-3,1983,article,0
Industrial Marketing Management,The management of innovative technological corporations,https://openalex.org/W2612076352,https://doi.org/10.1016/0019-8501(82)90055-4,1982,article,0
Industrial Marketing Management,How to handle major customers profitably,https://openalex.org/W288405879,https://doi.org/10.1016/0019-8501(82)90023-2,1982,article,0
Industrial Marketing Management,Take charge sales management: Successful first-year strategies for the newly appointed sales managers,https://openalex.org/W2936329732,https://doi.org/10.1016/0019-8501(82)90044-x,1982,article,0
Industrial Marketing Management,"Sales Management: Behavior, Practice, and Cases",https://openalex.org/W2938428668,https://doi.org/10.1016/0019-8501(83)90038-x,1983,article,0
Industrial Marketing Management,,https://openalex.org/W3022120157,https://doi.org/10.1016/s0019-8501(83)80009-1,1983,article,0
Industrial Marketing Management,"A guide to business research: Developing, conducting, and writing research projects",https://openalex.org/W318778409,https://doi.org/10.1016/0019-8501(82)90041-4,1982,article,0
Industrial Marketing Management,Author index to volume 11,https://openalex.org/W4236424164,https://doi.org/10.1016/0019-8501(82)90026-8,1982,article,0
Industrial Marketing Management,Author index to volume 14,https://openalex.org/W4236584168,https://doi.org/10.1016/0019-8501(85)90024-0,1985,article,0
Industrial Marketing Management,Author index to volume 12,https://openalex.org/W4240819458,https://doi.org/10.1016/s0019-8501(83)80010-8,1983,article,0
Industrial Marketing Management,Sales manager's problem-solver,https://openalex.org/W185957829,https://doi.org/10.1016/0019-8501(84)90014-2,1984,article,0
Industrial Marketing Management,The senior marketing executive in South African industrial companies,https://openalex.org/W1966328579,https://doi.org/10.1016/0019-8501(84)90039-7,1984,article,0
Industrial Marketing Management,Working with a unique distribution channel: Contractor-dealers,https://openalex.org/W2004397956,https://doi.org/10.1016/0019-8501(88)90035-1,1988,article,0
Industrial Marketing Management,New product development in engineering—A comparison of the British and West german machine tool industries,https://openalex.org/W222604933,https://doi.org/10.1016/0019-8501(86)90037-4,1986,article,0
Industrial Marketing Management,Sourcebook of Global Statistics 1985,https://openalex.org/W2734428447,https://doi.org/10.1016/0019-8501(87)90011-3,1987,article,0
Industrial Marketing Management,Author index to volume 17,https://openalex.org/W4230041939,https://doi.org/10.1016/0019-8501(88)90040-5,1988,article,0
Industrial Marketing Management,Volume contents,https://openalex.org/W4232986466,https://doi.org/10.1016/0019-8501(88)90041-7,1988,article,0
Industrial Marketing Management,Author index to volume 16,https://openalex.org/W4239501189,https://doi.org/10.1016/0019-8501(87)90041-1,1987,article,0
Industrial Marketing Management,Author index to volume 13,https://openalex.org/W4250600598,https://doi.org/10.1016/0019-8501(84)90025-7,1984,article,0
Industrial Marketing Management,Author index to volume 18,https://openalex.org/W4254480337,https://doi.org/10.1016/0019-8501(89)90012-6,1989,article,0
