source_journal,work_title,work_oaid,DOI,pub_year,work_type,all_cited_by_count
Industrial Marketing Management,A portfolio approach to supplier relationships,https://openalex.org/W2087733608,https://doi.org/10.1016/s0019-8501(96)00089-2,1997,article,625
Industrial Marketing Management,Business Relationships and Networks:,https://openalex.org/W51987601,https://doi.org/10.1016/s0019-8501(99)00086-3,1999,article,584
Industrial Marketing Management,The benefits of “Guanxi”: The value of relationships in developing the Chinese market,https://openalex.org/W2088460587,https://doi.org/10.1016/0019-8501(94)00079-c,1995,article,514
Industrial Marketing Management,The relationship marketing process: A conceptualization and application,https://openalex.org/W1995863820,https://doi.org/10.1016/0019-8501(94)90007-8,1994,article,423
Industrial Marketing Management,Customer value change in industrial marketing relationships: A call for new strategies and research,https://openalex.org/W1981473803,https://doi.org/10.1016/s0019-8501(96)00112-5,1997,article,398
Industrial Marketing Management,Theory Testing Using Case Studies in Business-to-Business Research,https://openalex.org/W1976620859,https://doi.org/10.1016/s0019-8501(98)00040-6,1999,article,392
Industrial Marketing Management,An exploration of branding in industrial markets,https://openalex.org/W1967295847,https://doi.org/10.1016/s0019-8501(96)00151-4,1997,article,377
Industrial Marketing Management,Supplier relationships: Emerging issues and challenges,https://openalex.org/W2096157630,https://doi.org/10.1016/s0019-8501(96)00153-8,1997,article,374
Industrial Marketing Management,Buyer-supplier relationships today,https://openalex.org/W1970277358,https://doi.org/10.1016/0019-8501(93)90029-7,1993,article,333
Industrial Marketing Management,The Networking Company,https://openalex.org/W157896365,https://doi.org/10.1016/s0019-8501(99)00075-9,1999,article,325
Industrial Marketing Management,Overhauling the new product process,https://openalex.org/W2067723160,https://doi.org/10.1016/s0019-8501(96)00062-4,1996,article,317
Industrial Marketing Management,Learning in Networks,https://openalex.org/W2081335970,https://doi.org/10.1016/s0019-8501(99)00080-2,1999,article,283
Industrial Marketing Management,New Product Development From Past Research to Future Applications,https://openalex.org/W2051602497,https://doi.org/10.1016/s0019-8501(97)00047-3,1998,article,257
Industrial Marketing Management,Marketing orientation and company performance: Industrial vs. consumer goods companies,https://openalex.org/W2098341957,https://doi.org/10.1016/s0019-8501(96)00121-6,1997,article,256
Industrial Marketing Management,New product processes at leading industrial firms,https://openalex.org/W1992362265,https://doi.org/10.1016/0019-8501(91)90032-b,1991,article,248
Industrial Marketing Management,Adaptive Behavior in Buyer–Supplier Relationships,https://openalex.org/W2045332697,https://doi.org/10.1016/s0019-8501(99)00057-7,1999,article,239
Industrial Marketing Management,Managing Interfaces with Suppliers,https://openalex.org/W2047324390,https://doi.org/10.1016/s0019-8501(99)00077-2,1999,article,220
Industrial Marketing Management,Supplier relational behavior: An empirical assessment,https://openalex.org/W1971673632,https://doi.org/10.1016/s0019-8501(96)00092-2,1997,article,211
Industrial Marketing Management,Logistics Performance Measurement and Customer Success,https://openalex.org/W2095074067,https://doi.org/10.1016/s0019-8501(97)00078-3,1998,article,197
Industrial Marketing Management,Measuring customer satisfaction,https://openalex.org/W2115362349,https://doi.org/10.1016/0019-8501(93)90012-v,1993,article,197
Industrial Marketing Management,Business-to-Business Marketing and the World Wide Web,https://openalex.org/W145704741,https://doi.org/10.1016/s0019-8501(98)00013-3,1999,article,189
Industrial Marketing Management,Do Customer Partnerships Improve New Product Success Rates?,https://openalex.org/W2022044122,https://doi.org/10.1016/s0019-8501(99)00058-9,1999,article,184
Industrial Marketing Management,Managing Business Relationships by Analyzing the Effects and Value of Different Actions,https://openalex.org/W2086150903,https://doi.org/10.1016/s0019-8501(99)00065-6,1999,article,181
Industrial Marketing Management,Developing new business-to-business professional services: What factors impact performance?,https://openalex.org/W1980094624,https://doi.org/10.1016/s0019-8501(96)00066-1,1996,article,175
Industrial Marketing Management,Proactive product service strategies: An application in the European health market,https://openalex.org/W2154102574,https://doi.org/10.1016/s0019-8501(96)00122-8,1997,article,175
Industrial Marketing Management,Brand-naming industrial products,https://openalex.org/W1978389406,https://doi.org/10.1016/0019-8501(93)90021-x,1993,article,160
Industrial Marketing Management,The Current State of Sales Force Activities,https://openalex.org/W2041085891,https://doi.org/10.1016/s0019-8501(98)00025-x,1999,article,157
Industrial Marketing Management,Managing R&amp;D-marketing integration in the new product development process,https://openalex.org/W2014487545,https://doi.org/10.1016/s0019-8501(96)00069-7,1996,article,156
Industrial Marketing Management,New product launch: Marketing action and launch tactics for high-technology products,https://openalex.org/W1972263027,https://doi.org/10.1016/0019-8501(95)00037-2,1996,article,155
Industrial Marketing Management,Classification of industrial services: A model with strategic implications,https://openalex.org/W1994918286,https://doi.org/10.1016/s0019-8501(96)00111-3,1997,article,152
Industrial Marketing Management,Understanding Customer Quality Requirements,https://openalex.org/W22120743,https://doi.org/10.1016/s0019-8501(98)00007-8,1999,article,146
Industrial Marketing Management,Chinese purchasing managers' preferences and trade-offs in supplier selection and performance evaluation,https://openalex.org/W2040931701,https://doi.org/10.1016/0019-8501(95)00070-4,1996,article,140
Industrial Marketing Management,The meaning of a marketing relationship: A pilot study,https://openalex.org/W2069095713,https://doi.org/10.1016/0019-8501(94)00029-v,1995,article,134
Industrial Marketing Management,Developing successful new financial services for businesses,https://openalex.org/W2093689187,https://doi.org/10.1016/0019-8501(92)90020-t,1992,article,132
Industrial Marketing Management,The Role of Bonus Pay in Salesforce Compensation Plans,https://openalex.org/W2077466345,https://doi.org/10.1016/s0019-8501(97)00045-x,1998,article,130
Industrial Marketing Management,An examination of gender differences in selling behaviors and job attitudes,https://openalex.org/W2029376534,https://doi.org/10.1016/0019-8501(94)00030-z,1995,article,127
Industrial Marketing Management,The challenge of sustaining competitive advantage,https://openalex.org/W2063488147,https://doi.org/10.1016/0019-8501(95)00072-0,1996,article,127
Industrial Marketing Management,An empirical investigation of the differences in goods and services as perceived by organizational buyers,https://openalex.org/W2047837277,https://doi.org/10.1016/0019-8501(94)00037-w,1995,article,126
Industrial Marketing Management,What is really necessary in successful buyer/seller relationships?,https://openalex.org/W2047266572,https://doi.org/10.1016/0019-8501(94)00025-r,1995,article,125
Industrial Marketing Management,Generating and screening new products ideas,https://openalex.org/W2056110922,https://doi.org/10.1016/0019-8501(91)90003-x,1991,article,114
Industrial Marketing Management,Key Factors in Increasing Speed to Market and Improving New Product Success Rates,https://openalex.org/W2041006293,https://doi.org/10.1016/s0019-8501(98)00008-x,1999,article,131
Industrial Marketing Management,Industrial firms and the power of mission,https://openalex.org/W2066661814,https://doi.org/10.1016/s0019-8501(96)00146-0,1997,article,126
Industrial Marketing Management,Single Sourcing and Supplier Certification,https://openalex.org/W2033716059,https://doi.org/10.1016/s0019-8501(97)00039-4,1998,article,121
Industrial Marketing Management,Perceived value approach to pricing,https://openalex.org/W1966851557,https://doi.org/10.1016/0019-8501(93)90039-a,1993,article,118
Industrial Marketing Management,Antecedents and Consequences of Relationship Marketing,https://openalex.org/W2010978769,https://doi.org/10.1016/s0019-8501(98)00034-0,1999,article,118
Industrial Marketing Management,Reducing conflict between marketing and manufacturing,https://openalex.org/W2032494509,https://doi.org/10.1016/0019-8501(93)90026-4,1993,article,112
Industrial Marketing Management,Impact of Organizational and Contract Flexibility on Outsourcing Contracts,https://openalex.org/W1981383486,https://doi.org/10.1016/s0019-8501(97)00085-0,1998,article,110
Industrial Marketing Management,Relationship Promoters,https://openalex.org/W56141345,https://doi.org/10.1016/s0019-8501(99)00081-4,1999,article,108
Industrial Marketing Management,Toward a model of business-to-business marketing communications effects,https://openalex.org/W1985408991,https://doi.org/10.1016/s0019-8501(96)00032-6,1997,article,107
Industrial Marketing Management,Benefits of customer and competitive orientations in industrial markets,https://openalex.org/W2007626838,https://doi.org/10.1016/0019-8501(96)00012-0,1996,article,107
Industrial Marketing Management,How firms select professional services,https://openalex.org/W2029683991,https://doi.org/10.1016/0019-8501(92)90002-b,1992,article,107
Industrial Marketing Management,Dissolution of a relationship: The salesforce perception,https://openalex.org/W2031926342,https://doi.org/10.1016/0019-8501(95)00015-3,1995,article,107
Industrial Marketing Management,Use of human judgment models in industrial buyers' vendor selection decisions,https://openalex.org/W2020186188,https://doi.org/10.1016/0019-8501(95)00073-9,1996,article,106
Industrial Marketing Management,Criteria used to select management consultants,https://openalex.org/W2023633593,https://doi.org/10.1016/0019-8501(92)90015-l,1992,article,106
Industrial Marketing Management,Globalizing the emerging high-technology company,https://openalex.org/W2095529002,https://doi.org/10.1016/s0019-8501(96)00072-7,1996,article,106
Industrial Marketing Management,The implementation of relationship marketing in commercial banking,https://openalex.org/W1977378736,https://doi.org/10.1016/0019-8501(93)90040-e,1993,article,105
Industrial Marketing Management,New product development process: Stages and successes in the medical products industry,https://openalex.org/W2017990225,https://doi.org/10.1016/s0019-8501(96)00115-0,1997,article,104
Industrial Marketing Management,Employing information technology in purchasing: Buyer-supplier relationships and size of the supplier base,https://openalex.org/W2039792141,https://doi.org/10.1016/s0019-8501(96)00123-x,1997,article,104
Industrial Marketing Management,Industrial Mail Surveys,https://openalex.org/W2190095731,https://doi.org/10.1016/s0019-8501(97)00041-2,1998,article,104
Industrial Marketing Management,Relationship Marketing in Practice,https://openalex.org/W1996084762,https://doi.org/10.1016/s0019-8501(97)00079-5,1998,article,102
Industrial Marketing Management,Performance typologies of new product projects,https://openalex.org/W1973333809,https://doi.org/10.1016/0019-8501(95)00034-8,1995,article,101
Industrial Marketing Management,Responding to the green movement,https://openalex.org/W2060604984,https://doi.org/10.1016/0019-8501(92)90004-d,1992,article,101
Industrial Marketing Management,Artificial neural networks: A new methodology for industrial market segmentation,https://openalex.org/W2062827704,https://doi.org/10.1016/0019-8501(95)00033-7,1995,article,101
Industrial Marketing Management,Competitor technology intelligence in German companies,https://openalex.org/W1986178130,https://doi.org/10.1016/0019-8501(91)90027-d,1991,article,100
Industrial Marketing Management,Fixing service failures,https://openalex.org/W2019372449,https://doi.org/10.1016/s0019-8501(96)00158-7,1997,article,98
Industrial Marketing Management,Why salespeople fail,https://openalex.org/W1986139391,https://doi.org/10.1016/0019-8501(92)90019-p,1992,article,95
Industrial Marketing Management,Improving trade show effectiveness by analyzing attendees,https://openalex.org/W1991477054,https://doi.org/10.1016/0019-8501(93)90027-5,1993,article,94
Industrial Marketing Management,Beating the commodity magnet,https://openalex.org/W2170097952,https://doi.org/10.1016/0019-8501(92)90018-o,1992,article,90
Industrial Marketing Management,The new product development process for commercial financial services,https://openalex.org/W2023679373,https://doi.org/10.1016/s0019-8501(96)00067-3,1996,article,92
Industrial Marketing Management,Marketing Industrial Products on the Internet,https://openalex.org/W2005116324,https://doi.org/10.1016/s0019-8501(97)00038-2,1998,article,91
Industrial Marketing Management,How exhibitors select trade shows,https://openalex.org/W2065450526,https://doi.org/10.1016/0019-8501(93)90025-3,1993,article,91
Industrial Marketing Management,Relationship marketing: An agenda for inquiry,https://openalex.org/W2093252403,https://doi.org/10.1016/s0019-8501(96)00154-x,1997,article,91
Industrial Marketing Management,The transformation of industrial selling: Causes and consequences,https://openalex.org/W2057258451,https://doi.org/10.1016/0019-8501(96)00035-1,1996,article,89
Industrial Marketing Management,"Trade show objectives, management, and staffing practices",https://openalex.org/W2053696206,https://doi.org/10.1016/0019-8501(94)00082-8,1995,article,88
Industrial Marketing Management,The value of nonselling activities at international trade shows,https://openalex.org/W2000096851,https://doi.org/10.1016/0019-8501(95)00065-8,1996,article,86
Industrial Marketing Management,How reverse marketing changes buyer—seller roles,https://openalex.org/W2002417460,https://doi.org/10.1016/0019-8501(91)90016-9,1991,article,86
Industrial Marketing Management,Country-of-origin effects on purchasing managers' product perceptions,https://openalex.org/W1983002119,https://doi.org/10.1016/0019-8501(94)90048-5,1994,article,83
Industrial Marketing Management,How a customer mission statement affects company performance,https://openalex.org/W2037851817,https://doi.org/10.1016/0019-8501(90)90027-s,1990,article,82
Industrial Marketing Management,Market segmentation practices of industrial marketers,https://openalex.org/W2049517942,https://doi.org/10.1016/0019-8501(93)90033-4,1993,article,82
Industrial Marketing Management,New-product success in the chemical industry,https://openalex.org/W2051753164,https://doi.org/10.1016/0019-8501(93)90034-5,1993,article,81
Industrial Marketing Management,Organizing Marketing in Industrial High-Tech Firms,https://openalex.org/W2197987016,https://doi.org/10.1016/s0019-8501(99)00059-0,1999,article,78
Industrial Marketing Management,Buyer perceived service quality in industrial networks,https://openalex.org/W1967181104,https://doi.org/10.1016/0019-8501(94)00038-x,1995,article,76
Industrial Marketing Management,Influence of Managerial Behaviors and Job Autonomy on Job Satisfaction of Industrial Salespersons,https://openalex.org/W150001774,https://doi.org/10.1016/s0019-8501(98)00022-4,1999,article,75
Industrial Marketing Management,Exporting Problems of Industrial Manufacturers,https://openalex.org/W2046356671,https://doi.org/10.1016/s0019-8501(97)00046-1,1998,article,75
Industrial Marketing Management,Building Competitiveness in Grocery Supply Through Continuous Replenishment Planning:,https://openalex.org/W2199438493,https://doi.org/10.1016/s0019-8501(98)00010-8,1999,article,75
Industrial Marketing Management,Segmenting industrial markets,https://openalex.org/W1995253491,https://doi.org/10.1016/0019-8501(94)90025-6,1994,article,74
Industrial Marketing Management,A Framework for Monitoring Customer Satisfaction:,https://openalex.org/W2156816920,https://doi.org/10.1016/s0019-8501(98)00044-3,1999,article,74
Industrial Marketing Management,Managing Intraorganizational Diffusion of Technological Innovations,https://openalex.org/W2022542890,https://doi.org/10.1016/s0019-8501(97)00059-x,1998,article,73
Industrial Marketing Management,Long-term relationship in industrial marketing: Reality or rhetoric?,https://openalex.org/W2038621868,https://doi.org/10.1016/0019-8501(95)00038-0,1996,article,73
Industrial Marketing Management,Purchase-Related Factors and Buying Center Structure,https://openalex.org/W2238551685,https://doi.org/10.1016/s0019-8501(98)00031-5,1999,article,73
Industrial Marketing Management,Selecting and evaluating trade shows,https://openalex.org/W1999677800,https://doi.org/10.1016/0019-8501(92)90044-t,1992,article,71
Industrial Marketing Management,Selecting foreign distributors: An expert systems approach,https://openalex.org/W1985007263,https://doi.org/10.1016/0019-8501(95)00013-z,1995,article,70
Industrial Marketing Management,Degrees-of-Freedom Analysis of Case Data in Business Marketing Research,https://openalex.org/W2076083142,https://doi.org/10.1016/s0019-8501(98)00048-0,1999,article,70
Industrial Marketing Management,Time-to-market: Put speed in product development,https://openalex.org/W2010600791,https://doi.org/10.1016/0019-8501(92)90010-q,1992,article,69
Industrial Marketing Management,High-tech industry marketing: The elements of a sophisticated global strategy,https://openalex.org/W2094303732,https://doi.org/10.1016/s0019-8501(96)00073-9,1997,article,69
Industrial Marketing Management,Technology life cycles in industrial markets,https://openalex.org/W1967472994,https://doi.org/10.1016/0019-8501(92)90030-w,1992,article,68
Industrial Marketing Management,Assessing industrial buyers' perceptions of quality and their effects on satisfaction,https://openalex.org/W2033300382,https://doi.org/10.1016/0019-8501(95)00027-8,1995,article,67
Industrial Marketing Management,Scope and intensity of logistics-based strategic alliances: A conceptual classification and managerial implications,https://openalex.org/W2094051769,https://doi.org/10.1016/s0019-8501(96)00110-1,1997,article,67
Industrial Marketing Management,Involving organizational buyers in new product development,https://openalex.org/W1985425633,https://doi.org/10.1016/0019-8501(94)00083-9,1995,article,66
Industrial Marketing Management,Make-or-buy decisions and their implications,https://openalex.org/W2029125315,https://doi.org/10.1016/0019-8501(93)90007-t,1993,article,65
Industrial Marketing Management,Do trade shows provide value?,https://openalex.org/W2005900973,https://doi.org/10.1016/0019-8501(92)90022-l,1992,article,63
Industrial Marketing Management,How organizational buyers reduce risk,https://openalex.org/W2012385362,https://doi.org/10.1016/0019-8501(93)90019-4,1993,article,63
Industrial Marketing Management,Buying and marketing CPA services,https://openalex.org/W2047183167,https://doi.org/10.1016/0019-8501(92)90024-n,1992,article,62
Industrial Marketing Management,Organizational Buying Theories,https://openalex.org/W2203418608,https://doi.org/10.1016/s0019-8501(98)00052-2,1999,article,66
Industrial Marketing Management,"Effect of just-in-time purchasing relationships on organizational design, purchasing department configuration, and firm performance",https://openalex.org/W1989949690,https://doi.org/10.1016/s0019-8501(96)00113-7,1997,article,65
Industrial Marketing Management,Marketing and environmental registration/certification: What industrial marketers should understand about ISO 14000,https://openalex.org/W2036918181,https://doi.org/10.1016/s0019-8501(96)00144-7,1997,article,65
Industrial Marketing Management,Maintaining Client Commitment in Advertising Agency–Client Relationships,https://openalex.org/W1994693564,https://doi.org/10.1016/s0019-8501(97)00025-4,1997,article,64
Industrial Marketing Management,Internet Use within the U.S. Plastics Industry,https://openalex.org/W2055254728,https://doi.org/10.1016/s0019-8501(98)00012-1,1999,article,64
Industrial Marketing Management,Conflict between Engineers and Marketers,https://openalex.org/W2179430218,https://doi.org/10.1016/s0019-8501(97)00060-6,1998,article,64
Industrial Marketing Management,Relationship Marketing Teams,https://openalex.org/W47305287,https://doi.org/10.1016/s0019-8501(99)00082-6,1999,article,64
Industrial Marketing Management,Buyer perceptions of the purchase process and its effect on customer satisfaction,https://openalex.org/W2033916854,https://doi.org/10.1016/0019-8501(95)00071-2,1996,article,63
Industrial Marketing Management,Selling alliances: Issues and insights,https://openalex.org/W1983484168,https://doi.org/10.1016/s0019-8501(96)00116-2,1997,article,62
Industrial Marketing Management,Cost-Effectiveness of Follow-Up Strategies in Improving the Response Rate of Mail Surveys,https://openalex.org/W2004896926,https://doi.org/10.1016/s0019-8501(97)00043-6,1998,article,62
Industrial Marketing Management,The key accountization of the firm: A case study,https://openalex.org/W2078293845,https://doi.org/10.1016/0019-8501(94)00039-y,1995,article,62
Industrial Marketing Management,Managing business relationships and positions in industrial networks,https://openalex.org/W2037211887,https://doi.org/10.1016/s0019-8501(96)00091-0,1997,article,61
Industrial Marketing Management,Impact of the ISO 9000 series standards on industrial marketing,https://openalex.org/W2053902171,https://doi.org/10.1016/0019-8501(96)00013-2,1996,article,61
Industrial Marketing Management,Implementation problems in industrial market segmentation,https://openalex.org/W2169421621,https://doi.org/10.1016/0019-8501(94)90027-2,1994,article,61
Industrial Marketing Management,Successful new product team leaders,https://openalex.org/W1999402192,https://doi.org/10.1016/0019-8501(92)90034-q,1992,article,60
Industrial Marketing Management,Service quality and service productivity management practices,https://openalex.org/W2062012617,https://doi.org/10.1016/0019-8501(95)00129-8,1996,article,60
Industrial Marketing Management,Market-led quality,https://openalex.org/W1974567782,https://doi.org/10.1016/0019-8501(92)90005-e,1992,article,59
Industrial Marketing Management,Business-to-Business Selling Determinants of Quality,https://openalex.org/W1970070948,https://doi.org/10.1016/s0019-8501(97)00037-0,1998,article,58
Industrial Marketing Management,What presale and postsale services do you need to be competitive,https://openalex.org/W1995616091,https://doi.org/10.1016/0019-8501(92)90031-n,1992,article,57
Industrial Marketing Management,The interdependency between marketing and manufacturing,https://openalex.org/W1986961703,https://doi.org/10.1016/0019-8501(91)90021-7,1991,article,56
Industrial Marketing Management,Shall we gather in the garden: The effect of ingratiatory behaviors on buyer trust in salespeopl,https://openalex.org/W2005068681,https://doi.org/10.1016/0019-8501(95)00074-7,1996,article,56
Industrial Marketing Management,The influence of culture on industrial buying selection criteria in Taiwan and Mainland China,https://openalex.org/W2050946526,https://doi.org/10.1016/0019-8501(95)00001-q,1995,article,56
Industrial Marketing Management,Trade show guidelines for smaller firms,https://openalex.org/W1966518169,https://doi.org/10.1016/0019-8501(93)90023-z,1993,article,54
Industrial Marketing Management,Measuring and managing customer service in industrial firms,https://openalex.org/W2065510254,https://doi.org/10.1016/0019-8501(92)90045-u,1992,article,54
Industrial Marketing Management,Institutionalizing entrepreneurship in a large company: A case study at AT&amp;T,https://openalex.org/W1968608521,https://doi.org/10.1016/0019-8501(90)90037-v,1990,article,53
Industrial Marketing Management,"Mail survey response, speed, and cost",https://openalex.org/W2031224190,https://doi.org/10.1016/0019-8501(92)90033-p,1992,article,53
Industrial Marketing Management,Industrial salespeople as a source of market information,https://openalex.org/W2061948596,https://doi.org/10.1016/0019-8501(90)90038-w,1990,article,50
Industrial Marketing Management,Improving the Effectiveness of Field Sales Organizations,https://openalex.org/W173751767,https://doi.org/10.1016/s0019-8501(98)00023-6,1999,article,57
Industrial Marketing Management,Balancing Theory and Practice,https://openalex.org/W2197723125,https://doi.org/10.1016/s0019-8501(98)00002-9,1998,article,56
Industrial Marketing Management,Activity-Based Costing,https://openalex.org/W52206943,https://doi.org/10.1016/s0019-8501(98)00005-4,1998,article,56
Industrial Marketing Management,Managing business-to-business marketing relationships in consulting engineering firms,https://openalex.org/W2059495361,https://doi.org/10.1016/s0019-8501(96)00090-9,1997,article,55
Industrial Marketing Management,Measuring trade show effectiveness: An effective exercise?,https://openalex.org/W1972249373,https://doi.org/10.1016/0019-8501(94)90018-3,1994,article,53
Industrial Marketing Management,Examining sales force performance in organizations that use behavior-based sales management processes,https://openalex.org/W2007754740,https://doi.org/10.1016/0019-8501(96)00038-7,1996,article,53
Industrial Marketing Management,Internal marketing of a service,https://openalex.org/W2006285564,https://doi.org/10.1016/0019-8501(92)90038-u,1992,article,52
Industrial Marketing Management,A Survey of New Product Forecasting Practices in Industrial High Technology and Low Technology Businesses,https://openalex.org/W2053281232,https://doi.org/10.1016/s0019-8501(98)00027-3,1999,article,51
Industrial Marketing Management,Determining buying center size,https://openalex.org/W2061406981,https://doi.org/10.1016/0019-8501(92)90032-o,1992,article,51
Industrial Marketing Management,Successful cooperation in professional services: What characteristics should the customer have?,https://openalex.org/W1996336194,https://doi.org/10.1016/0019-8501(94)00042-u,1995,article,50
Industrial Marketing Management,Guidelines for managing an international sales force,https://openalex.org/W2094668378,https://doi.org/10.1016/0019-8501(94)00040-4,1995,article,50
Industrial Marketing Management,Negotiating successfully in cross-cultural situations,https://openalex.org/W1976514883,https://doi.org/10.1016/0019-8501(95)00081-x,1996,article,48
Industrial Marketing Management,Competing in high-velocity markets,https://openalex.org/W2025252113,https://doi.org/10.1016/0019-8501(93)90022-y,1993,article,48
Industrial Marketing Management,Increasing response to industrial mail surveys,https://openalex.org/W2042848110,https://doi.org/10.1016/0019-8501(90)90015-n,1990,article,48
Industrial Marketing Management,Effects of source and paper color on response rates in mail surveys,https://openalex.org/W2088895540,https://doi.org/10.1016/0019-8501(94)90026-4,1994,article,48
Industrial Marketing Management,Growing importance of marketing strategies for the software industry,https://openalex.org/W1975741040,https://doi.org/10.1016/0019-8501(94)90024-8,1994,article,47
Industrial Marketing Management,Prenotification and industrial survey responses,https://openalex.org/W2084413685,https://doi.org/10.1016/0019-8501(90)90034-s,1990,article,47
Industrial Marketing Management,Sales force commitment and turnover,https://openalex.org/W2009358764,https://doi.org/10.1016/0019-8501(90)90039-x,1990,article,46
Industrial Marketing Management,Ten risks in marketing high-technology products,https://openalex.org/W2023059168,https://doi.org/10.1016/0019-8501(91)90040-m,1991,article,44
Industrial Marketing Management,Do closing techniques diminish prospect trust?,https://openalex.org/W2044332457,https://doi.org/10.1016/0019-8501(96)00037-5,1996,article,47
Industrial Marketing Management,Evaluating Strategic Investments,https://openalex.org/W1966503669,https://doi.org/10.1016/s0019-8501(97)00097-7,1998,article,46
Industrial Marketing Management,"Humor in American, British, and German ads",https://openalex.org/W2010620220,https://doi.org/10.1016/0019-8501(93)90016-z,1993,article,46
Industrial Marketing Management,Post-purchase strategy: A key to successful industrial marketing and customer satisfaction,https://openalex.org/W1969378667,https://doi.org/10.1016/0019-8501(94)00036-v,1995,article,45
Industrial Marketing Management,Follow-up mail surveys,https://openalex.org/W2002083436,https://doi.org/10.1016/0019-8501(92)90016-m,1992,article,45
Industrial Marketing Management,Using conjoint analysis in industrial marketing: The role of judgment,https://openalex.org/W2019196536,https://doi.org/10.1016/0019-8501(94)00078-b,1995,article,45
Industrial Marketing Management,How accurate are salespersons' perceptions of their customers?,https://openalex.org/W2053207079,https://doi.org/10.1016/0019-8501(94)90051-5,1994,article,45
Industrial Marketing Management,Russian networks in transition: Implications for managers,https://openalex.org/W2065563588,https://doi.org/10.1016/0019-8501(95)00039-9,1996,article,45
Industrial Marketing Management,Salesperson Failure,https://openalex.org/W144477455,https://doi.org/10.1016/s0019-8501(98)00018-2,1999,article,44
Industrial Marketing Management,When to bundle or unbundle products,https://openalex.org/W1994872383,https://doi.org/10.1016/0019-8501(93)90017-2,1993,article,44
Industrial Marketing Management,An approach to selling high-tech solutions,https://openalex.org/W1973137895,https://doi.org/10.1016/0019-8501(91)90033-c,1991,article,43
Industrial Marketing Management,Marketing implementation in small and midsized industrial firms: An exploratory study,https://openalex.org/W2013554786,https://doi.org/10.1016/0019-8501(95)00066-6,1996,article,42
Industrial Marketing Management,Situational risk in organizational buying: A basis for adaptive selling,https://openalex.org/W2085345365,https://doi.org/10.1016/0019-8501(96)00043-0,1996,article,42
Industrial Marketing Management,Improving service quality in an industrial setting,https://openalex.org/W2117554548,https://doi.org/10.1016/0019-8501(94)90030-2,1994,article,41
Industrial Marketing Management,How the diffusion of industrial innovations is different from new retail products,https://openalex.org/W2086790141,https://doi.org/10.1016/0019-8501(90)90018-q,1990,article,40
Industrial Marketing Management,Country-Of-Origin Effects on Purchasing Agents’ Product Perceptions,https://openalex.org/W1978670642,https://doi.org/10.1016/s0019-8501(98)00014-5,1999,article,42
Industrial Marketing Management,Impact of Job Formalization and Administrative Controls on Attitudes of Industrial Salespersons,https://openalex.org/W2093028602,https://doi.org/10.1016/s0019-8501(98)00026-1,1999,article,42
Industrial Marketing Management,National Accounts Revisited,https://openalex.org/W1980821442,https://doi.org/10.1016/s0019-8501(97)00022-9,1998,article,41
Industrial Marketing Management,What information can relationship marketers obtain from customer evaluations of salespeople?,https://openalex.org/W2083736596,https://doi.org/10.1016/s0019-8501(96)00108-3,1997,article,41
Industrial Marketing Management,Interfirm Relationships in the Supply Chain: The Small Supplier’s View,https://openalex.org/W2085227333,https://doi.org/10.1016/s0019-8501(97)00023-0,1997,article,41
Industrial Marketing Management,Information Sources Used by an Organization During a Complex Decision Process,https://openalex.org/W124242930,https://doi.org/10.1016/s0019-8501(97)00003-5,1998,article,40
Industrial Marketing Management,MIPS—managing industrial positioning strategies,https://openalex.org/W1996106524,https://doi.org/10.1016/0019-8501(94)90044-2,1994,article,40
Industrial Marketing Management,How to manage a global product development process,https://openalex.org/W2170902393,https://doi.org/10.1016/s0019-8501(96)00070-3,1996,article,40
Industrial Marketing Management,Strategy-Based Segmentation of Industrial Markets,https://openalex.org/W2033506189,https://doi.org/10.1016/s0019-8501(97)00064-3,1998,article,39
Industrial Marketing Management,How to improve product management effectiveness,https://openalex.org/W2033937782,https://doi.org/10.1016/0019-8501(95)00063-1,1996,article,39
Industrial Marketing Management,Managing a Total Quality Orientation,https://openalex.org/W150053162,https://doi.org/10.1016/s0019-8501(97)00042-4,1998,article,38
Industrial Marketing Management,The effect of visual stimuli on mail survey response rates,https://openalex.org/W1978822094,https://doi.org/10.1016/0019-8501(94)00026-s,1995,article,38
Industrial Marketing Management,Vital cross-functional linkages with marketing,https://openalex.org/W1988103705,https://doi.org/10.1016/0019-8501(92)90011-h,1992,article,38
Industrial Marketing Management,Building a supplier-customer relationship using joint new product development,https://openalex.org/W2029850184,https://doi.org/10.1016/s0019-8501(96)00114-9,1997,article,38
Industrial Marketing Management,Stimulating response to market surveys of business professionals,https://openalex.org/W2043064709,https://doi.org/10.1016/0019-8501(94)00084-a,1995,article,38
Industrial Marketing Management,The organizational buyer behavior learning organization,https://openalex.org/W2057356631,https://doi.org/10.1016/0019-8501(95)00077-1,1996,article,38
Industrial Marketing Management,Marketing's role in cross-functional information management,https://openalex.org/W2072606574,https://doi.org/10.1016/0019-8501(95)00076-3,1996,article,38
Industrial Marketing Management,"Effect of industrial prenotification on response rate, speed, quality, bias, and cost",https://openalex.org/W1999734707,https://doi.org/10.1016/0019-8501(94)90010-8,1994,article,37
Industrial Marketing Management,How annual reports communicate a customer orientation,https://openalex.org/W1990755128,https://doi.org/10.1016/0019-8501(91)90011-4,1991,article,36
Industrial Marketing Management,R&amp;D/marketing interfaces in the telecommunications industry,https://openalex.org/W2062289265,https://doi.org/10.1016/0019-8501(90)90033-r,1990,article,36
Industrial Marketing Management,Marketing's lead role in total quality,https://openalex.org/W2138123103,https://doi.org/10.1016/0019-8501(92)90008-h,1992,article,36
Industrial Marketing Management,Meeting source selection criteria: Direct versus distributor channels,https://openalex.org/W1986137139,https://doi.org/10.1016/0019-8501(91)90004-y,1991,article,34
Industrial Marketing Management,An approach to industrial market segmentation,https://openalex.org/W2033457801,https://doi.org/10.1016/0019-8501(91)90031-a,1991,article,34
Industrial Marketing Management,Factors affecting industrial mail response rates,https://openalex.org/W2116318326,https://doi.org/10.1016/0019-8501(91)90008-4,1991,article,34
Industrial Marketing Management,Involving purchasing in product development,https://openalex.org/W2000059996,https://doi.org/10.1016/0019-8501(90)90003-e,1990,article,33
Industrial Marketing Management,Sales Training Evaluation Model (STEM),https://openalex.org/W2023774497,https://doi.org/10.1016/s0019-8501(98)00024-8,1999,article,36
Industrial Marketing Management,Diffusing Against Mature Technology,https://openalex.org/W124118859,https://doi.org/10.1016/s0019-8501(97)00062-x,1998,article,35
Industrial Marketing Management,To know me is to trust me,https://openalex.org/W2025588952,https://doi.org/10.1016/0019-8501(94)90035-3,1994,article,35
Industrial Marketing Management,Dependence and conflict between production and sales,https://openalex.org/W1964083016,https://doi.org/10.1016/0019-8501(93)90001-n,1993,article,34
Industrial Marketing Management,Normative Models and Practical Applications of Segmentation in Business Markets,https://openalex.org/W1984404582,https://doi.org/10.1016/s0019-8501(97)00032-1,1997,article,34
Industrial Marketing Management,Understanding the persuasion process between industrial buyers and sellers,https://openalex.org/W2095561567,https://doi.org/10.1016/0019-8501(94)00035-u,1995,article,34
Industrial Marketing Management,How industrial distributors view distributor-supplier partnership arrangements,https://openalex.org/W1509364563,https://doi.org/10.1016/0019-8501(94)00028-u,1995,article,33
Industrial Marketing Management,"New product strategy, structure, and performance in two environments",https://openalex.org/W1982199281,https://doi.org/10.1016/s0019-8501(96)00064-8,1996,article,33
Industrial Marketing Management,Manufacturers need to show greater commitment to customer service,https://openalex.org/W2110522737,https://doi.org/10.1016/0019-8501(95)00032-6,1995,article,33
Industrial Marketing Management,What it takes to supply Japanese OEMs,https://openalex.org/W1974563424,https://doi.org/10.1016/0019-8501(90)90024-p,1990,article,32
Industrial Marketing Management,Four components of effective pricing,https://openalex.org/W1993310234,https://doi.org/10.1016/0019-8501(90)90004-f,1990,article,32
Industrial Marketing Management,Shortcomings of sales training programs,https://openalex.org/W2152096576,https://doi.org/10.1016/0019-8501(93)90037-8,1993,article,32
Industrial Marketing Management,How to retain salespeople,https://openalex.org/W1971736348,https://doi.org/10.1016/0019-8501(90)90040-3,1990,article,31
Industrial Marketing Management,Market planning in a high-tech environment,https://openalex.org/W1985250934,https://doi.org/10.1016/0019-8501(90)90035-t,1990,article,31
Industrial Marketing Management,Student Preferences for Sales Careers Around the Pacific Rim,https://openalex.org/W1966338194,https://doi.org/10.1016/s0019-8501(98)00020-0,1999,article,33
Industrial Marketing Management,Influence strategies in organizational buying decisions,https://openalex.org/W2017695509,https://doi.org/10.1016/0019-8501(95)00131-x,1996,article,32
Industrial Marketing Management,Trends in procurement strategies within the European aircraft industry,https://openalex.org/W2070881851,https://doi.org/10.1016/0019-8501(94)90038-8,1994,article,31
Industrial Marketing Management,Sourcing preference scale,https://openalex.org/W1563339524,https://doi.org/10.1016/0019-8501(94)90019-1,1994,article,30
Industrial Marketing Management,Do's and don'ts of cross-cultural negotiations,https://openalex.org/W1995736141,https://doi.org/10.1016/0019-8501(92)90037-t,1992,article,30
Industrial Marketing Management,Postal surveys to small manufacturers,https://openalex.org/W2037680429,https://doi.org/10.1016/0019-8501(91)90007-3,1991,article,30
Industrial Marketing Management,Marketing strategies of small industrial manufacturers,https://openalex.org/W2053645593,https://doi.org/10.1016/0019-8501(91)90024-a,1991,article,30
Industrial Marketing Management,Industrial trade shows abroad,https://openalex.org/W2056798233,https://doi.org/10.1016/0019-8501(93)90010-5,1993,article,30
Industrial Marketing Management,Meet today's buying influences with value selling,https://openalex.org/W2065645074,https://doi.org/10.1016/0019-8501(91)90026-c,1991,article,30
Industrial Marketing Management,How buyers and operations personnel evaluate service,https://openalex.org/W2129570417,https://doi.org/10.1016/0019-8501(91)90045-h,1991,article,30
Industrial Marketing Management,A psychographic segmentation of industrial family businesses,https://openalex.org/W1997949312,https://doi.org/10.1016/0019-8501(95)00080-1,1996,article,29
Industrial Marketing Management,Pricing approaches in the construction industry,https://openalex.org/W2056552004,https://doi.org/10.1016/0019-8501(92)90040-z,1992,article,29
Industrial Marketing Management,Risk coordinative maneuvers during buyer-seller negotiations,https://openalex.org/W2064315226,https://doi.org/10.1016/0019-8501(95)00130-1,1996,article,29
Industrial Marketing Management,Service as a marketing strategy: A case study at reliance electric,https://openalex.org/W2063939042,https://doi.org/10.1016/0019-8501(90)90010-s,1990,article,28
Industrial Marketing Management,Lessons from new product failures: Five case studies,https://openalex.org/W1972244952,https://doi.org/10.1016/0019-8501(90)90002-d,1990,article,27
Industrial Marketing Management,Distributor pricing in very competitive markets,https://openalex.org/W1993357675,https://doi.org/10.1016/0019-8501(90)90013-l,1990,article,26
Industrial Marketing Management,Improving survey responses with postcards,https://openalex.org/W1995493068,https://doi.org/10.1016/0019-8501(90)90007-i,1990,article,26
Industrial Marketing Management,The impact of JIT on industrial marketers,https://openalex.org/W2074863849,https://doi.org/10.1016/0019-8501(90)90026-r,1990,article,26
Industrial Marketing Management,Role of Market Turbulence in Shaping Pricing Strategy,https://openalex.org/W1965571768,https://doi.org/10.1016/s0019-8501(98)00037-6,1999,article,29
Industrial Marketing Management,Effects of Manufacturers’ Strategies on Channel Relationships,https://openalex.org/W1996021714,https://doi.org/10.1016/s0019-8501(98)00009-1,1999,article,29
Industrial Marketing Management,Successful marketing strategies: A study of British and German companies in the machine tool industry,https://openalex.org/W2047681930,https://doi.org/10.1016/0019-8501(95)00017-5,1995,article,29
Industrial Marketing Management,Women in the business-to-business salesforce: Some differences in performance factors,https://openalex.org/W2071148741,https://doi.org/10.1016/s0019-8501(96)00152-6,1997,article,29
Industrial Marketing Management,Communications and Expectations in After-Sales Service Provision,https://openalex.org/W1537472788,https://doi.org/10.1016/s0019-8501(98)00028-5,1999,article,28
Industrial Marketing Management,Organizing for effective new product development: An exploratory study of Dutch and Belgian industrial firms,https://openalex.org/W1978306824,https://doi.org/10.1016/s0019-8501(96)00117-4,1997,article,28
Industrial Marketing Management,How to Set Up a Cooperation Network in the Production Industry,https://openalex.org/W2001207499,https://doi.org/10.1016/s0019-8501(99)00078-4,1999,article,28
Industrial Marketing Management,The information superhighway goes international: Implications for industrial sales transactions,https://openalex.org/W2074552044,https://doi.org/10.1016/s0019-8501(96)00031-4,1997,article,28
Industrial Marketing Management,Managing the effects of culture shock and sojourner adjustment on the expatriate industrial sales force,https://openalex.org/W1992480536,https://doi.org/10.1016/0019-8501(96)00040-5,1996,article,27
Industrial Marketing Management,National account management sales training and directions for improvement: A focus on skills/abilities,https://openalex.org/W2075907267,https://doi.org/10.1016/s0019-8501(96)00149-6,1997,article,27
Industrial Marketing Management,Determinants of bargaining power in OEM negotiations,https://openalex.org/W2094046745,https://doi.org/10.1016/0019-8501(94)90050-7,1994,article,27
Industrial Marketing Management,Who trains salespeople?,https://openalex.org/W2110142091,https://doi.org/10.1016/0019-8501(94)90028-0,1994,article,27
Industrial Marketing Management,Comparison of business-to-business advertising,https://openalex.org/W1581834304,https://doi.org/10.1016/0019-8501(94)90012-4,1994,article,26
Industrial Marketing Management,Laptop computers in industrial sales,https://openalex.org/W1976407090,https://doi.org/10.1016/0019-8501(91)90002-w,1991,article,26
Industrial Marketing Management,Positioning against foreign supply sources in an international purchasing environment,https://openalex.org/W2041207927,https://doi.org/10.1016/0019-8501(94)90002-7,1994,article,26
Industrial Marketing Management,Determinants of product innovation in speciality chemical companies,https://openalex.org/W2057442341,https://doi.org/10.1016/0019-8501(93)90002-o,1993,article,26
Industrial Marketing Management,Consequences of inventory stockouts,https://openalex.org/W2002677479,https://doi.org/10.1016/0019-8501(91)90038-h,1991,article,24
Industrial Marketing Management,How to identify differences between market segments with attribute analysis,https://openalex.org/W2046695499,https://doi.org/10.1016/0019-8501(90)90025-q,1990,article,24
Industrial Marketing Management,The importance of distributor training at Caterpillar,https://openalex.org/W2093776634,https://doi.org/10.1016/0019-8501(90)90022-n,1990,article,24
Industrial Marketing Management,Navigating Through Rough Waters,https://openalex.org/W2008556048,https://doi.org/10.1016/s0019-8501(98)00021-2,1999,article,25
Industrial Marketing Management,Exploring Departmental Level Interaction Patterns in Organizational Purchasing Decisions,https://openalex.org/W2010840687,https://doi.org/10.1016/s0019-8501(97)00044-8,1998,article,25
Industrial Marketing Management,Encouraging “friendly” complaint behavior in industrial markets: Preventing a loss of customers and reputation,https://openalex.org/W2016846751,https://doi.org/10.1016/0019-8501(95)00078-x,1996,article,24
Industrial Marketing Management,Service Aspects of Industrial Products Lead to Future Product Purchase Intentions,https://openalex.org/W2066110037,https://doi.org/10.1016/s0019-8501(97)00040-0,1998,article,24
Industrial Marketing Management,Do American and Mexican Purchasing Managers Perceive Ethical Situations Differently?,https://openalex.org/W2209945599,https://doi.org/10.1016/s0019-8501(98)00029-7,1999,article,24
Industrial Marketing Management,Improving the performance of the industrial sales force in the 1990s,https://openalex.org/W1985780884,https://doi.org/10.1016/0019-8501(94)90042-6,1994,article,23
Industrial Marketing Management,Traditional and high-tech sales training methods,https://openalex.org/W2060158497,https://doi.org/10.1016/0019-8501(92)90007-g,1992,article,23
Industrial Marketing Management,Recruiting and retaining committed salespeople,https://openalex.org/W2072585323,https://doi.org/10.1016/0019-8501(91)90028-e,1991,article,23
Industrial Marketing Management,Worldwide network of countertrade services,https://openalex.org/W2002446138,https://doi.org/10.1016/0019-8501(90)90030-y,1990,article,22
Industrial Marketing Management,Net present value techniques and their effects on new product research,https://openalex.org/W2086000523,https://doi.org/10.1016/0019-8501(94)00044-w,1995,article,23
Industrial Marketing Management,Effective Organization and Management of Technology Assimilation,https://openalex.org/W1486767666,https://doi.org/10.1016/s0019-8501(97)00048-5,1998,article,22
Industrial Marketing Management,Relationship Appraisal: A route to improved reseller channel performance,https://openalex.org/W1966203651,https://doi.org/10.1016/0019-8501(95)00062-3,1996,article,22
Industrial Marketing Management,Examining the Use of Team Selling by Manufacturers’ Representatives,https://openalex.org/W2055012434,https://doi.org/10.1016/s0019-8501(98)00011-x,1999,article,22
Industrial Marketing Management,The Determinants of Choice Set Structure in High-Technology Business Markets,https://openalex.org/W2057553245,https://doi.org/10.1016/s0019-8501(98)00030-3,1999,article,22
Industrial Marketing Management,Business-to-business advertising: What are the dimensions of an effective print ad?,https://openalex.org/W2059610297,https://doi.org/10.1016/0019-8501(95)00028-9,1995,article,22
Industrial Marketing Management,Systems selling in the aircraft industry,https://openalex.org/W1993737652,https://doi.org/10.1016/0019-8501(93)90042-6,1993,article,21
Industrial Marketing Management,"Business services 1982–1992: Growth, industry characteristics, financial performance",https://openalex.org/W2018401692,https://doi.org/10.1016/0019-8501(95)00075-5,1996,article,21
Industrial Marketing Management,Adapting to diverse customers: A training matrix for international marketers,https://openalex.org/W2033086823,https://doi.org/10.1016/0019-8501(96)00039-9,1996,article,21
Industrial Marketing Management,Couple the buying and selling teams,https://openalex.org/W2039247466,https://doi.org/10.1016/0019-8501(91)90006-2,1991,article,21
Industrial Marketing Management,Technical risk and new product success: An empirical test in high technology business markets,https://openalex.org/W2085696113,https://doi.org/10.1016/s0019-8501(96)00071-5,1996,article,21
Industrial Marketing Management,Market planning with computer models: A case study in the software industry,https://openalex.org/W1986026471,https://doi.org/10.1016/0019-8501(90)90036-u,1990,article,20
Industrial Marketing Management,Overcoming basic problems between manufacturers and distributors,https://openalex.org/W1986221336,https://doi.org/10.1016/0019-8501(91)90020-g,1991,article,20
Industrial Marketing Management,Market-based pricing: Beyond price-performance curves,https://openalex.org/W2001255573,https://doi.org/10.1016/0019-8501(90)90023-o,1990,article,20
Industrial Marketing Management,How electrical contractors choose distributors,https://openalex.org/W2076431238,https://doi.org/10.1016/0019-8501(91)90039-i,1991,article,20
Industrial Marketing Management,Applying Principles of Creativity Management to Marketing Research Efforts in High-Technology Markets,https://openalex.org/W2089805495,https://doi.org/10.1016/s0019-8501(98)00042-x,1999,article,21
Industrial Marketing Management,"Linking experience, product life cycle, and learning curves",https://openalex.org/W1588605574,https://doi.org/10.1016/0019-8501(94)90036-1,1994,article,20
Industrial Marketing Management,Strategic alliances and technology networks: A study of a cast-products supplier in the aircraft industry,https://openalex.org/W1973120854,https://doi.org/10.1016/0019-8501(95)00029-a,1995,article,20
Industrial Marketing Management,Impact of the inclusion of an article as an incentive in industrial mail surveys,https://openalex.org/W2006480411,https://doi.org/10.1016/0019-8501(94)90015-9,1994,article,20
Industrial Marketing Management,When the purchasing agent is a committee: Implications for industrial marketing,https://openalex.org/W2028895396,https://doi.org/10.1016/0019-8501(95)00031-5,1995,article,20
Industrial Marketing Management,Improving Response Rates in Cross-Cultural Mail Surveys,https://openalex.org/W2041431550,https://doi.org/10.1016/s0019-8501(97)00096-5,1998,article,20
Industrial Marketing Management,Environmental turbulence and organizational buying: The case of health benefits in South Africa,https://openalex.org/W2047319521,https://doi.org/10.1016/0019-8501(95)00014-2,1995,article,20
Industrial Marketing Management,Modes of entering foreign markets,https://openalex.org/W1963971138,https://doi.org/10.1016/0019-8501(91)90009-5,1991,article,19
Industrial Marketing Management,Import Motivation in Manufacturer–Overseas Distributor Relationships,https://openalex.org/W1991459879,https://doi.org/10.1016/s0019-8501(98)00035-2,1999,article,19
Industrial Marketing Management,What the marketing professional needs to know about ISO 9000 series registration,https://openalex.org/W2005458863,https://doi.org/10.1016/0019-8501(94)90001-9,1994,article,19
Industrial Marketing Management,Succeeding in the communiputer age: Technology and the marketing mix,https://openalex.org/W2032586465,https://doi.org/10.1016/0019-8501(95)00035-6,1996,article,19
Industrial Marketing Management,Exploring strategies for companies that use manufacturers' representatives as their sales force,https://openalex.org/W2033471597,https://doi.org/10.1016/0019-8501(96)00044-2,1996,article,19
Industrial Marketing Management,Using Buyer’s Information Processing to Formulate Selling Strategies,https://openalex.org/W2089740381,https://doi.org/10.1016/s0019-8501(97)00099-0,1999,article,19
Industrial Marketing Management,Effectiveness of monetary incentives,https://openalex.org/W3124345451,https://doi.org/10.1016/0019-8501(94)90014-0,1994,article,19
Industrial Marketing Management,The readability of advertisements and articles in trade journals,https://openalex.org/W2032810564,https://doi.org/10.1016/0019-8501(90)90017-p,1990,article,18
Industrial Marketing Management,How sales quotas are developed,https://openalex.org/W2038832269,https://doi.org/10.1016/0019-8501(91)90041-d,1991,article,18
Industrial Marketing Management,When Salespeople Fail,https://openalex.org/W120072291,https://doi.org/10.1016/s0019-8501(98)00019-4,1999,article,18
Industrial Marketing Management,A New Classification of Sales Resistance,https://openalex.org/W2000134875,https://doi.org/10.1016/s0019-8501(97)00098-9,1999,article,18
Industrial Marketing Management,Pricing in foreign markets: Pitfalls and opportunities,https://openalex.org/W2001320070,https://doi.org/10.1016/0019-8501(92)90013-j,1992,article,18
Industrial Marketing Management,Is Industrial Advertising Still Sexist,https://openalex.org/W2002418864,https://doi.org/10.1016/s0019-8501(97)00076-x,1998,article,18
Industrial Marketing Management,How foreign firms view their U.S. distributors,https://openalex.org/W2004926296,https://doi.org/10.1016/0019-8501(92)90003-c,1992,article,18
Industrial Marketing Management,"Stressors, leadership substitutes, and relations with supervision among industrial salespeople",https://openalex.org/W2012452436,https://doi.org/10.1016/s0019-8501(96)00093-4,1997,article,18
Industrial Marketing Management,Does the name of the sender affect industrial mail response?,https://openalex.org/W2038326702,https://doi.org/10.1016/0019-8501(94)90011-6,1994,article,18
Industrial Marketing Management,Assessing the Structure of Industrial Buying Centers with Multivariate Tools,https://openalex.org/W2078905163,https://doi.org/10.1016/s0019-8501(98)00049-2,1999,article,18
Industrial Marketing Management,Franchising as a form of divestment: An Italian study,https://openalex.org/W2085048527,https://doi.org/10.1016/s0019-8501(96)00076-4,1997,article,18
Industrial Marketing Management,Research Practice in Business Marketing,https://openalex.org/W2184983466,https://doi.org/10.1016/s0019-8501(98)00047-9,1999,article,18
Industrial Marketing Management,Relationships Between Businesses and Marketing Research Firms,https://openalex.org/W2228340327,https://doi.org/10.1016/s0019-8501(97)00024-2,1997,article,18
Industrial Marketing Management,Predicting the effectiveness of industrial saleswomen,https://openalex.org/W1972213791,https://doi.org/10.1016/0019-8501(92)90035-r,1992,article,17
Industrial Marketing Management,The impact of computer usage by purchasing,https://openalex.org/W1974714499,https://doi.org/10.1016/0019-8501(92)90021-k,1992,article,17
Industrial Marketing Management,The Salesperson’s Operating Freedom,https://openalex.org/W1974976592,https://doi.org/10.1016/s0019-8501(97)00002-3,1998,article,17
Industrial Marketing Management,Selecting and Training the International Sales Force,https://openalex.org/W1984452882,https://doi.org/10.1016/s0019-8501(98)00036-4,1999,article,17
Industrial Marketing Management,Advertising budgeting practices in agribusiness: The case of farmer cooperatives,https://openalex.org/W1990602647,https://doi.org/10.1016/s0019-8501(96)00074-0,1997,article,17
Industrial Marketing Management,Men and women in industrial sales: Satisfaction and outcomes,https://openalex.org/W2011181969,https://doi.org/10.1016/0019-8501(92)90028-r,1992,article,17
Industrial Marketing Management,Buyer involvement in purchasing success,https://openalex.org/W2024883946,https://doi.org/10.1016/0019-8501(93)90006-s,1993,article,17
Industrial Marketing Management,A note on the response effects of laboratory- versus respondent-located computer-administered questioning,https://openalex.org/W2037232856,https://doi.org/10.1016/s0019-8501(96)00088-0,1997,article,17
Industrial Marketing Management,Measuring cycle time of the global procurement process,https://openalex.org/W2052430268,https://doi.org/10.1016/s0019-8501(96)00147-2,1997,article,17
Industrial Marketing Management,Do source of mailing and monetary incentives matter in international industrial mail surveys?,https://openalex.org/W1977875442,https://doi.org/10.1016/0019-8501(95)00016-4,1995,article,17
Industrial Marketing Management,High-tech firms must get more out of their international sales efforts,https://openalex.org/W1593878025,https://doi.org/10.1016/0019-8501(94)90049-3,1994,article,16
Industrial Marketing Management,A quest for the “industrial maven”,https://openalex.org/W1977335611,https://doi.org/10.1016/s0019-8501(96)00125-3,1997,article,16
Industrial Marketing Management,Buyer reactions to product stockouts in business to business markets,https://openalex.org/W1977763773,https://doi.org/10.1016/0019-8501(95)00018-6,1995,article,16
Industrial Marketing Management,Conducting a sales training audit,https://openalex.org/W1994050907,https://doi.org/10.1016/0019-8501(95)00064-x,1996,article,16
Industrial Marketing Management,Countertrade practices in Japan,https://openalex.org/W1996634050,https://doi.org/10.1016/0019-8501(93)90038-9,1993,article,16
Industrial Marketing Management,Technical knowledge as value added in business markets: Implications for procurement and marketing,https://openalex.org/W2046376088,https://doi.org/10.1016/s0019-8501(96)00124-1,1997,article,16
Industrial Marketing Management,Survey of countertrade practices in Australia,https://openalex.org/W2066609063,https://doi.org/10.1016/s0019-8501(96)00118-6,1997,article,16
Industrial Marketing Management,Buying technology for product development in smaller firms,https://openalex.org/W2084466212,https://doi.org/10.1016/0019-8501(93)90009-v,1993,article,16
Industrial Marketing Management,Technological teaming as a marketing strategy,https://openalex.org/W1989353858,https://doi.org/10.1016/s0019-8501(96)00148-4,1997,article,15
Industrial Marketing Management,The life cycle of the PIMS and BCG models,https://openalex.org/W2000098523,https://doi.org/10.1016/0019-8501(91)90010-d,1991,article,15
Industrial Marketing Management,How are blacks portrayed in business ads?,https://openalex.org/W2008417622,https://doi.org/10.1016/0019-8501(91)90017-a,1991,article,15
Industrial Marketing Management,Consequences of marketing controls among sales and nonsales marketing personnel,https://openalex.org/W2024261512,https://doi.org/10.1016/0019-8501(96)00041-7,1996,article,15
Industrial Marketing Management,The importance of the industrial inside sales force: A case study,https://openalex.org/W2040699369,https://doi.org/10.1016/0019-8501(96)00036-3,1996,article,15
Industrial Marketing Management,Link sales training and product life cycles,https://openalex.org/W2069978944,https://doi.org/10.1016/0019-8501(93)90011-u,1993,article,15
Industrial Marketing Management,Mail response rates from distributors,https://openalex.org/W2081419313,https://doi.org/10.1016/0019-8501(92)90039-v,1992,article,15
Industrial Marketing Management,Face-to-face selling: Making it more effective,https://openalex.org/W1969491162,https://doi.org/10.1016/0019-8501(94)00080-g,1995,article,15
Industrial Marketing Management,Strategic interplays of an actor in a relationship with a distributor,https://openalex.org/W2086304364,https://doi.org/10.1016/0019-8501(94)90005-1,1994,article,15
Industrial Marketing Management,Intercultural Interaction Strategies and Relationship Selling in Industrial Markets,https://openalex.org/W1997089752,https://doi.org/10.1016/s0019-8501(98)00032-7,1999,article,14
Industrial Marketing Management,Segmenting the Global Market by Usage Rate of Industrial Products,https://openalex.org/W1997779914,https://doi.org/10.1016/s0019-8501(98)00015-7,1999,article,14
Industrial Marketing Management,The effect of JIT on distributors,https://openalex.org/W2014955458,https://doi.org/10.1016/0019-8501(92)90009-i,1992,article,14
Industrial Marketing Management,The industrial buying process in capitalist and socialist countries,https://openalex.org/W2055905295,https://doi.org/10.1016/0019-8501(91)90029-f,1991,article,14
Industrial Marketing Management,How U.S.-based companies manage sales in foreign countries,https://openalex.org/W2072847970,https://doi.org/10.1016/0019-8501(93)90015-y,1993,article,14
Industrial Marketing Management,Tangible versus intangible copy in industrial print advertising,https://openalex.org/W2076904980,https://doi.org/10.1016/0019-8501(94)90017-5,1994,article,14
Industrial Marketing Management,Key success factors in marketing mature products,https://openalex.org/W2152231153,https://doi.org/10.1016/0019-8501(91)90001-v,1991,article,14
Industrial Marketing Management,Using expert systems in industrial marketing,https://openalex.org/W1972485064,https://doi.org/10.1016/0019-8501(90)90016-o,1990,article,13
Industrial Marketing Management,Charting the industrial buying stream,https://openalex.org/W2072936790,https://doi.org/10.1016/0019-8501(90)90028-t,1990,article,12
Industrial Marketing Management,Industrial distributors in the twenty-first century,https://openalex.org/W1980753688,https://doi.org/10.1016/0019-8501(94)90033-7,1994,article,13
Industrial Marketing Management,Modeling customer response in an industrial commodity market,https://openalex.org/W1996045868,https://doi.org/10.1016/0019-8501(94)90003-5,1994,article,13
Industrial Marketing Management,A Comparison of Aggregation Approaches for Second-Order Data,https://openalex.org/W2012204634,https://doi.org/10.1016/s0019-8501(98)00051-0,1999,article,13
Industrial Marketing Management,Serving the aftermarket in Japan and the United States,https://openalex.org/W2033894671,https://doi.org/10.1016/0019-8501(93)90030-b,1993,article,13
Industrial Marketing Management,Marketing new products with distributors,https://openalex.org/W2075862256,https://doi.org/10.1016/0019-8501(92)90029-s,1992,article,13
Industrial Marketing Management,Where industrial sales training is weak,https://openalex.org/W2080999495,https://doi.org/10.1016/0019-8501(93)90035-6,1993,article,13
Industrial Marketing Management,Forecasting the potential for new industrial products,https://openalex.org/W1979731258,https://doi.org/10.1016/0019-8501(91)90015-8,1991,article,12
Industrial Marketing Management,Total quality management at work: Development of an effective competitive analysis process,https://openalex.org/W1989589672,https://doi.org/10.1016/s0019-8501(96)00157-5,1997,article,12
Industrial Marketing Management,Salesforce behavior: In search of motivational determinants,https://openalex.org/W2051041416,https://doi.org/10.1016/0019-8501(96)00042-9,1996,article,12
Industrial Marketing Management,Planning Market Share Growth in Mature Business Markets,https://openalex.org/W2056965676,https://doi.org/10.1016/s0019-8501(97)00094-1,1998,article,12
Industrial Marketing Management,Countertrade practices in China,https://openalex.org/W2072308830,https://doi.org/10.1016/0019-8501(91)90042-e,1991,article,12
Industrial Marketing Management,Major industrial distribution issues facing managers in Australia,https://openalex.org/W2117910363,https://doi.org/10.1016/0019-8501(90)90014-m,1990,article,11
Industrial Marketing Management,Improving mail response rates with express mail,https://openalex.org/W2014355503,https://doi.org/10.1016/0019-8501(92)90027-q,1992,article,12
Industrial Marketing Management,Color in U.S. and Taiwanese industrial advertising,https://openalex.org/W2084246511,https://doi.org/10.1016/0019-8501(93)90005-r,1993,article,12
Industrial Marketing Management,The reporting relationship of customer service: Where does it belong in an industrial company?,https://openalex.org/W2113465393,https://doi.org/10.1016/0019-8501(94)00027-t,1995,article,12
Industrial Marketing Management,High-Technology Buying in Low-Technology Environment,https://openalex.org/W162894434,https://doi.org/10.1016/s0019-8501(98)00004-2,1998,article,11
Industrial Marketing Management,Countertrade practices in Indonesia,https://openalex.org/W2077362982,https://doi.org/10.1016/0019-8501(92)90025-o,1992,article,11
Industrial Marketing Management,The Earnings Gap Between Male and Female Sales Managers,https://openalex.org/W2088044673,https://doi.org/10.1016/s0019-8501(97)00093-x,1998,article,11
Industrial Marketing Management,How service firms set their marketing budgets,https://openalex.org/W2060442313,https://doi.org/10.1016/0019-8501(90)90029-u,1990,article,10
Industrial Marketing Management,The standard setter's dilemma,https://openalex.org/W1490763020,https://doi.org/10.1016/0019-8501(94)90031-0,1994,article,11
Industrial Marketing Management,What managers should know about their competitors' patented technologies,https://openalex.org/W1985933121,https://doi.org/10.1016/0019-8501(94)90040-x,1994,article,11
Industrial Marketing Management,The role of the manufacturer's distributor: The case of champion chemicals,https://openalex.org/W1995405761,https://doi.org/10.1016/0019-8501(95)00002-r,1995,article,11
Industrial Marketing Management,Expert systems in industrial marketing,https://openalex.org/W2053836292,https://doi.org/10.1016/0019-8501(93)90036-7,1993,article,11
Industrial Marketing Management,Moneyless Business Exchange,https://openalex.org/W16903213,https://doi.org/10.1016/s0019-8501(97)00077-1,1998,article,10
Industrial Marketing Management,Implementing marketing in a high-tech business,https://openalex.org/W1973787153,https://doi.org/10.1016/0019-8501(93)90003-p,1993,article,10
Industrial Marketing Management,Undergraduate industrial marketing: Content and methods,https://openalex.org/W1987977905,https://doi.org/10.1016/0019-8501(91)90022-8,1991,article,10
Industrial Marketing Management,Information support for sales managers,https://openalex.org/W1999959911,https://doi.org/10.1016/0019-8501(94)90043-4,1994,article,10
Industrial Marketing Management,The do's and don'ts of sales forecasting,https://openalex.org/W2019795590,https://doi.org/10.1016/0019-8501(93)90020-8,1993,article,10
Industrial Marketing Management,Market responses to EPA policies,https://openalex.org/W2057791088,https://doi.org/10.1016/0019-8501(93)90028-6,1993,article,10
Industrial Marketing Management,Environment and innovation: The case of the small entity,https://openalex.org/W2094860954,https://doi.org/10.1016/s0019-8501(96)00063-6,1996,article,10
Industrial Marketing Management,Industrial marketing in non-profit organizations,https://openalex.org/W2009496042,https://doi.org/10.1016/0019-8501(90)90020-v,1990,article,9
Industrial Marketing Management,Defensive industrial marketing strategies,https://openalex.org/W2094151750,https://doi.org/10.1016/0019-8501(90)90019-r,1990,article,9
Industrial Marketing Management,Pricing an industrial technological innovation: A case study,https://openalex.org/W1998315607,https://doi.org/10.1016/0019-8501(94)00041-t,1995,article,10
Industrial Marketing Management,Assessing cross-national business relationships: How Mexican distributors rate U.S. manufacturers,https://openalex.org/W2040435007,https://doi.org/10.1016/0019-8501(94)00032-r,1995,article,10
Industrial Marketing Management,Using price as a weapon,https://openalex.org/W1505099846,https://doi.org/10.1016/0019-8501(94)90013-2,1994,article,9
Industrial Marketing Management,Strategic decisions for American and European industrial marketers in a unified European market,https://openalex.org/W1983074235,https://doi.org/10.1016/0019-8501(94)00034-t,1995,article,9
Industrial Marketing Management,Global make-or-buy decisions,https://openalex.org/W1998224597,https://doi.org/10.1016/0019-8501(93)90032-3,1993,article,9
Industrial Marketing Management,An Interactive Power Activation Approach to Departmental Influence in Organizational Purchasing Decisions,https://openalex.org/W2014910488,https://doi.org/10.1016/s0019-8501(98)00003-0,1998,article,9
Industrial Marketing Management,The Role of Marketing in the Company Turnaround Process,https://openalex.org/W2015517761,https://doi.org/10.1016/s0019-8501(97)00065-5,1998,article,9
Industrial Marketing Management,Judgmental modeling as a tool for analyzing market structure: An application in the plastics industry,https://openalex.org/W2042612996,https://doi.org/10.1016/0019-8501(95)90001-2,1995,article,9
Industrial Marketing Management,Unifying Marketing,https://openalex.org/W37972734,https://doi.org/10.1016/s0019-8501(97)00061-8,1998,article,9
Industrial Marketing Management,Marketing new products with industrial distributors,https://openalex.org/W2079218058,https://doi.org/10.1016/0019-8501(90)90001-c,1990,article,8
Industrial Marketing Management,Using PCs to automate and innovate marketing activities,https://openalex.org/W2140381760,https://doi.org/10.1016/0019-8501(90)90012-k,1990,article,8
Industrial Marketing Management,Educational backgrounds of high-tech salespeople,https://openalex.org/W1980685500,https://doi.org/10.1016/0019-8501(92)90001-a,1992,article,8
Industrial Marketing Management,A case study of equipment purchasing in Czechoslovakia,https://openalex.org/W1985501790,https://doi.org/10.1016/0019-8501(92)90023-m,1992,article,8
Industrial Marketing Management,Reengineering using the theory of constraints: A case analysis of Moore Business Forms,https://openalex.org/W2081154264,https://doi.org/10.1016/0019-8501(96)00029-6,1996,article,8
Industrial Marketing Management,Exporting large capital equipment: A case study of nuclear technology transfer,https://openalex.org/W1999481418,https://doi.org/10.1016/0019-8501(90)90042-t,1990,article,7
Industrial Marketing Management,Using purchase influence niching for better focus in industrial marketing plans,https://openalex.org/W1501060575,https://doi.org/10.1016/0019-8501(94)90006-x,1994,article,8
Industrial Marketing Management,Marketing strategies for mature industrial products,https://openalex.org/W1979076864,https://doi.org/10.1016/0019-8501(91)90018-b,1991,article,7
Industrial Marketing Management,Disk by Mail for Industrial Survey Research,https://openalex.org/W2001852149,https://doi.org/10.1016/s0019-8501(98)00041-8,1999,article,7
Industrial Marketing Management,Pricing imitative new products,https://openalex.org/W2007138327,https://doi.org/10.1016/0019-8501(91)90030-j,1991,article,7
Industrial Marketing Management,Testing manufacturers' acceptance of competing subcontractor price-quality-service designs,https://openalex.org/W2071470778,https://doi.org/10.1016/s0019-8501(96)00119-8,1997,article,7
Industrial Marketing Management,Winning a large order: A case study using judgemental modelling,https://openalex.org/W2096447011,https://doi.org/10.1016/0019-8501(91)90014-7,1991,article,7
Industrial Marketing Management,How to evaluate and up-grade technical service,https://openalex.org/W2011766436,https://doi.org/10.1016/0019-8501(93)90004-q,1993,article,7
Industrial Marketing Management,A value-added approach to product mix decisions,https://openalex.org/W2016729787,https://doi.org/10.1016/0019-8501(92)90012-i,1992,article,7
Industrial Marketing Management,Manufacturer services for distributors,https://openalex.org/W2018780149,https://doi.org/10.1016/0019-8501(92)90006-f,1992,article,7
Industrial Marketing Management,An integrated approach to the development of channel strategy,https://openalex.org/W2022672330,https://doi.org/10.1016/0019-8501(94)90047-7,1994,article,7
Industrial Marketing Management,How to develop a database for sales leads,https://openalex.org/W2043465744,https://doi.org/10.1016/0019-8501(90)90011-j,1990,article,6
Industrial Marketing Management,Exploring for Competitive Advantages in Business Markets,https://openalex.org/W2058626265,https://doi.org/10.1016/s0019-8501(97)00027-8,1997,article,6
Industrial Marketing Management,Miscomprehension Gap between CPAs and their Corporate Customers,https://openalex.org/W2077142014,https://doi.org/10.1016/s0019-8501(97)00063-1,1998,article,6
Industrial Marketing Management,Introduction to the special issue on selling and sales management,https://openalex.org/W1965019089,https://doi.org/10.1016/0019-8501(96)00034-x,1996,article,6
Industrial Marketing Management,Using certified mail in industrial research,https://openalex.org/W1974227532,https://doi.org/10.1016/0019-8501(92)90036-s,1992,article,6
Industrial Marketing Management,Facsimile transmission versus mail delivery of self-administered questionnaires in industrial surveys,https://openalex.org/W1978883676,https://doi.org/10.1016/0019-8501(94)00043-v,1995,article,6
Industrial Marketing Management,Business users' attitudes toward recycled materials,https://openalex.org/W1980351332,https://doi.org/10.1016/0019-8501(92)90047-w,1992,article,6
Industrial Marketing Management,Effective sales force recognition programs,https://openalex.org/W1984496326,https://doi.org/10.1016/0019-8501(91)90036-f,1991,article,6
Industrial Marketing Management,Anatomy of a complex computer purchase,https://openalex.org/W1998607845,https://doi.org/10.1016/0019-8501(94)90023-x,1994,article,6
Industrial Marketing Management,How to locate and communicate with overseas customers,https://openalex.org/W2017356698,https://doi.org/10.1016/0019-8501(91)90013-6,1991,article,6
Industrial Marketing Management,Innovation and product liability,https://openalex.org/W2056977186,https://doi.org/10.1016/0019-8501(94)90039-6,1994,article,6
Industrial Marketing Management,Why U.S. firms don't buy from Latin American companies,https://openalex.org/W2091194703,https://doi.org/10.1016/0019-8501(91)90019-c,1991,article,6
Industrial Marketing Management,Government-mandated countertrade in Australia,https://openalex.org/W2324946709,https://doi.org/10.1016/0019-8501(94)90045-0,1994,article,6
Industrial Marketing Management,Selecting creative people for sales positions,https://openalex.org/W2085434963,https://doi.org/10.1016/0019-8501(90)90005-g,1990,article,5
Industrial Marketing Management,Some characteristics of adopters of a major innovation in the computer field and its potential use in marketing,https://openalex.org/W1979394842,https://doi.org/10.1016/s0019-8501(96)00065-x,1996,article,5
Industrial Marketing Management,Faculty/practitioner differences: Skills needed for industrial marketing entry positions,https://openalex.org/W1991243658,https://doi.org/10.1016/0019-8501(91)90037-g,1991,article,5
Industrial Marketing Management,What Is a Profitable Product?,https://openalex.org/W1991280390,https://doi.org/10.1016/s0019-8501(97)00095-3,1998,article,5
Industrial Marketing Management,An international profile of countertrading firms,https://openalex.org/W2007583296,https://doi.org/10.1016/s0019-8501(96)00030-2,1997,article,5
Industrial Marketing Management,Systematic management of differential advantage: A case study from the chemical industry,https://openalex.org/W2041875592,https://doi.org/10.1016/0019-8501(95)00079-8,1996,article,5
Industrial Marketing Management,A Typology of Political Economies and Strategies in International Selling,https://openalex.org/W2046668126,https://doi.org/10.1016/s0019-8501(97)82114-1,1998,article,5
Industrial Marketing Management,New focus of U.S. industrial firms in the Pacific Basin,https://openalex.org/W2056559443,https://doi.org/10.1016/0019-8501(91)90035-e,1991,article,5
Industrial Marketing Management,Manufacturer influence versus manufacturer salesperson influence over the industrial distributor,https://openalex.org/W2082652796,https://doi.org/10.1016/s0019-8501(96)00109-5,1997,article,5
Industrial Marketing Management,Focusing on large prospective customers in high-tech and industrial markets,https://openalex.org/W1975719603,https://doi.org/10.1016/0019-8501(94)90041-8,1994,article,5
Industrial Marketing Management,Do strategy frameworks apply in the United States and abroad?,https://openalex.org/W1976472354,https://doi.org/10.1016/0019-8501(93)90008-u,1993,article,5
Industrial Marketing Management,Implementing international countertrade: A dyadic approach,https://openalex.org/W1992598443,https://doi.org/10.1016/0019-8501(94)90037-x,1994,article,5
Industrial Marketing Management,Is there a trillion dollar family business market?,https://openalex.org/W2063337171,https://doi.org/10.1016/0019-8501(94)00081-7,1995,article,5
Industrial Marketing Management,Items to Consider for Just-in-Time Use in Marketing Channels,https://openalex.org/W1967885708,https://doi.org/10.1016/s0019-8501(97)00001-1,1998,article,4
Industrial Marketing Management,The meanings of “yes” in the Far East,https://openalex.org/W1986745520,https://doi.org/10.1016/0019-8501(90)90009-k,1990,article,4
Industrial Marketing Management,Consumer media as an information source for industrial products: A study,https://openalex.org/W1989373452,https://doi.org/10.1016/0019-8501(90)90032-q,1990,article,4
Industrial Marketing Management,Training Requirements for Professional Certification of Manufacturers’ Representatives,https://openalex.org/W1974742654,https://doi.org/10.1016/s0019-8501(97)00026-6,1997,article,4
Industrial Marketing Management,What happens when new competitors enter an industry,https://openalex.org/W1994407888,https://doi.org/10.1016/0019-8501(91)90044-g,1991,article,4
Industrial Marketing Management,Developing futuristic product portfolios: A major panacea for the sluggish american industry,https://openalex.org/W2024946308,https://doi.org/10.1016/s0019-8501(96)00068-5,1996,article,4
Industrial Marketing Management,"Stressors, leadership substitutes, and relations with supervision among industrial salespeople",https://openalex.org/W4249860571,https://doi.org/10.1016/0019-8501(96)00045-4,1996,article,4
Industrial Marketing Management,Countertrade practices in Korea,https://openalex.org/W1964661078,https://doi.org/10.1016/0019-8501(94)90034-5,1994,article,4
Industrial Marketing Management,Equipment buying in Nigeria,https://openalex.org/W1967322358,https://doi.org/10.1016/0019-8501(92)90014-k,1992,article,4
Industrial Marketing Management,Simultaneous marketing: A holistic marketing approach to shorter time to market,https://openalex.org/W2049612792,https://doi.org/10.1016/0019-8501(94)90016-7,1994,article,4
Industrial Marketing Management,How big blue IBM became black and blue,https://openalex.org/W2061374401,https://doi.org/10.1016/0019-8501(93)90024-2,1993,article,4
Industrial Marketing Management,A Holistic Approach to Countertrade,https://openalex.org/W1996543827,https://doi.org/10.1016/s0019-8501(98)00006-6,1998,article,3
Industrial Marketing Management,Guidelines for marketing in Iran,https://openalex.org/W2032862774,https://doi.org/10.1016/0019-8501(90)90041-s,1990,article,3
Industrial Marketing Management,What industrial marketers can expect from U.S.-Canadian free trade,https://openalex.org/W2038942506,https://doi.org/10.1016/0019-8501(90)90031-p,1990,article,3
Industrial Marketing Management,Opportunities for smaller U.S. industrial firms in Europe,https://openalex.org/W2073908653,https://doi.org/10.1016/0019-8501(90)90006-h,1990,article,3
Industrial Marketing Management,Why industrial advertising is often done in house,https://openalex.org/W1984693303,https://doi.org/10.1016/0019-8501(92)90043-s,1992,article,3
Industrial Marketing Management,Defense conversion: The economic conversion of the American economy,https://openalex.org/W2003164454,https://doi.org/10.1016/0019-8501(95)00030-e,1995,article,3
Industrial Marketing Management,Analyzing the potential of a new market,https://openalex.org/W2027241816,https://doi.org/10.1016/0019-8501(93)90018-3,1993,article,3
Industrial Marketing Management,Establishing supply service strategy for shortage situations,https://openalex.org/W2068659184,https://doi.org/10.1016/0019-8501(94)90004-3,1994,article,3
Industrial Marketing Management,The role of marketing in material requirements planning systems,https://openalex.org/W2088097811,https://doi.org/10.1016/0019-8501(91)90043-f,1991,article,3
Industrial Marketing Management,Distributor attitudes toward manufacturer-sponsored promotions,https://openalex.org/W2115857195,https://doi.org/10.1016/0019-8501(91)90023-9,1991,article,3
Industrial Marketing Management,Issues in marketing local area network products,https://openalex.org/W2134728765,https://doi.org/10.1016/0019-8501(94)90029-9,1994,article,3
Industrial Marketing Management,Guaranteed pricing in industrial purchases,https://openalex.org/W35379525,https://doi.org/10.1016/0019-8501(94)90046-9,1994,article,3
Industrial Marketing Management,Generating marketing resources by means of R&amp;D activities in high technology firms,https://openalex.org/W2012569988,https://doi.org/10.1016/s0019-8501(96)00120-4,1997,article,2
Industrial Marketing Management,Letter for the special issue on relationship marketing,https://openalex.org/W2068007302,https://doi.org/10.1016/s0019-8501(97)00007-2,1997,article,2
Industrial Marketing Management,Discounts in business marketing management,https://openalex.org/W1971117698,https://doi.org/10.1016/0019-8501(94)90009-4,1994,article,2
Industrial Marketing Management,The use of comparative advertising in business-to-business direct mail,https://openalex.org/W2026434653,https://doi.org/10.1016/0019-8501(94)00031-q,1995,article,2
Industrial Marketing Management,Identifying independent reps,https://openalex.org/W2063651411,https://doi.org/10.1016/0019-8501(92)90041-q,1992,article,2
Industrial Marketing Management,Effective industrial marketing with a piggy bank budget,https://openalex.org/W2067557345,https://doi.org/10.1016/0019-8501(92)90017-n,1992,article,2
Industrial Marketing Management,The changing economics of industrial distribution,https://openalex.org/W2092977340,https://doi.org/10.1016/0019-8501(92)90046-v,1992,article,2
Industrial Marketing Management,How to (and not to) use bureaucracy with independent distributors,https://openalex.org/W2094038029,https://doi.org/10.1016/0019-8501(94)90032-9,1994,article,2
Industrial Marketing Management,Perceived Effectiveness of High-Tech versus Traditional Sales Training Methods,https://openalex.org/W851676770,None,1992,article,2
Industrial Marketing Management,Author index to volume 19,https://openalex.org/W4238735294,https://doi.org/10.1016/0019-8501(90)90008-j,1990,article,1
Industrial Marketing Management,Equipment lease accounting in industrial marketing strategy,https://openalex.org/W1977523614,https://doi.org/10.1016/0019-8501(91)90005-z,1991,article,1
Industrial Marketing Management,Marketing doesn't make credit decisions,https://openalex.org/W1994804594,https://doi.org/10.1016/0019-8501(92)90042-r,1992,article,1
Industrial Marketing Management,Introduction to the Special Issue,https://openalex.org/W2582409496,https://doi.org/10.1016/s0019-8501(98)00053-4,1999,article,0
Industrial Marketing Management,Discussion,https://openalex.org/W4241119346,https://doi.org/10.1016/s0019-8501(98)00050-9,1999,article,0
Industrial Marketing Management,Letter for the special issue on selling and sales management,https://openalex.org/W1996977990,https://doi.org/10.1016/0019-8501(96)00033-8,1996,article,0
Industrial Marketing Management,Letter for the special issue on new product development,https://openalex.org/W2000710378,https://doi.org/10.1016/s0019-8501(96)00075-2,1996,article,0
Industrial Marketing Management,Author index to volume 24,https://openalex.org/W4247984311,https://doi.org/10.1016/0019-8501(95)90003-9,1995,article,0
Industrial Marketing Management,Author index to volume 25,https://openalex.org/W4250958635,https://doi.org/10.1016/s0019-8501(96)90001-2,1996,article,0
Industrial Marketing Management,From the editor,https://openalex.org/W4253157281,https://doi.org/10.1016/0019-8501(94)00033-s,1995,article,0
Industrial Marketing Management,Product liability cost as a marketing tool,https://openalex.org/W1980235668,https://doi.org/10.1016/0019-8501(93)90041-5,1993,article,0
Industrial Marketing Management,Put work and play into marketing,https://openalex.org/W2056081533,https://doi.org/10.1016/0019-8501(93)90014-x,1993,article,0
Industrial Marketing Management,Ohmeda monitoring systems,https://openalex.org/W2134412805,https://doi.org/10.1016/0019-8501(94)90022-1,1994,article,0
Industrial Marketing Management,Author index to volume 20,https://openalex.org/W4205886216,https://doi.org/10.1016/0019-8501(91)90012-5,1991,article,0
Industrial Marketing Management,Author index to volume 21,https://openalex.org/W4206573032,https://doi.org/10.1016/0019-8501(92)90048-x,1992,article,0
Industrial Marketing Management,From the editor,https://openalex.org/W4236447735,https://doi.org/10.1016/0019-8501(94)90021-3,1994,article,0
Industrial Marketing Management,Author index to volume 22,https://openalex.org/W4237182729,https://doi.org/10.1016/0019-8501(93)90031-2,1993,article,0
Industrial Marketing Management,Author index to volume 23,https://openalex.org/W4241367764,https://doi.org/10.1016/0019-8501(94)90008-6,1994,article,0
Industrial Marketing Management,Faculty/practitioner differences: Skills needed for industrial marketing entry positions,https://openalex.org/W4255175941,https://doi.org/10.1016/0019-8501(91)90025-b,1991,article,0
