source_journal,work_title,work_oaid,DOI,pub_year,work_type,all_cited_by_count
Industrial Marketing Management,"Trade, balance of payments and growth",https://openalex.org/W266770990,https://doi.org/10.1016/0019-8501(72)90013-2,1972,article,483
Industrial Marketing Management,Industrial marketing management,https://openalex.org/W18983729,https://doi.org/10.1016/0019-8501(78)90068-8,1978,article,384
Industrial Marketing Management,Identifying industrial new product success: Project NewProd,https://openalex.org/W2000326507,https://doi.org/10.1016/0019-8501(79)90052-x,1979,article,335
Industrial Marketing Management,Industrial market segmentation,https://openalex.org/W2003360213,https://doi.org/10.1016/0019-8501(74)90025-x,1974,article,251
Industrial Marketing Management,Why new industrial products fail,https://openalex.org/W2033093366,https://doi.org/10.1016/0019-8501(75)90005-x,1975,article,223
Industrial Marketing Management,Industrial marketing: An organizational problem?,https://openalex.org/W2006119171,https://doi.org/10.1016/0019-8501(75)90035-8,1975,article,218
Industrial Marketing Management,Vendor selection and the buying process,https://openalex.org/W2071977868,https://doi.org/10.1016/0019-8501(78)90044-5,1978,article,218
Industrial Marketing Management,Successful and failing internal corporate ventures: An empirical analysis,https://openalex.org/W2017252254,https://doi.org/10.1016/0019-8501(77)90014-1,1977,article,178
Industrial Marketing Management,Influence tactics in buyer — seller processes,https://openalex.org/W2076152291,https://doi.org/10.1016/0019-8501(76)90014-6,1976,article,173
Industrial Marketing Management,The social psychology of industrial buying and selling,https://openalex.org/W2025865090,https://doi.org/10.1016/0019-8501(78)90038-x,1978,article,159
Industrial Marketing Management,The economics of technological change,https://openalex.org/W2312513871,https://doi.org/10.1016/0019-8501(71)90013-7,1971,article,115
Industrial Marketing Management,Toward a theory of professional service marketing,https://openalex.org/W2074943259,https://doi.org/10.1016/0019-8501(78)90054-8,1978,article,128
Industrial Marketing Management,Systems selling as a strategy on industrial markets,https://openalex.org/W1970271277,https://doi.org/10.1016/0019-8501(73)90025-4,1973,article,112
Industrial Marketing Management,A framework of industrial buying and selling,https://openalex.org/W2074623623,https://doi.org/10.1016/0019-8501(79)90015-4,1979,article,106
Industrial Marketing Management,True vendor loyalty or simply repeat purchase behavior?,https://openalex.org/W2086205711,https://doi.org/10.1016/0019-8501(77)90027-x,1977,article,103
Industrial Marketing Management,Management of the sales force,https://openalex.org/W2603029832,https://doi.org/10.1016/0019-8501(79)90069-5,1979,article,102
Industrial Marketing Management,The cultural environment of international business,https://openalex.org/W2313838856,https://doi.org/10.1016/0019-8501(79)90067-1,1979,article,98
Industrial Marketing Management,Do brand names differentiate identical industrial products?,https://openalex.org/W2022059673,https://doi.org/10.1016/0019-8501(79)90051-8,1979,article,92
Industrial Marketing Management,The future of industrial new venture departments,https://openalex.org/W2002082078,https://doi.org/10.1016/0019-8501(79)90032-4,1979,article,88
Industrial Marketing Management,Organizations buying in new task and rebuy situations,https://openalex.org/W2089659310,https://doi.org/10.1016/0019-8501(79)90012-9,1979,article,82
Industrial Marketing Management,Statistical methods of econometrics,https://openalex.org/W2321605974,https://doi.org/10.1016/0019-8501(72)90069-7,1972,article,66
Industrial Marketing Management,An applied theory for marketing industrial services,https://openalex.org/W1968825345,https://doi.org/10.1016/0019-8501(79)90017-8,1979,article,68
Industrial Marketing Management,Organizational mating and industrial marketing conservatism — some reasons why industrial marketing managers resist marketing theory,https://openalex.org/W1968429856,https://doi.org/10.1016/0019-8501(75)90015-2,1975,article,65
Industrial Marketing Management,Organizational buying behavior: Hypotheses and directions,https://openalex.org/W2066589383,https://doi.org/10.1016/0019-8501(77)90034-7,1977,article,59
Industrial Marketing Management,Decision systems analysis in industrial marketing,https://openalex.org/W1969696541,https://doi.org/10.1016/0019-8501(75)90038-3,1975,article,55
Industrial Marketing Management,Autonomous vs. joint decisions in organizational buying,https://openalex.org/W1980235347,https://doi.org/10.1016/0019-8501(75)90045-0,1975,article,55
Industrial Marketing Management,"Probability, statistics, and decision for civil engineers",https://openalex.org/W2610214633,https://doi.org/10.1016/0019-8501(72)90056-9,1972,article,54
Industrial Marketing Management,Stability factors in industrial marketing channels,https://openalex.org/W2121281059,https://doi.org/10.1016/0019-8501(78)90020-2,1978,article,55
Industrial Marketing Management,Effectiveness of sales forecasting methods,https://openalex.org/W1974448834,https://doi.org/10.1016/0019-8501(78)90058-5,1978,article,52
Industrial Marketing Management,Decision - making in the corporate industrial buying process,https://openalex.org/W1991111954,https://doi.org/10.1016/0019-8501(75)90033-4,1975,article,52
Industrial Marketing Management,A phase-differentiated interaction approach to industrial marketing decisions,https://openalex.org/W2005109734,https://doi.org/10.1016/0019-8501(76)90021-3,1976,article,50
Industrial Marketing Management,Systems selling: Problems and benefits for buyers and sellers,https://openalex.org/W2050931847,https://doi.org/10.1016/0019-8501(76)90036-5,1976,article,46
Industrial Marketing Management,The role of industrial trade shows,https://openalex.org/W2056000247,https://doi.org/10.1016/0019-8501(74)90004-2,1974,article,46
Industrial Marketing Management,The adoption of national account marketing by industrial firms,https://openalex.org/W2063594256,https://doi.org/10.1016/0019-8501(79)90024-5,1979,article,46
Industrial Marketing Management,Search behavior in organizational buying,https://openalex.org/W1999251762,https://doi.org/10.1016/0019-8501(75)90014-0,1975,article,43
Industrial Marketing Management,Estimating learning curves for potential products,https://openalex.org/W2013410025,https://doi.org/10.1016/0019-8501(76)90037-7,1976,article,43
Industrial Marketing Management,Emerging models of organizational buying processes,https://openalex.org/W1981603576,https://doi.org/10.1016/0019-8501(77)90060-8,1977,article,42
Industrial Marketing Management,The role of science and technology in developing countries,https://openalex.org/W2975025237,https://doi.org/10.1016/0019-8501(72)90015-6,1972,article,36
Industrial Marketing Management,Basic business logistics,https://openalex.org/W2734550963,https://doi.org/10.1016/0019-8501(79)90027-0,1979,article,39
Industrial Marketing Management,Motivating independent distribution channel members,https://openalex.org/W2086743928,https://doi.org/10.1016/0019-8501(78)90046-9,1978,article,37
Industrial Marketing Management,Men versus women in industrial sales: A performance gap,https://openalex.org/W2008062952,https://doi.org/10.1016/0019-8501(78)90013-5,1978,article,36
Industrial Marketing Management,The product life cycle in formulating purchasing strategy,https://openalex.org/W2168851427,https://doi.org/10.1016/0019-8501(76)90029-8,1976,article,36
Industrial Marketing Management,"Business intelligence systems: The need, development, and integration",https://openalex.org/W2031656077,https://doi.org/10.1016/0019-8501(76)90035-3,1976,article,35
Industrial Marketing Management,Goal programming approach to marketing/ production planning,https://openalex.org/W2080281757,https://doi.org/10.1016/0019-8501(79)90053-1,1979,article,35
Industrial Marketing Management,The nature of industrial buying decisions,https://openalex.org/W2018808832,https://doi.org/10.1016/0019-8501(72)90061-2,1972,article,32
Industrial Marketing Management,Effectiveness of product development methods,https://openalex.org/W2031672062,https://doi.org/10.1016/0019-8501(78)90070-6,1978,article,34
Industrial Marketing Management,On the study of industrial buying behavior: Current practices and future trends,https://openalex.org/W2044202646,https://doi.org/10.1016/0019-8501(72)90004-1,1972,article,29
Industrial Marketing Management,Problem solving through creative analysis,https://openalex.org/W2596111123,https://doi.org/10.1016/0019-8501(74)90038-8,1974,article,29
Industrial Marketing Management,Industrial source selection behavior — An industry study,https://openalex.org/W2012559908,https://doi.org/10.1016/0019-8501(73)90051-5,1973,article,28
Industrial Marketing Management,An empirical study of hospital buying,https://openalex.org/W2014254142,https://doi.org/10.1016/0019-8501(79)90019-1,1979,article,30
Industrial Marketing Management,Measuring perceived pre-purchase risk for a new industrial product,https://openalex.org/W2014377819,https://doi.org/10.1016/0019-8501(79)90042-7,1979,article,30
Industrial Marketing Management,A new marketing tool: Life-cycle costing,https://openalex.org/W2079088560,https://doi.org/10.1016/0019-8501(79)90050-6,1979,article,29
Industrial Marketing Management,Product type and the relative influence of buyers in commercial construction,https://openalex.org/W2012107359,https://doi.org/10.1016/0019-8501(79)90005-1,1979,article,28
Industrial Marketing Management,A framework for strategic industrial pricing,https://openalex.org/W2051414666,https://doi.org/10.1016/0019-8501(79)90022-1,1979,article,28
Industrial Marketing Management,Industrial and consumer goods product managers are different,https://openalex.org/W2105451156,https://doi.org/10.1016/0019-8501(79)90041-5,1979,article,28
Industrial Marketing Management,Loyalty as a component of the industrial buying decision,https://openalex.org/W1983145519,https://doi.org/10.1016/0019-8501(73)90015-1,1973,article,26
Industrial Marketing Management,Vendor attribute evaluations of “buying center” members other than purchasing executives,https://openalex.org/W2044862654,https://doi.org/10.1016/0019-8501(75)90017-6,1975,article,26
Industrial Marketing Management,The processing of information by industrial buyers,https://openalex.org/W2067039488,https://doi.org/10.1016/0019-8501(74)90034-0,1974,article,26
Industrial Marketing Management,A ten-year Delphi forecast in the electronics industry,https://openalex.org/W1991652239,https://doi.org/10.1016/0019-8501(76)90009-2,1976,article,25
Industrial Marketing Management,The manufacturer's agent in industrial distribution,https://openalex.org/W1993873733,https://doi.org/10.1016/0019-8501(79)90035-x,1979,article,24
Industrial Marketing Management,The allocation of resources to marketing communications in industrial markets,https://openalex.org/W2008456068,https://doi.org/10.1016/0019-8501(74)90005-4,1974,article,24
Industrial Marketing Management,The importance of price as a choice criterion for industrial purchasing decisions,https://openalex.org/W2171569805,https://doi.org/10.1016/0019-8501(76)90023-7,1976,article,24
Industrial Marketing Management,An evaluation of the BUYGRID Analytic Framework,https://openalex.org/W1990567893,https://doi.org/10.1016/0019-8501(79)90016-6,1979,article,23
Industrial Marketing Management,Evaluating and comparing salesmen's performance,https://openalex.org/W1999720760,https://doi.org/10.1016/0019-8501(79)90004-x,1979,article,23
Industrial Marketing Management,New venture departments: Organizing for innovation,https://openalex.org/W2023847386,https://doi.org/10.1016/0019-8501(78)90053-6,1978,article,23
Industrial Marketing Management,Purchasing by Swedish grocery chains,https://openalex.org/W2080090517,https://doi.org/10.1016/0019-8501(77)90057-8,1977,article,22
Industrial Marketing Management,Improving the product development process,https://openalex.org/W2088630975,https://doi.org/10.1016/0019-8501(77)90033-5,1977,article,22
Industrial Marketing Management,Key managerial factors in new venture departments,https://openalex.org/W2094910460,https://doi.org/10.1016/0019-8501(79)90006-3,1979,article,22
Industrial Marketing Management,Exploring a complex organizational buying decision,https://openalex.org/W1982374842,https://doi.org/10.1016/0019-8501(77)90007-4,1977,article,21
Industrial Marketing Management,Perceptions of the industrial distributor,https://openalex.org/W2006510644,https://doi.org/10.1016/0019-8501(75)90044-9,1975,article,21
Industrial Marketing Management,The use of trend curves as an aid to market forecasting,https://openalex.org/W2059832622,https://doi.org/10.1016/0019-8501(72)90040-5,1972,article,19
Industrial Marketing Management,Technological planning and social futures,https://openalex.org/W2318868186,https://doi.org/10.1016/0019-8501(72)90068-5,1972,article,19
Industrial Marketing Management,Buyer information sources in the capital equipment industry,https://openalex.org/W2009707615,https://doi.org/10.1016/0019-8501(77)90038-4,1977,article,20
Industrial Marketing Management,More effective sales force reporting,https://openalex.org/W1995342099,https://doi.org/10.1016/0019-8501(79)90007-5,1979,article,19
Industrial Marketing Management,International consumerism: A threat or opportunity?,https://openalex.org/W2008246478,https://doi.org/10.1016/0019-8501(73)90013-8,1973,article,18
Industrial Marketing Management,Buying behavior in Ireland's public sector,https://openalex.org/W2039875849,https://doi.org/10.1016/0019-8501(77)90037-2,1977,article,18
Industrial Marketing Management,Supplier evaluation as a new marketing tool,https://openalex.org/W2139844273,https://doi.org/10.1016/0019-8501(79)90056-7,1979,article,18
Industrial Marketing Management,Locating bank branches,https://openalex.org/W2066158657,https://doi.org/10.1016/0019-8501(74)90008-x,1974,article,15
Industrial Marketing Management,Industrial research and technological innovation,https://openalex.org/W2768498473,https://doi.org/10.1016/0019-8501(71)90014-9,1971,article,15
Industrial Marketing Management,Perceptions of uncertainty within a buying group,https://openalex.org/W2054654145,https://doi.org/10.1016/0019-8501(77)90001-3,1977,article,15
Industrial Marketing Management,Lateral influences and vertical authority in organizational buying,https://openalex.org/W2084034628,https://doi.org/10.1016/0019-8501(77)90009-8,1977,article,15
Industrial Marketing Management,Production functions. An integration of micro and macro short run and long run aspects,https://openalex.org/W257883530,https://doi.org/10.1016/0019-8501(73)90081-3,1973,article,15
Industrial Marketing Management,Technique documentation,https://openalex.org/W4247000825,https://doi.org/10.1016/0019-8501(73)90087-4,1973,article,15
Industrial Marketing Management,The structure of an industrial market: Aviation fuel contracts,https://openalex.org/W1987149581,https://doi.org/10.1016/0019-8501(75)90046-2,1975,article,14
Industrial Marketing Management,Energy and economic growth,https://openalex.org/W2085604994,https://doi.org/10.1016/0019-8501(71)90004-6,1971,article,13
Industrial Marketing Management,Management of business information,https://openalex.org/W2159760192,https://doi.org/10.1016/0019-8501(79)90018-x,1979,article,15
Industrial Marketing Management,The dimensions and determinants of project performance,https://openalex.org/W1966352351,https://doi.org/10.1016/0019-8501(77)90061-x,1977,article,14
Industrial Marketing Management,A three stage product review process,https://openalex.org/W1967125530,https://doi.org/10.1016/0019-8501(76)90015-8,1976,article,14
Industrial Marketing Management,Government influence and industrial innovation,https://openalex.org/W2009528804,https://doi.org/10.1016/0019-8501(78)90028-7,1978,article,14
Industrial Marketing Management,Selling to the computer assisted buyer,https://openalex.org/W2035626126,https://doi.org/10.1016/0019-8501(77)90044-x,1977,article,14
Industrial Marketing Management,International marketing,https://openalex.org/W346486591,https://doi.org/10.1016/0019-8501(78)90063-9,1978,article,14
Industrial Marketing Management,Use of customer analysis for better market penetration,https://openalex.org/W1964883771,https://doi.org/10.1016/0019-8501(76)90010-9,1976,article,13
Industrial Marketing Management,Adoption of innovation by industrial organizations,https://openalex.org/W1967755905,https://doi.org/10.1016/0019-8501(73)90050-3,1973,article,13
Industrial Marketing Management,Market segmentation: A useful tool in the marketing of fragrance (perfume) compounds,https://openalex.org/W2054355244,https://doi.org/10.1016/0019-8501(74)90002-9,1974,article,13
Industrial Marketing Management,Analytical methods for marketing management,https://openalex.org/W2315638011,https://doi.org/10.1016/0019-8501(77)90056-6,1977,article,13
Industrial Marketing Management,The importance of the product life cycle to the industrial marketer,https://openalex.org/W2060769474,https://doi.org/10.1016/0019-8501(76)90012-2,1976,article,12
Industrial Marketing Management,Abandon bad R&amp;D projects with earlier marketing appraisals,https://openalex.org/W1980967694,https://doi.org/10.1016/0019-8501(79)90033-6,1979,article,11
Industrial Marketing Management,The role of the purchasing agent in industrial innovation,https://openalex.org/W2093929962,https://doi.org/10.1016/0019-8501(76)90028-6,1976,article,11
Industrial Marketing Management,The key issues and procedures of industrial marketing research,https://openalex.org/W2155017905,https://doi.org/10.1016/0019-8501(79)90023-3,1979,article,11
Industrial Marketing Management,Export marketing management,https://openalex.org/W254937252,https://doi.org/10.1016/0019-8501(78)90065-2,1978,article,11
Industrial Marketing Management,Marketing management information systems,https://openalex.org/W2605899607,https://doi.org/10.1016/0019-8501(78)90066-4,1978,article,11
Industrial Marketing Management,"A product evaluation, improvement and removal model",https://openalex.org/W2092538051,https://doi.org/10.1016/0019-8501(73)90001-1,1973,article,10
Industrial Marketing Management,Sales management control and job performance,https://openalex.org/W1980488594,https://doi.org/10.1016/0019-8501(78)90072-x,1978,article,10
Industrial Marketing Management,Definition and management of the product-market portfolio,https://openalex.org/W2013515097,https://doi.org/10.1016/0019-8501(78)90076-7,1978,article,10
Industrial Marketing Management,Determinants of market research expenditures for new industrial products,https://openalex.org/W2016659581,https://doi.org/10.1016/0019-8501(77)90049-9,1977,article,10
Industrial Marketing Management,Benefits and problems in a salesforce MBO system,https://openalex.org/W2032714622,https://doi.org/10.1016/0019-8501(77)90039-6,1977,article,10
Industrial Marketing Management,Bartering processes in industrial buying and selling,https://openalex.org/W2061017826,https://doi.org/10.1016/0019-8501(78)90059-7,1978,article,10
Industrial Marketing Management,Professionalism and the behavior of procurement managers,https://openalex.org/W2074671332,https://doi.org/10.1016/0019-8501(77)90043-8,1977,article,10
Industrial Marketing Management,Accounting tools in the analysis and control of marketing performance,https://openalex.org/W2078647501,https://doi.org/10.1016/0019-8501(77)90015-3,1977,article,10
Industrial Marketing Management,Market adoption of new industrial products,https://openalex.org/W2093479898,https://doi.org/10.1016/0019-8501(78)90006-8,1978,article,10
Industrial Marketing Management,Marketing of professional services: An analysis of the buyer selection systems,https://openalex.org/W2030673957,https://doi.org/10.1016/0019-8501(73)90014-x,1973,article,9
Industrial Marketing Management,The effects of product perception on industrial buyer behavior,https://openalex.org/W2063057777,https://doi.org/10.1016/0019-8501(72)90026-0,1972,article,9
Industrial Marketing Management,Important vendor factors in industrial and hospital organizations: A comparison,https://openalex.org/W1964548315,https://doi.org/10.1016/0019-8501(77)90042-6,1977,article,9
Industrial Marketing Management,The computation of costs for price decisions,https://openalex.org/W1974828747,https://doi.org/10.1016/0019-8501(77)90045-1,1977,article,9
Industrial Marketing Management,Measuring industrial salespeople's short-term productivity,https://openalex.org/W1999972633,https://doi.org/10.1016/0019-8501(79)90057-9,1979,article,9
Industrial Marketing Management,Evaluating and motivating salesman with the BARS method,https://openalex.org/W2025533214,https://doi.org/10.1016/0019-8501(78)90032-9,1978,article,9
Industrial Marketing Management,Industrial project selection and management,https://openalex.org/W2042635853,https://doi.org/10.1016/0019-8501(78)90074-3,1978,article,9
Industrial Marketing Management,Buyer and seller perceptions of transportation purchasing variables,https://openalex.org/W2070527633,https://doi.org/10.1016/0019-8501(78)90035-4,1978,article,9
Industrial Marketing Management,Stability and inflation,https://openalex.org/W212804153,https://doi.org/10.1016/0019-8501(79)90065-8,1979,article,9
Industrial Marketing Management,Survey and opinion research,https://openalex.org/W225108356,https://doi.org/10.1016/0019-8501(78)90023-8,1978,article,9
Industrial Marketing Management,The role of exhibitions in industrial marketing — an evaluation of the international machine tool exhibition,https://openalex.org/W1971192472,https://doi.org/10.1016/0019-8501(74)90009-1,1974,article,8
Industrial Marketing Management,"Murderous providence, a study of pollution in industrial societies",https://openalex.org/W237862350,https://doi.org/10.1016/0019-8501(73)90019-9,1973,article,8
Industrial Marketing Management,Intelligence: A technology for the 1980's?,https://openalex.org/W1975474887,https://doi.org/10.1016/0019-8501(71)90005-8,1971,article,7
Industrial Marketing Management,Attitudes of industrial buyers toward selected social issues,https://openalex.org/W2004789498,https://doi.org/10.1016/0019-8501(78)90007-x,1978,article,8
Industrial Marketing Management,Determining job performance in the industrial sales force,https://openalex.org/W2029397701,https://doi.org/10.1016/0019-8501(77)90048-7,1977,article,8
Industrial Marketing Management,Primary and secondary market information for new industrial products,https://openalex.org/W2033475622,https://doi.org/10.1016/0019-8501(78)90001-9,1978,article,8
Industrial Marketing Management,Reducing new product risk through understanding buyer behavior,https://openalex.org/W2043504988,https://doi.org/10.1016/0019-8501(77)90017-7,1977,article,8
Industrial Marketing Management,A profit emphasis for improving sales force productivity,https://openalex.org/W2090311580,https://doi.org/10.1016/0019-8501(77)90054-2,1977,article,8
Industrial Marketing Management,Profit contribution: Accounting and marketing interface,https://openalex.org/W2114897158,https://doi.org/10.1016/0019-8501(77)90052-9,1977,article,8
Industrial Marketing Management,Purchasing's role across the product life cycle,https://openalex.org/W2143594413,https://doi.org/10.1016/0019-8501(78)90005-6,1978,article,8
Industrial Marketing Management,Measuring the industrial firm's image,https://openalex.org/W2145098156,https://doi.org/10.1016/0019-8501(79)90043-9,1979,article,8
Industrial Marketing Management,Social auditing for marketing managers,https://openalex.org/W1965643020,https://doi.org/10.1016/0019-8501(79)90011-7,1979,article,7
Industrial Marketing Management,Organizational buying in selected Yugoslav firms,https://openalex.org/W2010879630,https://doi.org/10.1016/0019-8501(78)90017-2,1978,article,7
Industrial Marketing Management,Physician and pharmacist perceptions of generic drugs,https://openalex.org/W2050847424,https://doi.org/10.1016/0019-8501(79)90020-8,1979,article,7
Industrial Marketing Management,Technical manufacturing standards and the industrial marketer,https://openalex.org/W2063231724,https://doi.org/10.1016/0019-8501(77)90062-1,1977,article,7
Industrial Marketing Management,Marketing/quality control interface: The GERT approach,https://openalex.org/W2075359605,https://doi.org/10.1016/0019-8501(77)90004-9,1977,article,7
Industrial Marketing Management,Add soft data to product elimination decisions,https://openalex.org/W2084855484,https://doi.org/10.1016/0019-8501(77)90046-3,1977,article,7
Industrial Marketing Management,Strategic planning in a period of transition,https://openalex.org/W1970659184,https://doi.org/10.1016/0019-8501(75)90004-8,1975,article,6
Industrial Marketing Management,Trend extrapolation: Workhorse of technological forecasting,https://openalex.org/W2050375177,https://doi.org/10.1016/0019-8501(73)90020-5,1973,article,6
Industrial Marketing Management,The value of recycling: A framework for analysis,https://openalex.org/W2077512348,https://doi.org/10.1016/0019-8501(75)90037-1,1975,article,6
Industrial Marketing Management,Energy consumption analysis by application of national input-output tables,https://openalex.org/W2081735291,https://doi.org/10.1016/0019-8501(74)90007-8,1974,article,6
Industrial Marketing Management,Marketing and logistics — A new area of management concern,https://openalex.org/W4248977056,https://doi.org/10.1016/0019-8501(73)90073-4,1973,article,6
Industrial Marketing Management,A comparison of the methods of technological forecasting,https://openalex.org/W2024377798,https://doi.org/10.1016/0019-8501(71)90011-3,1971,article,5
Industrial Marketing Management,Flexible pricing systems for high inflationary periods,https://openalex.org/W1968762352,https://doi.org/10.1016/0019-8501(76)90019-5,1976,article,6
Industrial Marketing Management,New emphases in product planning and strategy development,https://openalex.org/W1971441750,https://doi.org/10.1016/0019-8501(77)90003-7,1977,article,6
Industrial Marketing Management,Measuring market potential for industrial products: An eight-step approach,https://openalex.org/W1977746120,https://doi.org/10.1016/0019-8501(77)90031-1,1977,article,6
Industrial Marketing Management,Problems in applying Organizational Theory to Industrial Marketing,https://openalex.org/W1984569319,https://doi.org/10.1016/0019-8501(77)90040-2,1977,article,6
Industrial Marketing Management,Exposing organizational buyers to consumer magazine advertisements,https://openalex.org/W1990030199,https://doi.org/10.1016/0019-8501(78)90015-9,1978,article,6
Industrial Marketing Management,Strategic analysis of wholesale distribution: A study of the medical supply industry,https://openalex.org/W2083679610,https://doi.org/10.1016/0019-8501(76)90008-0,1976,article,6
Industrial Marketing Management,Industrial product positioning: Progmatic uses,https://openalex.org/W2087361141,https://doi.org/10.1016/0019-8501(77)90051-7,1977,article,6
Industrial Marketing Management,Business cost-benefit analysis,https://openalex.org/W141551211,https://doi.org/10.1016/0019-8501(73)90008-4,1973,article,5
Industrial Marketing Management,A decision process for new product selection,https://openalex.org/W1997126097,https://doi.org/10.1016/0019-8501(73)90016-3,1973,article,5
Industrial Marketing Management,The marketing factor in successful industrial innovation,https://openalex.org/W2061904113,https://doi.org/10.1016/0019-8501(73)90005-9,1973,article,5
Industrial Marketing Management,The marketing approach and its systemic implications,https://openalex.org/W2063352277,https://doi.org/10.1016/0019-8501(72)90025-9,1972,article,5
Industrial Marketing Management,Forecasting in the chemical industry,https://openalex.org/W2094379736,https://doi.org/10.1016/0019-8501(72)90045-4,1972,article,5
Industrial Marketing Management,The economics of advertising,https://openalex.org/W2320611758,https://doi.org/10.1016/0019-8501(73)90084-9,1973,article,5
Industrial Marketing Management,Marketing strategy in a make or buy situation,https://openalex.org/W1971326037,https://doi.org/10.1016/0019-8501(76)90031-6,1976,article,5
Industrial Marketing Management,A sales compensation plan for maximum motivation,https://openalex.org/W2012074290,https://doi.org/10.1016/0019-8501(76)90007-9,1976,article,5
Industrial Marketing Management,The buyer problem foundation of industrial advertising,https://openalex.org/W2013117610,https://doi.org/10.1016/0019-8501(76)90039-0,1976,article,5
Industrial Marketing Management,From the laboratory to the marketplace,https://openalex.org/W1491687225,https://doi.org/10.1016/0019-8501(77)90029-3,1977,article,5
Industrial Marketing Management,Marketing research by a small industrial firm: A case study,https://openalex.org/W1966484462,https://doi.org/10.1016/0019-8501(78)90041-x,1978,article,5
Industrial Marketing Management,Industrial marketing myths,https://openalex.org/W1975865889,https://doi.org/10.1016/0019-8501(78)90061-5,1978,article,5
Industrial Marketing Management,Transactional marketing: An understanding of the industrial marketing process,https://openalex.org/W1981174321,https://doi.org/10.1016/0019-8501(78)90034-2,1978,article,5
Industrial Marketing Management,Assessing introduction factors for a new industrial product,https://openalex.org/W1982343460,https://doi.org/10.1016/0019-8501(78)90060-3,1978,article,5
Industrial Marketing Management,Industrial product innovation: An international comparison,https://openalex.org/W2027091030,https://doi.org/10.1016/0019-8501(78)90040-8,1978,article,5
Industrial Marketing Management,Managing frustration in the sales force,https://openalex.org/W2035336240,https://doi.org/10.1016/0019-8501(79)90003-8,1979,article,5
Industrial Marketing Management,SIC System and related data for more effective market research,https://openalex.org/W2039478085,https://doi.org/10.1016/0019-8501(77)90005-0,1977,article,5
Industrial Marketing Management,Conducting market research for high technology products,https://openalex.org/W2052827255,https://doi.org/10.1016/0019-8501(77)90058-x,1977,article,5
Industrial Marketing Management,Problem formulation in industrial marketing research,https://openalex.org/W2056737514,https://doi.org/10.1016/0019-8501(78)90019-6,1978,article,5
Industrial Marketing Management,Time management of sales managers,https://openalex.org/W2063905519,https://doi.org/10.1016/0019-8501(78)90043-3,1978,article,5
Industrial Marketing Management,Aspects of industrial buying behavior relevant to supplier account strategies,https://openalex.org/W2154817271,https://doi.org/10.1016/0019-8501(77)90028-1,1977,article,5
Industrial Marketing Management,Practical marketing audits: A guide to increased profitability,https://openalex.org/W220440110,https://doi.org/10.1016/0019-8501(79)90064-6,1979,article,5
Industrial Marketing Management,Multinational product strategy,https://openalex.org/W2313124793,https://doi.org/10.1016/0019-8501(78)90048-2,1978,article,5
Industrial Marketing Management,The challenge from industrial buyer perception of product non-differentiation,https://openalex.org/W1985050557,https://doi.org/10.1016/0019-8501(73)90054-0,1973,article,4
Industrial Marketing Management,The environmental crisis: A survey,https://openalex.org/W1992501823,https://doi.org/10.1016/0019-8501(72)90046-6,1972,article,4
Industrial Marketing Management,You're never alone with schizophrenia,https://openalex.org/W1993699839,https://doi.org/10.1016/0019-8501(72)90007-7,1972,article,4
Industrial Marketing Management,Marketing a new industrial good: A case study,https://openalex.org/W1997516975,https://doi.org/10.1016/0019-8501(72)90022-3,1972,article,4
Industrial Marketing Management,The necessity of an industrial product mix analysis,https://openalex.org/W2012514123,https://doi.org/10.1016/0019-8501(73)90003-5,1973,article,4
Industrial Marketing Management,Is it time to revise the marketing concept?,https://openalex.org/W2016901834,https://doi.org/10.1016/0019-8501(73)90048-5,1973,article,4
Industrial Marketing Management,Some observations on new industrial product failures,https://openalex.org/W2064427550,https://doi.org/10.1016/0019-8501(73)90075-8,1973,article,4
Industrial Marketing Management,Communication correlates of sales success,https://openalex.org/W2019190642,https://doi.org/10.1016/0019-8501(76)90041-9,1976,article,4
Industrial Marketing Management,Research appraisal in the electricity industry — An interesting application of the Delphi Method,https://openalex.org/W2053533766,https://doi.org/10.1016/0019-8501(75)90032-2,1975,article,4
Industrial Marketing Management,Building more business with industrial direct mail advertising,https://openalex.org/W2060306653,https://doi.org/10.1016/0019-8501(76)90013-4,1976,article,4
Industrial Marketing Management,Strategies in industrial marketing,https://openalex.org/W2067785809,https://doi.org/10.1016/0019-8501(76)90006-7,1976,article,4
Industrial Marketing Management,Foreign subsidiary procurement authority: The corporate parent view,https://openalex.org/W2076464248,https://doi.org/10.1016/0019-8501(77)90063-3,1977,article,4
Industrial Marketing Management,Industrial sales management: A case for MBO,https://openalex.org/W2110733343,https://doi.org/10.1016/0019-8501(77)90032-3,1977,article,4
Industrial Marketing Management,New business planning: The acquisition process,https://openalex.org/W2127565876,https://doi.org/10.1016/0019-8501(76)90034-1,1976,article,4
Industrial Marketing Management,The new business planning process,https://openalex.org/W2139151182,https://doi.org/10.1016/0019-8501(75)90003-6,1975,article,4
Industrial Marketing Management,Business Information Sources,https://openalex.org/W2314693075,https://doi.org/10.1016/0019-8501(77)90010-4,1977,article,4
Industrial Marketing Management,Marketing challenges of technical industries in developing countries,https://openalex.org/W1971261510,https://doi.org/10.1016/0019-8501(79)90021-x,1979,article,4
Industrial Marketing Management,Better use of the industrial marketing concept,https://openalex.org/W1984690864,https://doi.org/10.1016/0019-8501(78)90037-8,1978,article,4
Industrial Marketing Management,Competition and innovation in electrical transmission equipment,https://openalex.org/W2013170106,https://doi.org/10.1016/0019-8501(78)90027-5,1978,article,4
Industrial Marketing Management,Sales persons' and managers' perceptions of work environment and job performance,https://openalex.org/W2033063892,https://doi.org/10.1016/0019-8501(78)90003-2,1978,article,4
Industrial Marketing Management,Sales forecasting difficulties in a developing country,https://openalex.org/W2041678233,https://doi.org/10.1016/0019-8501(78)90078-0,1978,article,4
Industrial Marketing Management,Sales forecast errors for new product projects,https://openalex.org/W2045788092,https://doi.org/10.1016/0019-8501(78)90033-0,1978,article,4
Industrial Marketing Management,International marketing,https://openalex.org/W89423628,https://doi.org/10.1016/0019-8501(78)90049-4,1978,article,4
Industrial Marketing Management,Industrial market research,https://openalex.org/W1868549425,https://doi.org/10.1016/0019-8501(72)90059-4,1972,article,3
Industrial Marketing Management,Venture capital movement,https://openalex.org/W1989273940,https://doi.org/10.1016/0019-8501(72)90058-2,1972,article,3
Industrial Marketing Management,Buying-selling: Greater integration in the seventies,https://openalex.org/W2012801291,https://doi.org/10.1016/0019-8501(71)90009-5,1971,article,3
Industrial Marketing Management,Marketing research and the “technological breakthrough”: Some case studies (1960–1970),https://openalex.org/W2016066449,https://doi.org/10.1016/0019-8501(72)90019-3,1972,article,3
Industrial Marketing Management,Marketing industrial technology in the small business,https://openalex.org/W2075481908,https://doi.org/10.1016/0019-8501(72)90001-6,1972,article,3
Industrial Marketing Management,The military market analyst and the product life cycle planning concept,https://openalex.org/W2085681054,https://doi.org/10.1016/0019-8501(71)90006-x,1971,article,3
Industrial Marketing Management,Market planning in the multiproduct firm,https://openalex.org/W1969625160,https://doi.org/10.1016/0019-8501(75)90020-6,1975,article,3
Industrial Marketing Management,Disagreeing with the future,https://openalex.org/W1975614340,https://doi.org/10.1016/0019-8501(73)90002-3,1973,article,3
Industrial Marketing Management,Innovation: Myths and realities,https://openalex.org/W1982165070,https://doi.org/10.1016/0019-8501(73)90007-2,1973,article,3
Industrial Marketing Management,An information model and evaluation tool for R&amp;D projects and contractor selections — PRECEPT,https://openalex.org/W1989430463,https://doi.org/10.1016/0019-8501(73)90076-x,1973,article,3
Industrial Marketing Management,Time allocation of a pooled industrial sales force,https://openalex.org/W1990300358,https://doi.org/10.1016/0019-8501(76)90016-x,1976,article,3
Industrial Marketing Management,"Technology, the key to market expansion for developing countries",https://openalex.org/W2038536075,https://doi.org/10.1016/0019-8501(74)90026-1,1974,article,3
Industrial Marketing Management,Marketing research for industrial products,https://openalex.org/W2056122844,https://doi.org/10.1016/0019-8501(75)90023-1,1975,article,3
Industrial Marketing Management,Price competition in industrial markets,https://openalex.org/W2060544569,https://doi.org/10.1016/0019-8501(74)90003-0,1974,article,3
Industrial Marketing Management,Enterprise and environment,https://openalex.org/W2062152748,https://doi.org/10.1016/0019-8501(73)90072-2,1973,article,3
Industrial Marketing Management,Executive compensation and the theory of the firm: An empirical study,https://openalex.org/W2084798355,https://doi.org/10.1016/0019-8501(75)90036-x,1975,article,3
Industrial Marketing Management,Entrepreneurial marketing management,https://openalex.org/W2090057347,https://doi.org/10.1016/0019-8501(76)90040-7,1976,article,3
Industrial Marketing Management,On the planning of sales planning,https://openalex.org/W2090868409,https://doi.org/10.1016/0019-8501(75)90024-3,1975,article,3
Industrial Marketing Management,The use of quantitative techniques in industrial marketing,https://openalex.org/W2091151987,https://doi.org/10.1016/0019-8501(75)90029-2,1975,article,3
Industrial Marketing Management,Overt searchers' responses to advertising,https://openalex.org/W1975346466,https://doi.org/10.1016/0019-8501(77)90018-9,1977,article,3
Industrial Marketing Management,Organizational perceptions of sales managers,https://openalex.org/W1982638656,https://doi.org/10.1016/0019-8501(78)90031-7,1978,article,3
Industrial Marketing Management,Soliciting and evaluating bids for a complex big ticket item,https://openalex.org/W2005146474,https://doi.org/10.1016/0019-8501(79)90055-5,1979,article,3
Industrial Marketing Management,A comparison of opinion and regression forecasting for an industrial product,https://openalex.org/W2016440082,https://doi.org/10.1016/0019-8501(79)90034-8,1979,article,3
Industrial Marketing Management,Reducing the cost of sales through marketing support mail,https://openalex.org/W2053641883,https://doi.org/10.1016/0019-8501(77)90047-5,1977,article,3
Industrial Marketing Management,Technical substitution effect for a raw material,https://openalex.org/W2073524662,https://doi.org/10.1016/0019-8501(78)90056-1,1978,article,3
Industrial Marketing Management,Sales demands on securities brokers,https://openalex.org/W2084124081,https://doi.org/10.1016/0019-8501(78)90002-0,1978,article,3
Industrial Marketing Management,The discrete capability factor in marketing professional services,https://openalex.org/W2119732085,https://doi.org/10.1016/0019-8501(78)90071-8,1978,article,3
Industrial Marketing Management,Increasing the role of direct mail marketing in industrial marketing strategy,https://openalex.org/W2149680764,https://doi.org/10.1016/0019-8501(79)90036-1,1979,article,3
Industrial Marketing Management,Current topics in Canadian marketing,https://openalex.org/W2315491233,https://doi.org/10.1016/0019-8501(79)90048-8,1979,article,3
Industrial Marketing Management,Contemporary physical distribution,https://openalex.org/W2316183608,https://doi.org/10.1016/0019-8501(78)90080-9,1978,article,3
Industrial Marketing Management,Marketing: Basic concepts for decision making,https://openalex.org/W250306239,https://doi.org/10.1016/0019-8501(79)90028-2,1979,article,3
Industrial Marketing Management,Behavioral models for market analysis: Foundations for marketing action,https://openalex.org/W2724660233,https://doi.org/10.1016/0019-8501(78)90082-2,1978,article,3
Industrial Marketing Management,Organisational transfer to marketing futures,https://openalex.org/W1488799720,https://doi.org/10.1016/0019-8501(71)90008-3,1971,article,2
Industrial Marketing Management,The evaluation of social costs and benefits,https://openalex.org/W2003342204,https://doi.org/10.1016/0019-8501(72)90060-0,1972,article,2
Industrial Marketing Management,A new approach to the management of technology,https://openalex.org/W2029741971,https://doi.org/10.1016/0019-8501(72)90063-6,1972,article,2
Industrial Marketing Management,Technological forecasting in the formulation of national policy,https://openalex.org/W2034628317,https://doi.org/10.1016/0019-8501(72)90006-5,1972,article,2
Industrial Marketing Management,"Risk, survival and power",https://openalex.org/W336152310,https://doi.org/10.1016/0019-8501(72)90053-3,1972,article,2
Industrial Marketing Management,Product planning for today and tomorrow,https://openalex.org/W1992114782,https://doi.org/10.1016/0019-8501(75)90006-1,1975,article,2
Industrial Marketing Management,Developing a sales plan,https://openalex.org/W2022829444,https://doi.org/10.1016/0019-8501(75)90025-5,1975,article,2
Industrial Marketing Management,How to economize on industrial marketing research,https://openalex.org/W2058925461,https://doi.org/10.1016/0019-8501(75)90042-5,1975,article,2
Industrial Marketing Management,The defense firm goes commercial: A new role for marketing,https://openalex.org/W2071236970,https://doi.org/10.1016/0019-8501(75)90041-3,1975,article,2
Industrial Marketing Management,Technology assessment: New forces likely to affect industrial marketing strategy,https://openalex.org/W2120200982,https://doi.org/10.1016/0019-8501(73)90049-7,1973,article,2
Industrial Marketing Management,Environmental harassment or technology assessment?,https://openalex.org/W226796976,https://doi.org/10.1016/0019-8501(74)90029-7,1974,article,2
Industrial Marketing Management,Managing the cost-service relationship through backorder control,https://openalex.org/W1968797774,https://doi.org/10.1016/0019-8501(79)90008-7,1979,article,2
Industrial Marketing Management,A marketing simulation model across household and industrial goods,https://openalex.org/W1980792205,https://doi.org/10.1016/0019-8501(78)90045-7,1978,article,2
Industrial Marketing Management,The frequency of monetary compensation for salesmen,https://openalex.org/W1996576765,https://doi.org/10.1016/0019-8501(79)90013-0,1979,article,2
Industrial Marketing Management,“Variation” as an innovative strategy in new product development,https://openalex.org/W2016625784,https://doi.org/10.1016/0019-8501(76)90038-9,1976,article,2
Industrial Marketing Management,Purposes and analysis of industrial package design,https://openalex.org/W2016763841,https://doi.org/10.1016/0019-8501(78)90073-1,1978,article,2
Industrial Marketing Management,Growth through acquisition at United Technologies,https://openalex.org/W2017774788,https://doi.org/10.1016/0019-8501(78)90018-4,1978,article,2
Industrial Marketing Management,Marketing versus public relations in selling nuclear power,https://openalex.org/W2029483479,https://doi.org/10.1016/0019-8501(79)90009-9,1979,article,2
Industrial Marketing Management,Broadening the concept of industrial purchasing,https://openalex.org/W2038822509,https://doi.org/10.1016/0019-8501(78)90014-7,1978,article,2
Industrial Marketing Management,The U.S. industrial marketer's position in international trade,https://openalex.org/W2041687815,https://doi.org/10.1016/0019-8501(77)90059-1,1977,article,2
Industrial Marketing Management,Forecasting in multinational and locally owned Salvadorian companies,https://openalex.org/W2044848063,https://doi.org/10.1016/0019-8501(77)90022-0,1977,article,2
Industrial Marketing Management,An econometric analysis of energy over the next 75 years,https://openalex.org/W2047526447,https://doi.org/10.1016/0019-8501(77)90019-0,1977,article,2
Industrial Marketing Management,Marketing in times of global scarcities,https://openalex.org/W2047936373,https://doi.org/10.1016/0019-8501(76)90020-1,1976,article,2
Industrial Marketing Management,Forecasting Danish nitrogen fertilizer consumption,https://openalex.org/W2063954050,https://doi.org/10.1016/0019-8501(77)90020-7,1977,article,2
Industrial Marketing Management,Strategic planning for industrial markets,https://openalex.org/W2069613559,https://doi.org/10.1016/0019-8501(79)90031-2,1979,article,2
Industrial Marketing Management,Measuring the efficiency of the industrial purchasing department,https://openalex.org/W2079137476,https://doi.org/10.1016/0019-8501(76)90005-5,1976,article,2
Industrial Marketing Management,Market expansion through acquisition—A planned approach,https://openalex.org/W2083643016,https://doi.org/10.1016/0019-8501(77)90008-6,1977,article,2
Industrial Marketing Management,Marketing achievement reporting: A profitability approach,https://openalex.org/W2086171951,https://doi.org/10.1016/0019-8501(77)90013-x,1977,article,2
Industrial Marketing Management,The marketing management consultant,https://openalex.org/W2088336178,https://doi.org/10.1016/0019-8501(78)90062-7,1978,article,2
Industrial Marketing Management,A service organization's marketing information system,https://openalex.org/W2089676718,https://doi.org/10.1016/0019-8501(78)90004-4,1978,article,2
Industrial Marketing Management,Systematic product development,https://openalex.org/W211688875,https://doi.org/10.1016/0019-8501(79)90068-3,1979,article,2
Industrial Marketing Management,"Marketing a new product: Its planning, development and control",https://openalex.org/W2313753681,https://doi.org/10.1016/0019-8501(78)90022-6,1978,article,2
Industrial Marketing Management,Modern Materials Management,https://openalex.org/W2314171439,https://doi.org/10.1016/0019-8501(79)90062-2,1979,article,2
Industrial Marketing Management,Do it yourself marketing research,https://openalex.org/W2315607095,https://doi.org/10.1016/0019-8501(77)90012-8,1977,article,2
Industrial Marketing Management,Handbook of Futures Research,https://openalex.org/W2318569679,https://doi.org/10.1016/0019-8501(79)90060-9,1979,article,2
Industrial Marketing Management,Measuring productivity in physical distribution: A 40 billion dollar gold mine,https://openalex.org/W2734402943,https://doi.org/10.1016/0019-8501(79)90046-4,1979,article,2
Industrial Marketing Management,Hospital organization and management: Text and readings,https://openalex.org/W2936135984,https://doi.org/10.1016/0019-8501(79)90066-x,1979,article,2
Industrial Marketing Management,Marketing in East Europe,https://openalex.org/W1485660695,https://doi.org/10.1016/0019-8501(72)90039-9,1972,article,1
Industrial Marketing Management,Marketing in underdeveloped economies,https://openalex.org/W1964027901,https://doi.org/10.1016/0019-8501(72)90027-2,1972,article,1
Industrial Marketing Management,Introduction to industrial marketing management,https://openalex.org/W1964134637,https://doi.org/10.1016/0019-8501(71)90003-4,1971,article,1
Industrial Marketing Management,INCOM a general system for medium and long-range forecasting,https://openalex.org/W1967346048,https://doi.org/10.1016/0019-8501(71)90012-5,1971,article,1
Industrial Marketing Management,Market research in the acquisition game,https://openalex.org/W1987515797,https://doi.org/10.1016/0019-8501(72)90041-7,1972,article,1
Industrial Marketing Management,Measuring industrial markets: Uses and limitations of available data for market measurement,https://openalex.org/W2009482012,https://doi.org/10.1016/0019-8501(72)90020-x,1972,article,1
Industrial Marketing Management,Why ICI decided to move into continental Europe and how they did it,https://openalex.org/W2050630681,https://doi.org/10.1016/0019-8501(71)90007-1,1971,article,1
Industrial Marketing Management,Report: EMCRA — The chemical division of EVAF,https://openalex.org/W2053024854,https://doi.org/10.1016/0019-8501(72)90050-8,1972,article,1
Industrial Marketing Management,Application of input-output techniques to chemical marketing problems,https://openalex.org/W2058594766,https://doi.org/10.1016/0019-8501(72)90043-0,1972,article,1
Industrial Marketing Management,The planning of a petrochemical complex,https://openalex.org/W2079561370,https://doi.org/10.1016/0019-8501(72)90062-4,1972,article,1
Industrial Marketing Management,The case of the pulled plasterboard,https://openalex.org/W2165686642,https://doi.org/10.1016/0019-8501(72)90024-7,1972,article,1
Industrial Marketing Management,Technology and change,https://openalex.org/W2332182969,https://doi.org/10.1016/0019-8501(71)90017-4,1971,article,1
Industrial Marketing Management,Technique documentation,https://openalex.org/W4248786307,https://doi.org/10.1016/0019-8501(72)90038-7,1972,article,1
Industrial Marketing Management,Franchising: The ultimate in industrial marketing?,https://openalex.org/W1964658155,https://doi.org/10.1016/0019-8501(73)90077-1,1973,article,1
Industrial Marketing Management,UK market potential in Hungary (… a test market for Comecon?),https://openalex.org/W1984020415,https://doi.org/10.1016/0019-8501(75)90031-0,1975,article,1
Industrial Marketing Management,Assigning salesmen to sales territories: Some practical guidelines,https://openalex.org/W1995920019,https://doi.org/10.1016/0019-8501(75)90007-3,1975,article,1
Industrial Marketing Management,"Resources, innovation and investment in the construction industry",https://openalex.org/W1999594932,https://doi.org/10.1016/0019-8501(73)90004-7,1973,article,1
Industrial Marketing Management,The role of industrial marketing research,https://openalex.org/W2000889388,https://doi.org/10.1016/0019-8501(73)90074-6,1973,article,1
Industrial Marketing Management,The marketing of research and development,https://openalex.org/W2005547021,https://doi.org/10.1016/0019-8501(73)90052-7,1973,article,1
Industrial Marketing Management,How significant is industrial marketing in periods of excessive buyer demand?,https://openalex.org/W2027633046,https://doi.org/10.1016/0019-8501(74)90033-9,1974,article,1
Industrial Marketing Management,ECO and the CEO: Strategic retreat or strategic advance,https://openalex.org/W2034490089,https://doi.org/10.1016/0019-8501(74)90030-3,1974,article,1
Industrial Marketing Management,Long-range forecasting in advanced technology,https://openalex.org/W2036717212,https://doi.org/10.1016/0019-8501(73)90024-2,1973,article,1
Industrial Marketing Management,Forecasting first owner sales of consumer durables,https://openalex.org/W2039509965,https://doi.org/10.1016/0019-8501(74)90024-8,1974,article,1
Industrial Marketing Management,Expanding the role of industrial marketing research,https://openalex.org/W2053706022,https://doi.org/10.1016/0019-8501(75)90008-5,1975,article,1
Industrial Marketing Management,Technology strategy for the European firm,https://openalex.org/W2061871129,https://doi.org/10.1016/0019-8501(75)90021-8,1975,article,1
Industrial Marketing Management,Factors affecting technological innovation in British industry,https://openalex.org/W2071284986,https://doi.org/10.1016/0019-8501(73)90071-0,1973,article,1
Industrial Marketing Management,The new role for the salesman-manager,https://openalex.org/W2075494112,https://doi.org/10.1016/0019-8501(75)90016-4,1975,article,1
Industrial Marketing Management,Delphic forecasting of the North Sea survey ship market in 1980,https://openalex.org/W2093872070,https://doi.org/10.1016/0019-8501(75)90009-7,1975,article,1
Industrial Marketing Management,Research and innovation in the modern corporation,https://openalex.org/W209603692,https://doi.org/10.1016/0019-8501(73)90083-7,1973,article,1
Industrial Marketing Management,The TACC report. “Bread. An assessment of the British bread industry.”,https://openalex.org/W2313961908,https://doi.org/10.1016/0019-8501(74)90036-4,1974,article,1
Industrial Marketing Management,ISTA/JATES international symposium of Technology Assessment Tokyo 1974,https://openalex.org/W4238300722,https://doi.org/10.1016/0019-8501(75)90039-5,1975,article,1
Industrial Marketing Management,On innovation,https://openalex.org/W4243597933,https://doi.org/10.1016/0019-8501(73)90056-4,1973,article,1
Industrial Marketing Management,Sales quota achievement indices for multi-product firms,https://openalex.org/W1985232370,https://doi.org/10.1016/0019-8501(76)90032-8,1976,article,1
Industrial Marketing Management,Combine forecasting methods for demand estimates,https://openalex.org/W2007036716,https://doi.org/10.1016/0019-8501(76)90033-x,1976,article,1
Industrial Marketing Management,Linking resources to strategic marketing plans,https://openalex.org/W2051812224,https://doi.org/10.1016/0019-8501(77)90026-8,1977,article,1
Industrial Marketing Management,Analyzing variations in demand for an industrial good,https://openalex.org/W2062117847,https://doi.org/10.1016/0019-8501(77)90021-9,1977,article,1
Industrial Marketing Management,New approaches in industrial marketing involving subjective probability,https://openalex.org/W2079601597,https://doi.org/10.1016/0019-8501(76)90027-4,1976,article,1
Industrial Marketing Management,Guides for strategic divisional planning,https://openalex.org/W2085702397,https://doi.org/10.1016/0019-8501(77)90035-9,1977,article,1
Industrial Marketing Management,New business planning: The internal development process,https://openalex.org/W2097652734,https://doi.org/10.1016/0019-8501(76)90024-9,1976,article,1
Industrial Marketing Management,New business planning — The resource allocation process,https://openalex.org/W2107185217,https://doi.org/10.1016/0019-8501(76)90003-1,1976,article,1
Industrial Marketing Management,Professional Telephone Surveys,https://openalex.org/W149436365,https://doi.org/10.1016/0019-8501(79)90059-2,1979,article,1
Industrial Marketing Management,Effective industrial marketing,https://openalex.org/W150129229,https://doi.org/10.1016/0019-8501(78)90081-0,1978,article,1
Industrial Marketing Management,Marketing management in multinational firms—the consumer packaged goods industry,https://openalex.org/W1546268307,https://doi.org/10.1016/0019-8501(78)90052-4,1978,article,1
Industrial Marketing Management,MRP: A tool for product and sales management,https://openalex.org/W1964672006,https://doi.org/10.1016/0019-8501(78)90030-5,1978,article,1
Industrial Marketing Management,The evolution of technology assessment,https://openalex.org/W1976313068,https://doi.org/10.1016/0019-8501(78)90029-9,1978,article,1
Industrial Marketing Management,Some human problems in industrial sales forecasting,https://openalex.org/W1996317572,https://doi.org/10.1016/0019-8501(78)90012-3,1978,article,1
Industrial Marketing Management,Developing end-use marketing teams,https://openalex.org/W2005411751,https://doi.org/10.1016/0019-8501(79)90039-7,1979,article,1
Industrial Marketing Management,Metadevelopment: Beyond the bottom line in corporate growth,https://openalex.org/W2007894664,https://doi.org/10.1016/0019-8501(78)90077-9,1978,article,1
Industrial Marketing Management,Salary increases for the marketing executive,https://openalex.org/W2011498532,https://doi.org/10.1016/0019-8501(79)90040-3,1979,article,1
Industrial Marketing Management,Forecasting business needs in the telephone market,https://openalex.org/W2016943113,https://doi.org/10.1016/0019-8501(78)90057-3,1978,article,1
Industrial Marketing Management,Forecasting: Demand for a recycling plant,https://openalex.org/W2046927672,https://doi.org/10.1016/0019-8501(79)90002-6,1979,article,1
Industrial Marketing Management,A diagnostic study of sales managers' efficiency,https://openalex.org/W2047800977,https://doi.org/10.1016/0019-8501(78)90069-x,1978,article,1
Industrial Marketing Management,Challenges for multinational corporations,https://openalex.org/W2059078818,https://doi.org/10.1016/0019-8501(79)90001-4,1979,article,1
Industrial Marketing Management,The information industry for the industrial marketer,https://openalex.org/W2063969848,https://doi.org/10.1016/0019-8501(78)90036-6,1978,article,1
Industrial Marketing Management,Organize around end-use markets,https://openalex.org/W2071914401,https://doi.org/10.1016/0019-8501(79)90038-5,1979,article,1
Industrial Marketing Management,Simulation theory can provide practical solutions to complex industrial marketing problems,https://openalex.org/W2080541416,https://doi.org/10.1016/0019-8501(78)90016-0,1978,article,1
Industrial Marketing Management,Reaffirming the management ethic in industrial firms,https://openalex.org/W2080761687,https://doi.org/10.1016/0019-8501(78)90075-5,1978,article,1
Industrial Marketing Management,Forecasting sales trends in the solid state industry,https://openalex.org/W2092433196,https://doi.org/10.1016/0019-8501(78)90042-1,1978,article,1
Industrial Marketing Management,Industriell marknadsföring och inköp,https://openalex.org/W216906898,https://doi.org/10.1016/0019-8501(79)90026-9,1979,article,1
Industrial Marketing Management,Legal and business problems of the advertising industry,https://openalex.org/W217924441,https://doi.org/10.1016/0019-8501(79)90044-0,1979,article,1
Industrial Marketing Management,Industrial advertising and publicity,https://openalex.org/W2313105222,https://doi.org/10.1016/0019-8501(78)90024-x,1978,article,1
Industrial Marketing Management,Fundamentals of forecasting,https://openalex.org/W241937764,https://doi.org/10.1016/0019-8501(78)90064-0,1978,article,1
Industrial Marketing Management,The environmental factor: An approach for managers,https://openalex.org/W267397520,https://doi.org/10.1016/0019-8501(78)90083-4,1978,article,1
Industrial Marketing Management,"The growth of European mixed economies, 1945–1970",https://openalex.org/W2770261606,https://doi.org/10.1016/0019-8501(79)90047-6,1979,article,1
Industrial Marketing Management,"Understanding information systems, foundations for control",https://openalex.org/W2936891269,https://doi.org/10.1016/0019-8501(78)90010-x,1978,article,1
Industrial Marketing Management,Media planning,https://openalex.org/W125267153,https://doi.org/10.1016/0019-8501(72)90036-3,1972,article,0
Industrial Marketing Management,Quantitative management in R &amp; D,https://openalex.org/W1906013715,https://doi.org/10.1016/0019-8501(72)90055-7,1972,article,0
Industrial Marketing Management,The modern methods of documentation offered to marketing,https://openalex.org/W1966095821,https://doi.org/10.1016/0019-8501(72)90023-5,1972,article,0
Industrial Marketing Management,The Salzburg sound of management,https://openalex.org/W1970407826,https://doi.org/10.1016/0019-8501(72)90042-9,1972,article,0
Industrial Marketing Management,An information based approach for measuring the relationships between public policy and industrial purchasing decisions,https://openalex.org/W1970931901,https://doi.org/10.1016/0019-8501(72)90064-8,1972,article,0
Industrial Marketing Management,Computer work for council of Europe,https://openalex.org/W1976283497,https://doi.org/10.1016/0019-8501(72)90065-x,1972,article,0
Industrial Marketing Management,Use of computers in ICL for short and long-term sales projections,https://openalex.org/W1978778444,https://doi.org/10.1016/0019-8501(71)90010-1,1971,article,0
Industrial Marketing Management,Central Planning and marketing in Eastern Europe,https://openalex.org/W1997881099,https://doi.org/10.1016/0019-8501(72)90003-x,1972,article,0
Industrial Marketing Management,Identifying problems in industrial marketing research,https://openalex.org/W2009814830,https://doi.org/10.1016/0019-8501(72)90029-6,1972,article,0
Industrial Marketing Management,Inputs to corporate planning: Forecasting the external environment,https://openalex.org/W2011672411,https://doi.org/10.1016/0019-8501(72)90048-x,1972,article,0
Industrial Marketing Management,EVAF international conferences of industrial marketing,https://openalex.org/W2019184059,https://doi.org/10.1016/0019-8501(71)90018-6,1971,article,0
Industrial Marketing Management,"Forecasting, development and innovation in the field of chemicals",https://openalex.org/W2024645938,https://doi.org/10.1016/0019-8501(72)90005-3,1972,article,0
Industrial Marketing Management,An example of decentralization at the level of a multinational group,https://openalex.org/W2035701544,https://doi.org/10.1016/0019-8501(72)90021-1,1972,article,0
Industrial Marketing Management,A prescriptive method for rating models,https://openalex.org/W2042996347,https://doi.org/10.1016/0019-8501(72)90030-2,1972,article,0
Industrial Marketing Management,Chemical market research: Passive and dynamic functions,https://openalex.org/W2044929807,https://doi.org/10.1016/0019-8501(72)90047-8,1972,article,0
Industrial Marketing Management,The manufacture of heavy electrical plant in Western Europe — Problems and prospects,https://openalex.org/W2048699762,https://doi.org/10.1016/0019-8501(72)90008-9,1972,article,0
Industrial Marketing Management,Fifth E.C.M.R.A. Conference,https://openalex.org/W2054484997,https://doi.org/10.1016/0019-8501(72)90031-4,1972,article,0
Industrial Marketing Management,Horizons of marketing research,https://openalex.org/W2068034876,https://doi.org/10.1016/0019-8501(72)90032-6,1972,article,0
Industrial Marketing Management,The prospects for non-integrated operations in Western Europe,https://openalex.org/W2073749671,https://doi.org/10.1016/0019-8501(72)90011-9,1972,article,0
Industrial Marketing Management,Prospects for the Scandinavian wood for industry in the 1970s,https://openalex.org/W2079818164,https://doi.org/10.1016/0019-8501(72)90010-7,1972,article,0
Industrial Marketing Management,The industrial marketing manager and the changing pattern of management education,https://openalex.org/W2085744176,https://doi.org/10.1016/0019-8501(72)90049-1,1972,article,0
Industrial Marketing Management,Techno-economic studies as an aid to decisions on R &amp; D programmes,https://openalex.org/W2093050089,https://doi.org/10.1016/0019-8501(72)90044-2,1972,article,0
Industrial Marketing Management,Research and development - U.S. legacy to unemployment?,https://openalex.org/W2112931269,https://doi.org/10.1016/0019-8501(72)90067-3,1972,article,0
Industrial Marketing Management,Industrial marketing in Romania,https://openalex.org/W2151289365,https://doi.org/10.1016/0019-8501(72)90002-8,1972,article,0
Industrial Marketing Management,Wealth From Knowledge,https://openalex.org/W220870825,https://doi.org/10.1016/0019-8501(72)90012-0,1972,article,0
Industrial Marketing Management,Industrial cost controls,https://openalex.org/W2315307419,https://doi.org/10.1016/0019-8501(72)90034-x,1972,article,0
Industrial Marketing Management,Technological forecasting and corporate strategy,https://openalex.org/W2316530304,https://doi.org/10.1016/0019-8501(71)90016-2,1971,article,0
Industrial Marketing Management,Effective industrial selling,https://openalex.org/W2318965221,https://doi.org/10.1016/0019-8501(72)90037-5,1972,article,0
Industrial Marketing Management,The chemical feast. Ralph Nader's study group report on the food an drug administration (1970),https://openalex.org/W2321327559,https://doi.org/10.1016/0019-8501(72)90054-5,1972,article,0
Industrial Marketing Management,Report: The technological forecasting division of EVAF,https://openalex.org/W2322091448,https://doi.org/10.1016/0019-8501(72)90033-8,1972,article,0
Industrial Marketing Management,Drucker on management,https://openalex.org/W2912978040,https://doi.org/10.1016/0019-8501(72)90014-4,1972,article,0
Industrial Marketing Management,Economies of scale and the form of the production function,https://openalex.org/W293785879,https://doi.org/10.1016/0019-8501(72)90035-1,1972,article,0
Industrial Marketing Management,Invisible empires,https://openalex.org/W3023428313,https://doi.org/10.1016/0019-8501(71)90015-0,1971,article,0
Industrial Marketing Management,Technique documentation,https://openalex.org/W4206797991,https://doi.org/10.1016/0019-8501(71)90019-8,1971,article,0
Industrial Marketing Management,Title index,https://openalex.org/W4210700623,https://doi.org/10.1016/0019-8501(72)90017-x,1972,article,0
Industrial Marketing Management,Letters and opinions,https://openalex.org/W4232391234,https://doi.org/10.1016/0019-8501(72)90052-1,1972,article,0
Industrial Marketing Management,Conference report,https://openalex.org/W4235530085,https://doi.org/10.1016/0019-8501(72)90051-x,1972,article,0
Industrial Marketing Management,Research notes,https://openalex.org/W4238160996,https://doi.org/10.1016/0019-8501(72)90028-4,1972,article,0
Industrial Marketing Management,Objectives of the technique documentation Department of I.M.M.,https://openalex.org/W4242551198,https://doi.org/10.1016/0019-8501(72)90066-1,1972,article,0
Industrial Marketing Management,Report: The 4P division of EVAF,https://openalex.org/W4246850073,https://doi.org/10.1016/0019-8501(72)90009-0,1972,article,0
Industrial Marketing Management,Foreword,https://openalex.org/W4250961566,https://doi.org/10.1016/0019-8501(71)90002-2,1971,article,0
Industrial Marketing Management,Books reviewed,https://openalex.org/W4251187889,https://doi.org/10.1016/0019-8501(72)90018-1,1972,article,0
Industrial Marketing Management,Technological change = Social change?,https://openalex.org/W1583640242,https://doi.org/10.1016/0019-8501(73)90006-0,1973,article,0
Industrial Marketing Management,Max. p. (maximizing profits) or how to obtain higher financial rewards from international technology transfer,https://openalex.org/W1968586003,https://doi.org/10.1016/0019-8501(74)90023-6,1974,article,0
Industrial Marketing Management,Venture vogue: Boneyard or bonanza?,https://openalex.org/W1971166009,https://doi.org/10.1016/0019-8501(73)90017-5,1973,article,0
Industrial Marketing Management,The use of customer attitude assessment in pricing: An observation suggesting the use of attitude questionnaires in the pricing of services involving customer risk assessment,https://openalex.org/W1971628977,https://doi.org/10.1016/0019-8501(75)90034-6,1975,article,0
Industrial Marketing Management,"NATO advanced study workshop on technological transfer (25 June–6 July, 73)",https://openalex.org/W1975954182,https://doi.org/10.1016/0019-8501(73)90059-x,1973,article,0
Industrial Marketing Management,The investigation of innovations and their effect on the number of firms entering and leaving an industry,https://openalex.org/W1978488086,https://doi.org/10.1016/0019-8501(74)90010-8,1974,article,0
Industrial Marketing Management,Optimal advertising and traders' margin: A case study,https://openalex.org/W1979081503,https://doi.org/10.1016/0019-8501(75)90027-9,1975,article,0
Industrial Marketing Management,The industrial salesman in an economy of scarcity: An application of Bayesian statistics,https://openalex.org/W1981806967,https://doi.org/10.1016/0019-8501(75)90043-7,1975,article,0
Industrial Marketing Management,Some future social and governmental influences upon marketing,https://openalex.org/W1982237352,https://doi.org/10.1016/0019-8501(74)90031-5,1974,article,0
Industrial Marketing Management,EVAF international conferences on industrial marketing,https://openalex.org/W1985217735,https://doi.org/10.1016/0019-8501(73)90079-5,1973,article,0
Industrial Marketing Management,Industrial marketing — A President's viewpoint,https://openalex.org/W1988398905,https://doi.org/10.1016/0019-8501(75)90019-x,1975,article,0
Industrial Marketing Management,The International Society for Technology Assessment,https://openalex.org/W1991695964,https://doi.org/10.1016/0019-8501(73)90078-3,1973,article,0
Industrial Marketing Management,Planning and the industrial sales engineer,https://openalex.org/W1992614726,https://doi.org/10.1016/0019-8501(75)90026-7,1975,article,0
Industrial Marketing Management,A new statistical model for short-term and medium range forecasting,https://openalex.org/W1999550040,https://doi.org/10.1016/0019-8501(75)90030-9,1975,article,0
Industrial Marketing Management,Innovation research in Europe — a first conference,https://openalex.org/W2000996312,https://doi.org/10.1016/0019-8501(73)90057-6,1973,article,0
Industrial Marketing Management,The market for printing and writing paper in Western Europe: 1972–1977,https://openalex.org/W2006106707,https://doi.org/10.1016/0019-8501(73)90022-9,1973,article,0
Industrial Marketing Management,Annual conference of the European association for industrial marketing research (EVAF),https://openalex.org/W2012525655,https://doi.org/10.1016/0019-8501(73)90028-x,1973,article,0
Industrial Marketing Management,Marketing research in the chemical industry: A look ahead,https://openalex.org/W2014214726,https://doi.org/10.1016/0019-8501(73)90021-7,1973,article,0
Industrial Marketing Management,Oil revenues and industrialization in the arab oil-producing countries,https://openalex.org/W2035879504,https://doi.org/10.1016/0019-8501(75)90013-9,1975,article,0
Industrial Marketing Management,A survey of terminal location techniques with application to distribution center feasibility analysis,https://openalex.org/W2037025479,https://doi.org/10.1016/0019-8501(74)90032-7,1974,article,0
Industrial Marketing Management,Inside marketing management,https://openalex.org/W2041988137,https://doi.org/10.1016/0019-8501(74)90001-7,1974,article,0
Industrial Marketing Management,Market growth strategies of Ionics Incorporated,https://openalex.org/W2043995827,https://doi.org/10.1016/0019-8501(75)90002-4,1975,article,0
Industrial Marketing Management,Annual meeting of the Construction Division of the European association for industrial market research (EVAF),https://openalex.org/W2044582283,https://doi.org/10.1016/0019-8501(73)90029-1,1973,article,0
Industrial Marketing Management,Applying the envelope curve to technological forecasting and long range planning: The evolution of the laser,https://openalex.org/W2049565601,https://doi.org/10.1016/0019-8501(75)90012-7,1975,article,0
Industrial Marketing Management,Technological products in west — East marketing,https://openalex.org/W2053597362,https://doi.org/10.1016/0019-8501(73)90055-2,1973,article,0
Industrial Marketing Management,The value of intelligence,https://openalex.org/W2080013705,https://doi.org/10.1016/0019-8501(73)90053-9,1973,article,0
Industrial Marketing Management,The role of industrial marketing research: A reply,https://openalex.org/W2083016747,https://doi.org/10.1016/0019-8501(73)90023-0,1973,article,0
Industrial Marketing Management,Towards a marketing promotion function,https://openalex.org/W2087358960,https://doi.org/10.1016/0019-8501(74)90027-3,1974,article,0
Industrial Marketing Management,Capacity decision model for an industrial commodity: The case of isopropanol,https://openalex.org/W2093855908,https://doi.org/10.1016/0019-8501(75)90022-x,1975,article,0
Industrial Marketing Management,Essays in economics. Vol. I: Macroeconomics,https://openalex.org/W210018674,https://doi.org/10.1016/0019-8501(73)90082-5,1973,article,0
Industrial Marketing Management,Statistical principles in health care information,https://openalex.org/W2312309409,https://doi.org/10.1016/0019-8501(74)90012-1,1974,article,0
Industrial Marketing Management,Fire and flame retardants in West Europe,https://openalex.org/W2316755758,https://doi.org/10.1016/0019-8501(75)90040-1,1975,article,0
Industrial Marketing Management,The anatomy of tension in industrial society,https://openalex.org/W2596396000,https://doi.org/10.1016/0019-8501(73)90086-2,1973,article,0
Industrial Marketing Management,The statesman's yearbook 1972/73,https://openalex.org/W2742710043,https://doi.org/10.1016/0019-8501(73)90085-0,1973,article,0
Industrial Marketing Management,Science observed: Science as a social and intellectual activity,https://openalex.org/W2939346687,https://doi.org/10.1016/0019-8501(74)90011-x,1974,article,0
Industrial Marketing Management,"Advertising &amp; socialism: a study of the nature and extent of consumer advertising in the Soviet Union, Poland, Hungary and Yugoslavia",https://openalex.org/W308342915,https://doi.org/10.1016/0019-8501(75)90018-8,1975,article,0
Industrial Marketing Management,Books reviewed,https://openalex.org/W4206164335,https://doi.org/10.1016/0019-8501(73)90011-4,1973,article,0
Industrial Marketing Management,Title index,https://openalex.org/W4206183515,https://doi.org/10.1016/0019-8501(75)90010-3,1975,article,0
Industrial Marketing Management,Title index,https://openalex.org/W4211248961,https://doi.org/10.1016/0019-8501(73)90010-2,1973,article,0
Industrial Marketing Management,Letters and opinions,https://openalex.org/W4214915376,https://doi.org/10.1016/0019-8501(74)90006-6,1974,article,0
Industrial Marketing Management,Objectives of the technique documentation department of I.M.M.,https://openalex.org/W4231675330,https://doi.org/10.1016/0019-8501(73)90058-8,1973,article,0
Industrial Marketing Management,Reviews,https://openalex.org/W4232085879,https://doi.org/10.1016/0019-8501(73)90060-6,1973,article,0
Industrial Marketing Management,Reports,https://openalex.org/W4234774612,https://doi.org/10.1016/0019-8501(73)90080-1,1973,article,0
Industrial Marketing Management,Reviews,https://openalex.org/W4235242212,https://doi.org/10.1016/0019-8501(73)90027-8,1973,article,0
Industrial Marketing Management,Nonsense economics,https://openalex.org/W4242234889,https://doi.org/10.1016/0019-8501(73)90018-7,1973,article,0
Industrial Marketing Management,Indexes to volume 3,https://openalex.org/W4242948956,https://doi.org/10.1016/0019-8501(74)90039-x,1974,article,0
Industrial Marketing Management,EVAF Presidents acts as catalyst for ISTA-JATES TA Symposium,https://openalex.org/W4242987244,https://doi.org/10.1016/0019-8501(74)90035-2,1974,article,0
Industrial Marketing Management,Editorials,https://openalex.org/W4246976977,https://doi.org/10.1016/0019-8501(75)90028-0,1975,article,0
Industrial Marketing Management,Letters and opinions,https://openalex.org/W4249650415,https://doi.org/10.1016/0019-8501(73)90026-6,1973,article,0
Industrial Marketing Management,Published data on European industrial markets,https://openalex.org/W68094900,https://doi.org/10.1016/0019-8501(74)90037-6,1974,article,0
Industrial Marketing Management,The lighter side of conference going,https://openalex.org/W98893182,https://doi.org/10.1016/0019-8501(74)90028-5,1974,article,0
Industrial Marketing Management,Zip-mentation,https://openalex.org/W1586245354,https://doi.org/10.1016/0019-8501(77)90053-0,1977,article,0
Industrial Marketing Management,Warehouse location in the carpet industry: An empirical case study,https://openalex.org/W1964442843,https://doi.org/10.1016/0019-8501(77)90055-4,1977,article,0
Industrial Marketing Management,A market oriented approach for turnaround situations,https://openalex.org/W1988086207,https://doi.org/10.1016/0019-8501(77)90036-0,1977,article,0
Industrial Marketing Management,Marketing to the international housing industry,https://openalex.org/W1994122332,https://doi.org/10.1016/0019-8501(77)90041-4,1977,article,0
Industrial Marketing Management,New ways to identify business opportunities,https://openalex.org/W2001249781,https://doi.org/10.1016/0019-8501(77)90002-5,1977,article,0
Industrial Marketing Management,A study of distributor-dealer needs among automobile franchises,https://openalex.org/W2011157102,https://doi.org/10.1016/0019-8501(77)90016-5,1977,article,0
Industrial Marketing Management,Market researchers' mobility in chemical firms,https://openalex.org/W2050350927,https://doi.org/10.1016/0019-8501(77)90030-x,1977,article,0
Industrial Marketing Management,Compensating the new business manager,https://openalex.org/W2052047522,https://doi.org/10.1016/0019-8501(76)90022-5,1976,article,0
Industrial Marketing Management,"Forms of industrial research, development, and engineering",https://openalex.org/W2060118129,https://doi.org/10.1016/0019-8501(77)90006-2,1977,article,0
Industrial Marketing Management,Changing market structures and information technology: Adopting new strategies in industrial fasteners,https://openalex.org/W2092956904,https://doi.org/10.1016/0019-8501(76)90004-3,1976,article,0
Industrial Marketing Management,Advertising-price competition and market stability,https://openalex.org/W2093708394,https://doi.org/10.1016/0019-8501(77)90023-2,1977,article,0
Industrial Marketing Management,Terminal based computer systems for industrial marketing decisions,https://openalex.org/W2155150454,https://doi.org/10.1016/0019-8501(76)90025-0,1976,article,0
Industrial Marketing Management,Strategic planning — Stability and growth in the face of adversity,https://openalex.org/W2160702632,https://doi.org/10.1016/0019-8501(76)90026-2,1976,article,0
Industrial Marketing Management,Increasing model usage in marketing: A gaming approach and case situation,https://openalex.org/W2163482722,https://doi.org/10.1016/0019-8501(77)90050-5,1977,article,0
Industrial Marketing Management,"Marketing Systems for Developing Countries, Volumes I and II",https://openalex.org/W2326326578,https://doi.org/10.1016/0019-8501(77)90011-6,1977,article,0
Industrial Marketing Management,Indexes to volume 5,https://openalex.org/W4240007680,https://doi.org/10.1016/0019-8501(76)90018-3,1976,article,0
Industrial Marketing Management,The packaging media,https://openalex.org/W130697808,https://doi.org/10.1016/0019-8501(79)90058-0,1979,article,0
Industrial Marketing Management,Sales managers' perception of compensation and security policies,https://openalex.org/W1971056294,https://doi.org/10.1016/0019-8501(78)90055-x,1978,article,0
Industrial Marketing Management,The sovereignty of senior management in industrial marketing,https://openalex.org/W1986750677,https://doi.org/10.1016/0019-8501(79)90014-2,1979,article,0
Industrial Marketing Management,Efficiency measures in retentive and expansive marketing of financial services,https://openalex.org/W2000726701,https://doi.org/10.1016/0019-8501(78)90021-4,1978,article,0
Industrial Marketing Management,All the economics you need for industrial market planning—And no more,https://openalex.org/W2012640351,https://doi.org/10.1016/0019-8501(78)90026-3,1978,article,0
Industrial Marketing Management,Disclosing sales force pay increase,https://openalex.org/W2054279290,https://doi.org/10.1016/0019-8501(79)90037-3,1979,article,0
Industrial Marketing Management,Economic factors that affect new product substitution: A case history,https://openalex.org/W2058504928,https://doi.org/10.1016/0019-8501(79)90054-3,1979,article,0
Industrial Marketing Management,Marketing in a regulated environment,https://openalex.org/W219246875,https://doi.org/10.1016/0019-8501(79)90030-0,1979,article,0
Industrial Marketing Management,Technology transfer to East Europe: U.S. corporate experience,https://openalex.org/W221334489,https://doi.org/10.1016/0019-8501(78)90051-2,1978,article,0
Industrial Marketing Management,Barter: Opportunity for international business,https://openalex.org/W224851528,https://doi.org/10.1016/0019-8501(78)90079-2,1978,article,0
Industrial Marketing Management,Marketing research: A short course for professionals,https://openalex.org/W2312518207,https://doi.org/10.1016/0019-8501(78)90047-0,1978,article,0
Industrial Marketing Management,Risk-Free Advertising,https://openalex.org/W2316471183,https://doi.org/10.1016/0019-8501(79)90063-4,1979,article,0
Industrial Marketing Management,Strategic Marketing: A business response to consumerism,https://openalex.org/W2317410160,https://doi.org/10.1016/0019-8501(79)90061-0,1979,article,0
Industrial Marketing Management,Business Cycles and Forecasting,https://openalex.org/W2324069918,https://doi.org/10.1016/0019-8501(79)90025-7,1979,article,0
Industrial Marketing Management,"The purchasing/ marketing interface, text and cases",https://openalex.org/W2734429056,https://doi.org/10.1016/0019-8501(78)90008-1,1978,article,0
Industrial Marketing Management,Forecasting and time teries analysis,https://openalex.org/W273624061,https://doi.org/10.1016/0019-8501(79)90029-4,1979,article,0
Industrial Marketing Management,Sales management: A tactical approach,https://openalex.org/W2768458963,https://doi.org/10.1016/0019-8501(78)90050-0,1978,article,0
Industrial Marketing Management,Pricing: Making profitable decisions,https://openalex.org/W2769550010,https://doi.org/10.1016/0019-8501(79)90045-2,1979,article,0
Industrial Marketing Management,Marketing channels,https://openalex.org/W284716199,https://doi.org/10.1016/0019-8501(78)90011-1,1978,article,0
Industrial Marketing Management,Canadian problems in marketing,https://openalex.org/W2921100185,https://doi.org/10.1016/0019-8501(79)90049-x,1979,article,0
Industrial Marketing Management,Marketing channels,https://openalex.org/W3022001814,https://doi.org/10.1016/0019-8501(78)90009-3,1978,article,0
Industrial Marketing Management,Product planning,https://openalex.org/W81898654,https://doi.org/10.1016/0019-8501(78)90067-6,1978,article,0
