source_journal,work_title,work_oaid,DOI,pub_year,work_type,all_cited_by_count
International Journal of Research in Marketing,An empirical comparison of the efficacy of covariance-based and variance-based SEM,https://openalex.org/W3121501521,https://doi.org/10.1016/j.ijresmar.2009.08.001,2009,article,2374
International Journal of Research in Marketing,The C-OAR-SE procedure for scale development in marketing,https://openalex.org/W2169033715,https://doi.org/10.1016/s0167-8116(02)00097-6,2002,article,2249
International Journal of Research in Marketing,A social influence model of consumer participation in network- and small-group-based virtual communities,https://openalex.org/W3121527185,https://doi.org/10.1016/j.ijresmar.2003.12.004,2004,article,2039
International Journal of Research in Marketing,Customer satisfaction and loyalty in online and offline environments,https://openalex.org/W1968171365,https://doi.org/10.1016/s0167-8116(03)00016-8,2003,article,1520
International Journal of Research in Marketing,Corporate social responsibility and consumers' attributions and brand evaluations in a product–harm crisis,https://openalex.org/W1984045333,https://doi.org/10.1016/j.ijresmar.2003.12.003,2004,article,1370
International Journal of Research in Marketing,Antecedents and purchase consequences of customer participation in small group brand communities,https://openalex.org/W2024990688,https://doi.org/10.1016/j.ijresmar.2006.01.005,2006,article,1234
International Journal of Research in Marketing,Reaping relational rewards from corporate social responsibility: The role of competitive positioning,https://openalex.org/W3124811833,https://doi.org/10.1016/j.ijresmar.2007.01.001,2007,article,1134
International Journal of Research in Marketing,"Consumer choice behavior in online and traditional supermarkets: The effects of brand name, price, and other search attributes",https://openalex.org/W2057516773,https://doi.org/10.1016/s0167-8116(00)00005-7,2000,article,967
International Journal of Research in Marketing,Multichannel customer management: Understanding the research-shopper phenomenon,https://openalex.org/W2163550632,https://doi.org/10.1016/j.ijresmar.2006.11.002,2007,article,914
International Journal of Research in Marketing,A multi-stage model of word-of-mouth influence through viral marketing,https://openalex.org/W2139599676,https://doi.org/10.1016/j.ijresmar.2008.03.004,2008,article,855
International Journal of Research in Marketing,Marketing renaissance: How research in emerging markets advances marketing science and practice,https://openalex.org/W2048038272,https://doi.org/10.1016/j.ijresmar.2006.08.001,2006,article,794
International Journal of Research in Marketing,A meta-analysis of the relationship between market orientation and business performance: evidence from five continents,https://openalex.org/W2136615277,https://doi.org/10.1016/j.ijresmar.2003.07.001,2004,article,694
International Journal of Research in Marketing,Measuring the impact of positive and negative word of mouth on brand purchase probability,https://openalex.org/W2024300665,https://doi.org/10.1016/j.ijresmar.2008.04.001,2008,article,579
International Journal of Research in Marketing,A new measure of brand personality,https://openalex.org/W1972261352,https://doi.org/10.1016/j.ijresmar.2008.12.002,2009,article,564
International Journal of Research in Marketing,"Organizational culture, market orientation, innovativeness, and firm performance: an international research odyssey",https://openalex.org/W2000886271,https://doi.org/10.1016/j.ijresmar.2003.04.002,2004,article,549
International Journal of Research in Marketing,The impact of brand credibility on consumer price sensitivity,https://openalex.org/W1992875111,https://doi.org/10.1016/s0167-8116(01)00048-9,2002,article,521
International Journal of Research in Marketing,Quick and easy choice sets: Constructing optimal and nearly optimal stated choice experiments,https://openalex.org/W2088186114,https://doi.org/10.1016/j.ijresmar.2005.09.003,2005,article,514
International Journal of Research in Marketing,Service failure recovery: The moderating impact of individual-level cultural value orientation on perceptions of justice,https://openalex.org/W1966247556,https://doi.org/10.1016/j.ijresmar.2006.02.004,2006,article,496
International Journal of Research in Marketing,"Consumer attitudes toward marketplace globalization: Structure, antecedents and consequences",https://openalex.org/W2003899972,https://doi.org/10.1016/j.ijresmar.2006.01.010,2006,article,449
International Journal of Research in Marketing,On the use of structural equation models for marketing modeling,https://openalex.org/W2171316372,https://doi.org/10.1016/s0167-8116(00)00016-1,2000,article,429
International Journal of Research in Marketing,Exploring product and service innovation similarities and differences,https://openalex.org/W2105975024,https://doi.org/10.1016/j.ijresmar.2006.02.001,2006,article,422
International Journal of Research in Marketing,Linking marketing capabilities with profit growth,https://openalex.org/W2116502024,https://doi.org/10.1016/j.ijresmar.2009.06.005,2009,article,397
International Journal of Research in Marketing,Do loyalty programs really enhance behavioral loyalty? An empirical analysis accounting for self-selecting members,https://openalex.org/W3125106316,https://doi.org/10.1016/j.ijresmar.2006.10.005,2007,article,385
International Journal of Research in Marketing,Tradeoffs in marketing exploitation and exploration strategies: The overlooked role of market orientation,https://openalex.org/W2109168523,https://doi.org/10.1016/j.ijresmar.2004.01.001,2004,article,372
International Journal of Research in Marketing,Consumer attitude toward brand extensions: an integrative model and research propositions,https://openalex.org/W2008371303,https://doi.org/10.1016/s0167-8116(02)00124-6,2003,article,369
International Journal of Research in Marketing,Examining the animosity model in a country with a high level of foreign trade,https://openalex.org/W2103370036,https://doi.org/10.1016/j.ijresmar.2003.05.001,2004,article,363
International Journal of Research in Marketing,An exploratory look at supermarket shopping paths,https://openalex.org/W3126132157,https://doi.org/10.1016/j.ijresmar.2005.09.005,2005,article,355
International Journal of Research in Marketing,Positive cueing: Promoting sustainable consumer behavior by cueing common environmental behaviors as environmental,https://openalex.org/W3122723182,https://doi.org/10.1016/j.ijresmar.2007.06.002,2008,article,318
International Journal of Research in Marketing,The relative incidence of positive and negative word of mouth: A multi-category study,https://openalex.org/W1990406041,https://doi.org/10.1016/j.ijresmar.2006.12.004,2007,article,308
International Journal of Research in Marketing,International market segmentation: issues and perspectives,https://openalex.org/W2112170702,https://doi.org/10.1016/s0167-8116(02)00076-9,2002,article,370
International Journal of Research in Marketing,How cannibalistic is the Internet channel? A study of the newspaper industry in the United Kingdom and The Netherlands,https://openalex.org/W2038605051,https://doi.org/10.1016/s0167-8116(02)00099-x,2002,article,342
International Journal of Research in Marketing,The impact of market orientation on product innovativeness and business performance,https://openalex.org/W2065723255,https://doi.org/10.1016/j.ijresmar.2003.02.002,2003,article,342
International Journal of Research in Marketing,A note on modeling consumer reactions to a crisis: The case of the mad cow disease,https://openalex.org/W166245712,https://doi.org/10.1016/s0167-8116(02)00050-2,2002,article,322
International Journal of Research in Marketing,Cross-selling through database marketing: a mixed data factor analyzer for data augmentation and prediction,https://openalex.org/W3123519527,https://doi.org/10.1016/s0167-8116(02)00121-0,2003,article,318
International Journal of Research in Marketing,Building strong brands in Asia: selecting the visual components of image to maximize brand strength,https://openalex.org/W1985191379,https://doi.org/10.1016/j.ijresmar.2003.03.001,2003,article,286
International Journal of Research in Marketing,Perspectives on joint competitive advantages in buyer–supplier relationships,https://openalex.org/W2160242843,https://doi.org/10.1016/s0167-8116(01)00028-3,2001,article,273
International Journal of Research in Marketing,Two-sided advertising: A meta-analysis,https://openalex.org/W1989698229,https://doi.org/10.1016/j.ijresmar.2005.11.001,2006,article,259
International Journal of Research in Marketing,Turning adversity into advantage: Does proactive marketing during a recession pay off?,https://openalex.org/W2075913708,https://doi.org/10.1016/j.ijresmar.2004.05.002,2005,article,251
International Journal of Research in Marketing,The influence of business strategy on new product activity: The role of market orientation,https://openalex.org/W1992617194,https://doi.org/10.1016/j.ijresmar.2003.03.003,2003,article,250
International Journal of Research in Marketing,Do social product features have value to consumers?,https://openalex.org/W2044032478,https://doi.org/10.1016/j.ijresmar.2008.03.005,2008,article,245
International Journal of Research in Marketing,"The impact of technological and organizational implementation of CRM on customer acquisition, maintenance, and retention",https://openalex.org/W3123403634,https://doi.org/10.1016/j.ijresmar.2009.03.006,2009,article,241
International Journal of Research in Marketing,The chilling effects of network externalities,https://openalex.org/W2102924501,https://doi.org/10.1016/j.ijresmar.2009.06.006,2009,article,230
International Journal of Research in Marketing,Use of relationship marketing programs in building customer–salesperson and customer–firm relationships: Differential influences on financial outcomes,https://openalex.org/W2104944399,https://doi.org/10.1016/j.ijresmar.2006.12.006,2007,article,230
International Journal of Research in Marketing,"Effects of market orientation on the behaviors of salespersons and purchasers, channel relationships, and performance of manufacturers",https://openalex.org/W2070846470,https://doi.org/10.1016/s0167-8116(01)00040-4,2001,article,226
International Journal of Research in Marketing,Country-of-origin effects in consumer processing of advertising claims,https://openalex.org/W2119020769,https://doi.org/10.1016/j.ijresmar.2004.05.003,2005,article,222
International Journal of Research in Marketing,Optimum stimulation level and exploratory consumer behavior in an emerging consumer market,https://openalex.org/W2000625493,https://doi.org/10.1016/s0167-8116(02)00063-0,2002,article,220
International Journal of Research in Marketing,The role of positive emotions in experiential decisions,https://openalex.org/W2078855303,https://doi.org/10.1016/j.ijresmar.2007.09.002,2007,article,220
International Journal of Research in Marketing,"Cognitive, demographic, and situational determinants of service customer preference for personnel-in-contact over self-service technology",https://openalex.org/W1976978207,https://doi.org/10.1016/j.ijresmar.2006.11.004,2007,article,209
International Journal of Research in Marketing,On what should firms focus in transitional economies? A study of the contingent value of strategic orientations in China,https://openalex.org/W2143307466,https://doi.org/10.1016/j.ijresmar.2006.09.004,2007,article,205
International Journal of Research in Marketing,Key antecedents to “export” market-oriented behaviors: a cross-national empirical examination,https://openalex.org/W2032811211,https://doi.org/10.1016/s0167-8116(01)00038-6,2001,article,196
International Journal of Research in Marketing,The impact of knowledge and empowerment on working smart and working hard: The moderating role of experience,https://openalex.org/W3125246816,https://doi.org/10.1016/j.ijresmar.2006.02.003,2006,article,195
International Journal of Research in Marketing,The C-OAR-SE procedure for scale development in marketing: a comment,https://openalex.org/W2110940876,https://doi.org/10.1016/j.ijresmar.2003.08.002,2005,article,194
International Journal of Research in Marketing,"Utility, cultural symbolism and emotion: A comprehensive model of brand purchase value",https://openalex.org/W2016776190,https://doi.org/10.1016/j.ijresmar.2004.11.002,2005,article,193
International Journal of Research in Marketing,More choice is better: Effects of assortment size and composition on assortment evaluation,https://openalex.org/W2095097973,https://doi.org/10.1016/j.ijresmar.2004.03.002,2005,article,193
International Journal of Research in Marketing,The NPV of bad news,https://openalex.org/W2172173652,https://doi.org/10.1016/j.ijresmar.2007.02.003,2007,article,189
International Journal of Research in Marketing,A model of retail format competition for non-durable goods,https://openalex.org/W1981392873,https://doi.org/10.1016/j.ijresmar.2003.05.002,2004,article,184
International Journal of Research in Marketing,The effects of industry knowledge on the development of trust in service relationships,https://openalex.org/W2081110393,https://doi.org/10.1016/s0167-8116(02)00120-9,2003,article,183
International Journal of Research in Marketing,Understanding and managing international growth of new products,https://openalex.org/W3125810880,https://doi.org/10.1016/j.ijresmar.2004.07.001,2004,article,175
International Journal of Research in Marketing,Drivers of consumer acceptance of new packaged goods: An investigation across products and countries,https://openalex.org/W2039993848,https://doi.org/10.1016/j.ijresmar.2006.12.003,2007,article,169
International Journal of Research in Marketing,Why sales reps should welcome information technology: Measuring the impact of CRM-based IT on sales effectiveness,https://openalex.org/W3122840762,https://doi.org/10.1016/j.ijresmar.2007.09.003,2007,article,165
International Journal of Research in Marketing,The impact of market characteristics and innovation speed on perceptions of positional advantage and new product performance,https://openalex.org/W2000370066,https://doi.org/10.1016/j.ijresmar.2006.01.002,2006,article,163
International Journal of Research in Marketing,Empirical generalizability of consumer evaluations of brand extensions,https://openalex.org/W1971398745,https://doi.org/10.1016/j.ijresmar.2006.11.003,2007,article,146
International Journal of Research in Marketing,The meanings of branded products: A cross-national scale development and meaning assessment,https://openalex.org/W2062173339,https://doi.org/10.1016/j.ijresmar.2008.01.001,2008,article,142
International Journal of Research in Marketing,Toward an understanding of industry commoditization: Its nature and role in evolving marketing competition,https://openalex.org/W1987723532,https://doi.org/10.1016/j.ijresmar.2009.10.001,2009,article,134
International Journal of Research in Marketing,Macro-economic determinants of consumer price knowledge: A meta-analysis of four decades of research,https://openalex.org/W2084817199,https://doi.org/10.1016/s0167-8116(01)00044-1,2001,article,176
International Journal of Research in Marketing,Do international entry decisions of retail chains matter in the long run?,https://openalex.org/W2068814322,https://doi.org/10.1016/s0167-8116(01)00039-8,2001,article,173
International Journal of Research in Marketing,Structural analysis of competitive behavior: New Empirical Industrial Organization methods in marketing,https://openalex.org/W2106742540,https://doi.org/10.1016/s0167-8116(01)00031-3,2001,article,162
International Journal of Research in Marketing,Men's and women's responses to sex role portrayals in advertisements,https://openalex.org/W2011071231,https://doi.org/10.1016/j.ijresmar.2003.05.003,2004,article,160
International Journal of Research in Marketing,Marketing program standardization: A cross-country exploration,https://openalex.org/W2105099579,https://doi.org/10.1016/j.ijresmar.2004.06.003,2004,article,156
International Journal of Research in Marketing,Triad lessons: Generalizing results on high performance firms in five business-to-business markets,https://openalex.org/W2053386853,https://doi.org/10.1016/s0167-8116(00)00009-4,2000,article,153
International Journal of Research in Marketing,Customer evaluations of after-sales service contact modes: An empirical analysis of national culture's consequences,https://openalex.org/W2129359149,https://doi.org/10.1016/s0167-8116(02)00047-2,2002,article,144
International Journal of Research in Marketing,Customer loyalty to one service worker: Should it be discouraged?,https://openalex.org/W2056750367,https://doi.org/10.1016/j.ijresmar.2006.01.007,2006,article,141
International Journal of Research in Marketing,Country and consumer segmentation: multi-level latent class analysis of financial product ownership,https://openalex.org/W3122377713,https://doi.org/10.1016/j.ijresmar.2004.06.002,2004,article,139
International Journal of Research in Marketing,Distinctive brand cues and memory for product consumption experiences,https://openalex.org/W2138949459,https://doi.org/10.1016/j.ijresmar.2004.02.001,2005,article,138
International Journal of Research in Marketing,Advertising versus pay-per-view in electronic media,https://openalex.org/W2143843024,https://doi.org/10.1016/s0167-8116(02)00119-2,2003,article,138
International Journal of Research in Marketing,Building models for marketing decisions:,https://openalex.org/W4211076087,https://doi.org/10.1016/s0167-8116(00)00008-2,2000,article,138
International Journal of Research in Marketing,"The impact of retailer stockouts on whether, how much, and what to buy",https://openalex.org/W2080568495,https://doi.org/10.1016/s0167-8116(03)00037-5,2003,article,137
International Journal of Research in Marketing,Should consumer attitudes be reduced to their affective and cognitive bases? Validation of a hierarchical model,https://openalex.org/W2052033718,https://doi.org/10.1016/s0167-8116(03)00036-3,2003,article,132
International Journal of Research in Marketing,Introduction to the Special Issue on Market Segmentation,https://openalex.org/W3122961585,https://doi.org/10.1016/s0167-8116(02)00075-7,2002,article,131
International Journal of Research in Marketing,Advance-selling as a competitive marketing tool,https://openalex.org/W2160883844,https://doi.org/10.1016/j.ijresmar.2004.11.004,2005,article,130
International Journal of Research in Marketing,Customer orientation and innovativeness: Differing roles in New and Old Europe,https://openalex.org/W1982804162,https://doi.org/10.1016/j.ijresmar.2007.09.007,2008,article,122
International Journal of Research in Marketing,The economics of quality-equivalent store brands,https://openalex.org/W1966697462,https://doi.org/10.1016/j.ijresmar.2005.09.008,2006,article,121
International Journal of Research in Marketing,The complementary effect of trade shows on personal selling,https://openalex.org/W2059801989,https://doi.org/10.1016/j.ijresmar.2003.04.003,2004,article,121
International Journal of Research in Marketing,The proximity effect: The role of inter-item distance on reverse-item bias,https://openalex.org/W1969458660,https://doi.org/10.1016/j.ijresmar.2008.09.003,2009,article,117
International Journal of Research in Marketing,Repeated choosing increases susceptibility to affective product features,https://openalex.org/W2046633367,https://doi.org/10.1016/j.ijresmar.2005.12.002,2006,article,116
International Journal of Research in Marketing,Beyond promotion-based store switching: Antecedents and patterns of systematic multiple-store shopping,https://openalex.org/W3121853126,https://doi.org/10.1016/j.ijresmar.2007.07.001,2008,article,110
International Journal of Research in Marketing,Generalizations on the effectiveness of pharmaceutical promotional expenditures,https://openalex.org/W2089848723,https://doi.org/10.1016/j.ijresmar.2008.08.001,2008,article,107
International Journal of Research in Marketing,"How do new ventures grow? Firm capabilities, growth strategies and performance",https://openalex.org/W2150274892,https://doi.org/10.1016/j.ijresmar.2009.08.004,2009,article,107
International Journal of Research in Marketing,Delegation of pricing authority to the sales force: An agency-theoretic perspective of its determinants and impact on performance,https://openalex.org/W2050759581,https://doi.org/10.1016/j.ijresmar.2009.09.006,2009,article,101
International Journal of Research in Marketing,Performance implications of sales strategy: The moderating effects of leadership and environment,https://openalex.org/W3123833655,https://doi.org/10.1016/j.ijresmar.2009.11.001,2009,article,95
International Journal of Research in Marketing,Time-series models in marketing:,https://openalex.org/W2167899799,https://doi.org/10.1016/s0167-8116(00)00014-8,2000,article,131
International Journal of Research in Marketing,Toward an understanding of price wars: Their nature and how they erupt,https://openalex.org/W2031977623,https://doi.org/10.1016/s0167-8116(01)00033-7,2001,article,129
International Journal of Research in Marketing,Combining value and price to make purchase decisions in business markets,https://openalex.org/W2035771999,https://doi.org/10.1016/s0167-8116(00)00029-x,2000,article,127
International Journal of Research in Marketing,A paradox of price–quality and market efficiency: a comparative study of the US and China markets,https://openalex.org/W2100999475,https://doi.org/10.1016/s0167-8116(02)00096-4,2002,article,125
International Journal of Research in Marketing,"Market share response and competitive interaction: The impact of temporary, evolving and structural changes in prices",https://openalex.org/W1999448666,https://doi.org/10.1016/s0167-8116(00)00023-9,2000,article,121
International Journal of Research in Marketing,Homeostasis and consumer behavior across cultures,https://openalex.org/W2073168627,https://doi.org/10.1016/s0167-8116(00)00006-9,2000,article,120
International Journal of Research in Marketing,Retention of latent segments in regression-based marketing models,https://openalex.org/W1973443859,https://doi.org/10.1016/j.ijresmar.2003.04.001,2003,article,114
International Journal of Research in Marketing,A cross-validity comparison of rating-based and choice-based conjoint analysis models,https://openalex.org/W2013964050,https://doi.org/10.1016/j.ijresmar.2004.01.002,2004,article,113
International Journal of Research in Marketing,Auction or agent (or both)? A study of moderators of the herding bias in digital auctions,https://openalex.org/W2135872827,https://doi.org/10.1016/s0167-8116(02)00064-2,2002,article,111
International Journal of Research in Marketing,How many pirates should a software firm tolerate?,https://openalex.org/W1542182218,https://doi.org/10.1016/j.ijresmar.2003.02.001,2003,article,107
International Journal of Research in Marketing,Retail segmentation using artificial neural networks,https://openalex.org/W2085242135,https://doi.org/10.1016/s0167-8116(02)00080-0,2002,article,107
International Journal of Research in Marketing,The market orientation–new product performance relationship: Redefining the moderating role of environmental conditions,https://openalex.org/W1995433322,https://doi.org/10.1016/j.ijresmar.2005.08.001,2006,article,102
International Journal of Research in Marketing,The impact of channel function performance on buyer–seller relationships in marketing channels,https://openalex.org/W3125015670,https://doi.org/10.1016/j.ijresmar.2004.06.004,2005,article,101
International Journal of Research in Marketing,"Explicit and implicit catalysts of consumer resistance: The effects of animosity, cultural salience and country-of-origin on subsequent choice",https://openalex.org/W3124040875,https://doi.org/10.1016/j.ijresmar.2006.05.003,2006,article,98
International Journal of Research in Marketing,Diffusion of new pharmaceutical drugs in developing and developed nations,https://openalex.org/W3023628404,https://doi.org/10.1016/j.ijresmar.2004.05.001,2004,article,97
International Journal of Research in Marketing,The influence of top management team functional diversity on strategic orientations: The moderating role of environmental turbulence and inter-functional coordination,https://openalex.org/W1986942640,https://doi.org/10.1016/j.ijresmar.2004.12.003,2005,article,95
International Journal of Research in Marketing,Relative explanatory power of agency theory and transaction cost analysis in German salesforces,https://openalex.org/W2031221221,https://doi.org/10.1016/j.ijresmar.2003.11.001,2004,article,95
International Journal of Research in Marketing,The impact of individual and managerial factors on salespeople's contribution to marketing intelligence activities,https://openalex.org/W2071369419,https://doi.org/10.1016/j.ijresmar.2006.10.002,2006,article,95
International Journal of Research in Marketing,Strategic segmentation using outlet malls,https://openalex.org/W2158601034,https://doi.org/10.1016/j.ijresmar.2004.03.003,2005,article,95
International Journal of Research in Marketing,Creativity in buyer–seller relationships: The role of governance,https://openalex.org/W3124799864,https://doi.org/10.1016/j.ijresmar.2007.12.006,2008,article,93
International Journal of Research in Marketing,How fine is C-OAR-SE? A generalizability theory perspective on Rossiter's procedure,https://openalex.org/W1986597740,https://doi.org/10.1016/j.ijresmar.2004.03.001,2005,article,88
International Journal of Research in Marketing,"Whatever people say I am, that's what I am: Social labeling as a social marketing tool",https://openalex.org/W3124344392,https://doi.org/10.1016/j.ijresmar.2007.05.001,2007,article,88
International Journal of Research in Marketing,Modeling the effects of including/excluding attributes in choice experiments on systematic and random components,https://openalex.org/W2089591484,https://doi.org/10.1016/j.ijresmar.2007.04.002,2007,article,84
International Journal of Research in Marketing,Models and optimal designs for conjoint choice experiments including a no-choice option,https://openalex.org/W3121500017,https://doi.org/10.1016/j.ijresmar.2007.12.004,2008,article,84
International Journal of Research in Marketing,Innovation and performance outcomes of market information collection efforts: The role of top management team involvement,https://openalex.org/W2008433047,https://doi.org/10.1016/j.ijresmar.2009.09.005,2009,article,82
International Journal of Research in Marketing,The moderating role of reward systems in the relationship between market orientation and new product performance in China,https://openalex.org/W2054982088,https://doi.org/10.1016/j.ijresmar.2008.11.001,2009,article,80
International Journal of Research in Marketing,The effect of the marketing–R&amp;D interface on new product performance: The critical role of resources and scope,https://openalex.org/W2105848143,https://doi.org/10.1016/j.ijresmar.2007.09.006,2008,article,80
International Journal of Research in Marketing,Creating lift versus building the base: Current trends in marketing dynamics,https://openalex.org/W2135452831,https://doi.org/10.1016/j.ijresmar.2008.06.006,2009,article,79
International Journal of Research in Marketing,Does irritation induced by charitable direct mailings reduce donations?,https://openalex.org/W1969882091,https://doi.org/10.1016/j.ijresmar.2009.03.007,2009,article,78
International Journal of Research in Marketing,Determinants of the variety of routes to market,https://openalex.org/W3123458175,https://doi.org/10.1016/j.ijresmar.2006.09.002,2007,article,78
International Journal of Research in Marketing,Health and marketing: The emergence of a new field of research,https://openalex.org/W2015820882,https://doi.org/10.1016/j.ijresmar.2008.09.002,2008,article,76
International Journal of Research in Marketing,Empirical validation and comparison of models for customer base analysis,https://openalex.org/W2045568966,https://doi.org/10.1016/j.ijresmar.2006.12.005,2007,article,76
International Journal of Research in Marketing,The effect of emotional provider support on angry versus anxious consumers,https://openalex.org/W2066739034,https://doi.org/10.1016/j.ijresmar.2007.04.001,2007,article,76
International Journal of Research in Marketing,A meta-analysis of the determinants of organic sales growth,https://openalex.org/W3121574798,https://doi.org/10.1016/j.ijresmar.2009.06.003,2009,article,71
International Journal of Research in Marketing,The influence of firm predispositions on interfirm relationship formation in business markets,https://openalex.org/W2048082556,https://doi.org/10.1016/s0167-8116(01)00042-8,2001,article,97
International Journal of Research in Marketing,The dynamics of value segments: modeling framework and empirical illustration,https://openalex.org/W2099492140,https://doi.org/10.1016/s0167-8116(02)00079-4,2002,article,86
International Journal of Research in Marketing,Market statistics for the Dirichlet model: Using the Juster scale to replace panel data,https://openalex.org/W2039621939,https://doi.org/10.1016/s0167-8116(02)00049-6,2002,article,84
International Journal of Research in Marketing,The role of seeding in multi-market entry,https://openalex.org/W2086511548,https://doi.org/10.1016/j.ijresmar.2005.09.004,2005,article,84
International Journal of Research in Marketing,Question order effects in measuring service quality,https://openalex.org/W2092377982,https://doi.org/10.1016/s0167-8116(03)00034-x,2003,article,83
International Journal of Research in Marketing,Dynamic co-marketing alliances: When and why do they succeed or fail?,https://openalex.org/W2006434532,https://doi.org/10.1016/s0167-8116(00)00004-5,2000,article,82
International Journal of Research in Marketing,The impact of location factors on the attractiveness and optimal space shares of product categories,https://openalex.org/W2068131862,https://doi.org/10.1016/s0167-8116(00)00026-4,2000,article,82
International Journal of Research in Marketing,The effects of authoritative mechanisms of coordination on market orientation in asymmetrical channel partnerships,https://openalex.org/W2074712931,https://doi.org/10.1016/s0167-8116(03)00015-6,2003,article,80
International Journal of Research in Marketing,Do exchange hazards always foster relational governance? An empirical test of the role of communication,https://openalex.org/W2020470572,https://doi.org/10.1016/j.ijresmar.2006.01.006,2006,article,76
International Journal of Research in Marketing,Reminder: a horse is a horse,https://openalex.org/W2004347487,https://doi.org/10.1016/j.ijresmar.2004.11.001,2005,article,74
International Journal of Research in Marketing,Another look at loss aversion in brand choice data: Can we characterize the loss averse consumer?,https://openalex.org/W2105937997,https://doi.org/10.1016/j.ijresmar.2004.09.002,2005,article,73
International Journal of Research in Marketing,A cross-national investigation of incentive sales compensation,https://openalex.org/W2072344978,https://doi.org/10.1016/j.ijresmar.2006.10.003,2006,article,72
International Journal of Research in Marketing,Empirical generalizations from brand extension research: How sure are we?,https://openalex.org/W2059007741,https://doi.org/10.1016/j.ijresmar.2006.02.002,2006,article,70
International Journal of Research in Marketing,Virtual Bass Model and the left-hand data-truncation bias in diffusion of innovation studies,https://openalex.org/W2143855192,https://doi.org/10.1016/j.ijresmar.2006.01.008,2006,article,68
International Journal of Research in Marketing,Interrelationships among key aspects of the organizational procurement process,https://openalex.org/W3121515940,https://doi.org/10.1016/j.ijresmar.2005.10.001,2006,article,68
International Journal of Research in Marketing,Partner selection in B2B information service markets,https://openalex.org/W2096737189,https://doi.org/10.1016/j.ijresmar.2008.07.008,2009,article,66
International Journal of Research in Marketing,"Survival of high tech firms: The effects of diversity of product–market portfolios, patents, and trademarks",https://openalex.org/W2051335172,https://doi.org/10.1016/j.ijresmar.2007.12.005,2008,article,63
International Journal of Research in Marketing,Extra-role behavior in buyer–supplier relationships,https://openalex.org/W2109444136,https://doi.org/10.1016/j.ijresmar.2007.05.002,2007,article,62
International Journal of Research in Marketing,"Conflict, leadership, and market orientation",https://openalex.org/W1994204530,https://doi.org/10.1016/j.ijresmar.2007.08.001,2008,article,60
International Journal of Research in Marketing,Empirical evidence of the stock market's (mis)pricing of customer satisfaction,https://openalex.org/W2032232953,https://doi.org/10.1016/j.ijresmar.2008.08.004,2009,article,57
International Journal of Research in Marketing,A simple mechanism to incentive-align conjoint experiments,https://openalex.org/W3121517257,https://doi.org/10.1016/j.ijresmar.2009.09.004,2009,article,57
International Journal of Research in Marketing,Demand-driven scheduling of movies in a multiplex,https://openalex.org/W3122798768,https://doi.org/10.1016/j.ijresmar.2008.09.004,2009,article,56
International Journal of Research in Marketing,A taxonomy of differences between consumers for market segmentation,https://openalex.org/W2094993433,https://doi.org/10.1016/s0167-8116(02)00081-2,2002,article,76
International Journal of Research in Marketing,Entry strategy for radical product innovations: A conceptual model and propositional inventory,https://openalex.org/W1965048635,https://doi.org/10.1016/s0167-8116(02)00046-0,2002,article,75
International Journal of Research in Marketing,Consumer heterogeneity in the longer-term effects of price promotions,https://openalex.org/W2017094964,https://doi.org/10.1016/j.ijresmar.2005.09.006,2005,article,70
International Journal of Research in Marketing,Consumer confidence in Europe: United in diversity?,https://openalex.org/W2141400233,https://doi.org/10.1016/j.ijresmar.2006.10.006,2007,article,57
International Journal of Research in Marketing,What can grocery basket data tell us about health consciousness?,https://openalex.org/W2079026866,https://doi.org/10.1016/j.ijresmar.2008.05.001,2008,article,55
International Journal of Research in Marketing,Decomposing the sales promotion bump accounting for cross-category effects,https://openalex.org/W2150997135,https://doi.org/10.1016/j.ijresmar.2008.03.003,2008,article,54
International Journal of Research in Marketing,Calibration of consumer knowledge of the web,https://openalex.org/W2147635275,https://doi.org/10.1016/j.ijresmar.2007.02.001,2007,article,53
International Journal of Research in Marketing,Bidder motives in cause-related auctions,https://openalex.org/W1969325316,https://doi.org/10.1016/j.ijresmar.2009.07.001,2009,article,52
International Journal of Research in Marketing,Risk perception and risk avoidance: The role of cultural identity and personal relevance,https://openalex.org/W2020311939,https://doi.org/10.1016/j.ijresmar.2008.06.005,2008,article,50
International Journal of Research in Marketing,Playoff payoff: Super Bowl advertising for movies,https://openalex.org/W2069328394,https://doi.org/10.1016/j.ijresmar.2009.06.001,2009,article,50
International Journal of Research in Marketing,"The effect of public commitment on resistance to persuasion: The influence of attitude certainty, issue importance, susceptibility to normative influence, preference for consistency and source proximity",https://openalex.org/W2103878397,https://doi.org/10.1016/j.ijresmar.2008.08.003,2009,article,48
International Journal of Research in Marketing,Consumer response to and choice of customized versus standardized systems,https://openalex.org/W3123332474,https://doi.org/10.1016/j.ijresmar.2009.04.001,2009,article,48
International Journal of Research in Marketing,Hybrid individualized two-level choice-based conjoint (HIT-CBC): A new method for measuring preference structures with many attribute levels,https://openalex.org/W1976710922,https://doi.org/10.1016/j.ijresmar.2009.01.002,2009,article,46
International Journal of Research in Marketing,Assessing generalizability of scales used in cross-national research,https://openalex.org/W2015218316,https://doi.org/10.1016/s0167-8116(03)00038-7,2003,article,63
International Journal of Research in Marketing,Modeling the impact of product preannouncements in the context of indirect network externalities,https://openalex.org/W2168205340,https://doi.org/10.1016/s0167-8116(00)00031-8,2001,article,61
International Journal of Research in Marketing,"Category structure, brand recall, and choice",https://openalex.org/W2021362731,https://doi.org/10.1016/s0167-8116(00)00028-8,2001,article,57
International Journal of Research in Marketing,Price developments after a nominal shock: Benford's Law and psychological pricing after the euro introduction,https://openalex.org/W1972782284,https://doi.org/10.1016/j.ijresmar.2005.09.002,2005,article,56
International Journal of Research in Marketing,Brand equity in the European fruit and vegetable sector: A transaction cost approach,https://openalex.org/W2086867221,https://doi.org/10.1016/j.ijresmar.2006.01.004,2006,article,55
International Journal of Research in Marketing,Competitive reaction- and feedback effects based on VARX models of pooled store data,https://openalex.org/W2049500752,https://doi.org/10.1016/j.ijresmar.2005.09.007,2005,article,50
International Journal of Research in Marketing,Are consumers heterogeneous in their preferences for odd and even prices? Findings from a choice-based conjoint study,https://openalex.org/W2046484682,https://doi.org/10.1016/j.ijresmar.2007.05.003,2007,article,49
International Journal of Research in Marketing,The low stability of brand-attribute associations is partly due to market research methodology,https://openalex.org/W2098067157,https://doi.org/10.1016/j.ijresmar.2007.10.002,2008,article,46
International Journal of Research in Marketing,Counting chickens before the eggs hatch: Associating new product development portfolios with shareholder expectations in the pharmaceutical sector,https://openalex.org/W2126312786,https://doi.org/10.1016/j.ijresmar.2008.07.001,2008,article,46
International Journal of Research in Marketing,Understanding the antecedents of collateral learning in new product alliances,https://openalex.org/W2074815033,https://doi.org/10.1016/j.ijresmar.2008.03.002,2008,article,45
International Journal of Research in Marketing,Steering sales reps through cost information: An investigation into the black box of cognitive references and negotiation behavior,https://openalex.org/W3123106056,https://doi.org/10.1016/j.ijresmar.2009.08.006,2009,article,44
International Journal of Research in Marketing,The impact of adoption timing on new service usage and early disadoption,https://openalex.org/W2161676151,https://doi.org/10.1016/j.ijresmar.2009.07.002,2009,article,42
International Journal of Research in Marketing,A dual-market diffusion model for a new prescription pharmaceutical,https://openalex.org/W2048008681,https://doi.org/10.1016/j.ijresmar.2008.05.002,2008,article,41
International Journal of Research in Marketing,Identifying segments with identical choice behaviors across product categories: An Intercategory Logit Mixture model,https://openalex.org/W2053890456,https://doi.org/10.1016/s0167-8116(02)00048-4,2002,article,54
International Journal of Research in Marketing,Explaining competitive reaction effects,https://openalex.org/W1971410191,https://doi.org/10.1016/s0167-8116(01)00035-0,2001,article,52
International Journal of Research in Marketing,The impact of altruism and envy on competitive behavior and satisfaction,https://openalex.org/W1985069867,https://doi.org/10.1016/s0167-8116(01)00026-x,2001,article,50
International Journal of Research in Marketing,Brand name suggestiveness: a Chinese language perspective,https://openalex.org/W2010438105,https://doi.org/10.1016/j.ijresmar.2003.03.002,2003,article,49
International Journal of Research in Marketing,The impact of business objectives and the time horizon of performance evaluation on pricing behavior,https://openalex.org/W2077409551,https://doi.org/10.1016/s0167-8116(01)00027-1,2001,article,49
International Journal of Research in Marketing,Japanese investors' choice of acquisitions vs. startups in the US: the role of reputation barriers and advertising outlays,https://openalex.org/W1987801767,https://doi.org/10.1016/j.ijresmar.2003.06.002,2004,article,47
International Journal of Research in Marketing,Forecasting cross-population innovation diffusion: A Bayesian approach,https://openalex.org/W2020940917,https://doi.org/10.1016/j.ijresmar.2004.11.003,2005,article,47
International Journal of Research in Marketing,The influence of pre-decisional constraints on information search and consideration set formation in new automobile purchases,https://openalex.org/W2048736704,https://doi.org/10.1016/s0167-8116(02)00100-3,2002,article,47
International Journal of Research in Marketing,New product introductions and failures under uncertainty,https://openalex.org/W2003914001,https://doi.org/10.1016/j.ijresmar.2005.12.001,2006,article,46
International Journal of Research in Marketing,Assessing potential threats to incumbent brands: New product positioning under price competition in a multisegmented market,https://openalex.org/W2027229454,https://doi.org/10.1016/j.ijresmar.2004.06.005,2005,article,46
International Journal of Research in Marketing,Experimental design on the front lines of marketing: Testing new ideas to increase direct mail sales,https://openalex.org/W2097032205,https://doi.org/10.1016/j.ijresmar.2006.05.002,2006,article,45
International Journal of Research in Marketing,Scheduling sales force training: Theory and evidence,https://openalex.org/W1965777748,https://doi.org/10.1016/j.ijresmar.2005.09.001,2005,article,44
International Journal of Research in Marketing,Crafting an environment to foster integration in new product teams,https://openalex.org/W2023191818,https://doi.org/10.1016/j.ijresmar.2007.11.001,2008,article,40
International Journal of Research in Marketing,"Estimating the SCAN⁎PRO model of store sales: HB, FM or just OLS?",https://openalex.org/W2074732447,https://doi.org/10.1016/j.ijresmar.2007.10.001,2008,article,39
International Journal of Research in Marketing,Can branded drugs benefit from generic entry? The role of detailing and price in switching to non-bioequivalent molecules,https://openalex.org/W2001741638,https://doi.org/10.1016/j.ijresmar.2008.08.002,2008,article,38
International Journal of Research in Marketing,Managing brand extension via licensing: An investigation into the high-end fashion industry,https://openalex.org/W2117152635,https://doi.org/10.1016/j.ijresmar.2008.01.002,2008,article,38
International Journal of Research in Marketing,Brand positivity and competitive effects on the evaluation of brand extensions,https://openalex.org/W3123258056,https://doi.org/10.1016/j.ijresmar.2009.05.001,2009,article,36
International Journal of Research in Marketing,The consumer's rent vs. buy decision in the rentailer,https://openalex.org/W3126024646,https://doi.org/10.1016/j.ijresmar.2008.12.004,2009,article,36
International Journal of Research in Marketing,Improving the external validity of marketing models:,https://openalex.org/W2036288349,https://doi.org/10.1016/s0167-8116(00)00020-3,2000,article,48
International Journal of Research in Marketing,Recovering and profiling the true segmentation structure in markets: an empirical investigation,https://openalex.org/W2053285924,https://doi.org/10.1016/s0167-8116(03)00017-x,2003,article,45
International Journal of Research in Marketing,Marketing modeling for e-business,https://openalex.org/W1982243410,https://doi.org/10.1016/s0167-8116(00)00022-7,2000,article,44
International Journal of Research in Marketing,"Marketing data, models and decisions",https://openalex.org/W2120966970,https://doi.org/10.1016/s0167-8116(00)00010-0,2000,article,44
International Journal of Research in Marketing,Exploring the role of self- and customer-provoked embarrassment in personal selling,https://openalex.org/W2167783433,https://doi.org/10.1016/s0167-8116(03)00035-1,2003,article,44
International Journal of Research in Marketing,Capturing consumer heterogeneity in metric conjoint analysis using Bayesian mixture models,https://openalex.org/W1983297675,https://doi.org/10.1016/j.ijresmar.2003.11.002,2004,article,42
International Journal of Research in Marketing,Comparing complete and partial classification for identifying customers at risk,https://openalex.org/W2125229282,https://doi.org/10.1016/s0167-8116(03)00014-4,2003,article,41
International Journal of Research in Marketing,Measuring and modeling the (limited) reliability of free choice attitude questions,https://openalex.org/W2043530856,https://doi.org/10.1016/j.ijresmar.2004.11.005,2005,article,39
International Journal of Research in Marketing,Anticipated identification costs: Improving assortment evaluation by diagnostic attributes,https://openalex.org/W2077941454,https://doi.org/10.1016/j.ijresmar.2006.09.005,2007,article,34
International Journal of Research in Marketing,Synchrony effects on customers' responses and behaviors,https://openalex.org/W2092078547,https://doi.org/10.1016/j.ijresmar.2008.04.002,2009,article,31
International Journal of Research in Marketing,Recommendation and repurchase intention thresholds: A joint heterogeneity response estimation,https://openalex.org/W1995999215,https://doi.org/10.1016/j.ijresmar.2009.06.004,2009,article,30
International Journal of Research in Marketing,Enhancing breast cancer communications: A cultural models approach,https://openalex.org/W2036099892,https://doi.org/10.1016/j.ijresmar.2008.07.003,2008,article,30
International Journal of Research in Marketing,The statistical significance of portfolio returns,https://openalex.org/W2075772516,https://doi.org/10.1016/j.ijresmar.2009.03.002,2009,article,30
International Journal of Research in Marketing,Does competitive entry structurally change key marketing metrics?,https://openalex.org/W2142160389,https://doi.org/10.1016/j.ijresmar.2008.01.003,2008,article,30
International Journal of Research in Marketing,Household preference revisions and decision making: The role of disconfirmation,https://openalex.org/W1985939654,https://doi.org/10.1016/s0167-8116(01)00043-x,2001,article,40
International Journal of Research in Marketing,Broadening the perspective on marketing decision models,https://openalex.org/W2131933374,https://doi.org/10.1016/s0167-8116(00)00017-3,2000,article,37
International Journal of Research in Marketing,Managerial evaluation of sales forecasting effectiveness: A MIMIC modeling approach,https://openalex.org/W2089471288,https://doi.org/10.1016/s0167-8116(02)00066-6,2002,article,36
International Journal of Research in Marketing,Reactions of service employees to organization–customer conflict: A cross-cultural comparison,https://openalex.org/W2029761066,https://doi.org/10.1016/j.ijresmar.2003.06.001,2004,article,35
International Journal of Research in Marketing,Incentive-based compensation to advertising agencies: A principal–agent approach,https://openalex.org/W2070060250,https://doi.org/10.1016/j.ijresmar.2004.10.002,2005,article,35
International Journal of Research in Marketing,The impact of formal processes for market information acquisition and utilization on the performance of Chinese new ventures,https://openalex.org/W1963907521,https://doi.org/10.1016/j.ijresmar.2009.08.003,2009,article,27
International Journal of Research in Marketing,Decision models or descriptive models?,https://openalex.org/W2038308494,https://doi.org/10.1016/s0167-8116(00)00018-5,2000,article,36
International Journal of Research in Marketing,Probabilistic versus random-utility models of state dependence: an empirical comparison,https://openalex.org/W2052479655,https://doi.org/10.1016/s0167-8116(02)00123-4,2003,article,35
International Journal of Research in Marketing,Building models for marketing decisions:,https://openalex.org/W2011192836,https://doi.org/10.1016/s0167-8116(00)00013-6,2000,article,33
International Journal of Research in Marketing,Drivers of upward and downward migration: An empirical investigation among theatregoers,https://openalex.org/W1964521177,https://doi.org/10.1016/j.ijresmar.2004.07.002,2005,article,31
International Journal of Research in Marketing,Licensing exchange—Insights from the biopharmaceutical industry,https://openalex.org/W3124082653,https://doi.org/10.1016/j.ijresmar.2008.07.004,2008,article,23
International Journal of Research in Marketing,Timely access to health care: Customer-focused resource allocation in a hospital network,https://openalex.org/W3126005255,https://doi.org/10.1016/j.ijresmar.2008.07.005,2008,article,23
International Journal of Research in Marketing,Is 1/10 &gt; 10/100? The effect of denominator salience on perceptions of base rates of health risk,https://openalex.org/W2038716969,https://doi.org/10.1016/j.ijresmar.2008.07.006,2008,article,22
International Journal of Research in Marketing,"Marketing agencies, media experts and sales agents: Helping competitive firms improve the effectiveness of marketing",https://openalex.org/W3125108591,https://doi.org/10.1016/j.ijresmar.2008.05.003,2009,article,21
International Journal of Research in Marketing,"Marketing Management Support Systems: Principles, Tools, and Implementation",https://openalex.org/W2010286399,https://doi.org/10.1016/s0167-8116(01)00024-6,2000,article,32
International Journal of Research in Marketing,"Dual scaling and correspondence analysis of preferences, paired comparisons and ratings",https://openalex.org/W2053965327,https://doi.org/10.1016/s0167-8116(02)00101-5,2002,article,27
International Journal of Research in Marketing,Analyzing the effects of a brand introduction on competitive structure using a market share attraction model,https://openalex.org/W2054745367,https://doi.org/10.1016/j.ijresmar.2003.09.001,2004,article,27
International Journal of Research in Marketing,An experimental investigation of scanner data preparation strategies for consumer choice models,https://openalex.org/W1970734138,https://doi.org/10.1016/j.ijresmar.2004.12.002,2005,article,26
International Journal of Research in Marketing,Analysis of acquisition patterns: A theoretical and empirical evaluation of alternative methods,https://openalex.org/W2105786337,https://doi.org/10.1016/j.ijresmar.2004.04.001,2005,article,24
International Journal of Research in Marketing,Dynamic changepoints revisited: An evolving process model of new product sales,https://openalex.org/W3124748482,https://doi.org/10.1016/j.ijresmar.2008.12.005,2009,article,19
International Journal of Research in Marketing,"Multi-stage purchase decision models: Accommodating response heterogeneity, common demand shocks, and endogeneity using disaggregate data",https://openalex.org/W2024240794,https://doi.org/10.1016/j.ijresmar.2009.03.005,2009,article,18
International Journal of Research in Marketing,Quality-adjusted price comparison of non-homogeneous products across Internet retailers,https://openalex.org/W3125339165,https://doi.org/10.1016/j.ijresmar.2009.03.004,2009,article,18
International Journal of Research in Marketing,"Impact of types of functional relationships, decisions, and solutions on the applicability of marketing models",https://openalex.org/W2043451956,https://doi.org/10.1016/s0167-8116(00)00011-2,2000,article,28
International Journal of Research in Marketing,"Commentary on Peter Leeflang and Dick Wittink's “Building models for marketing decisions: Past, present and future”",https://openalex.org/W1979503715,https://doi.org/10.1016/s0167-8116(00)00019-7,2000,article,27
International Journal of Research in Marketing,The intersection of modelling potential and practice,https://openalex.org/W2012172882,https://doi.org/10.1016/s0167-8116(00)00012-4,2000,article,26
International Journal of Research in Marketing,The effect of individual learning on competitive decision-making and firm performance,https://openalex.org/W2034383499,https://doi.org/10.1016/s0167-8116(01)00034-9,2001,article,26
International Journal of Research in Marketing,Marketing mix response to entry in segmented markets,https://openalex.org/W2084549590,https://doi.org/10.1016/s0167-8116(01)00030-1,2001,article,26
International Journal of Research in Marketing,Disaggregate market share response models,https://openalex.org/W3126139493,https://doi.org/10.1016/s0167-8116(02)00078-2,2002,article,26
International Journal of Research in Marketing,"Modeled to bits: Decision models for the digital, networked economy",https://openalex.org/W1966113366,https://doi.org/10.1016/s0167-8116(00)00021-5,2000,article,25
International Journal of Research in Marketing,Exploring repeated measures data sets for key features using Principal Components Analysis,https://openalex.org/W2002020668,https://doi.org/10.1016/s0167-8116(02)00065-4,2002,article,25
International Journal of Research in Marketing,A cross-national study of interdependence structure and distributor attitudes: the moderating effect of group orientation,https://openalex.org/W2031834941,https://doi.org/10.1016/s0167-8116(03)00018-1,2003,article,25
International Journal of Research in Marketing,Modelling and forecasting brand share: A dynamic demand system approach,https://openalex.org/W1987289623,https://doi.org/10.1016/j.ijresmar.2004.08.002,2005,article,23
International Journal of Research in Marketing,Assessing new empirical industrial organization (NEIO) methods: The cases of five industries,https://openalex.org/W1987438454,https://doi.org/10.1016/j.ijresmar.2006.06.001,2006,article,21
International Journal of Research in Marketing,The effect of secondhand markets on the firm's dynamic pricing and new product introduction strategies,https://openalex.org/W2022447040,https://doi.org/10.1016/j.ijresmar.2006.03.001,2006,article,21
International Journal of Research in Marketing,Using model-based expectations to predict voluntary turnover,https://openalex.org/W2042331336,https://doi.org/10.1016/j.ijresmar.2006.09.003,2007,article,19
International Journal of Research in Marketing,The effect of information about health hazards on demand for frequently purchased commodities,https://openalex.org/W2101377766,https://doi.org/10.1016/j.ijresmar.2008.07.002,2008,article,18
International Journal of Research in Marketing,Ask or infer? Strategic implications of alternative learning approaches in customization,https://openalex.org/W3122690102,https://doi.org/10.1016/j.ijresmar.2008.12.003,2009,article,17
International Journal of Research in Marketing,Segmenting consumers using multiple-category purchase data,https://openalex.org/W2072544830,https://doi.org/10.1016/s0167-8116(02)00077-0,2002,article,21
International Journal of Research in Marketing,A meta-analysis of the relationship between market orientation and business performance: evidence from five continents,https://openalex.org/W4250816231,https://doi.org/10.1016/s0167-8116(04)00015-1,2004,article,20
International Journal of Research in Marketing,Competition in local-service sectors,https://openalex.org/W2025387504,https://doi.org/10.1016/j.ijresmar.2006.08.002,2006,article,18
International Journal of Research in Marketing,The role of ratio differences in the framing of numerical information,https://openalex.org/W2002083735,https://doi.org/10.1016/j.ijresmar.2006.07.001,2006,article,17
International Journal of Research in Marketing,Using context effects to increase a leader's advantage: What set of alternatives should be included in the comparison set?,https://openalex.org/W2056631570,https://doi.org/10.1016/j.ijresmar.2005.09.009,2006,article,17
International Journal of Research in Marketing,25 years of IJRM: Reflections on the past and the future,https://openalex.org/W2006127128,https://doi.org/10.1016/j.ijresmar.2008.06.001,2008,article,16
International Journal of Research in Marketing,Modeling consumption patterns in the attribute space: Theory and evidence of hybrid behavior,https://openalex.org/W2050943249,https://doi.org/10.1016/j.ijresmar.2007.02.002,2007,article,15
International Journal of Research in Marketing,Organic growth and shareholder value: A case study of the insurance industry,https://openalex.org/W2026006744,https://doi.org/10.1016/j.ijresmar.2009.08.002,2009,article,14
International Journal of Research in Marketing,Network externalities—Not cool?,https://openalex.org/W2385872820,https://doi.org/10.1016/j.ijresmar.2009.12.003,2009,article,14
International Journal of Research in Marketing,The profit implications of altruistic versus egoistic orientations for business-to-business exchanges,https://openalex.org/W2032586449,https://doi.org/10.1016/j.ijresmar.2008.07.007,2009,article,13
International Journal of Research in Marketing,Network effects: Do they warm or chill a budding product?,https://openalex.org/W3125321986,https://doi.org/10.1016/j.ijresmar.2009.12.004,2009,article,13
International Journal of Research in Marketing,Price leadership within a marketing channel: A cointegration study,https://openalex.org/W1967699566,https://doi.org/10.1016/j.ijresmar.2003.06.003,2004,article,17
International Journal of Research in Marketing,Estimating joint preference: A sub-sampling approach,https://openalex.org/W1999166705,https://doi.org/10.1016/j.ijresmar.2006.09.001,2006,article,16
International Journal of Research in Marketing,Preface to “The chilling effects of network externalities”,https://openalex.org/W2043691109,https://doi.org/10.1016/j.ijresmar.2009.12.001,2009,article,12
International Journal of Research in Marketing,The chilling effects of network externalities: Perspectives and conclusions,https://openalex.org/W1973714571,https://doi.org/10.1016/j.ijresmar.2009.12.005,2009,article,11
International Journal of Research in Marketing,Cultural impact on European staffing decisions in sales management,https://openalex.org/W2080140617,https://doi.org/10.1016/s0167-8116(02)00122-2,2003,article,17
International Journal of Research in Marketing,"Pricing practices and firms' market power in international cellular markets, an empirical study",https://openalex.org/W2161444544,https://doi.org/10.1016/j.ijresmar.2004.09.001,2004,article,15
International Journal of Research in Marketing,Intra-brand differences in payment periods in marketing channels,https://openalex.org/W2113534851,https://doi.org/10.1016/j.ijresmar.2006.10.004,2007,article,12
International Journal of Research in Marketing,"Commentary on Jacob Goldenberg, Barak Libai and Eitan Muller's “The chilling effects of network externalities”",https://openalex.org/W1974569749,https://doi.org/10.1016/j.ijresmar.2009.12.002,2009,article,10
International Journal of Research in Marketing,Choosing and upgrading financial services dealers in the US and UK,https://openalex.org/W2059787805,https://doi.org/10.1016/j.ijresmar.2004.08.001,2004,article,13
International Journal of Research in Marketing,Empirical investigation of channel reactions to brand introductions,https://openalex.org/W2061928938,https://doi.org/10.1016/j.ijresmar.2009.08.005,2009,article,9
International Journal of Research in Marketing,The analysis of price competition between corporate brands,https://openalex.org/W2091830743,https://doi.org/10.1016/s0167-8116(01)00032-5,2001,article,13
International Journal of Research in Marketing,Special section on Enhancing Sales Force Productivity,https://openalex.org/W1964254979,https://doi.org/10.1016/j.ijresmar.2009.12.006,2009,article,7
International Journal of Research in Marketing,From the (New) editor,https://openalex.org/W2051074490,https://doi.org/10.1016/j.ijresmar.2009.09.003,2009,article,7
International Journal of Research in Marketing,Introduction,https://openalex.org/W4239009825,https://doi.org/10.1016/j.ijresmar.2009.09.001,2009,article,7
International Journal of Research in Marketing,Models for marketing decisions: Postscriptum,https://openalex.org/W2064599785,https://doi.org/10.1016/s0167-8116(00)00025-2,2000,article,12
International Journal of Research in Marketing,Connecting power with locus of control in marketing channel relationships: a response surface approach,https://openalex.org/W1972865120,https://doi.org/10.1016/j.ijresmar.2006.01.003,2006,article,9
International Journal of Research in Marketing,Formal response to “Erratum on the MBG/NBD Model”,https://openalex.org/W1985794627,https://doi.org/10.1016/j.ijresmar.2008.06.004,2008,article,6
International Journal of Research in Marketing,Market information and channel price structure,https://openalex.org/W2023569079,https://doi.org/10.1016/s0167-8116(00)00027-6,2000,article,10
International Journal of Research in Marketing,Comment on Leeflang and Wittink,https://openalex.org/W2065378831,https://doi.org/10.1016/s0167-8116(00)00015-x,2000,article,9
International Journal of Research in Marketing,Managerial assessment of potential entrants: Processes and pitfalls,https://openalex.org/W2069779638,https://doi.org/10.1016/s0167-8116(01)00029-5,2001,article,9
International Journal of Research in Marketing,Introduction to the special issue on global marketing,https://openalex.org/W1996613659,https://doi.org/10.1016/j.ijresmar.2004.10.001,2004,article,8
International Journal of Research in Marketing,Measuring alpha: The consequences of ignoring the four-factor model,https://openalex.org/W2061406395,https://doi.org/10.1016/j.ijresmar.2009.03.003,2009,article,4
International Journal of Research in Marketing,Introduction to the Special Issue on Competition and Marketing,https://openalex.org/W2084623750,https://doi.org/10.1016/s0167-8116(01)00025-8,2001,article,6
International Journal of Research in Marketing,From the (Past) Editors,https://openalex.org/W2053882836,https://doi.org/10.1016/j.ijresmar.2009.09.002,2009,article,3
International Journal of Research in Marketing,Generalizing from negative experiences,https://openalex.org/W2090241063,https://doi.org/10.1016/j.ijresmar.2009.05.002,2009,article,3
International Journal of Research in Marketing,The role of inclination and part worth differences across segments in designing a price-discriminating product line,https://openalex.org/W2021799479,https://doi.org/10.1016/j.ijresmar.2003.12.005,2004,article,4
International Journal of Research in Marketing,Introduction to the Special Issue on Marketing Modeling on the Threshold of the 21st Century,https://openalex.org/W2106852723,https://doi.org/10.1016/s0167-8116(00)00024-0,2000,article,4
International Journal of Research in Marketing,Call for papers: IJRM/MSI special issue on Organic Growth,https://openalex.org/W2039578219,https://doi.org/10.1016/j.ijresmar.2007.12.002,2008,article,2
International Journal of Research in Marketing,Preface to a debate,https://openalex.org/W2035485043,https://doi.org/10.1016/j.ijresmar.2009.03.001,2009,article,1
International Journal of Research in Marketing,The International Journal of Research in Marketing (IJRM): Its conception and early years,https://openalex.org/W2079797429,https://doi.org/10.1016/j.ijresmar.2008.06.002,2008,article,1
International Journal of Research in Marketing,International abstracts of research in marketing,https://openalex.org/W4254564946,https://doi.org/10.1016/j.ijresmar.2007.09.005,2007,article,1
International Journal of Research in Marketing,International abstracts of research in marketing,https://openalex.org/W2036684755,https://doi.org/10.1016/j.ijresmar.2003.12.002,2004,article,1
International Journal of Research in Marketing,International abstracts of research in marketing,https://openalex.org/W4253975177,https://doi.org/10.1016/j.ijresmar.2005.03.002,2005,article,1
International Journal of Research in Marketing,New IJRM editor appointed,https://openalex.org/W1970801321,https://doi.org/10.1016/j.ijresmar.2009.06.002,2009,article,0
International Journal of Research in Marketing,2008 IJRM Best Article Award,https://openalex.org/W4229755699,https://doi.org/10.1016/s0167-8116(09)00042-1,2009,article,0
International Journal of Research in Marketing,List of occasional reviewers — 2008,https://openalex.org/W4234582217,https://doi.org/10.1016/j.ijresmar.2009.01.001,2009,article,0
International Journal of Research in Marketing,The Jan-Benedict E.M. Steenkamp Award for Long Term Impact,https://openalex.org/W4241298530,https://doi.org/10.1016/j.ijresmar.2008.12.001,2009,article,0
International Journal of Research in Marketing,2009 Winner of the Jan-Benedict E.M. Steenkamp Award for Long-Term Impact,https://openalex.org/W4252649368,https://doi.org/10.1016/s0167-8116(09)00044-5,2009,article,0
International Journal of Research in Marketing,IJRM/MSI special issue on evolving marketing competition in the 21st century,https://openalex.org/W1991093944,https://doi.org/10.1016/j.ijresmar.2007.12.003,2008,article,0
International Journal of Research in Marketing,Forthcoming IJRM special issues and special sections,https://openalex.org/W2057962583,https://doi.org/10.1016/j.ijresmar.2007.12.001,2008,article,0
International Journal of Research in Marketing,Determinants of the Variety of Routes to Market,https://openalex.org/W3146144708,None,2007,article,0
International Journal of Research in Marketing,2007 IJRM Best Article Award,https://openalex.org/W4240333740,https://doi.org/10.1016/s0167-8116(08)00027-x,2008,article,0
International Journal of Research in Marketing,2006 IJRM Best Article Award,https://openalex.org/W4243233570,https://doi.org/10.1016/j.ijresmar.2007.06.001,2007,article,0
International Journal of Research in Marketing,List of occasional reviewers — 2007,https://openalex.org/W4246313575,https://doi.org/10.1016/j.ijresmar.2008.03.001,2008,article,0
International Journal of Research in Marketing,IJRM/MSI Special issue on health and marketing,https://openalex.org/W4251052840,https://doi.org/10.1016/j.ijresmar.2006.12.002,2007,article,0
International Journal of Research in Marketing,List of occasional reviewers - 2003,https://openalex.org/W4255007171,https://doi.org/10.1016/s0167-8116(07)00008-0,2007,article,0
International Journal of Research in Marketing,Health and Marketing Special Issue Area Editors and Reviewers,https://openalex.org/W4255515591,https://doi.org/10.1016/j.ijresmar.2008.09.001,2008,article,0
International Journal of Research in Marketing,New IJRM Editors appointed,https://openalex.org/W1985098258,https://doi.org/10.1016/j.ijresmar.2006.11.001,2006,article,0
International Journal of Research in Marketing,List of occasional reviewers—2004,https://openalex.org/W2027378755,https://doi.org/10.1016/j.ijresmar.2004.12.001,2005,article,0
International Journal of Research in Marketing,2005 IJRM Best Article Award,https://openalex.org/W4205260412,https://doi.org/10.1016/j.ijresmar.2006.05.001,2006,article,0
International Journal of Research in Marketing,Author Index Volume 22 (2005),https://openalex.org/W4232068837,https://doi.org/10.1016/s0167-8116(05)00058-3,2005,article,0
International Journal of Research in Marketing,,https://openalex.org/W4233381976,https://doi.org/10.1016/j.ijresmar.2003.12.001,2004,article,0
International Journal of Research in Marketing,2004 IJRM Best Article Award,https://openalex.org/W4237232759,https://doi.org/10.1016/j.ijresmar.2005.03.003,2005,article,0
International Journal of Research in Marketing,Author Index Volume 21 (2004),https://openalex.org/W4238051520,https://doi.org/10.1016/s0167-8116(04)00053-9,2004,article,0
International Journal of Research in Marketing,Author Index Volume 23 (2006),https://openalex.org/W4238482627,https://doi.org/10.1016/s0167-8116(06)00075-9,2006,article,0
International Journal of Research in Marketing,List of occasional reviewers—2005,https://openalex.org/W4239417555,https://doi.org/10.1016/j.ijresmar.2006.01.009,2006,article,0
International Journal of Research in Marketing,,https://openalex.org/W4248021016,https://doi.org/10.1016/j.ijresmar.2006.10.001,2006,article,0
International Journal of Research in Marketing,2003 IJRM Best Article Award,https://openalex.org/W4251586550,https://doi.org/10.1016/s0167-8116(04)00024-2,2004,article,0
International Journal of Research in Marketing,International abstracts of research in marketing,https://openalex.org/W4252646065,https://doi.org/10.1016/j.ijresmar.2006.01.001,2006,article,0
International Journal of Research in Marketing,Table of contents,https://openalex.org/W4252795649,https://doi.org/10.1016/j.ijresmar.2005.03.001,2005,article,0
International Journal of Research in Marketing,List of occasional reviewers—2003,https://openalex.org/W4255612318,https://doi.org/10.1016/s0167-8116(04)00007-2,2004,article,0
International Journal of Research in Marketing,International abstracts of research in marketing,https://openalex.org/W4231308544,https://doi.org/10.1016/s0167-8116(01)00023-4,2001,article,0
International Journal of Research in Marketing,2000 IJRM Best Article Award,https://openalex.org/W4232004305,https://doi.org/10.1016/s0167-8116(01)00045-3,2001,article,0
International Journal of Research in Marketing,International Abstracts of Research in Marketing,https://openalex.org/W4236223253,https://doi.org/10.1016/s0167-8116(02)00118-0,2003,article,0
International Journal of Research in Marketing,Author Index Volume 20 (2003),https://openalex.org/W4236730651,https://doi.org/10.1016/s0167-8116(03)00057-0,2003,article,0
International Journal of Research in Marketing,2002 IJRM best article award,https://openalex.org/W4244693464,https://doi.org/10.1016/s0167-8116(03)00019-3,2003,article,0
International Journal of Research in Marketing,Author Index Volume 18 (2001),https://openalex.org/W4250590225,https://doi.org/10.1016/s0167-8116(01)00047-7,2001,article,0
International Journal of Research in Marketing,List of occasional reviewers—2001,https://openalex.org/W4256359579,https://doi.org/10.1016/s0167-8116(01)00046-5,2001,article,0
International Journal of Research in Marketing,Author Index Volume 17 (2000),https://openalex.org/W4206504533,https://doi.org/10.1016/s0167-8116(01)00037-4,2000,article,0
International Journal of Research in Marketing,List of occasional reviewers—2000,https://openalex.org/W4249324773,https://doi.org/10.1016/s0167-8116(00)00030-6,2000,article,0
International Journal of Research in Marketing,IJRM/MSI Research Competition and Special Issue on Global Marketing,https://openalex.org/W4205134113,https://doi.org/10.1016/s0167-8116(02)00110-6,2002,article,0
International Journal of Research in Marketing,2001 IJRM Best Article Award,https://openalex.org/W4214571164,https://doi.org/10.1016/s0167-8116(02)00082-4,2002,article,0
International Journal of Research in Marketing,Advertisement Contents Direct,https://openalex.org/W4234147265,https://doi.org/10.1016/s0167-8116(02)00094-0,2002,article,0
International Journal of Research in Marketing,International abstracts of research in marketing,https://openalex.org/W4236386529,https://doi.org/10.1016/s0167-8116(02)00051-4,2002,article,0
International Journal of Research in Marketing,Special Issue on Market Segmentation,https://openalex.org/W4237187599,https://doi.org/10.1016/s0167-8116(02)00095-2,2002,article,0
International Journal of Research in Marketing,List of occasional reviewers—2002,https://openalex.org/W4237290059,https://doi.org/10.1016/s0167-8116(02)00107-6,2002,article,0
International Journal of Research in Marketing,Applied Probability Models and Measurements in Marketing,https://openalex.org/W4237809486,https://doi.org/10.1016/s0167-8116(02)00109-x,2002,article,0
International Journal of Research in Marketing,Advertisement Science Direct,https://openalex.org/W4250484038,https://doi.org/10.1016/s0167-8116(02)00093-9,2002,article,0
International Journal of Research in Marketing,IJRM/MSI Research Competition and Special Issue on Global Marketing,https://openalex.org/W4251199193,https://doi.org/10.1016/s0167-8116(01)00049-0,2002,article,0
International Journal of Research in Marketing,Author Index Volume 19 (2002),https://openalex.org/W4253837328,https://doi.org/10.1016/s0167-8116(02)00108-8,2002,article,0
