source_journal,work_title,work_oaid,DOI,pub_year,work_type,all_cited_by_count
International Journal of Research in Marketing,International marketing and purchasing of industrial goods,https://openalex.org/W2315743097,https://doi.org/10.1016/0167-8116(84)90050-8,1984,article,801
International Journal of Research in Marketing,Industrial technological development: A network approach,https://openalex.org/W272291354,https://doi.org/10.1016/0167-8116(87)90006-1,1987,article,424
International Journal of Research in Marketing,Marketing investments and market investments in industrial networks,https://openalex.org/W2071820097,https://doi.org/10.1016/0167-8116(85)90011-4,1985,article,239
International Journal of Research in Marketing,Perceived risk and information search. A systematic meta-analysis of the empirical evidence,https://openalex.org/W2043732443,https://doi.org/10.1016/0167-8116(85)90026-6,1985,article,226
International Journal of Research in Marketing,Stability and change in network relationships,https://openalex.org/W2044646880,https://doi.org/10.1016/0167-8116(87)90012-7,1987,article,226
International Journal of Research in Marketing,SERVUCTION: Le marketing des Services,https://openalex.org/W74944854,https://doi.org/10.1016/0167-8116(88)90018-3,1988,article,175
International Journal of Research in Marketing,A fuzzy clusterwise regression approach to benefit segmentation,https://openalex.org/W2101909046,https://doi.org/10.1016/0167-8116(89)90052-9,1989,article,143
International Journal of Research in Marketing,Market definition and segmentation using fuzzy clustering methods,https://openalex.org/W2070057377,https://doi.org/10.1016/0167-8116(86)90015-7,1986,article,123
International Journal of Research in Marketing,Consumer benefit segmentation using clusterwise linear regression,https://openalex.org/W1994267449,https://doi.org/10.1016/0167-8116(89)90046-3,1989,article,113
International Journal of Research in Marketing,A citation analysis of selected marketing journals,https://openalex.org/W2053002758,https://doi.org/10.1016/0167-8116(88)90065-1,1988,article,113
International Journal of Research in Marketing,Expectancy-value attitude models an analysis of critical measurement issues,https://openalex.org/W1995743081,https://doi.org/10.1016/0167-8116(84)90017-x,1984,article,111
International Journal of Research in Marketing,Does clothing have a code? Empirical findings and theoretical implications in the study of clothing as a means of communication,https://openalex.org/W1970134935,https://doi.org/10.1016/0167-8116(89)90044-x,1989,article,108
International Journal of Research in Marketing,Long-term view of the diffusion of durables A study of the role of price and adoption influence processes via tests of nested models,https://openalex.org/W3123322074,https://doi.org/10.1016/0167-8116(88)90012-2,1988,article,101
International Journal of Research in Marketing,Social information processing and survey methodology,https://openalex.org/W211051516,https://doi.org/10.1016/0167-8116(88)90066-3,1988,article,92
International Journal of Research in Marketing,Managerial intervention in forecasting. An empirical investigation of forecast manipulation,https://openalex.org/W1979287280,https://doi.org/10.1016/0167-8116(86)90038-8,1986,article,84
International Journal of Research in Marketing,Product quality. An investigation into the concept and how it is perceived by consumers,https://openalex.org/W2607568207,https://doi.org/10.1016/0167-8116(89)90056-6,1989,article,79
International Journal of Research in Marketing,The contribution of structural semiotics to the design of a hypermarket,https://openalex.org/W2081788592,https://doi.org/10.1016/s0167-8116(88)80007-7,1988,article,78
International Journal of Research in Marketing,Perceptual maps and the optimal location of new products: An integrative essay,https://openalex.org/W1979002123,https://doi.org/10.1016/0167-8116(88)90003-1,1988,article,77
International Journal of Research in Marketing,Expectancy-value attitude models: An analysis of critical theoretical issues,https://openalex.org/W2008337046,https://doi.org/10.1016/0167-8116(85)90021-7,1985,article,64
International Journal of Research in Marketing,"A comparative study of British, U.S. and Japanese marketing strategies in the British market",https://openalex.org/W2089352656,https://doi.org/10.1016/0167-8116(88)90038-9,1988,article,60
International Journal of Research in Marketing,"Diffusion, uncertainty and firm size",https://openalex.org/W2017698812,https://doi.org/10.1016/0167-8116(89)90005-0,1989,article,58
International Journal of Research in Marketing,A free response approach to the measurement of brand perceptions,https://openalex.org/W2043495277,https://doi.org/10.1016/0167-8116(86)90039-x,1986,article,56
International Journal of Research in Marketing,Conjoint models of family decision making,https://openalex.org/W2065917823,https://doi.org/10.1016/0167-8116(88)90039-0,1988,article,55
International Journal of Research in Marketing,The impact of telephone notification strategies on response to an industrial mail survey,https://openalex.org/W2044931948,https://doi.org/10.1016/0167-8116(85)90041-2,1985,article,53
International Journal of Research in Marketing,An implicit product theory approach to consumers' inferential judgments about products,https://openalex.org/W1987678559,https://doi.org/10.1016/0167-8116(86)90040-6,1986,article,49
International Journal of Research in Marketing,Radical behaviorism and consumer research theoretical promise and empirical problems,https://openalex.org/W1994491667,https://doi.org/10.1016/0167-8116(87)90003-6,1987,article,49
International Journal of Research in Marketing,An examination of the effects of questionnaire factors on response to an industrial mail survey,https://openalex.org/W2067416843,https://doi.org/10.1016/0167-8116(89)90006-2,1989,article,49
International Journal of Research in Marketing,Marketing and economic development,https://openalex.org/W2322101617,https://doi.org/10.1016/0167-8116(89)90048-7,1989,article,47
International Journal of Research in Marketing,The language of commodities Groundwork for a semiotics of consumer goods,https://openalex.org/W4235537238,https://doi.org/10.1016/s0167-8116(88)80003-x,1988,article,45
International Journal of Research in Marketing,Cross-cultural differences in consumer attitudes and their implications for complaint management,https://openalex.org/W2060465639,https://doi.org/10.1016/0167-8116(85)90012-6,1985,article,44
International Journal of Research in Marketing,The effects of price and message-sidedness on confidence in product and advertisement with personal involvement as a mediator variable,https://openalex.org/W1972939006,https://doi.org/10.1016/0167-8116(85)90029-1,1985,article,41
International Journal of Research in Marketing,Early product life cycle forms for infrequently purchased major products,https://openalex.org/W2021035637,https://doi.org/10.1016/0167-8116(87)90010-3,1987,article,39
International Journal of Research in Marketing,The evolution of retailing. A suggested economic interpretation,https://openalex.org/W2046426522,https://doi.org/10.1016/0167-8116(86)90002-9,1986,article,37
International Journal of Research in Marketing,Consumer inferences and consumer preferences. The status of cognition and consciousness in consumer behavior theory,https://openalex.org/W2059827401,https://doi.org/10.1016/0167-8116(85)90009-6,1985,article,37
International Journal of Research in Marketing,Multicollinearity in marketing models: Diagnostics and remedial measures,https://openalex.org/W2075296133,https://doi.org/10.1016/0167-8116(86)90023-6,1986,article,37
International Journal of Research in Marketing,A comparison of Japanese and American business negotiations,https://openalex.org/W1976830808,https://doi.org/10.1016/0167-8116(84)90007-7,1984,article,36
International Journal of Research in Marketing,Determinants of the new product screening decision A structural model analysis,https://openalex.org/W2086085699,https://doi.org/10.1016/0167-8116(88)90062-6,1988,article,33
International Journal of Research in Marketing,Game theory in marketing science uses and limitations,https://openalex.org/W1976117807,https://doi.org/10.1016/0167-8116(86)90012-1,1986,article,31
International Journal of Research in Marketing,Productivity and efficiency in distribution systems,https://openalex.org/W302315476,https://doi.org/10.1016/0167-8116(84)90049-1,1984,article,30
International Journal of Research in Marketing,"Marketing compatible, yet differentiated, products",https://openalex.org/W1562360060,https://doi.org/10.1016/0167-8116(88)90004-3,1988,article,29
International Journal of Research in Marketing,Using a semiotic approach to study the consumption of functionally related products,https://openalex.org/W1983735123,https://doi.org/10.1016/s0167-8116(88)80004-1,1988,article,29
International Journal of Research in Marketing,Empirical test of the Lancaster characteristics model,https://openalex.org/W2019457440,https://doi.org/10.1016/0167-8116(84)90016-8,1984,article,25
International Journal of Research in Marketing,Linking different types of product elimination decisions to their performance outcome: ‘Project dropstrat’,https://openalex.org/W2058871155,https://doi.org/10.1016/0167-8116(87)90013-9,1987,article,25
International Journal of Research in Marketing,Inferring competitive market structure based on a model of interpurchase intervals,https://openalex.org/W2069521888,https://doi.org/10.1016/0167-8116(88)90016-x,1988,article,24
International Journal of Research in Marketing,Distribution channel choice in a market with complementary goods,https://openalex.org/W2070258828,https://doi.org/10.1016/0167-8116(87)90001-2,1987,article,24
International Journal of Research in Marketing,The forecasting accuracy of market share models using predicted values of competitive marketing behavior,https://openalex.org/W2073281453,https://doi.org/10.1016/0167-8116(89)90011-6,1989,article,23
International Journal of Research in Marketing,A decision support system for optimizing advertising policy of a national tourist office model outline and case study,https://openalex.org/W1988694054,https://doi.org/10.1016/0167-8116(86)90011-x,1986,article,22
International Journal of Research in Marketing,The reach of TV channels,https://openalex.org/W1971942459,https://doi.org/10.1016/0167-8116(84)90006-5,1984,article,21
International Journal of Research in Marketing,Assessing conjoint analysis internal validity: The effect of various continuous attribute level spacings,https://openalex.org/W1983154258,https://doi.org/10.1016/0167-8116(89)90045-1,1989,article,21
International Journal of Research in Marketing,"Hedonic theory, marketing research, and the analysis of complex goods",https://openalex.org/W2013488128,https://doi.org/10.1016/0167-8116(84)90005-3,1984,article,21
International Journal of Research in Marketing,"Market entry in Japan barriers, problems and strategies",https://openalex.org/W2032801421,https://doi.org/10.1016/0167-8116(86)90014-5,1986,article,21
International Journal of Research in Marketing,"Variety seeking, market partitioning and segmentation",https://openalex.org/W2088496537,https://doi.org/10.1016/0167-8116(85)90028-x,1985,article,21
International Journal of Research in Marketing,Företag i nätverk,https://openalex.org/W2586165965,https://doi.org/10.1016/0167-8116(84)90011-9,1984,article,20
International Journal of Research in Marketing,International marketing research,https://openalex.org/W2726932922,https://doi.org/10.1016/0167-8116(84)90048-x,1984,article,20
International Journal of Research in Marketing,Better preference prediction with individualized sets of relevant attributes,https://openalex.org/W2006751760,https://doi.org/10.1016/0167-8116(88)90013-4,1988,article,20
International Journal of Research in Marketing,Effect of choice set size on choice probabilities: An extended logit model,https://openalex.org/W2036724562,https://doi.org/10.1016/0167-8116(89)90043-8,1989,article,20
International Journal of Research in Marketing,An investigation of the structure of expectancy-value attitude and its implications,https://openalex.org/W2013512701,https://doi.org/10.1016/0167-8116(89)90001-3,1989,article,19
International Journal of Research in Marketing,Semiotics and marketing New directions in industrial design applications,https://openalex.org/W2021530439,https://doi.org/10.1016/s0167-8116(88)80005-3,1988,article,19
International Journal of Research in Marketing,The implementation of strategic marketing planning techniques in British industry,https://openalex.org/W2086629013,https://doi.org/10.1016/0167-8116(84)90038-7,1984,article,18
International Journal of Research in Marketing,An extension of the citation analysis of selected marketing j ournals,https://openalex.org/W1985926851,https://doi.org/10.1016/0167-8116(89)90012-8,1989,article,18
International Journal of Research in Marketing,Bias in consumer panel and store audit data,https://openalex.org/W1981687188,https://doi.org/10.1016/0167-8116(85)90020-5,1985,article,17
International Journal of Research in Marketing,"Costs, margins and competition. Causes of structural change in retailing",https://openalex.org/W2037893505,https://doi.org/10.1016/0167-8116(86)90003-0,1986,article,17
International Journal of Research in Marketing,Marketing data analysis by dual scaling,https://openalex.org/W2046778604,https://doi.org/10.1016/0167-8116(88)90037-7,1988,article,17
International Journal of Research in Marketing,Understanding institutional innovation and system evolution in distribution. The contribution of Robert Nieschlag,https://openalex.org/W2001100653,https://doi.org/10.1016/0167-8116(86)90007-8,1986,article,16
International Journal of Research in Marketing,Konsumentenverhalten (consumer behavior),https://openalex.org/W4252472507,https://doi.org/10.1016/0167-8116(86)90024-8,1986,article,16
International Journal of Research in Marketing,Predicting the outcome of marketing negotiations,https://openalex.org/W3022597528,https://doi.org/10.1016/0167-8116(89)90051-7,1989,article,16
International Journal of Research in Marketing,Determinants of new product outcome in a developing country: A longitudinal analysis,https://openalex.org/W2073294916,https://doi.org/10.1016/0167-8116(86)90020-0,1986,article,15
International Journal of Research in Marketing,Managing customer relationships. The challenge of deploying scarce managerial resources,https://openalex.org/W2079258326,https://doi.org/10.1016/0167-8116(85)90037-0,1985,article,15
International Journal of Research in Marketing,A second generation of multivariate analysis,https://openalex.org/W259463471,https://doi.org/10.1016/0167-8116(85)90032-1,1985,article,15
International Journal of Research in Marketing,Foreign source effects on response behavior in cross-national mail surveys,https://openalex.org/W2002113534,https://doi.org/10.1016/0167-8116(86)90021-2,1986,article,14
International Journal of Research in Marketing,Alternatives to information processing in consumer research New perspectives on old controversies,https://openalex.org/W2034368098,https://doi.org/10.1016/0167-8116(87)90011-5,1987,article,13
International Journal of Research in Marketing,"Research in marketing in Europe: Some reflections on its setting, accomplishments and challenges",https://openalex.org/W2047551890,https://doi.org/10.1016/0167-8116(85)90019-9,1985,article,13
International Journal of Research in Marketing,A cross-cultural benefit segmentation analysis to evaluate the traditional assimilation model,https://openalex.org/W2083017085,https://doi.org/10.1016/0167-8116(85)90013-8,1985,article,13
International Journal of Research in Marketing,The level of international competitiveness and its strategic implications,https://openalex.org/W1998197637,https://doi.org/10.1016/0167-8116(89)90054-2,1989,article,13
International Journal of Research in Marketing,Organizational rewards and coalitions in the industrial buying center,https://openalex.org/W1972425577,https://doi.org/10.1016/0167-8116(87)90004-8,1987,article,12
International Journal of Research in Marketing,Determinants of retail patronage. A ‘natural’ experiment,https://openalex.org/W2030424989,https://doi.org/10.1016/0167-8116(86)90006-6,1986,article,12
International Journal of Research in Marketing,Testing functional forms of market share models using the Box-Cox transformation and the Lagrange multiplier approach,https://openalex.org/W2065880086,https://doi.org/10.1016/0167-8116(89)90004-9,1989,article,12
International Journal of Research in Marketing,On the determination of advertising effectiveness: An empirical study of the German cigarette market,https://openalex.org/W296263084,https://doi.org/10.1016/0167-8116(84)90040-5,1984,article,12
International Journal of Research in Marketing,Effects of a public advertising campaign on consumer behavior in a demarketing situation,https://openalex.org/W1981260112,https://doi.org/10.1016/0167-8116(85)90040-0,1985,article,11
International Journal of Research in Marketing,Decomposing sales elasticities on segmented markets,https://openalex.org/W2007320350,https://doi.org/10.1016/0167-8116(88)90007-9,1988,article,11
International Journal of Research in Marketing,Stimulating responses to mailed questionnaires. An experimental study,https://openalex.org/W2036909784,https://doi.org/10.1016/0167-8116(85)90014-x,1985,article,11
International Journal of Research in Marketing,Children's influence on their mothers' preferences. A new approach,https://openalex.org/W2036986737,https://doi.org/10.1016/0167-8116(86)90041-8,1986,article,11
International Journal of Research in Marketing,The creation of complicity a semiotic analysis of an advertising campaign for Black &amp; White whisky,https://openalex.org/W2064096838,https://doi.org/10.1016/0167-8116(88)90030-4,1988,article,11
International Journal of Research in Marketing,Figures of reception Concepts and rules for a semiotic analysis of mass media reception,https://openalex.org/W1992294645,https://doi.org/10.1016/0167-8116(88)90033-x,1988,article,10
International Journal of Research in Marketing,Service set similarities in patterns of consumer satisfaction/dissatisfaction,https://openalex.org/W2034864794,https://doi.org/10.1016/0167-8116(85)90015-1,1985,article,10
International Journal of Research in Marketing,The marketing of ideas advertising and road safety,https://openalex.org/W2041816032,https://doi.org/10.1016/0167-8116(88)90031-6,1988,article,10
International Journal of Research in Marketing,Challenges and new research avenues in marketing science,https://openalex.org/W1981606854,https://doi.org/10.1016/0167-8116(84)90015-6,1984,article,9
International Journal of Research in Marketing,The techno-economic ecology of the product elimination process,https://openalex.org/W2047327329,https://doi.org/10.1016/0167-8116(85)90010-2,1985,article,9
International Journal of Research in Marketing,"The company, product and market dimensions of new product decision scenarios",https://openalex.org/W2050312177,https://doi.org/10.1016/0167-8116(85)90036-9,1985,article,9
International Journal of Research in Marketing,Towards hierarchical linking of marketing resource allocation to market areas and product groups,https://openalex.org/W1995412581,https://doi.org/10.1016/0167-8116(84)90034-x,1984,article,8
International Journal of Research in Marketing,Homogeneity and heterogeneity in stochastic models of brand choice behavior,https://openalex.org/W2035402933,https://doi.org/10.1016/0167-8116(85)90038-2,1985,article,8
International Journal of Research in Marketing,On the measurement of retail marketing mix effects in the presence of different economic regimes,https://openalex.org/W2075907251,https://doi.org/10.1016/0167-8116(88)90063-8,1988,article,8
International Journal of Research in Marketing,An international comparison in the general food trade. Cases of structural change,https://openalex.org/W2105109778,https://doi.org/10.1016/0167-8116(86)90004-2,1986,article,8
International Journal of Research in Marketing,Competition among European food distribution systems in concentrated markets,https://openalex.org/W1973709070,https://doi.org/10.1016/0167-8116(86)90005-4,1986,article,7
International Journal of Research in Marketing,IJRM - a new ‘scallop’ in the Academy's PLC,https://openalex.org/W2027346519,https://doi.org/10.1016/0167-8116(84)90002-8,1984,article,7
International Journal of Research in Marketing,"Integrating strategy, industrial product innovation and marketing research",https://openalex.org/W1985808478,https://doi.org/10.1016/0167-8116(88)90040-7,1988,article,7
International Journal of Research in Marketing,Husband-wife report disagreement A cross-national investigation,https://openalex.org/W2032172123,https://doi.org/10.1016/0167-8116(88)90064-x,1988,article,7
International Journal of Research in Marketing,"Comment on: “An extension of the citation analysis of selected marketing journals”, by A. Pecotich and J.E. Everett",https://openalex.org/W1967579296,https://doi.org/10.1016/0167-8116(89)90013-x,1989,article,6
International Journal of Research in Marketing,Growth versus retrenchment strategies in marketing. The Australian experience,https://openalex.org/W1979152410,https://doi.org/10.1016/0167-8116(85)90039-4,1985,article,6
International Journal of Research in Marketing,Fully nonmetric estimation of a continuous nonlinear conjoint utility function,https://openalex.org/W2010797684,https://doi.org/10.1016/0167-8116(84)90018-1,1984,article,6
International Journal of Research in Marketing,"Development of a non-linear model of attitudes, intentions and competition",https://openalex.org/W2025561768,https://doi.org/10.1016/0167-8116(89)90009-8,1989,article,6
International Journal of Research in Marketing,An optimal control contribution to product life cycle theory,https://openalex.org/W2039004765,https://doi.org/10.1016/0167-8116(88)90005-5,1988,article,6
International Journal of Research in Marketing,Causal vs. attributional measurement of interpersonal purchase influence in organizations,https://openalex.org/W2064323856,https://doi.org/10.1016/0167-8116(89)90008-6,1989,article,6
International Journal of Research in Marketing,Factors affecting subjective revision in forecasting A multi-period analysis,https://openalex.org/W2101812236,https://doi.org/10.1016/0167-8116(89)90055-4,1989,article,6
International Journal of Research in Marketing,Japanese popular art as text advertising's clues to understanding the consumer,https://openalex.org/W2125809889,https://doi.org/10.1016/0167-8116(88)90029-8,1988,article,6
International Journal of Research in Marketing,"East-West trade, industrial cooperation and technology transfer",https://openalex.org/W2315216634,https://doi.org/10.1016/0167-8116(85)90030-8,1985,article,6
International Journal of Research in Marketing,Modelling purchase patterns on the basis of incomplete and biased consumer purchase diary and UPC panel data,https://openalex.org/W2038434933,https://doi.org/10.1016/0167-8116(84)90045-4,1984,article,5
International Journal of Research in Marketing,"Dissociation of the roles of buyer, payer and consumer",https://openalex.org/W2090824212,https://doi.org/10.1016/0167-8116(84)90004-1,1984,article,5
International Journal of Research in Marketing,"Ethical notions about the general application of marketing-techniques, derived from Jürgen Habermas' theory of human action",https://openalex.org/W1982599750,https://doi.org/10.1016/0167-8116(86)90013-3,1986,article,5
International Journal of Research in Marketing,The enunciative contract and media planning,https://openalex.org/W1996539188,https://doi.org/10.1016/0167-8116(88)90032-8,1988,article,5
International Journal of Research in Marketing,Sales management succession in the Australian context,https://openalex.org/W2018841950,https://doi.org/10.1016/0167-8116(88)90015-8,1988,article,5
International Journal of Research in Marketing,Assessing interaction effects in Latin square-type designs,https://openalex.org/W2022309834,https://doi.org/10.1016/0167-8116(88)90014-6,1988,article,5
International Journal of Research in Marketing,Marketing im technologischen Umbruch,https://openalex.org/W212556571,https://doi.org/10.1016/0167-8116(88)90041-9,1988,article,5
International Journal of Research in Marketing,Marketing: A managerial introduction,https://openalex.org/W111273031,https://doi.org/10.1016/0167-8116(87)90016-4,1987,article,4
International Journal of Research in Marketing,The prenotification of respondents in mailed questionnaire surveys as a source of sample bias,https://openalex.org/W1983985034,https://doi.org/10.1016/0167-8116(84)90047-8,1984,article,4
International Journal of Research in Marketing,Analytical market segmentation in nonbusiness situations: marketing the energy audit in the USA,https://openalex.org/W1987151693,https://doi.org/10.1016/0167-8116(84)90036-3,1984,article,4
International Journal of Research in Marketing,Towards an alternative theory of the advertising communication process?,https://openalex.org/W2010040540,https://doi.org/10.1016/0167-8116(84)90008-9,1984,article,4
International Journal of Research in Marketing,The robustness of PREFMAP-2,https://openalex.org/W1975372410,https://doi.org/10.1016/0167-8116(84)90046-6,1984,article,3
International Journal of Research in Marketing,Multiproduct pricing: A microeconomic simplification,https://openalex.org/W1982715062,https://doi.org/10.1016/0167-8116(89)90010-4,1989,article,3
International Journal of Research in Marketing,Estimating purchase frequency distributions with incomplete data,https://openalex.org/W1997558561,https://doi.org/10.1016/0167-8116(86)90022-4,1986,article,3
International Journal of Research in Marketing,A note on evaluating the representivity of samples taken in less developed countries,https://openalex.org/W1997999791,https://doi.org/10.1016/0167-8116(84)90009-0,1984,article,3
International Journal of Research in Marketing,A model of audience choice of local TV news program,https://openalex.org/W2015868922,https://doi.org/10.1016/0167-8116(84)90037-5,1984,article,3
International Journal of Research in Marketing,Inside information Structure and effectivity in advertising,https://openalex.org/W2027484029,https://doi.org/10.1016/s0167-8116(88)80006-5,1988,article,3
International Journal of Research in Marketing,A comparison of unidimensional and multidimensional television exposure distribution models,https://openalex.org/W2034235488,https://doi.org/10.1016/0167-8116(87)90005-x,1987,article,3
International Journal of Research in Marketing,"Comment on: “An investigation of the structure of expectancy-value attitude and its implications”, by Youj ae Ji",https://openalex.org/W2051285416,https://doi.org/10.1016/0167-8116(89)90002-5,1989,article,3
International Journal of Research in Marketing,Moral consequences of a seller's market: Polish experience,https://openalex.org/W2053094132,https://doi.org/10.1016/0167-8116(84)90035-1,1984,article,3
International Journal of Research in Marketing,Description of consumer spatial behaviour: a new approach,https://openalex.org/W2062687468,https://doi.org/10.1016/0167-8116(84)90043-0,1984,article,3
International Journal of Research in Marketing,Estimating the sales potential of a new heating system An ‘inverted’ Lancaster approach,https://openalex.org/W2124493859,https://doi.org/10.1016/0167-8116(88)90006-7,1988,article,3
International Journal of Research in Marketing,Marketing and economic development: Issues and opinions,https://openalex.org/W220353965,https://doi.org/10.1016/0167-8116(89)90047-5,1989,article,3
International Journal of Research in Marketing,"Marketing by agreement, a cross-cultural approach to business negotiation",https://openalex.org/W2331921992,https://doi.org/10.1016/0167-8116(85)90033-3,1985,article,3
International Journal of Research in Marketing,A method for detecting nonlinear effects in cross-sectional survey data,https://openalex.org/W2049385402,https://doi.org/10.1016/0167-8116(85)90022-9,1985,article,2
International Journal of Research in Marketing,How different are we?,https://openalex.org/W2010013766,https://doi.org/10.1016/0167-8116(84)90042-9,1984,article,1
International Journal of Research in Marketing,The first issue of the International Journal of Research in Marketing,https://openalex.org/W2065131001,https://doi.org/10.1016/0167-8116(84)90003-x,1984,article,1
International Journal of Research in Marketing,Segmenting buyers on the basis of their business strategies,https://openalex.org/W2146307970,https://doi.org/10.1016/0167-8116(84)90044-2,1984,article,1
International Journal of Research in Marketing,Consumer emancipation and economic development: The case of Thailand,https://openalex.org/W2316763842,https://doi.org/10.1016/0167-8116(84)90041-7,1984,article,1
International Journal of Research in Marketing,Understanding market characteristics from aggregated brand switching data by the method of spectral decomposition,https://openalex.org/W1976932988,https://doi.org/10.1016/0167-8116(88)90061-4,1988,article,1
International Journal of Research in Marketing,Changing of the guard,https://openalex.org/W1977190763,https://doi.org/10.1016/0167-8116(86)90019-4,1986,article,1
International Journal of Research in Marketing,Rejoinder to: An investigation of the structure of expectancy-value attitude and its implications,https://openalex.org/W2091812829,https://doi.org/10.1016/0167-8116(89)90003-7,1989,article,1
International Journal of Research in Marketing,“Price management”,https://openalex.org/W211823775,https://doi.org/10.1016/0167-8116(89)90014-1,1989,article,1
International Journal of Research in Marketing,Comparative marketing systems,https://openalex.org/W2316764838,https://doi.org/10.1016/0167-8116(88)90017-1,1988,article,1
International Journal of Research in Marketing,Editor's note,https://openalex.org/W4252022309,https://doi.org/10.1016/s0167-8116(88)80001-6,1988,article,1
International Journal of Research in Marketing,The Bielefeld conference,https://openalex.org/W1974441767,https://doi.org/10.1016/0167-8116(85)90024-2,1985,article,0
International Journal of Research in Marketing,The strategic planning of research in marketing,https://openalex.org/W2056604261,https://doi.org/10.1016/0167-8116(85)90008-4,1985,article,0
International Journal of Research in Marketing,Marketing to the trade — A study of negotiations between convenience goods suppliers and their distributors in Finland,https://openalex.org/W2322377696,https://doi.org/10.1016/0167-8116(85)90016-3,1985,article,0
International Journal of Research in Marketing,"La publicité, nerf de la communication",https://openalex.org/W2325351546,https://doi.org/10.1016/0167-8116(85)90042-4,1985,article,0
International Journal of Research in Marketing,Buying power between retailers and manufacturers of consumer goods in Switzerland,https://openalex.org/W2329509946,https://doi.org/10.1016/0167-8116(85)90031-x,1985,article,0
International Journal of Research in Marketing,Marknadsinvesteringar: Tva fallstudier av etableringar pa utländsk marknad (Market investments: Two case studies on the establishment of subsidiaries in foreign markets),https://openalex.org/W2333640947,https://doi.org/10.1016/0167-8116(85)90043-6,1985,article,0
International Journal of Research in Marketing,Development and management of new products,https://openalex.org/W2765144879,https://doi.org/10.1016/0167-8116(85)90023-0,1985,article,0
International Journal of Research in Marketing,Contents of volume 2,https://openalex.org/W4241738768,https://doi.org/10.1016/0167-8116(85)90046-1,1985,article,0
International Journal of Research in Marketing,Call for papers,https://openalex.org/W4243096792,https://doi.org/10.1016/0167-8116(85)90025-4,1985,article,0
International Journal of Research in Marketing,List of occasional reviewers for 1985,https://openalex.org/W4244642654,https://doi.org/10.1016/0167-8116(85)90035-7,1985,article,0
International Journal of Research in Marketing,Call for papers,https://openalex.org/W4252968055,https://doi.org/10.1016/0167-8116(85)90044-8,1985,article,0
International Journal of Research in Marketing,Announcement,https://openalex.org/W4255092937,https://doi.org/10.1016/0167-8116(85)90045-x,1985,article,0
International Journal of Research in Marketing,Applications of multiple recapture sampling in market research,https://openalex.org/W1975447179,https://doi.org/10.1016/0167-8116(89)90053-0,1989,article,0
International Journal of Research in Marketing,Selection and implementation of processing strategies in consumer evaluative judgment and choice,https://openalex.org/W2079382026,https://doi.org/10.1016/0167-8116(87)90002-4,1987,article,0
International Journal of Research in Marketing,Marketing in different countries: a natural research laboratory,https://openalex.org/W2088337937,https://doi.org/10.1016/0167-8116(84)90033-8,1984,article,0
International Journal of Research in Marketing,From the past editor,https://openalex.org/W2102526266,https://doi.org/10.1016/0167-8116(89)90050-5,1989,article,0
International Journal of Research in Marketing,Low-cost marketing research: A guide for small businesses,https://openalex.org/W212709732,https://doi.org/10.1016/0167-8116(89)90057-8,1989,article,0
International Journal of Research in Marketing,List of occasional reviewers,https://openalex.org/W2165881576,https://doi.org/10.1016/0167-8116(89)90016-5,1989,article,0
International Journal of Research in Marketing,Applications of statistical methods to market analysis,https://openalex.org/W2316895814,https://doi.org/10.1016/0167-8116(86)90018-2,1986,article,0
International Journal of Research in Marketing,"Das konsumentenverhalten, grundlagen fur die marktforschung (Consumer behavior, the basis for market research)",https://openalex.org/W2322770522,https://doi.org/10.1016/0167-8116(87)90014-0,1987,article,0
International Journal of Research in Marketing,Effectiviteitsmeting in de detailhandel,https://openalex.org/W2324330136,https://doi.org/10.1016/0167-8116(84)90020-x,1984,article,0
International Journal of Research in Marketing,Development and empirical test of a stochastic consumer model,https://openalex.org/W2332168329,https://doi.org/10.1016/0167-8116(86)90016-9,1986,article,0
International Journal of Research in Marketing,Ensibilité aux marques,https://openalex.org/W2334500992,https://doi.org/10.1016/0167-8116(84)90019-3,1984,article,0
International Journal of Research in Marketing,A cluster asymmetry model of market share,https://openalex.org/W2523795420,None,1989,article,0
International Journal of Research in Marketing,Export marketing of India's new manufactures,https://openalex.org/W2595641929,https://doi.org/10.1016/0167-8116(87)90018-8,1987,article,0
International Journal of Research in Marketing,The prospective buyer of consumer durables,https://openalex.org/W2596087818,https://doi.org/10.1016/0167-8116(84)90010-7,1984,article,0
International Journal of Research in Marketing,Changing the course of marketing: Alternative paradigms for widening marketing theory. Research in marketing. A research annual,https://openalex.org/W2610915411,https://doi.org/10.1016/0167-8116(87)90017-6,1987,article,0
International Journal of Research in Marketing,Analyse typologique — Théories et applications,https://openalex.org/W2617380152,https://doi.org/10.1016/0167-8116(84)90039-9,1984,article,0
International Journal of Research in Marketing,"Complete stochastic models of consumer purchasing behavior, their contribution to the analysis of real markets",https://openalex.org/W2911328496,https://doi.org/10.1016/0167-8116(86)90017-0,1986,article,0
International Journal of Research in Marketing,Nippon kigyo no marketing kodo (Marketing behavior of Japanese companies),https://openalex.org/W2916876601,https://doi.org/10.1016/0167-8116(86)90042-x,1986,article,0
International Journal of Research in Marketing,Preismanagement,https://openalex.org/W35155684,https://doi.org/10.1016/0167-8116(84)90012-0,1984,article,0
International Journal of Research in Marketing,Contents of volume 6 (1989),https://openalex.org/W4205227088,https://doi.org/10.1016/0167-8116(89)90061-x,1989,article,0
International Journal of Research in Marketing,Announcement,https://openalex.org/W4205526014,https://doi.org/10.1016/0167-8116(84)90013-2,1984,article,0
International Journal of Research in Marketing,Calendar,https://openalex.org/W4210255249,https://doi.org/10.1016/0167-8116(88)90009-2,1988,article,0
International Journal of Research in Marketing,Calendar,https://openalex.org/W4210750198,https://doi.org/10.1016/0167-8116(87)90007-3,1987,article,0
International Journal of Research in Marketing,List of occasional reviewers,https://openalex.org/W4214653497,https://doi.org/10.1016/0167-8116(88)90034-1,1988,article,0
International Journal of Research in Marketing,List of occasional reviewers,https://openalex.org/W4230069229,https://doi.org/10.1016/0167-8116(84)90021-1,1984,article,0
International Journal of Research in Marketing,Editor's note,https://openalex.org/W4230437164,https://doi.org/10.1016/0167-8116(88)90001-8,1988,article,0
International Journal of Research in Marketing,Calendar,https://openalex.org/W4230567143,https://doi.org/10.1016/0167-8116(88)90067-5,1988,article,0
International Journal of Research in Marketing,Calendar,https://openalex.org/W4231113077,https://doi.org/10.1016/0167-8116(89)90017-7,1989,article,0
International Journal of Research in Marketing,Contents of volume 5 (1988),https://openalex.org/W4231270758,https://doi.org/10.1016/0167-8116(88)90010-9,1988,article,0
International Journal of Research in Marketing,Announcement,https://openalex.org/W4231709406,https://doi.org/10.1016/0167-8116(84)90022-3,1984,article,0
International Journal of Research in Marketing,Contents of volume 3,https://openalex.org/W4231739318,https://doi.org/10.1016/0167-8116(86)90008-x,1986,article,0
International Journal of Research in Marketing,Call for papers,https://openalex.org/W4232249664,https://doi.org/10.1016/0167-8116(88)90035-3,1988,article,0
International Journal of Research in Marketing,List of occasional reviewers—1989,https://openalex.org/W4232978778,https://doi.org/10.1016/0167-8116(89)90059-1,1989,article,0
International Journal of Research in Marketing,Call for papers,https://openalex.org/W4233865513,https://doi.org/10.1016/0167-8116(88)90043-2,1988,article,0
International Journal of Research in Marketing,Publisher's Notes,https://openalex.org/W4234439498,https://doi.org/10.1016/0167-8116(88)90028-6,1988,article,0
International Journal of Research in Marketing,List of occasional reviewers,https://openalex.org/W4235433789,https://doi.org/10.1016/0167-8116(87)90019-x,1987,article,0
International Journal of Research in Marketing,Call for papers,https://openalex.org/W4237054449,https://doi.org/10.1016/0167-8116(86)90026-1,1986,article,0
International Journal of Research in Marketing,List of occasional reviewers,https://openalex.org/W4237714175,https://doi.org/10.1016/0167-8116(88)90008-0,1988,article,0
International Journal of Research in Marketing,Announcement,https://openalex.org/W4238592463,https://doi.org/10.1016/0167-8116(87)90020-6,1987,article,0
International Journal of Research in Marketing,Special issue on expert systems in marketing in the International Journal of Research in Marketing,https://openalex.org/W4241187752,https://doi.org/10.1016/0167-8116(88)90068-7,1988,article,0
International Journal of Research in Marketing,Call for papers: Special issue on “Stochastic models of consumer behavior” in the European Journal of Operational Research,https://openalex.org/W4241286997,https://doi.org/10.1016/0167-8116(89)90015-3,1989,article,0
International Journal of Research in Marketing,Special issue reviewers,https://openalex.org/W4243894349,https://doi.org/10.1016/s0167-8116(88)80008-9,1988,article,0
International Journal of Research in Marketing,Contents of volume 4,https://openalex.org/W4243964558,https://doi.org/10.1016/0167-8116(88)90036-5,1988,article,0
International Journal of Research in Marketing,Consumer behavior,https://openalex.org/W4244089432,https://doi.org/10.1016/0167-8116(87)90015-2,1987,article,0
International Journal of Research in Marketing,Announcements and calls for papers,https://openalex.org/W4245965325,https://doi.org/10.1016/0167-8116(89)90058-x,1989,article,0
International Journal of Research in Marketing,Calendar,https://openalex.org/W4246383578,https://doi.org/10.1016/0167-8116(89)90049-9,1989,article,0
International Journal of Research in Marketing,Announcement,https://openalex.org/W4247516418,https://doi.org/10.1016/0167-8116(86)90044-3,1986,article,0
International Journal of Research in Marketing,Announcement,https://openalex.org/W4247598172,https://doi.org/10.1016/0167-8116(86)90025-x,1986,article,0
International Journal of Research in Marketing,Announcement,https://openalex.org/W4249601832,https://doi.org/10.1016/0167-8116(86)90009-1,1986,article,0
International Journal of Research in Marketing,Calendar,https://openalex.org/W4250406274,https://doi.org/10.1016/s0167-8116(88)80009-0,1988,article,0
International Journal of Research in Marketing,Contents of volume 1,https://openalex.org/W4251720070,https://doi.org/10.1016/0167-8116(84)90023-5,1984,article,0
International Journal of Research in Marketing,Call for papers,https://openalex.org/W4252997433,https://doi.org/10.1016/0167-8116(86)90043-1,1986,article,0
International Journal of Research in Marketing,Calendar,https://openalex.org/W4254571737,https://doi.org/10.1016/0167-8116(89)90007-4,1989,article,0
International Journal of Research in Marketing,Calendar,https://openalex.org/W4255063765,https://doi.org/10.1016/0167-8116(88)90042-0,1988,article,0
International Journal of Research in Marketing,Calendar,https://openalex.org/W4255691694,https://doi.org/10.1016/0167-8116(89)90060-8,1989,article,0
