source_journal,work_title,work_oaid,DOI,pub_year,work_type,all_cited_by_count
International Journal of Research in Marketing,Machine learning and AI in marketing – Connecting computing power to human insights,https://openalex.org/W3081095512,https://doi.org/10.1016/j.ijresmar.2020.04.005,2020,article,335
International Journal of Research in Marketing,Virtual and augmented reality: Advancing research in consumer marketing,https://openalex.org/W3036638150,https://doi.org/10.1016/j.ijresmar.2020.04.004,2020,article,319
International Journal of Research in Marketing,"On ChatGPT and beyond: How generative artificial intelligence may affect research, teaching, and practice",https://openalex.org/W4362722657,https://doi.org/10.1016/j.ijresmar.2023.03.001,2023,article,187
International Journal of Research in Marketing,Brand activism: Does courting controversy help or hurt a brand?,https://openalex.org/W3010998917,https://doi.org/10.1016/j.ijresmar.2020.02.008,2020,article,158
International Journal of Research in Marketing,Consumer privacy and the future of data-based innovation and marketing,https://openalex.org/W3124994188,https://doi.org/10.1016/j.ijresmar.2020.03.006,2020,article,133
International Journal of Research in Marketing,More than a Feeling: Accuracy and Application of Sentiment Analysis,https://openalex.org/W4283168218,https://doi.org/10.1016/j.ijresmar.2022.05.005,2022,article,119
International Journal of Research in Marketing,Examining artificial intelligence (AI) technologies in marketing via a global lens: Current trends and future research opportunities,https://openalex.org/W3214567845,https://doi.org/10.1016/j.ijresmar.2021.11.002,2021,article,112
International Journal of Research in Marketing,"Blockchain meets marketing: Opportunities, threats, and avenues for future research",https://openalex.org/W4293565028,https://doi.org/10.1016/j.ijresmar.2022.08.001,2022,article,95
International Journal of Research in Marketing,Collecting samples from online services: How to use screeners to improve data quality,https://openalex.org/W3160821623,https://doi.org/10.1016/j.ijresmar.2021.05.001,2022,article,78
International Journal of Research in Marketing,"Digital product innovations for the greater good and digital marketing innovations in communications and channels: Evolution, emerging issues, and future research directions",https://openalex.org/W3207288948,https://doi.org/10.1016/j.ijresmar.2021.09.002,2022,article,72
International Journal of Research in Marketing,How can non-fungible tokens bring value to brands,https://openalex.org/W4288456746,https://doi.org/10.1016/j.ijresmar.2022.07.003,2022,article,63
International Journal of Research in Marketing,Blockchain technology for creative industries: Current state and research opportunities,https://openalex.org/W4288810568,https://doi.org/10.1016/j.ijresmar.2022.07.004,2023,article,43
International Journal of Research in Marketing,Cryptopricing: Whence comes the value for cryptocurrencies and NFTs?,https://openalex.org/W4294631547,https://doi.org/10.1016/j.ijresmar.2022.08.002,2023,article,34
International Journal of Research in Marketing,Emotional support from a digital assistant in technology-mediated services: Effects on customer satisfaction and behavioral persistence,https://openalex.org/W3037265029,https://doi.org/10.1016/j.ijresmar.2020.06.004,2020,article,97
International Journal of Research in Marketing,The impact of online display advertising and paid search advertising relative to offline advertising on firm performance and firm value,https://openalex.org/W3008738448,https://doi.org/10.1016/j.ijresmar.2020.02.002,2020,article,80
International Journal of Research in Marketing,Collecting samples from online services: How to use screeners to improve data quality,https://openalex.org/W3160821623,https://doi.org/10.1016/j.ijresmar.2021.05.001,2021,article,80
International Journal of Research in Marketing,Seeing brands as humans: Development and validation of a brand anthropomorphism scale,https://openalex.org/W3007893090,https://doi.org/10.1016/j.ijresmar.2020.02.007,2020,article,78
International Journal of Research in Marketing,"How, why, and when disclosure type matters for influencer marketing",https://openalex.org/W3207281833,https://doi.org/10.1016/j.ijresmar.2021.09.006,2021,article,78
International Journal of Research in Marketing,"Digital product innovations for the greater good and digital marketing innovations in communications and channels: Evolution, emerging issues, and future research directions",https://openalex.org/W3207288948,https://doi.org/10.1016/j.ijresmar.2021.09.002,2021,article,77
International Journal of Research in Marketing,Brand and consumer engagement behaviors on Facebook brand pages: Let's have a (positive) conversation,https://openalex.org/W3047802401,https://doi.org/10.1016/j.ijresmar.2020.06.005,2020,article,76
International Journal of Research in Marketing,"The smarter, the better?! Customer well-being, engagement, and perceptions in smart service systems",https://openalex.org/W3088710229,https://doi.org/10.1016/j.ijresmar.2020.09.006,2020,article,76
International Journal of Research in Marketing,Consumers’ technology-facilitated brand engagement and wellbeing: Positivist TAM/PERMA- vs. Consumer Culture Theory perspectives,https://openalex.org/W3136125660,https://doi.org/10.1016/j.ijresmar.2021.03.001,2021,article,73
International Journal of Research in Marketing,An empirical comparison of machine learning methods for text-based sentiment analysis of online consumer reviews,https://openalex.org/W3214542161,https://doi.org/10.1016/j.ijresmar.2021.10.011,2021,article,73
International Journal of Research in Marketing,"The marketing–finance interface: A new integrative review of metrics, methods, and findings and an agenda for future research",https://openalex.org/W3087108335,https://doi.org/10.1016/j.ijresmar.2020.09.005,2020,article,71
International Journal of Research in Marketing,"The marketing–finance interface: A new integrative review of metrics, methods, and findings and an agenda for future research",https://openalex.org/W3087108335,https://doi.org/10.1016/j.ijresmar.2020.09.005,2021,article,70
International Journal of Research in Marketing,Customer engagement in online social crowdfunding: The influence of storytelling technique on donation performance,https://openalex.org/W3013748956,https://doi.org/10.1016/j.ijresmar.2020.03.001,2020,article,68
International Journal of Research in Marketing,Customer engagement in online social crowdfunding: The influence of storytelling technique on donation performance,https://openalex.org/W3013748956,https://doi.org/10.1016/j.ijresmar.2020.03.001,2021,article,67
International Journal of Research in Marketing,A conceptual framework of contemporary luxury consumption,https://openalex.org/W3211651891,https://doi.org/10.1016/j.ijresmar.2021.10.010,2021,article,63
International Journal of Research in Marketing,A global perspective on the marketing mix across time and space,https://openalex.org/W3206579957,https://doi.org/10.1016/j.ijresmar.2021.09.001,2021,article,59
International Journal of Research in Marketing,Blockchain technology for creative industries: Current state and research opportunities,https://openalex.org/W4288810568,https://doi.org/10.1016/j.ijresmar.2022.07.004,2022,article,44
International Journal of Research in Marketing,Cryptopricing: Whence comes the value for cryptocurrencies and NFTs?,https://openalex.org/W4294631547,https://doi.org/10.1016/j.ijresmar.2022.08.002,2022,article,37
International Journal of Research in Marketing,Drivers of consumer adoption of e-Commerce: A meta-analysis,https://openalex.org/W4224703923,https://doi.org/10.1016/j.ijresmar.2022.04.003,2022,article,30
International Journal of Research in Marketing,Speaking vs. listening? Balance conversation attributes of voice assistants for better voice marketing,https://openalex.org/W4225150581,https://doi.org/10.1016/j.ijresmar.2022.04.006,2023,article,25
International Journal of Research in Marketing,Social media resources and capabilities as strategic determinants of social media performance,https://openalex.org/W3092683567,https://doi.org/10.1016/j.ijresmar.2020.09.011,2020,article,61
International Journal of Research in Marketing,Universal dimensions of individuals' perception: Revisiting the operationalization of warmth and competence with a mixed-method approach,https://openalex.org/W3008602043,https://doi.org/10.1016/j.ijresmar.2020.02.004,2020,article,59
International Journal of Research in Marketing,Vulnerable consumer engagement: How corporate social media can facilitate the replenishment of depleted resources,https://openalex.org/W3042580577,https://doi.org/10.1016/j.ijresmar.2020.06.002,2020,article,59
International Journal of Research in Marketing,Content analysis of fake consumer reviews by survey-based text categorization,https://openalex.org/W3047672989,https://doi.org/10.1016/j.ijresmar.2020.08.001,2020,article,58
International Journal of Research in Marketing,The impact of influencer motives and commonness perceptions on follower reactions toward incentivized reviews,https://openalex.org/W3093070052,https://doi.org/10.1016/j.ijresmar.2020.09.010,2020,article,49
International Journal of Research in Marketing,Factors affecting the study of important marketing issues: Implications and recommendations,https://openalex.org/W3009641245,https://doi.org/10.1016/j.ijresmar.2020.02.009,2020,article,48
International Journal of Research in Marketing,An investigation of unsustainable luxury: How guilt drives negative word-of-mouth,https://openalex.org/W3016467139,https://doi.org/10.1016/j.ijresmar.2020.03.005,2020,article,47
International Journal of Research in Marketing,"Delimiting disruption: Why Uber is disruptive, but Airbnb is not",https://openalex.org/W2989183394,https://doi.org/10.1016/j.ijresmar.2019.10.004,2020,article,45
International Journal of Research in Marketing,Machines learn neuromarketing: Improving preference prediction from self-reports using multiple EEG measures and machine learning,https://openalex.org/W3111377917,https://doi.org/10.1016/j.ijresmar.2020.10.005,2020,article,45
International Journal of Research in Marketing,Omnichannel marketing: Are cross-channel effects symmetric?,https://openalex.org/W3083532809,https://doi.org/10.1016/j.ijresmar.2020.09.001,2021,article,40
International Journal of Research in Marketing,"Brand response to environmental turbulence: A framework and propositions for resistance, recovery and reinvention",https://openalex.org/W3209200679,https://doi.org/10.1016/j.ijresmar.2021.10.006,2021,article,39
International Journal of Research in Marketing,Engagement behavior and financial well-being: The effect of message framing in online pension communication,https://openalex.org/W3104475296,https://doi.org/10.1016/j.ijresmar.2020.11.002,2021,article,37
International Journal of Research in Marketing,How rich is too rich? Visual design elements in digital marketing communications,https://openalex.org/W3173383881,https://doi.org/10.1016/j.ijresmar.2021.06.008,2021,article,35
International Journal of Research in Marketing,Speaking vs. listening? Balance conversation attributes of voice assistants for better voice marketing,https://openalex.org/W4225150581,https://doi.org/10.1016/j.ijresmar.2022.04.006,2022,article,27
International Journal of Research in Marketing,What blockchain can and can’t do: Applications to marketing and privacy,https://openalex.org/W4302009228,https://doi.org/10.1016/j.ijresmar.2022.09.001,2022,article,26
International Journal of Research in Marketing,Overwhelming targeting options: Selecting audience segments for online advertising,https://openalex.org/W4385647149,https://doi.org/10.1016/j.ijresmar.2023.08.004,2023,article,10
International Journal of Research in Marketing,AI on the street: Context-dependent responses to artificial intelligence,https://openalex.org/W4386401787,https://doi.org/10.1016/j.ijresmar.2023.08.010,2023,article,10
International Journal of Research in Marketing,"Customer success management, customer health, and retention in B2B industries",https://openalex.org/W4386800331,https://doi.org/10.1016/j.ijresmar.2023.09.002,2023,article,10
International Journal of Research in Marketing,Omnichannel marketing: Are cross-channel effects symmetric?,https://openalex.org/W3083532809,https://doi.org/10.1016/j.ijresmar.2020.09.001,2020,article,41
International Journal of Research in Marketing,Competition versus cooperation: How technology-facilitated social interdependence initiates the self-improvement chain,https://openalex.org/W3042624791,https://doi.org/10.1016/j.ijresmar.2020.06.001,2020,article,39
International Journal of Research in Marketing,Opposites attract: Impact of background color on effectiveness of emotional charity appeals,https://openalex.org/W3008348303,https://doi.org/10.1016/j.ijresmar.2020.02.001,2020,article,37
International Journal of Research in Marketing,Extremity in horizontal and vertical Likert scale format responses. Some evidence on how visual distance between response categories influences extreme responding,https://openalex.org/W3018089020,https://doi.org/10.1016/j.ijresmar.2020.04.002,2020,article,37
International Journal of Research in Marketing,Engagement behavior and financial well-being: The effect of message framing in online pension communication,https://openalex.org/W3104475296,https://doi.org/10.1016/j.ijresmar.2020.11.002,2020,article,37
International Journal of Research in Marketing,Acquiring customers through online marketplaces? The effect of marketplace sales on sales in a retailer's own channels,https://openalex.org/W3087865309,https://doi.org/10.1016/j.ijresmar.2020.09.007,2020,article,35
International Journal of Research in Marketing,Dimensions of brand-extension fit,https://openalex.org/W3206794616,https://doi.org/10.1016/j.ijresmar.2021.09.013,2021,article,33
International Journal of Research in Marketing,Do offline and online go hand in hand? Cross-channel and synergy effects of direct mailing and display advertising,https://openalex.org/W3108640687,https://doi.org/10.1016/j.ijresmar.2020.11.003,2021,article,29
International Journal of Research in Marketing,A meta-analysis of consumer ethnocentrism across 57 countries,https://openalex.org/W4200326565,https://doi.org/10.1016/j.ijresmar.2021.12.002,2021,article,29
International Journal of Research in Marketing,"Designing Distributed Ledger technologies, like Blockchain, for advertising markets",https://openalex.org/W4296197083,https://doi.org/10.1016/j.ijresmar.2022.08.004,2022,article,18
International Journal of Research in Marketing,All that glitters is not gold: An investigation into the undesired effects of gamification and how to mitigate them through gamification design,https://openalex.org/W4221126903,https://doi.org/10.1016/j.ijresmar.2022.03.002,2022,article,17
International Journal of Research in Marketing,Image features and demand in the sharing economy: A study of Airbnb,https://openalex.org/W3107722211,https://doi.org/10.1016/j.ijresmar.2023.04.001,2023,article,8
International Journal of Research in Marketing,The evolving world of research in marketing and the blending of theory and data,https://openalex.org/W3002258321,https://doi.org/10.1016/j.ijresmar.2019.12.001,2020,article,29
International Journal of Research in Marketing,Does the devil wear Prada? Luxury product experiences can affect prosocial behavior,https://openalex.org/W3023756984,https://doi.org/10.1016/j.ijresmar.2020.04.001,2020,article,29
International Journal of Research in Marketing,Do offline and online go hand in hand? Cross-channel and synergy effects of direct mailing and display advertising,https://openalex.org/W3108640687,https://doi.org/10.1016/j.ijresmar.2020.11.003,2020,article,29
International Journal of Research in Marketing,Consumers’ privacy calculus: The PRICAL index development and validation,https://openalex.org/W3169543114,https://doi.org/10.1016/j.ijresmar.2021.05.005,2021,article,27
International Journal of Research in Marketing,The effectiveness of brand placements: A meta-analytic synthesis,https://openalex.org/W3158591474,https://doi.org/10.1016/j.ijresmar.2021.01.003,2021,article,26
International Journal of Research in Marketing,Complementing human effort in online reviews: A deep learning approach to automatic content generation and review synthesis,https://openalex.org/W4211258573,https://doi.org/10.1016/j.ijresmar.2022.02.004,2022,article,16
International Journal of Research in Marketing,To be respected or liked: The influence of social comparisons on consumer preference for competence- versus warmth-oriented products,https://openalex.org/W3153002400,https://doi.org/10.1016/j.ijresmar.2021.04.001,2022,article,15
International Journal of Research in Marketing,Money in a “Safe” place: Money anthropomorphism increases saving behavior,https://openalex.org/W4210588232,https://doi.org/10.1016/j.ijresmar.2022.02.001,2023,article,8
International Journal of Research in Marketing,The right metrics for marketing-mix decisions,https://openalex.org/W3051879448,https://doi.org/10.1016/j.ijresmar.2020.08.003,2020,article,28
International Journal of Research in Marketing,The risk of programmatic advertising: Effects of website quality on advertising effectiveness,https://openalex.org/W3097690225,https://doi.org/10.1016/j.ijresmar.2020.10.004,2020,article,26
International Journal of Research in Marketing,Antecedents and financial impacts of building brand love,https://openalex.org/W3093884596,https://doi.org/10.1016/j.ijresmar.2020.10.001,2020,article,25
International Journal of Research in Marketing,Antecedents and consequences of cross-effects: An empirical analysis of omni-coupons,https://openalex.org/W2999149840,https://doi.org/10.1016/j.ijresmar.2019.11.002,2020,article,24
International Journal of Research in Marketing,Social selling cues: The dynamics of posting numbers viewed and bought on customers' purchase intentions,https://openalex.org/W3119182282,https://doi.org/10.1016/j.ijresmar.2021.01.001,2021,article,22
International Journal of Research in Marketing,Marketing’s role in multi-stakeholder engagement,https://openalex.org/W3212447516,https://doi.org/10.1016/j.ijresmar.2021.09.014,2021,article,22
International Journal of Research in Marketing,Too cute to be bad? Cute brand logo reduces consumer punishment following brand transgressions,https://openalex.org/W4200015234,https://doi.org/10.1016/j.ijresmar.2021.12.006,2021,article,21
International Journal of Research in Marketing,Customer-based execution strategy in a global digital economy,https://openalex.org/W3207250320,https://doi.org/10.1016/j.ijresmar.2021.09.010,2021,article,20
International Journal of Research in Marketing,Marketing performance assessment and accountability: Process and outcomes,https://openalex.org/W3209375156,https://doi.org/10.1016/j.ijresmar.2021.10.008,2021,article,20
International Journal of Research in Marketing,Simplicity is not key: Understanding firm-generated social media images and consumer liking,https://openalex.org/W4200384906,https://doi.org/10.1016/j.ijresmar.2021.12.005,2021,article,20
International Journal of Research in Marketing,How culture shapes consumer responses to anthropomorphic products,https://openalex.org/W4381480651,https://doi.org/10.1016/j.ijresmar.2023.06.005,2023,article,6
International Journal of Research in Marketing,The intended and unintended effects of synced advertising: When persuasion knowledge could help or backfire,https://openalex.org/W4385164024,https://doi.org/10.1016/j.ijresmar.2023.07.001,2023,article,6
International Journal of Research in Marketing,The managerial relevance of marketing science: Properties and genesis,https://openalex.org/W4385597610,https://doi.org/10.1016/j.ijresmar.2023.08.001,2023,article,6
International Journal of Research in Marketing,Hubristic pride &amp; prejudice: The effects of hubristic pride on negative word-of-mouth,https://openalex.org/W2999356999,https://doi.org/10.1016/j.ijresmar.2019.11.003,2020,article,23
International Journal of Research in Marketing,Developing firms' growth approaches as a multidimensional decision to enhance key stakeholders' wellbeing,https://openalex.org/W3087388883,https://doi.org/10.1016/j.ijresmar.2020.09.004,2020,article,22
International Journal of Research in Marketing,Restrained by resources: The effect of scarcity cues and childhood socioeconomic status (SES) on consumer preference for feasibility,https://openalex.org/W3005457499,https://doi.org/10.1016/j.ijresmar.2020.01.007,2020,article,21
International Journal of Research in Marketing,A de-biased direct question approach to measuring consumers' willingness to pay,https://openalex.org/W3037696336,https://doi.org/10.1016/j.ijresmar.2020.04.006,2020,article,21
International Journal of Research in Marketing,Blending package shape with the gender dimension of brand image: How and why?,https://openalex.org/W3039513171,https://doi.org/10.1016/j.ijresmar.2020.06.003,2020,article,21
International Journal of Research in Marketing,Cents of self: How and when self-signals influence consumer value derived from choices of green products,https://openalex.org/W3047658427,https://doi.org/10.1016/j.ijresmar.2020.08.002,2020,article,21
International Journal of Research in Marketing,Leveraging purchase regularity for predicting customer behavior the easy way,https://openalex.org/W3086963313,https://doi.org/10.1016/j.ijresmar.2020.09.002,2020,article,21
International Journal of Research in Marketing,Marketing strategy implementation impediments and remedies: A multi-level theoretical framework within the sales-marketing interface,https://openalex.org/W3209211731,https://doi.org/10.1016/j.ijresmar.2021.10.002,2021,article,19
International Journal of Research in Marketing,The Impact of Power Distance Belief on Consumers' Brand Preferences,https://openalex.org/W3214087832,https://doi.org/10.1016/j.ijresmar.2021.11.004,2021,article,18
International Journal of Research in Marketing,Modelling short-and long-term marketing effects in the consumer purchase journey,https://openalex.org/W3176688516,https://doi.org/10.1016/j.ijresmar.2021.06.006,2021,article,17
International Journal of Research in Marketing,Immediate and enduring effects of digital badges on online content consumption and generation,https://openalex.org/W4283454728,https://doi.org/10.1016/j.ijresmar.2022.06.001,2022,article,12
International Journal of Research in Marketing,The future of private-label markets: A global convergence approach,https://openalex.org/W4288808995,https://doi.org/10.1016/j.ijresmar.2022.07.006,2022,article,12
International Journal of Research in Marketing,Using different advertising humor appeals to generate firm-level warmth and competence impressions,https://openalex.org/W4385688075,https://doi.org/10.1016/j.ijresmar.2023.08.002,2023,article,5
International Journal of Research in Marketing,Sharing information with AI (versus a human) impairs brand trust: The role of audience size inferences and sense of exploitation,https://openalex.org/W4386349939,https://doi.org/10.1016/j.ijresmar.2023.08.011,2023,article,5
International Journal of Research in Marketing,How donor's regulatory focus changes the effectiveness of a sadness-evoking charity appeal,https://openalex.org/W3080279950,https://doi.org/10.1016/j.ijresmar.2020.08.005,2020,article,19
International Journal of Research in Marketing,Impact of patient portal behavioral engagement on subsistence consumers' wellbeing,https://openalex.org/W3085410321,https://doi.org/10.1016/j.ijresmar.2020.09.003,2020,article,19
International Journal of Research in Marketing,The Study of Important Marketing Issues: Reflections,https://openalex.org/W3093006603,https://doi.org/10.1016/j.ijresmar.2020.09.009,2020,article,19
International Journal of Research in Marketing,To be respected or liked: The influence of social comparisons on consumer preference for competence- versus warmth-oriented products,https://openalex.org/W3153002400,https://doi.org/10.1016/j.ijresmar.2021.04.001,2021,article,16
International Journal of Research in Marketing,Cross-border marketing ecosystem orchestration: A conceptualization of its determinants and boundary conditions,https://openalex.org/W3205965054,https://doi.org/10.1016/j.ijresmar.2021.09.003,2021,article,15
International Journal of Research in Marketing,The role of salespeople in industrial servitization: How to manage diminishing profit returns from salespeople’s increasing industrial service shares,https://openalex.org/W4220824056,https://doi.org/10.1016/j.ijresmar.2022.03.001,2022,article,10
International Journal of Research in Marketing,One-of-a-kind products: Leveraging strict uniqueness in mass customization,https://openalex.org/W4366167162,https://doi.org/10.1016/j.ijresmar.2023.04.002,2023,article,4
International Journal of Research in Marketing,Economic consequences of online tracking restrictions: Evidence from cookies,https://openalex.org/W4387818124,https://doi.org/10.1016/j.ijresmar.2023.10.001,2023,article,4
International Journal of Research in Marketing,Tactical use of rewards to enhance loyalty program effectiveness,https://openalex.org/W3007659734,https://doi.org/10.1016/j.ijresmar.2020.02.005,2020,article,17
International Journal of Research in Marketing,Age differences in children's happiness from material goods and experiences: The role of memory and theory of mind,https://openalex.org/W3008875621,https://doi.org/10.1016/j.ijresmar.2020.01.004,2020,article,17
International Journal of Research in Marketing,The material self,https://openalex.org/W3014567023,https://doi.org/10.1016/j.ijresmar.2020.03.002,2020,article,16
International Journal of Research in Marketing,The effect of start/end temporal landmarks on consumers' visual attention and judgments,https://openalex.org/W3035663128,https://doi.org/10.1016/j.ijresmar.2020.04.007,2020,article,16
International Journal of Research in Marketing,Joint or separate? The effect of visual presentation on imagery and product evaluation,https://openalex.org/W3111916166,https://doi.org/10.1016/j.ijresmar.2020.11.007,2020,article,16
International Journal of Research in Marketing,Online display advertising for CPG brands: (When) does it work?,https://openalex.org/W3057980898,https://doi.org/10.1016/j.ijresmar.2020.08.004,2021,article,14
International Journal of Research in Marketing,Value from technology licensing – The role of monitoring and licensing experience,https://openalex.org/W3137614107,https://doi.org/10.1016/j.ijresmar.2021.01.002,2021,article,14
International Journal of Research in Marketing,"Whether, when, and why functional company characteristics engender customer satisfaction and customer-company identification: The role of self-definitional needs",https://openalex.org/W3206521026,https://doi.org/10.1016/j.ijresmar.2021.08.002,2021,article,14
International Journal of Research in Marketing,Grassroots innovation success: The role of self-determination and leadership style,https://openalex.org/W3211207893,https://doi.org/10.1016/j.ijresmar.2021.10.003,2021,article,14
International Journal of Research in Marketing,Customer base analysis with recurrent neural networks,https://openalex.org/W4220791421,https://doi.org/10.1016/j.ijresmar.2022.02.007,2022,article,9
International Journal of Research in Marketing,Drivers of the synergy between price cuts and store flyer advertising at supermarkets and discounters,https://openalex.org/W4304689647,https://doi.org/10.1016/j.ijresmar.2022.10.001,2022,article,9
International Journal of Research in Marketing,Consistency and commonality in advertising content: Helping or Hurting?,https://openalex.org/W4281955044,https://doi.org/10.1016/j.ijresmar.2022.05.004,2023,article,4
International Journal of Research in Marketing,Financial consequences of adding bricks to clicks,https://openalex.org/W4380149391,https://doi.org/10.1016/j.ijresmar.2023.06.003,2023,article,4
International Journal of Research in Marketing,Designing for the genders: The role of visual harmony,https://openalex.org/W3011492404,https://doi.org/10.1016/j.ijresmar.2020.02.006,2020,article,15
International Journal of Research in Marketing,Every ending is a new beginning: Poignancy increases consumer preferences for self-made products,https://openalex.org/W3107821003,https://doi.org/10.1016/j.ijresmar.2020.11.004,2020,article,15
International Journal of Research in Marketing,The impact of mergers and acquisitions on brand equity: A structural analysis,https://openalex.org/W3111620806,https://doi.org/10.1016/j.ijresmar.2020.11.006,2020,article,15
International Journal of Research in Marketing,Online display advertising for CPG brands: (When) does it work?,https://openalex.org/W3057980898,https://doi.org/10.1016/j.ijresmar.2020.08.004,2020,article,14
International Journal of Research in Marketing,The megamarketing of microfinance: Developing and maintaining an industry aura of virtue,https://openalex.org/W3172235359,https://doi.org/10.1016/j.ijresmar.2021.05.004,2021,article,13
International Journal of Research in Marketing,CEO regulatory focus and myopic marketing management,https://openalex.org/W3205835610,https://doi.org/10.1016/j.ijresmar.2021.09.004,2021,article,13
International Journal of Research in Marketing,How push messaging impacts consumer spending and reward redemption in store-loyalty programs,https://openalex.org/W3130987835,https://doi.org/10.1016/j.ijresmar.2021.02.001,2021,article,12
International Journal of Research in Marketing,"The asymmetric effect of warranty payments on firm value: The moderating role of advertising, R&amp;D, and industry concentration",https://openalex.org/W3165788567,https://doi.org/10.1016/j.ijresmar.2021.05.002,2021,article,12
International Journal of Research in Marketing,Are sports sponsorship announcements good news for shareholders? A meta-analysis,https://openalex.org/W3170604048,https://doi.org/10.1016/j.ijresmar.2021.04.003,2021,article,12
International Journal of Research in Marketing,Money in a “Safe” place: Money anthropomorphism increases saving behavior,https://openalex.org/W4210588232,https://doi.org/10.1016/j.ijresmar.2022.02.001,2022,article,8
International Journal of Research in Marketing,Automated inference of product attributes and their importance from user-generated content: Can we replace traditional market research?,https://openalex.org/W4225007726,https://doi.org/10.1016/j.ijresmar.2022.04.004,2022,article,8
International Journal of Research in Marketing,What makes the corporate social responsibility impact on Customer–Company identification stronger? A meta-analysis,https://openalex.org/W4298148944,https://doi.org/10.1016/j.ijresmar.2022.09.002,2022,article,8
International Journal of Research in Marketing,The existence and persistence of the pay-per-use bias in car sharing services,https://openalex.org/W3001463126,https://doi.org/10.1016/j.ijresmar.2020.09.008,2020,article,13
International Journal of Research in Marketing,The study of important marketing issues in an evolving field,https://openalex.org/W3111170769,https://doi.org/10.1016/j.ijresmar.2020.10.007,2021,article,11
International Journal of Research in Marketing,Till the cloud do us part: Technological disruption and brand retention in the enterprise software industry,https://openalex.org/W4308386860,https://doi.org/10.1016/j.ijresmar.2022.11.001,2022,article,7
International Journal of Research in Marketing,How firm communication affects the impact of layoff announcements on brand strength over time,https://openalex.org/W4380086093,https://doi.org/10.1016/j.ijresmar.2023.06.002,2023,article,3
International Journal of Research in Marketing,Providing assets in the sharing economy: Low childhood socioeconomic status as a barrier,https://openalex.org/W4381885388,https://doi.org/10.1016/j.ijresmar.2023.06.007,2023,article,3
International Journal of Research in Marketing,Consumer responses to firm-owned devices in self-service technologies: Insights from a data privacy perspective,https://openalex.org/W4385740847,https://doi.org/10.1016/j.ijresmar.2023.08.003,2023,article,3
International Journal of Research in Marketing,Standing out from the crowd: When and why color complexity in social media images increases user engagement,https://openalex.org/W4386143364,https://doi.org/10.1016/j.ijresmar.2023.08.007,2023,article,3
International Journal of Research in Marketing,Best seller!? Unintended negative consequences of popularity signs on consumer choice behavior,https://openalex.org/W3033599308,https://doi.org/10.1016/j.ijresmar.2020.04.003,2020,article,12
International Journal of Research in Marketing,The study of important marketing issues in an evolving field,https://openalex.org/W3111170769,https://doi.org/10.1016/j.ijresmar.2020.10.007,2020,article,12
International Journal of Research in Marketing,"What if your owners also own other firms in your industry? The relationship between institutional common ownership, marketing, and firm performance",https://openalex.org/W3165215826,https://doi.org/10.1016/j.ijresmar.2021.05.003,2021,article,10
International Journal of Research in Marketing,"Brand equity, warranty costs, and firm value",https://openalex.org/W4210852146,https://doi.org/10.1016/j.ijresmar.2022.02.002,2022,article,6
International Journal of Research in Marketing,Engaging in a culturally mismatched thinking style increases the preference for familiar consumer options for analytic but not holistic thinkers,https://openalex.org/W3084673752,https://doi.org/10.1016/j.ijresmar.2020.03.004,2020,article,11
International Journal of Research in Marketing,How income shapes moral judgments of prosocial behavior,https://openalex.org/W3046317685,https://doi.org/10.1016/j.ijresmar.2020.07.001,2020,article,10
International Journal of Research in Marketing,Factors Affecting the Study of Important Marketing Issues: Additional Thoughts and Clarifications,https://openalex.org/W3118052066,https://doi.org/10.1016/j.ijresmar.2020.12.002,2020,article,10
International Journal of Research in Marketing,Customer defection due to service elimination and post-elimination customer behavior: An empirical investigation in telecommunications,https://openalex.org/W3155590462,https://doi.org/10.1016/j.ijresmar.2021.03.003,2021,article,9
International Journal of Research in Marketing,A measurement model of the dimensions and types of informal organizational control: An empirical test in a B2B sales context,https://openalex.org/W3206011941,https://doi.org/10.1016/j.ijresmar.2021.07.002,2021,article,9
International Journal of Research in Marketing,The roles of multiple channels in predicting website visits and purchases: Engagers versus closers,https://openalex.org/W4200112006,https://doi.org/10.1016/j.ijresmar.2021.12.004,2021,article,9
International Journal of Research in Marketing,Constituency building: Determining consumers’ willingness to participate in corporate political activities,https://openalex.org/W3176181630,https://doi.org/10.1016/j.ijresmar.2021.06.004,2022,article,6
International Journal of Research in Marketing,Opening the OTC drug market: The effect of deregulation on retail pharmacy’s performance,https://openalex.org/W3208656067,https://doi.org/10.1016/j.ijresmar.2021.10.001,2022,article,6
International Journal of Research in Marketing,The role of network embeddedness across multiple social networks: Evidence from mobile social network games,https://openalex.org/W3208886164,https://doi.org/10.1016/j.ijresmar.2021.10.007,2022,article,6
International Journal of Research in Marketing,The dark side of innovation: How new SKUs affect brand choice in the presence of consumer uncertainty and learning,https://openalex.org/W4206005280,https://doi.org/10.1016/j.ijresmar.2022.01.002,2022,article,6
International Journal of Research in Marketing,Feeling lucky: How framing the target product as a free gift enhances purchase intention,https://openalex.org/W3206962351,https://doi.org/10.1016/j.ijresmar.2021.07.001,2021,article,8
International Journal of Research in Marketing,Conjunctive screening in models of multiple discreteness,https://openalex.org/W4226502586,https://doi.org/10.1016/j.ijresmar.2022.04.001,2022,article,5
International Journal of Research in Marketing,Charitable maximizers: The impact of the maximizing mindset on donations to human recipients,https://openalex.org/W4313334618,https://doi.org/10.1016/j.ijresmar.2022.12.003,2022,article,5
International Journal of Research in Marketing,Adverse inclusion of asymmetric advertisers in position auctions,https://openalex.org/W4317934217,https://doi.org/10.1016/j.ijresmar.2023.01.001,2023,article,2
International Journal of Research in Marketing,How business-to-business salespeople deal with buying center dissenters,https://openalex.org/W4321332155,https://doi.org/10.1016/j.ijresmar.2023.02.001,2023,article,2
International Journal of Research in Marketing,Suspicious online product reviews: An empirical analysis of brand and product characteristics using Amazon data,https://openalex.org/W4380880257,https://doi.org/10.1016/j.ijresmar.2023.06.006,2023,article,2
International Journal of Research in Marketing,Understanding the sequential interdependence of mobile app adoption within and across categories,https://openalex.org/W4380880297,https://doi.org/10.1016/j.ijresmar.2023.06.004,2023,article,2
International Journal of Research in Marketing,Can firms benefit from integrating high-frequency survey measures with objective service quality data?,https://openalex.org/W4381487033,https://doi.org/10.1016/j.ijresmar.2023.06.001,2023,article,2
International Journal of Research in Marketing,Consumer preferences and firm technology choice,https://openalex.org/W4383371514,https://doi.org/10.1016/j.ijresmar.2023.06.008,2023,article,2
International Journal of Research in Marketing,Donor happiness comes from afar: The role of donation beneficiary social distance and benevolence,https://openalex.org/W4385651892,https://doi.org/10.1016/j.ijresmar.2023.08.005,2023,article,2
International Journal of Research in Marketing,DEPART: Decomposing prices using atheoretical regression trees,https://openalex.org/W4386401571,https://doi.org/10.1016/j.ijresmar.2023.08.009,2023,article,2
International Journal of Research in Marketing,Consumers’ multistage data control in technology-mediated environments,https://openalex.org/W4387142726,https://doi.org/10.1016/j.ijresmar.2023.09.004,2023,article,2
International Journal of Research in Marketing,How can academics generate great research ideas? Inspiration from ideation practice,https://openalex.org/W4387978433,https://doi.org/10.1016/j.ijresmar.2023.10.002,2023,article,2
International Journal of Research in Marketing,Brand advertising competition across economic cycles,https://openalex.org/W4389081260,https://doi.org/10.1016/j.ijresmar.2023.11.001,2023,article,2
International Journal of Research in Marketing,Hitting the bullseye: Accurately measuring willingness to pay for innovations with open and closed direct questions,https://openalex.org/W4389990377,https://doi.org/10.1016/j.ijresmar.2023.12.003,2023,article,2
International Journal of Research in Marketing,"Media influences on consumption trends: Effects of the film Food, Inc. on organic food sales in the U.S.",https://openalex.org/W2982020354,https://doi.org/10.1016/j.ijresmar.2019.08.004,2020,article,8
International Journal of Research in Marketing,De-targeting to signal quality,https://openalex.org/W2999471735,https://doi.org/10.1016/j.ijresmar.2019.10.003,2020,article,8
International Journal of Research in Marketing,Insight versus effort. Communicating the creative process leading to new products,https://openalex.org/W3001870093,https://doi.org/10.1016/j.ijresmar.2020.01.001,2020,article,8
International Journal of Research in Marketing,Sexual orientation and consumption: Why and when do homosexuals and heterosexuals consume differently?,https://openalex.org/W3003991954,https://doi.org/10.1016/j.ijresmar.2020.01.005,2020,article,8
International Journal of Research in Marketing,Introduction to the Special Section: Research for the New Normal,https://openalex.org/W3092265346,https://doi.org/10.1016/j.ijresmar.2020.08.006,2020,article,8
International Journal of Research in Marketing,The complex firm financial effects of customer satisfaction improvements,https://openalex.org/W3094347539,https://doi.org/10.1016/j.ijresmar.2020.10.003,2020,article,8
International Journal of Research in Marketing,Designing the content of advertising in a differentiated market,https://openalex.org/W3177183695,https://doi.org/10.1016/j.ijresmar.2021.06.005,2021,article,7
International Journal of Research in Marketing,It pays to pay attention: How firm's and competitor's marketing levers affect investor attention and firm value,https://openalex.org/W3207436384,https://doi.org/10.1016/j.ijresmar.2021.09.009,2021,article,7
International Journal of Research in Marketing,How voice retailers can predict customer mood and how they can use that information,https://openalex.org/W3209531364,https://doi.org/10.1016/j.ijresmar.2021.09.008,2021,article,7
International Journal of Research in Marketing,What drives brands’ price response metrics? An empirical examination of the Chinese packaged goods industry,https://openalex.org/W3210007562,https://doi.org/10.1016/j.ijresmar.2021.10.005,2021,article,7
International Journal of Research in Marketing,Innovation-based strategic flexibility (ISF): Role of CEO ties with marketing and R&amp;D,https://openalex.org/W3213925705,https://doi.org/10.1016/j.ijresmar.2021.11.005,2021,article,7
International Journal of Research in Marketing,Constituency building: Determining consumers’ willingness to participate in corporate political activities,https://openalex.org/W3176181630,https://doi.org/10.1016/j.ijresmar.2021.06.004,2021,article,6
International Journal of Research in Marketing,"Marketing and investor behavior: Insights, introspections, and indications",https://openalex.org/W3208559407,https://doi.org/10.1016/j.ijresmar.2021.09.011,2021,article,6
International Journal of Research in Marketing,Opening the OTC drug market: The effect of deregulation on retail pharmacy’s performance,https://openalex.org/W3208656067,https://doi.org/10.1016/j.ijresmar.2021.10.001,2021,article,6
International Journal of Research in Marketing,The role of network embeddedness across multiple social networks: Evidence from mobile social network games,https://openalex.org/W3208886164,https://doi.org/10.1016/j.ijresmar.2021.10.007,2021,article,6
International Journal of Research in Marketing,Is similarity a constraint for service-to-service brand extensions?,https://openalex.org/W4200527620,https://doi.org/10.1016/j.ijresmar.2021.12.001,2021,article,6
International Journal of Research in Marketing,"The effect of control deprivation on consumers’ adoption of no-pain, no-gain principle",https://openalex.org/W4200613966,https://doi.org/10.1016/j.ijresmar.2021.12.003,2022,article,4
International Journal of Research in Marketing,The promise and peril of dynamic targeted pricing,https://openalex.org/W4206474496,https://doi.org/10.1016/j.ijresmar.2022.01.005,2022,article,4
International Journal of Research in Marketing,Stress can help or hinder novelty seeking: The role of consumer life history strategies,https://openalex.org/W4211011758,https://doi.org/10.1016/j.ijresmar.2022.02.003,2022,article,4
International Journal of Research in Marketing,Administrative trade barrier: An empirical analysis of exporting Hollywood movies to China,https://openalex.org/W4223496980,https://doi.org/10.1016/j.ijresmar.2022.04.002,2022,article,4
International Journal of Research in Marketing,Consistency and commonality in advertising content: Helping or Hurting?,https://openalex.org/W4281955044,https://doi.org/10.1016/j.ijresmar.2022.05.004,2022,article,4
International Journal of Research in Marketing,Advertising’s sequence of effects on consumer mindset and sales: A comparison across brands and product categories,https://openalex.org/W4313420104,https://doi.org/10.1016/j.ijresmar.2022.12.002,2022,article,4
International Journal of Research in Marketing,Multidimensional brand equity and asymmetric risk,https://openalex.org/W3093178574,https://doi.org/10.1016/j.ijresmar.2020.10.002,2020,article,6
International Journal of Research in Marketing,"If all their products seem the same, all the parts within a product seem the same too: How brand homogeneity polarizes product experiences",https://openalex.org/W3097526701,https://doi.org/10.1016/j.ijresmar.2020.11.001,2020,article,6
International Journal of Research in Marketing,Finding the self in chance events,https://openalex.org/W3023080263,https://doi.org/10.1016/j.ijresmar.2020.03.003,2020,article,5
International Journal of Research in Marketing,Price and quality decisions by self-serving managers,https://openalex.org/W3121525669,https://doi.org/10.1016/j.ijresmar.2019.07.008,2020,article,5
International Journal of Research in Marketing,"IJRM 2021–2024: Innovation, speed, diversity, let’s push things forward together",https://openalex.org/W3175202515,https://doi.org/10.1016/j.ijresmar.2021.06.009,2021,article,5
International Journal of Research in Marketing,Interfirm collaboration and exchange relationships: An agenda for future research,https://openalex.org/W3206236385,https://doi.org/10.1016/j.ijresmar.2021.09.012,2021,article,5
International Journal of Research in Marketing,Timing customer reactivation initiatives,https://openalex.org/W3095988084,https://doi.org/10.1016/j.ijresmar.2023.05.001,2023,article,1
International Journal of Research in Marketing,Converging vs diverging: The effect of visual representation of goal structure on financial decisions,https://openalex.org/W4303648445,https://doi.org/10.1016/j.ijresmar.2022.09.003,2023,article,1
International Journal of Research in Marketing,Managing service shutdowns: Cash refunds or vouchers?,https://openalex.org/W4310071244,https://doi.org/10.1016/j.ijresmar.2022.11.002,2023,article,1
International Journal of Research in Marketing,Detrimental effects of anthropomorphism on the perceived physical safety of artificial agents in dangerous situations,https://openalex.org/W4384937940,https://doi.org/10.1016/j.ijresmar.2023.07.002,2023,article,1
International Journal of Research in Marketing,Reported and communicated shifts in strategic emphasis and firm performance,https://openalex.org/W4385707653,https://doi.org/10.1016/j.ijresmar.2023.08.006,2023,article,1
International Journal of Research in Marketing,How video conferencing promotes preferences for self-enhancement products,https://openalex.org/W4386788323,https://doi.org/10.1016/j.ijresmar.2023.09.001,2023,article,1
International Journal of Research in Marketing,"Financial projections in innovation selection: The role of scenario presentation, expertise, and risk",https://openalex.org/W3206346783,https://doi.org/10.1016/j.ijresmar.2021.10.009,2022,article,3
International Journal of Research in Marketing,How does regulatory monitoring of cause marketing affect firm behavior and donations to charity?,https://openalex.org/W4205739852,https://doi.org/10.1016/j.ijresmar.2022.01.003,2022,article,3
International Journal of Research in Marketing,Brand effect on extended warranty valuation: Subjective value versus popularity,https://openalex.org/W4206364253,https://doi.org/10.1016/j.ijresmar.2022.01.004,2022,article,3
International Journal of Research in Marketing,Designing successful temporary loyalty programs: An exploratory study on retailer and country differences,https://openalex.org/W4225006923,https://doi.org/10.1016/j.ijresmar.2022.04.005,2022,article,3
International Journal of Research in Marketing,Investigating the effect of status changes in review platforms,https://openalex.org/W4285810117,https://doi.org/10.1016/j.ijresmar.2022.07.001,2022,article,3
International Journal of Research in Marketing,How institutional logics shape fairness in crowdsourcing: The case of Threadless,https://openalex.org/W4307817912,https://doi.org/10.1016/j.ijresmar.2022.10.002,2022,article,3
International Journal of Research in Marketing,Are people less generous after a family member gives to charity? The interaction of self-construal and relationship type,https://openalex.org/W4309941914,https://doi.org/10.1016/j.ijresmar.2022.11.003,2022,article,3
International Journal of Research in Marketing,The motivational dynamics of arousal and values in promoting sustainable behavior: A cognitive energetics perspective,https://openalex.org/W4313334126,https://doi.org/10.1016/j.ijresmar.2022.12.004,2022,article,3
International Journal of Research in Marketing,Satiation and cross promotion: Selling and swapping users in mobile games,https://openalex.org/W4313543290,https://doi.org/10.1016/j.ijresmar.2022.12.001,2022,article,3
International Journal of Research in Marketing,Category expansion through cross-channel demand spillovers,https://openalex.org/W4378211537,https://doi.org/10.1016/j.ijresmar.2023.05.002,2023,article,1
International Journal of Research in Marketing,Investigating the impact of service line formats on satisfaction with waiting,https://openalex.org/W3118124772,https://doi.org/10.1016/j.ijresmar.2020.12.003,2020,article,4
International Journal of Research in Marketing,A generalized ordinal finite mixture regression model for market segmentation,https://openalex.org/W3131466129,https://doi.org/10.1016/j.ijresmar.2021.02.002,2021,article,4
International Journal of Research in Marketing,"The friluftsliv response: Connection, drive, and contentment reactions to biophilic design in consumer environments",https://openalex.org/W3207941053,https://doi.org/10.1016/j.ijresmar.2021.09.007,2021,article,4
International Journal of Research in Marketing,Consumers’ response to weak unique selling propositions: Implications for optimal product recommendation strategy,https://openalex.org/W3213037365,https://doi.org/10.1016/j.ijresmar.2021.11.003,2021,article,4
International Journal of Research in Marketing,"The effect of control deprivation on consumers’ adoption of no-pain, no-gain principle",https://openalex.org/W4200613966,https://doi.org/10.1016/j.ijresmar.2021.12.003,2021,article,4
International Journal of Research in Marketing,Stop arguing! How childhood exposure to interparental conflict affects consumer response toward product review dispersion,https://openalex.org/W4213333536,https://doi.org/10.1016/j.ijresmar.2022.02.006,2022,article,2
International Journal of Research in Marketing,Decomposing the effect of advertising: What happens in the retail channel?,https://openalex.org/W4292791089,https://doi.org/10.1016/j.ijresmar.2022.07.005,2022,article,2
International Journal of Research in Marketing,Taking care of you and me: How choosing for others impacts self-indulgence within family caregiving relationships,https://openalex.org/W3110690363,https://doi.org/10.1016/j.ijresmar.2020.10.008,2020,article,3
International Journal of Research in Marketing,How does customer recognition affect service provision?,https://openalex.org/W3133542167,https://doi.org/10.1016/j.ijresmar.2021.02.003,2021,article,3
International Journal of Research in Marketing,"Financial projections in innovation selection: The role of scenario presentation, expertise, and risk",https://openalex.org/W3206346783,https://doi.org/10.1016/j.ijresmar.2021.10.009,2021,article,3
International Journal of Research in Marketing,Incentives for learning: How free offers help or hinder motivation,https://openalex.org/W3206939494,https://doi.org/10.1016/j.ijresmar.2021.08.001,2021,article,3
International Journal of Research in Marketing,An empirical investigation of director selection in movie preproduction: A two-sided matching approach,https://openalex.org/W3213710705,https://doi.org/10.1016/j.ijresmar.2021.11.001,2021,article,3
International Journal of Research in Marketing,Too much of a good thing? The unforeseen cost of tags in online retailing,https://openalex.org/W3209349210,https://doi.org/10.1016/j.ijresmar.2021.10.004,2022,article,2
International Journal of Research in Marketing,"Flying with a net, and without: Preventative devices and self-control",https://openalex.org/W3004806085,https://doi.org/10.1016/j.ijresmar.2020.01.002,2020,article,2
International Journal of Research in Marketing,Who is the winner in an industry of innovation?,https://openalex.org/W3033561931,https://doi.org/10.1016/j.ijresmar.2020.05.001,2020,article,2
International Journal of Research in Marketing,Dynamics and peer effects of brand revenue in college sports,https://openalex.org/W3122250289,https://doi.org/10.1016/j.ijresmar.2020.02.003,2020,article,2
International Journal of Research in Marketing,Who is the winner in an industry of innovation?,https://openalex.org/W3033561931,https://doi.org/10.1016/j.ijresmar.2020.05.001,2021,article,2
International Journal of Research in Marketing,"Sweet or sweat, which should come first: How consumption sequences of vices and virtues influence enjoyment",https://openalex.org/W3137683695,https://doi.org/10.1016/j.ijresmar.2021.03.002,2021,article,2
International Journal of Research in Marketing,A good way to boost sales? Effects of the proportion of sold-out options on purchase behavior,https://openalex.org/W3159891676,https://doi.org/10.1016/j.ijresmar.2021.04.002,2021,article,2
International Journal of Research in Marketing,Too much of a good thing? The unforeseen cost of tags in online retailing,https://openalex.org/W3209349210,https://doi.org/10.1016/j.ijresmar.2021.10.004,2021,article,2
International Journal of Research in Marketing,The differential effects of time and usage on the brand premiums of automobiles,https://openalex.org/W3177146364,https://doi.org/10.1016/j.ijresmar.2021.06.007,2022,article,1
International Journal of Research in Marketing,Introduction: Global marketing strategy,https://openalex.org/W4211101287,https://doi.org/10.1016/j.ijresmar.2022.02.005,2022,article,1
International Journal of Research in Marketing,Cross-reward effects in a coalition loyalty program: The impact of a point currency devaluation,https://openalex.org/W4294770524,https://doi.org/10.1016/j.ijresmar.2022.08.003,2022,article,1
International Journal of Research in Marketing,Converging vs diverging: The effect of visual representation of goal structure on financial decisions,https://openalex.org/W4303648445,https://doi.org/10.1016/j.ijresmar.2022.09.003,2022,article,1
International Journal of Research in Marketing,Managing service shutdowns: Cash refunds or vouchers?,https://openalex.org/W4310071244,https://doi.org/10.1016/j.ijresmar.2022.11.002,2022,article,1
International Journal of Research in Marketing,Estimating the effect of brand beliefs on brand evaluations when beliefs are measured with error,https://openalex.org/W4321768899,https://doi.org/10.1016/j.ijresmar.2023.02.002,2023,article,0
International Journal of Research in Marketing,Winner of the 2023 Jan-Benedict E.M. Steenkamp Award for Long-Term Impact,https://openalex.org/W4380154358,https://doi.org/10.1016/s0167-8116(23)00027-7,2023,article,0
International Journal of Research in Marketing,Winner 2022 IJRM Best Article,https://openalex.org/W4380200982,https://doi.org/10.1016/s0167-8116(23)00028-9,2023,article,0
International Journal of Research in Marketing,Outstanding IJRM Area Editors and Reviewers,https://openalex.org/W4380201135,https://doi.org/10.1016/s0167-8116(23)00026-5,2023,article,0
International Journal of Research in Marketing,Sending mixed signals: How congruent versus incongruent signals of popularity affect product appeal,https://openalex.org/W4386380131,https://doi.org/10.1016/j.ijresmar.2023.08.008,2023,article,0
International Journal of Research in Marketing,Mobile ad fraud: Empirical patterns in publisher and advertising campaign data,https://openalex.org/W4387125603,https://doi.org/10.1016/j.ijresmar.2023.09.003,2023,article,0
International Journal of Research in Marketing,Announcement: New IJRM Editor,https://openalex.org/W4388817097,https://doi.org/10.1016/s0167-8116(23)00078-2,2023,article,0
International Journal of Research in Marketing,How Mortality Salience Hurts Brands with Different Personalities,https://openalex.org/W4389117372,https://doi.org/10.1016/j.ijresmar.2023.11.002,2023,article,0
International Journal of Research in Marketing,Separating substitution and psychological effects of price with a two-step conjoint approach: Application to luxury goods,https://openalex.org/W4389522364,https://doi.org/10.1016/j.ijresmar.2023.12.001,2023,article,0
International Journal of Research in Marketing,Navigating the Double-Edged Sword: Executive hubris and its impact on customer acquisition and retention,https://openalex.org/W4389956303,https://doi.org/10.1016/j.ijresmar.2023.12.002,2023,article,0
International Journal of Research in Marketing,Branded Response to Generic Entry: Detailing Beyond the Patent Cliff,https://openalex.org/W4390064377,https://doi.org/10.1016/j.ijresmar.2023.12.004,2023,article,0
International Journal of Research in Marketing,An economic analysis of demand of the very poor,https://openalex.org/W3004656743,https://doi.org/10.1016/j.ijresmar.2020.01.003,2020,article,1
International Journal of Research in Marketing,Announcement: Winner of 2021 Jan-Benedict Steenkamp Award for Long-Term Impact,https://openalex.org/W3176826984,https://doi.org/10.1016/j.ijresmar.2021.06.002,2021,article,1
International Journal of Research in Marketing,The differential effects of time and usage on the brand premiums of automobiles,https://openalex.org/W3177146364,https://doi.org/10.1016/j.ijresmar.2021.06.007,2021,article,1
International Journal of Research in Marketing,Stay positive or go negative? Memory imperfections and messaging strategy,https://openalex.org/W4206133230,https://doi.org/10.1016/j.ijresmar.2022.01.001,2022,article,0
International Journal of Research in Marketing,Winner of the 2022 Jan-Benedict E.M. Steenkamp Award for Long-Term Impact,https://openalex.org/W4281641906,https://doi.org/10.1016/j.ijresmar.2022.05.002,2022,article,0
International Journal of Research in Marketing,Outstanding IJRM Area Editors and Reviewers,https://openalex.org/W4281768058,https://doi.org/10.1016/j.ijresmar.2022.05.001,2022,article,0
International Journal of Research in Marketing,Winner of the 2021 IJRM Best Paper Award,https://openalex.org/W4281839325,https://doi.org/10.1016/j.ijresmar.2022.05.003,2022,article,0
International Journal of Research in Marketing,Design of product quality scales for conveying information by infomediaries,https://openalex.org/W4285806243,https://doi.org/10.1016/j.ijresmar.2022.07.002,2022,article,0
International Journal of Research in Marketing,IJRM special section introduction: EMAC distinguished marketing scholar papers,https://openalex.org/W3004634783,https://doi.org/10.1016/j.ijresmar.2020.01.006,2020,article,0
International Journal of Research in Marketing,Note: A new approach to the modeling of spatially dependent and heterogeneous geographical regions,https://openalex.org/W3110905992,https://doi.org/10.1016/j.ijresmar.2020.11.005,2020,article,0
International Journal of Research in Marketing,Violation behavior in vertical restraint: Empirical analyses in the case of retail price maintenance,https://openalex.org/W3112709711,https://doi.org/10.1016/j.ijresmar.2020.12.001,2020,article,0
International Journal of Research in Marketing,Announcement: Winner 2020 IJRM Best Article,https://openalex.org/W3174775488,https://doi.org/10.1016/j.ijresmar.2021.06.003,2021,article,0
International Journal of Research in Marketing,2021 Outstanding IJRM Area Editors and Reviewers,https://openalex.org/W3176175133,https://doi.org/10.1016/j.ijresmar.2021.06.001,2021,article,0
International Journal of Research in Marketing,Reflections from (Past) Editors,https://openalex.org/W3217668724,https://doi.org/10.1016/j.ijresmar.2021.11.006,2021,article,0
