source_journal,work_title,work_oaid,DOI,pub_year,work_type,all_cited_by_count
International Journal of Research in Marketing,The use of lisrel in validating marketing constructs,https://openalex.org/W1988065538,https://doi.org/10.1016/0167-8116(91)90027-5,1991,article,1824
International Journal of Research in Marketing,Consumer evaluations of new technology-based self-service options: An investigation of alternative models of service quality,https://openalex.org/W2046669440,https://doi.org/10.1016/0167-8116(95)00027-5,1996,article,1558
International Journal of Research in Marketing,Decomposition and crossover effects in the theory of planned behavior: A study of consumer adoption intentions,https://openalex.org/W2016029582,https://doi.org/10.1016/0167-8116(94)00019-k,1995,article,1328
International Journal of Research in Marketing,The effects of trust and interdependence on relationship commitment: A trans-Atlantic study,https://openalex.org/W2023550987,https://doi.org/10.1016/s0167-8116(96)00006-7,1996,article,1255
International Journal of Research in Marketing,Developing a market orientation: An organizational strategy perspective,https://openalex.org/W2032359204,https://doi.org/10.1016/0167-8116(92)90019-h,1992,article,1238
International Journal of Research in Marketing,Generalizations about trust in marketing channel relationships using meta-analysis,https://openalex.org/W2110612952,https://doi.org/10.1016/s0167-8116(98)00002-0,1998,article,884
International Journal of Research in Marketing,Retail relationships and store loyalty: A multi-level perspective,https://openalex.org/W1986024564,https://doi.org/10.1016/s0167-8116(97)00030-x,1997,article,795
International Journal of Research in Marketing,Loyalty programs and their impact on repeat-purchase loyalty patterns,https://openalex.org/W2067755834,https://doi.org/10.1016/s0167-8116(97)00022-0,1997,article,760
International Journal of Research in Marketing,Reviving brand loyalty: A reconceptualization within the framework of consumer-brand relationships,https://openalex.org/W1973844561,https://doi.org/10.1016/s0167-8116(97)00021-9,1997,article,650
International Journal of Research in Marketing,Characteristics of memory associations: A consumer-based brand equity perspective,https://openalex.org/W2098530874,https://doi.org/10.1016/s0167-8116(96)00021-3,1996,article,600
International Journal of Research in Marketing,Advances in international marketing,https://openalex.org/W1965699657,https://doi.org/10.1016/0167-8116(92)90002-3,1992,article,597
International Journal of Research in Marketing,Measuring subjective meaning structures by the laddering method: Theoretical considerations and methodological problems,https://openalex.org/W1984695681,https://doi.org/10.1016/0167-8116(95)00022-t,1995,article,586
International Journal of Research in Marketing,Measuring brand value with scanner data,https://openalex.org/W3121146389,https://doi.org/10.1016/0167-8116(93)90030-3,1993,article,586
International Journal of Research in Marketing,Exploratory consumer buying behavior: Conceptualization and measurement,https://openalex.org/W2035101023,https://doi.org/10.1016/0167-8116(95)00037-2,1996,article,553
International Journal of Research in Marketing,Visual attention during brand choice: The impact of time pressure and task motivation,https://openalex.org/W2234649517,https://doi.org/10.1016/s0167-8116(98)00022-6,1999,article,537
International Journal of Research in Marketing,A means-end chain approach to consumer goal structures,https://openalex.org/W1980187546,https://doi.org/10.1016/0167-8116(95)00023-u,1995,article,488
International Journal of Research in Marketing,Commercial use of conjoint analysis in Europe: Results and critical reflections,https://openalex.org/W1983799481,https://doi.org/10.1016/0167-8116(94)90033-7,1994,article,438
International Journal of Research in Marketing,Postmodernity: The age of marketing,https://openalex.org/W2082082625,https://doi.org/10.1016/0167-8116(93)90009-n,1993,article,416
International Journal of Research in Marketing,Replications and extensions in marketing: Rarely published but quite contrary,https://openalex.org/W3021602021,https://doi.org/10.1016/0167-8116(94)90003-5,1994,article,405
International Journal of Research in Marketing,Discrete choice models with latent choice sets,https://openalex.org/W2051508741,https://doi.org/10.1016/0167-8116(95)00002-j,1995,article,385
International Journal of Research in Marketing,Market response models: Econometric and time series analysis,https://openalex.org/W225995850,https://doi.org/10.1016/0167-8116(91)90024-2,1991,article,377
International Journal of Research in Marketing,Network configuration and innovation success: An empirical analysis in German high-tech industries,https://openalex.org/W2029085102,https://doi.org/10.1016/s0167-8116(96)00026-2,1996,article,376
International Journal of Research in Marketing,Brand equity and the extendibility of brand names,https://openalex.org/W2066560646,https://doi.org/10.1016/0167-8116(93)90034-v,1993,article,368
International Journal of Research in Marketing,The effect of consumer price consciousness on private label purchase,https://openalex.org/W1969135163,https://doi.org/10.1016/s0167-8116(99)00013-0,1999,article,375
International Journal of Research in Marketing,Country of origin: A competitive advantage?,https://openalex.org/W3121621623,https://doi.org/10.1016/s0167-8116(99)00017-8,1999,article,363
International Journal of Research in Marketing,Decline and variability in brand loyalty,https://openalex.org/W2166475989,https://doi.org/10.1016/s0167-8116(97)00020-7,1997,article,349
International Journal of Research in Marketing,"Store atmosphere, mood and purchasing behavior",https://openalex.org/W2057555830,https://doi.org/10.1016/s0167-8116(96)00015-8,1997,article,338
International Journal of Research in Marketing,The influence of in-store lighting on consumers' examination of merchandise in a wine store,https://openalex.org/W2031964465,https://doi.org/10.1016/0167-8116(94)90023-x,1994,article,324
International Journal of Research in Marketing,Effects of waiting on the satisfaction with the service: Beyond objective time measures,https://openalex.org/W2152815552,https://doi.org/10.1016/s0167-8116(98)00008-1,1998,article,315
International Journal of Research in Marketing,The equalization price: A measure of consumer-perceived brand equity,https://openalex.org/W1993598064,https://doi.org/10.1016/0167-8116(93)90031-s,1993,article,288
International Journal of Research in Marketing,Dependence relations and the moderating role of trust: implications for behavioral intentions in marketing channels,https://openalex.org/W2006843861,https://doi.org/10.1016/0167-8116(94)00020-o,1995,article,284
International Journal of Research in Marketing,The dynamics of the service delivery process: A value-based approach,https://openalex.org/W2169663002,https://doi.org/10.1016/s0167-8116(97)00004-9,1997,article,272
International Journal of Research in Marketing,"Commercial and interpersonal relationships; Using the structure of interpersonal relationships to understand individual-to-individual, individual-to-firm, and firm-to-firm relationships in commerce",https://openalex.org/W3121814471,https://doi.org/10.1016/0167-8116(95)00034-8,1996,article,258
International Journal of Research in Marketing,Brand equity: Snark or boojum?,https://openalex.org/W2087771856,https://doi.org/10.1016/0167-8116(93)90036-x,1993,article,255
International Journal of Research in Marketing,An investigation into the association pattern technique as a quantitative approach to measuring means-end chains,https://openalex.org/W1994621879,https://doi.org/10.1016/s0167-8116(97)00029-3,1998,article,250
International Journal of Research in Marketing,Research for product positioning and design decisions: An integrative review,https://openalex.org/W2091071785,https://doi.org/10.1016/0167-8116(94)00018-2,1995,article,244
International Journal of Research in Marketing,Development and cross-cultural validation of a short form of CSI as a measure of optimum stimulation level,https://openalex.org/W1963819395,https://doi.org/10.1016/0167-8116(93)e0035-8,1995,article,240
International Journal of Research in Marketing,Applying latent trait analysis in the evaluation of prospects for cross-selling of financial services,https://openalex.org/W3121182017,https://doi.org/10.1016/0167-8116(91)90030-b,1991,article,238
International Journal of Research in Marketing,A comparative image analysis of domestic versus imported products,https://openalex.org/W2055174974,https://doi.org/10.1016/0167-8116(90)90005-8,1990,article,233
International Journal of Research in Marketing,"Investigating the relationships among sales, management control, sales territory design, salesperson performance, and sales organization effectiveness",https://openalex.org/W1993055095,https://doi.org/10.1016/s0167-8116(96)00016-x,1996,article,230
International Journal of Research in Marketing,The effect of channel relationships and guanxi on the performance of inter-province export ventures in the People's Republic of China,https://openalex.org/W2030463398,https://doi.org/10.1016/s0167-8116(98)00011-1,1999,article,216
International Journal of Research in Marketing,Waterfall and sprinkler new-product strategies in competitive global markets,https://openalex.org/W2061330884,https://doi.org/10.1016/0167-8116(94)00008-c,1995,article,204
International Journal of Research in Marketing,The effects of price bundling on consumer evaluations of product offerings,https://openalex.org/W2013301825,https://doi.org/10.1016/s0167-8116(99)00004-x,1999,article,199
International Journal of Research in Marketing,The changing dynamic of consumer behavior: implications for cross-cultural research,https://openalex.org/W1982070591,https://doi.org/10.1016/s0167-8116(97)00026-8,1997,article,196
International Journal of Research in Marketing,External moderation of associations among stakeholder orientations and company performance,https://openalex.org/W2037668042,https://doi.org/10.1016/s0167-8116(97)00018-9,1998,article,195
International Journal of Research in Marketing,Consumer evaluations of brand extensions: Further empirical results,https://openalex.org/W1973916720,https://doi.org/10.1016/0167-8116(93)90032-t,1993,article,184
International Journal of Research in Marketing,On the use of structural equation models in experimental designs: Two extensions,https://openalex.org/W2126464680,https://doi.org/10.1016/0167-8116(91)90020-8,1991,article,177
International Journal of Research in Marketing,If looks could sell: Moderation and mediation of the attractiveness effect on salesperson performance,https://openalex.org/W3125032553,https://doi.org/10.1016/s0167-8116(99)00014-2,1999,article,189
International Journal of Research in Marketing,A process for evaluating retail store efficiency: a restricted DEA approach,https://openalex.org/W1968611859,https://doi.org/10.1016/s0167-8116(98)00021-4,1998,article,178
International Journal of Research in Marketing,The formation of attitudes towards brand extensions: Testing and generalising Aaker and Keller's model,https://openalex.org/W2059993778,https://doi.org/10.1016/s0167-8116(96)00018-3,1996,article,178
International Journal of Research in Marketing,Improving the graphic representation of means-end results,https://openalex.org/W2083044387,https://doi.org/10.1016/0167-8116(95)00024-v,1995,article,174
International Journal of Research in Marketing,Retail marketing: From distribution to integration,https://openalex.org/W2079685258,https://doi.org/10.1016/s0167-8116(96)00031-6,1997,article,173
International Journal of Research in Marketing,Construct validation of a measure of adaptive-innovative cognitive styles in consumption,https://openalex.org/W2088266754,https://doi.org/10.1016/0167-8116(96)00010-9,1996,article,171
International Journal of Research in Marketing,Do retail store environmental factors affect consumers' price acceptability? An empirical examination,https://openalex.org/W2036245818,https://doi.org/10.1016/0167-8116(94)90022-1,1994,article,166
International Journal of Research in Marketing,Estimation of product category sales responsiveness to allocated shelf space,https://openalex.org/W2039859761,https://doi.org/10.1016/s0167-8116(98)00018-4,1998,article,166
International Journal of Research in Marketing,Discriminating between measurement scales using non-nested tests and two-stage least squares estimators: The case of market orientation,https://openalex.org/W2081204256,https://doi.org/10.1016/s0167-8116(98)00007-x,1998,article,164
International Journal of Research in Marketing,The effects of in-store displays and feature advertising on consideration sets,https://openalex.org/W2086514128,https://doi.org/10.1016/0167-8116(95)00006-n,1995,article,160
International Journal of Research in Marketing,A means-end analysis of brand persuasion through advertising,https://openalex.org/W1964844242,https://doi.org/10.1016/0167-8116(95)00025-w,1995,article,159
International Journal of Research in Marketing,Competitive reaction versus consumer response: Do managers overreact?,https://openalex.org/W2016843850,https://doi.org/10.1016/0167-8116(96)00003-1,1996,article,159
International Journal of Research in Marketing,Concomitant variable latent class models for conjoint analysis,https://openalex.org/W3122987780,https://doi.org/10.1016/0167-8116(94)00004-2,1994,article,152
International Journal of Research in Marketing,Exploiting the installed base using cross-merchandising and category destination programs,https://openalex.org/W2040547558,https://doi.org/10.1016/s0167-8116(98)00017-2,1998,article,151
International Journal of Research in Marketing,Diagnosing competitive reactions using (aggregated) scanner data,https://openalex.org/W2045467533,https://doi.org/10.1016/0167-8116(92)90028-j,1992,article,150
International Journal of Research in Marketing,"A model of recycling behaviour, with evidence from Danish source separation programmes",https://openalex.org/W2060876390,https://doi.org/10.1016/0167-8116(94)90025-6,1994,article,149
International Journal of Research in Marketing,Consumer's means-end chains for “think” and “feel” products,https://openalex.org/W1986214070,https://doi.org/10.1016/0167-8116(95)00021-s,1995,article,146
International Journal of Research in Marketing,Source effects in purchase decisions: The impact of physical attractiveness and accent of salesperson,https://openalex.org/W2036201466,https://doi.org/10.1016/0167-8116(95)00036-4,1996,article,145
International Journal of Research in Marketing,Prices and pricing research in consumer marketing: Some recent developments,https://openalex.org/W2075369688,https://doi.org/10.1016/0167-8116(93)90001-f,1993,article,142
International Journal of Research in Marketing,"Postmodernism, feminism, and the body: The visible and the invisible in consumer research",https://openalex.org/W2002215042,https://doi.org/10.1016/0167-8116(94)90011-6,1994,article,139
International Journal of Research in Marketing,Authenticity and the textual persona: postmodern paradoxes in advertising narrative,https://openalex.org/W1985378424,https://doi.org/10.1016/0167-8116(94)90014-0,1994,article,135
International Journal of Research in Marketing,Product class effects on perceived risk: The role of emotion,https://openalex.org/W2012737400,https://doi.org/10.1016/s0167-8116(97)00039-6,1998,article,133
International Journal of Research in Marketing,The variability of attitudinal repeat-rates,https://openalex.org/W2074034057,https://doi.org/10.1016/s0167-8116(97)00023-2,1997,article,131
International Journal of Research in Marketing,Effects of portfolio planning methods on decision making: Experimental results,https://openalex.org/W3122219908,https://doi.org/10.1016/0167-8116(94)90035-3,1994,article,129
International Journal of Research in Marketing,Incorporating distribution into new product diffusion models,https://openalex.org/W2131272386,https://doi.org/10.1016/0167-8116(91)90018-3,1991,article,128
International Journal of Research in Marketing,What is the role of consideration sets in choice modeling?,https://openalex.org/W1963633085,https://doi.org/10.1016/0167-8116(95)00004-l,1995,article,126
International Journal of Research in Marketing,Strategic brand management: New approaches to creating and evaluating brand equity,https://openalex.org/W2921911089,https://doi.org/10.1016/0167-8116(93)90038-z,1993,article,125
International Journal of Research in Marketing,The impact of congruity between brand name and country of production on consumers' product quality judgments,https://openalex.org/W1993726675,https://doi.org/10.1016/s0167-8116(99)00011-7,1999,article,118
International Journal of Research in Marketing,"Is your brand's loyalty too much, too little, or just right?: Explaining deviations in loyalty from the Dirichlet norm",https://openalex.org/W2002572519,https://doi.org/10.1016/s0167-8116(97)00024-4,1997,article,115
International Journal of Research in Marketing,Consideration sets of size one: An empirical investigation of automobile purchases,https://openalex.org/W1997294663,https://doi.org/10.1016/0167-8116(95)00005-m,1995,article,114
International Journal of Research in Marketing,Capturing the dynamics of in-process consumption emotions and satisfaction in extended service transactions,https://openalex.org/W2010207401,https://doi.org/10.1016/s0167-8116(98)00009-3,1998,article,114
International Journal of Research in Marketing,Message strategy by product-class type: A matching model,https://openalex.org/W2036522361,https://doi.org/10.1016/0167-8116(96)00005-5,1996,article,110
International Journal of Research in Marketing,Provocation in advertising: A conceptualization and an empirical assessment,https://openalex.org/W2076977965,https://doi.org/10.1016/s0167-8116(97)00002-5,1997,article,110
International Journal of Research in Marketing,Managing brand equity: Capitalizing on the value of a brand name,https://openalex.org/W2734762201,https://doi.org/10.1016/0167-8116(93)90037-y,1993,article,109
International Journal of Research in Marketing,Specifying competitive effects in diffusion models: An empirical analysis,https://openalex.org/W2003577594,https://doi.org/10.1016/0167-8116(94)90032-9,1994,article,108
International Journal of Research in Marketing,Advances in international marketing,https://openalex.org/W4236770528,https://doi.org/10.1016/0167-8116(92)90003-4,1992,article,108
International Journal of Research in Marketing,Generic marketing strategies,https://openalex.org/W1978954210,https://doi.org/10.1016/0167-8116(92)90030-o,1992,article,106
International Journal of Research in Marketing,Perceived risk: A cross-cultural phenomenon?,https://openalex.org/W2039247716,https://doi.org/10.1016/0167-8116(90)90007-a,1990,article,105
International Journal of Research in Marketing,Assessing long-term promotional influences on market structure,https://openalex.org/W2073388035,https://doi.org/10.1016/s0167-8116(97)00041-4,1998,article,105
International Journal of Research in Marketing,Comparing covariance structure models: A general methodology,https://openalex.org/W2034319269,https://doi.org/10.1016/0167-8116(95)00014-0,1995,article,102
International Journal of Research in Marketing,Incumbent defense strategies against new product entry,https://openalex.org/W2041499224,https://doi.org/10.1016/s0167-8116(96)00035-3,1997,article,101
International Journal of Research in Marketing,"Network marketing organizations: Compensation plans, retail network growth, and profitability",https://openalex.org/W2071461260,https://doi.org/10.1016/s0167-8116(98)00014-7,1998,article,100
International Journal of Research in Marketing,Planning and performance assessment of industrial trade shows: An exploratory study,https://openalex.org/W2082697592,https://doi.org/10.1016/0167-8116(92)90018-g,1992,article,97
International Journal of Research in Marketing,An approach for determination of warranty length,https://openalex.org/W1968588371,https://doi.org/10.1016/0167-8116(92)90037-l,1992,article,95
International Journal of Research in Marketing,Price setting and the value of a strong brand name,https://openalex.org/W1981065418,https://doi.org/10.1016/0167-8116(93)90020-y,1993,article,94
International Journal of Research in Marketing,Consumer purchase behaviors associated with active and passive deal-proneness,https://openalex.org/W2034857172,https://doi.org/10.1016/0167-8116(91)90012-v,1991,article,93
International Journal of Research in Marketing,Heterogeneity and purchase event feedback in choice models: An empirical analysis with implications for model building,https://openalex.org/W1971304067,https://doi.org/10.1016/s0167-8116(99)00010-5,1999,article,101
International Journal of Research in Marketing,Developing international strategic alliances between exporters and importers: The case of Australian exporters,https://openalex.org/W2088903018,https://doi.org/10.1016/s0167-8116(98)00010-x,1998,article,98
International Journal of Research in Marketing,In search of generic launch strategies for new products,https://openalex.org/W2066370665,https://doi.org/10.1016/s0167-8116(98)00004-4,1998,article,97
International Journal of Research in Marketing,"Marketing decision support systems: Adoption, use, and satisfaction",https://openalex.org/W2144075811,https://doi.org/10.1016/s0167-8116(97)00009-8,1997,article,95
International Journal of Research in Marketing,A model of inertia and variety-seeking with marketing variables,https://openalex.org/W2082495571,https://doi.org/10.1016/s0167-8116(97)00015-3,1998,article,89
International Journal of Research in Marketing,"The relationships among arousal potential, arousal and stimulus evaluation, and the moderating role of need for stimulation",https://openalex.org/W1975250473,https://doi.org/10.1016/s0167-8116(96)00013-4,1996,article,87
International Journal of Research in Marketing,The impact of children's affective reactions elicited by commercials on attitudes toward the advertisement and the brand,https://openalex.org/W2044846907,https://doi.org/10.1016/s0167-8116(97)00003-7,1997,article,86
International Journal of Research in Marketing,Strategic orientation and corporate performance,https://openalex.org/W2058056640,https://doi.org/10.1016/0167-8116(92)90029-k,1992,article,86
International Journal of Research in Marketing,Benefit salience and consumers' selective attention to product features,https://openalex.org/W2087142622,https://doi.org/10.1016/s0167-8116(97)00007-4,1997,article,86
International Journal of Research in Marketing,Warmth during non-productive retail encounters: the hidden side of productivity,https://openalex.org/W2007246684,https://doi.org/10.1016/s0167-8116(98)00016-0,1998,article,85
International Journal of Research in Marketing,Mixed Markov and latent Markov modelling applied to brand choice behaviour,https://openalex.org/W1983169436,https://doi.org/10.1016/0167-8116(90)90028-l,1990,article,84
International Journal of Research in Marketing,"Beyond the one-dimensional marketing manager: The discourse of theory, practice and relevance",https://openalex.org/W1990627380,https://doi.org/10.1016/s0167-8116(96)00036-5,1997,article,84
International Journal of Research in Marketing,On determinants of joint action in industrial distributor–supplier relationships: Beyond economic efficiency,https://openalex.org/W1966577149,https://doi.org/10.1016/s0167-8116(99)00012-9,1999,article,83
International Journal of Research in Marketing,Interpreting cross-cultural replications of brand extension research,https://openalex.org/W2035271076,https://doi.org/10.1016/0167-8116(93)90033-u,1993,article,80
International Journal of Research in Marketing,The changing consumer in the European Union: A “meta-analysis”,https://openalex.org/W2063948612,https://doi.org/10.1016/0167-8116(95)00031-3,1995,article,79
International Journal of Research in Marketing,Industrial innovation and firm performance: A re-conceptualization and exploratory structural equation analysis,https://openalex.org/W1970309812,https://doi.org/10.1016/0167-8116(93)90019-u,1993,article,75
International Journal of Research in Marketing,"Consumer self-gifts in achievement contexts: the role of outcomes, attributions, emotions, and deservingness",https://openalex.org/W2039659204,https://doi.org/10.1016/s0167-8116(98)00006-8,1998,article,78
International Journal of Research in Marketing,Markets as networks: Editorial introduction,https://openalex.org/W2008444534,https://doi.org/10.1016/s0167-8116(96)00027-4,1996,article,76
International Journal of Research in Marketing,The effects of alternative methods of collecting similarity data for Multidimensional Scaling,https://openalex.org/W2084804872,https://doi.org/10.1016/0167-8116(95)00012-7,1995,article,76
International Journal of Research in Marketing,A decision support model for the planning and assessment of export promotion activities by government export promotion institutions — the Belgian case,https://openalex.org/W1979624682,https://doi.org/10.1016/0167-8116(94)00021-f,1995,article,73
International Journal of Research in Marketing,Societal innovations and the postmodern aestheticization of everyday life,https://openalex.org/W1976986985,https://doi.org/10.1016/0167-8116(93)90012-n,1993,article,72
International Journal of Research in Marketing,Market share and ROI: Observing the effect of unobserved variables,https://openalex.org/W2049848139,https://doi.org/10.1016/s0167-8116(98)00012-3,1999,article,71
International Journal of Research in Marketing,Postmodernism and the marketing imaginary,https://openalex.org/W1988931719,https://doi.org/10.1016/0167-8116(93)90007-l,1993,article,70
International Journal of Research in Marketing,Pioneering new markets: A comparison of market share winners and losers,https://openalex.org/W2053234177,https://doi.org/10.1016/0167-8116(92)90026-h,1992,article,70
International Journal of Research in Marketing,Measuring the sources of marketing channel power: A comparison of alternative approaches,https://openalex.org/W1972948896,https://doi.org/10.1016/0167-8116(94)00023-6,1995,article,69
International Journal of Research in Marketing,Crossing boundaries/drawing lines: A look at the nature of gender boundaries and their impact on marketing research,https://openalex.org/W2085697324,https://doi.org/10.1016/0167-8116(94)90012-4,1994,article,69
International Journal of Research in Marketing,Guaranteed profit margins: A demonstration of retailer power,https://openalex.org/W1992872265,https://doi.org/10.1016/s0167-8116(96)00029-8,1997,article,68
International Journal of Research in Marketing,The metric quality of full-profile judgments and the number-of-attribute-levels effect in conjoint analysis,https://openalex.org/W2058230986,https://doi.org/10.1016/0167-8116(94)90006-x,1994,article,66
International Journal of Research in Marketing,Studying consideration in the consumer decision process: Progress and challenges,https://openalex.org/W2084614410,https://doi.org/10.1016/0167-8116(95)00008-p,1995,article,66
International Journal of Research in Marketing,Adaptive conjoint analysis versus selfexplicated models: Some empirical results,https://openalex.org/W2076797683,https://doi.org/10.1016/0167-8116(91)90021-x,1991,article,63
International Journal of Research in Marketing,The effects of fatigue on judgments of interproduct similarity,https://openalex.org/W1991071465,https://doi.org/10.1016/0167-8116(90)90030-q,1990,article,62
International Journal of Research in Marketing,Individual differences in response to consumer promotions,https://openalex.org/W2066934586,https://doi.org/10.1016/0167-8116(91)90010-5,1991,article,61
International Journal of Research in Marketing,What evokes the brand or store? Consumer research on accessibility theory applied to modeling primary choice,https://openalex.org/W1978108793,https://doi.org/10.1016/s0167-8116(96)00037-7,1997,article,64
International Journal of Research in Marketing,Importance and similarity in the evolving citation network of the International Journal of Research in Marketing,https://openalex.org/W2098052370,https://doi.org/10.1016/s0167-8116(99)00008-7,1999,article,64
International Journal of Research in Marketing,A feminist poststructuralist analysis of the rhetoric of marketing relationships,https://openalex.org/W2036308326,https://doi.org/10.1016/0167-8116(94)90010-8,1994,article,60
International Journal of Research in Marketing,The influence of the market orientation of the firm on sales force behavior and attitudes: Further empirical results,https://openalex.org/W1979973631,https://doi.org/10.1016/0167-8116(96)00011-0,1996,article,59
International Journal of Research in Marketing,Modeling the international gray market for public policy decisions,https://openalex.org/W2007685651,https://doi.org/10.1016/0167-8116(93)90021-p,1993,article,59
International Journal of Research in Marketing,Analyzing channel structures of business markets via the structure-output paradigm,https://openalex.org/W2027706300,https://doi.org/10.1016/0167-8116(95)00035-6,1996,article,58
International Journal of Research in Marketing,Christmas shopping scenes: From modern miracle to postmodern mall,https://openalex.org/W2021508127,https://doi.org/10.1016/0167-8116(93)90011-m,1993,article,57
International Journal of Research in Marketing,Political actions in business networks a Swedish case,https://openalex.org/W2024670253,https://doi.org/10.1016/s0167-8116(96)00024-9,1996,article,57
International Journal of Research in Marketing,Determination of the dominant means-end chains: A constrained clustering approach,https://openalex.org/W2025004945,https://doi.org/10.1016/0167-8116(95)00026-x,1995,article,56
International Journal of Research in Marketing,Advertising and the stability of consideration sets over multiple purchase occasions,https://openalex.org/W2037542060,https://doi.org/10.1016/0167-8116(95)00007-o,1995,article,56
International Journal of Research in Marketing,Optimal pricing of successive generations of product advances,https://openalex.org/W2084859237,https://doi.org/10.1016/0167-8116(93)90004-i,1993,article,56
International Journal of Research in Marketing,Analysis of a sales force incentive plan for accurate sales forecasting and performance,https://openalex.org/W1998320490,https://doi.org/10.1016/0167-8116(90)90021-e,1990,article,51
International Journal of Research in Marketing,Problem-solving approach in an international context: Antecedents and outcome,https://openalex.org/W1967688069,https://doi.org/10.1016/s0167-8116(97)00028-1,1998,article,57
International Journal of Research in Marketing,Network analysis of a new export grouping scheme: The role of economic and non-economic relations,https://openalex.org/W1974076311,https://doi.org/10.1016/s0167-8116(96)00023-7,1996,article,54
International Journal of Research in Marketing,Collusive conduct in private label markets,https://openalex.org/W2091669607,https://doi.org/10.1016/s0167-8116(99)00005-1,1999,article,53
International Journal of Research in Marketing,Review,https://openalex.org/W1819289924,https://doi.org/10.1016/0167-8116(94)90001-9,1994,article,52
International Journal of Research in Marketing,A simultaneous model for innovative product categorysales diffusion and competitive dynamics,https://openalex.org/W1985570515,https://doi.org/10.1016/s0167-8116(98)00026-3,1999,article,52
International Journal of Research in Marketing,Modeling new product sales; an application of cointegration analysis,https://openalex.org/W1968930110,https://doi.org/10.1016/0167-8116(94)00013-1,1994,article,50
International Journal of Research in Marketing,"Postmodernism, marketing and the consumer",https://openalex.org/W2008357401,https://doi.org/10.1016/0167-8116(94)90009-4,1994,article,50
International Journal of Research in Marketing,Investigating the effects of marketing variables and unobserved heterogeneity in a multinomial probit model,https://openalex.org/W2045326160,https://doi.org/10.1016/0167-8116(95)00018-6,1996,article,50
International Journal of Research in Marketing,An empirical analysis of consumer durable replacement intentions,https://openalex.org/W2073291746,https://doi.org/10.1016/0167-8116(92)90021-c,1992,article,48
International Journal of Research in Marketing,Ecological validation of alternative customer-based brand strength measures,https://openalex.org/W2089523142,https://doi.org/10.1016/0167-8116(94)00022-4,1995,article,47
International Journal of Research in Marketing,The impact of the quality of a marketing decision support system: An experimental study,https://openalex.org/W2130292199,https://doi.org/10.1016/s0167-8116(96)00017-1,1996,article,47
International Journal of Research in Marketing,A network approach to strategy,https://openalex.org/W1992511293,https://doi.org/10.1016/s0167-8116(96)00025-0,1996,article,46
International Journal of Research in Marketing,Assessing consumer preferences in the context of new product diffusion,https://openalex.org/W2080434882,https://doi.org/10.1016/s0167-8116(97)00040-2,1998,article,46
International Journal of Research in Marketing,Skepticism about advertising: A comparison of East and West German consumers,https://openalex.org/W1967027878,https://doi.org/10.1016/0167-8116(96)00009-2,1996,article,45
International Journal of Research in Marketing,Marketing investment decisions in a dynamic duopoly: A model and empirical analysis,https://openalex.org/W1975444714,https://doi.org/10.1016/0167-8116(94)90007-8,1994,article,44
International Journal of Research in Marketing,"Re-coding gender representations: Women, cleaning products, and advertising's “New Man”",https://openalex.org/W2047333842,https://doi.org/10.1016/0167-8116(93)90013-o,1993,article,44
International Journal of Research in Marketing,Information-theoretic estimation of individual consideration set,https://openalex.org/W2053908269,https://doi.org/10.1016/0167-8116(95)00003-k,1995,article,44
International Journal of Research in Marketing,Factors affecting the structure of buying centers for the purchase of professional business advisory services,https://openalex.org/W2067172584,https://doi.org/10.1016/0167-8116(92)90022-d,1992,article,43
International Journal of Research in Marketing,Introduction to the special issue on brand equity,https://openalex.org/W2023400261,https://doi.org/10.1016/0167-8116(93)90029-x,1993,article,42
International Journal of Research in Marketing,Full-time vs. part-time salespeople,https://openalex.org/W1535551299,https://doi.org/10.1016/0167-8116(90)90014-e,1990,article,41
International Journal of Research in Marketing,Postpurchase hierarchies of effects: The antecedents and consequences of satisfaction for complainers versus non-complainers,https://openalex.org/W2064348805,https://doi.org/10.1016/0167-8116(91)90029-7,1991,article,41
International Journal of Research in Marketing,On the relative performance of linear versus nonlinear compensation plans,https://openalex.org/W2091092677,https://doi.org/10.1016/0167-8116(90)90019-j,1990,article,39
International Journal of Research in Marketing,On optimal salesforce compensation in the presence of production learning effects,https://openalex.org/W2070703293,https://doi.org/10.1016/0167-8116(90)90020-n,1990,article,38
International Journal of Research in Marketing,Judgments of brand similarity,https://openalex.org/W2075831560,https://doi.org/10.1016/s0167-8116(97)00035-9,1998,article,42
International Journal of Research in Marketing,"Interaction between target and mailing characteristics in direct marketing, with an application to health care fund raising",https://openalex.org/W2158164716,https://doi.org/10.1016/s0167-8116(97)00012-8,1997,article,41
International Journal of Research in Marketing,An exploratory investigation of the interdependence between marketing and operations functions in service firms,https://openalex.org/W2038362341,https://doi.org/10.1016/0167-8116(94)90031-0,1994,article,40
International Journal of Research in Marketing,Estimation of posterior probabilities of consumer situational choices with neural network classifiers,https://openalex.org/W2056308835,https://doi.org/10.1016/s0167-8116(99)00018-x,1999,article,40
International Journal of Research in Marketing,Collective stereographic photo essays: an integrated approach to probing consumption experiences in depth,https://openalex.org/W2120917942,https://doi.org/10.1016/s0167-8116(98)00003-2,1998,article,40
International Journal of Research in Marketing,Spectacular vernacular: Literacy and commercial culture in the postmodern age,https://openalex.org/W2012174438,https://doi.org/10.1016/0167-8116(93)90010-v,1993,article,39
International Journal of Research in Marketing,"Global marketing: Foreign entry, local marketing and global management",https://openalex.org/W2941125335,https://doi.org/10.1016/s0167-8116(97)89448-7,1997,article,39
International Journal of Research in Marketing,Rails without ties. The social imaginary and postmodern culture. Can postmodern consumption replace modern questioning?,https://openalex.org/W2061142842,https://doi.org/10.1016/0167-8116(94)90016-7,1994,article,38
International Journal of Research in Marketing,Hierarchical versus other market share models for markets with many items,https://openalex.org/W2171671001,https://doi.org/10.1016/s0167-8116(97)00017-7,1997,article,38
International Journal of Research in Marketing,The consumer-environment interaction: An introduction to the special issue,https://openalex.org/W1972322313,https://doi.org/10.1016/0167-8116(94)90021-3,1994,article,37
International Journal of Research in Marketing,Modern truth and postmodern incredulity: A hermeneutic deconstruction of the metanarrative of “scientific truth” in marketing research,https://openalex.org/W1979636356,https://doi.org/10.1016/0167-8116(93)90014-p,1993,article,37
International Journal of Research in Marketing,Attribute order and product familiarity effects in decision tasks using conjoint analysis,https://openalex.org/W2058378549,https://doi.org/10.1016/0167-8116(91)90019-4,1991,article,37
International Journal of Research in Marketing,"Attribute abstraction, feature-dimensionality, and the scaling of product similarities",https://openalex.org/W2085025461,https://doi.org/10.1016/0167-8116(92)90034-i,1992,article,37
International Journal of Research in Marketing,Network analyses of brand switching behavior,https://openalex.org/W3121516661,https://doi.org/10.1016/s0167-8116(96)00022-5,1996,article,37
International Journal of Research in Marketing,Heterogeneity in entry effects between nondurable consumer product categories,https://openalex.org/W2143883042,https://doi.org/10.1016/0167-8116(94)90002-7,1994,article,36
International Journal of Research in Marketing,"Inequities in organizations, salesperson motivation and job satisfaction",https://openalex.org/W1967158890,https://doi.org/10.1016/0167-8116(90)90017-h,1990,article,35
International Journal of Research in Marketing,Hearing the voice of the market: Competitive advantage through creative use of market information,https://openalex.org/W2316569885,https://doi.org/10.1016/0167-8116(91)90031-2,1991,article,35
International Journal of Research in Marketing,Industrial buying behavior: Aviation fuel contracts,https://openalex.org/W2011349949,https://doi.org/10.1016/0167-8116(90)90033-j,1990,article,33
International Journal of Research in Marketing,Heterogeneity in nested logit models: An estimation approach and empirical results,https://openalex.org/W1980889548,https://doi.org/10.1016/0167-8116(92)90036-k,1992,article,34
International Journal of Research in Marketing,Reliability and internal validity of conjoint estimated utility functions under error-free versus error-full conditions,https://openalex.org/W2004791697,https://doi.org/10.1016/0167-8116(94)00005-0,1994,article,34
International Journal of Research in Marketing,Innovativeness in industrial organizations: A two-stage model of adoption,https://openalex.org/W2065304462,https://doi.org/10.1016/0167-8116(93)90003-h,1993,article,34
International Journal of Research in Marketing,"Strategic marketing planning, environmental uncertainty and performance",https://openalex.org/W2090190018,https://doi.org/10.1016/0167-8116(92)90020-l,1992,article,34
International Journal of Research in Marketing,Residents' acceptance and use of a mega-multi-mall: West Edmonton Mall evidence,https://openalex.org/W1996432378,https://doi.org/10.1016/0167-8116(94)90024-8,1994,article,32
International Journal of Research in Marketing,A dialogue on momentum accounting for brand management,https://openalex.org/W2015677903,https://doi.org/10.1016/0167-8116(93)90035-w,1993,article,32
International Journal of Research in Marketing,Constrained part-worth estimation in conjoint analysis using the self-explicated utility model,https://openalex.org/W2041715359,https://doi.org/10.1016/0167-8116(92)90004-5,1992,article,31
International Journal of Research in Marketing,Assessing the effects of abstract attributes and brand familiarity in conjoint choice experiments,https://openalex.org/W2114745195,https://doi.org/10.1016/s0167-8116(97)00027-x,1998,article,32
International Journal of Research in Marketing,European legal developments in product safety and liability: The role of customer complaint management as a defensive marketing tool,https://openalex.org/W2014370799,https://doi.org/10.1016/0167-8116(93)90002-g,1993,article,31
International Journal of Research in Marketing,Marketing and production capacity strategy for non-differentiated products: Winning and losing at the capacity cycle game,https://openalex.org/W2036475271,https://doi.org/10.1016/s0167-8116(98)00023-8,1999,article,31
International Journal of Research in Marketing,Estimating and validating asymmetric heterogeneous loss functions applied to health care fund raising,https://openalex.org/W2106638038,https://doi.org/10.1016/0167-8116(96)00008-0,1996,article,30
International Journal of Research in Marketing,Household heterogeneity and state dependence in a model of purchase strings: Empirical results and managerial implications,https://openalex.org/W2171298138,https://doi.org/10.1016/s0167-8116(97)00016-5,1997,article,30
International Journal of Research in Marketing,Reasoning with empirical marketing knowledge,https://openalex.org/W2043225870,https://doi.org/10.1016/0167-8116(91)90008-u,1991,article,27
International Journal of Research in Marketing,"Integrated measures of sales, merchandising, and distribution",https://openalex.org/W2014973314,https://doi.org/10.1016/s0167-8116(98)00015-9,1998,article,29
International Journal of Research in Marketing,Movie stars in space: A comparison of preference and similarity judgments,https://openalex.org/W2029437576,https://doi.org/10.1016/0167-8116(94)90005-1,1994,article,28
International Journal of Research in Marketing,The relationships of prior knowledge and involvement to advertising recall and evaluation,https://openalex.org/W2069744568,https://doi.org/10.1016/0167-8116(92)90033-h,1992,article,26
International Journal of Research in Marketing,Knowledge-based modeling of marketing managers' problem solving behavior,https://openalex.org/W2043944811,https://doi.org/10.1016/0167-8116(91)90003-p,1991,article,25
International Journal of Research in Marketing,Specification and empirical evaluation of a cluster-asymmetry market share model,https://openalex.org/W3123010998,https://doi.org/10.1016/0167-8116(90)90001-4,1990,article,25
International Journal of Research in Marketing,Influence of role stress on turnover of sales personnel and sales managers,https://openalex.org/W1995679670,https://doi.org/10.1016/0167-8116(90)90016-g,1990,article,23
International Journal of Research in Marketing,Review of salesperson selection techniques and criteria: A managerial approach,https://openalex.org/W2137466211,https://doi.org/10.1016/0167-8116(90)90013-d,1990,article,23
International Journal of Research in Marketing,Evolutionary preference segmentation with panel survey data: An application to new products,https://openalex.org/W2010815964,https://doi.org/10.1016/s0167-8116(96)00028-6,1997,article,25
International Journal of Research in Marketing,Making better decisions: The challenge of marketing strategy techniques,https://openalex.org/W2010833060,https://doi.org/10.1016/0167-8116(94)90036-1,1994,article,25
International Journal of Research in Marketing,A model of the publication performance of marketing academics,https://openalex.org/W2045838054,https://doi.org/10.1016/0167-8116(95)00039-9,1996,article,24
International Journal of Research in Marketing,Do managers ovȩrreact to each others' promotional activity? Further empirical evidence,https://openalex.org/W2073358359,https://doi.org/10.1016/s0167-8116(96)00020-1,1996,article,22
International Journal of Research in Marketing,The changing consumer in Sweden,https://openalex.org/W2011858660,https://doi.org/10.1016/s0167-8116(97)00008-6,1997,article,21
International Journal of Research in Marketing,Issues in the development and use of expert systems for marketing decisions,https://openalex.org/W2021357501,https://doi.org/10.1016/0167-8116(91)90006-s,1991,article,21
International Journal of Research in Marketing,The effects of privatization on marketing capability and activity in Poland,https://openalex.org/W2046727350,https://doi.org/10.1016/s0167-8116(98)00005-6,1998,article,21
International Journal of Research in Marketing,The nature of differences between similarity and preference judgements,https://openalex.org/W2201966044,https://doi.org/10.1016/s0167-8116(96)00032-8,1997,article,21
International Journal of Research in Marketing,The value of idiosyncratic functional forms in conjoint analysis,https://openalex.org/W2044440206,https://doi.org/10.1016/0167-8116(91)90028-6,1991,article,20
International Journal of Research in Marketing,Task experience and validity in perceptual mapping A comparison of two consumer-adaptive techniques,https://openalex.org/W2095406076,https://doi.org/10.1016/0167-8116(96)00012-2,1996,article,20
International Journal of Research in Marketing,Conjoint choice models of joint participation and activity choice,https://openalex.org/W2164403203,https://doi.org/10.1016/0167-8116(96)00007-9,1996,article,20
International Journal of Research in Marketing,Channel productivity: in the small and in the large,https://openalex.org/W1045227952,None,1998,article,19
International Journal of Research in Marketing,Simple approaches to evaluate competing non-nested models in marketing,https://openalex.org/W1971631933,https://doi.org/10.1016/0167-8116(94)90034-5,1994,article,19
International Journal of Research in Marketing,"Development of optimal salesforce compensation plans for independent, complementary and substitutable products",https://openalex.org/W2011132925,https://doi.org/10.1016/0167-8116(95)00011-5,1995,article,19
International Journal of Research in Marketing,Social de(re) construction of mass culture: Making (non) sense of consumer behavior,https://openalex.org/W2040973972,https://doi.org/10.1016/0167-8116(94)90017-5,1994,article,19
International Journal of Research in Marketing,The use of survival analysis to examine sales force turnover of part-time and full-time sales employees,https://openalex.org/W2037538438,https://doi.org/10.1016/0167-8116(90)90015-f,1990,article,18
International Journal of Research in Marketing,The measurement of labour productivity in wholesaling,https://openalex.org/W2054434999,https://doi.org/10.1016/0167-8116(90)90029-m,1990,article,18
International Journal of Research in Marketing,INFER: An expert system for automatic analysis of scanner data,https://openalex.org/W2082316199,https://doi.org/10.1016/0167-8116(91)90005-r,1991,article,18
International Journal of Research in Marketing,Alternative approaches for investigating contingency-based organizational predictions in personal selling,https://openalex.org/W2082239415,https://doi.org/10.1016/0167-8116(90)90018-i,1990,article,17
International Journal of Research in Marketing,Market-led strategic change: Making marketing happen in your organization,https://openalex.org/W2939266291,https://doi.org/10.1016/0167-8116(92)90023-e,1992,article,18
International Journal of Research in Marketing,Optimal pricing and product development policies for new consumer durables,https://openalex.org/W1982154602,https://doi.org/10.1016/0167-8116(94)90004-3,1994,article,17
International Journal of Research in Marketing,"Competition for market share in the presence of strategic invisible assets: The US automobile market, 1971–1981",https://openalex.org/W1986492357,https://doi.org/10.1016/0167-8116(92)90027-i,1992,article,17
International Journal of Research in Marketing,"“Miner”, “Manager”, and “Researcher”: Three modes of analysis of scanner data",https://openalex.org/W2037468885,https://doi.org/10.1016/0167-8116(91)90004-q,1991,article,17
International Journal of Research in Marketing,A framework for analysis of sources of profit contribution variance between actual and plan,https://openalex.org/W2081583583,https://doi.org/10.1016/s0167-8116(97)00038-4,1998,article,17
International Journal of Research in Marketing,The Brand Manager's Assistant: A knowledge-based system approach to brand management,https://openalex.org/W2073984688,https://doi.org/10.1016/0167-8116(91)90007-t,1991,article,16
International Journal of Research in Marketing,Marktforschung und marketing management,https://openalex.org/W2015326511,https://doi.org/10.1016/s0167-8116(97)89446-3,1997,article,16
International Journal of Research in Marketing,The changing consumer in Greece,https://openalex.org/W2077120574,https://doi.org/10.1016/0167-8116(95)00028-3,1995,article,16
International Journal of Research in Marketing,Estimation bias in choice models with last choice feedback,https://openalex.org/W2071055066,https://doi.org/10.1016/s0167-8116(99)00019-1,1999,article,15
International Journal of Research in Marketing,Buyer behavior in business-to-business services: The case of foreign exchange,https://openalex.org/W1989502019,https://doi.org/10.1016/s0167-8116(97)00031-1,1997,article,14
International Journal of Research in Marketing,Perceptual analysis of two-way two-mode frequency data: probability matrix decomposition and two alternatives,https://openalex.org/W2000676273,https://doi.org/10.1016/s0167-8116(97)00019-0,1997,article,14
International Journal of Research in Marketing,Introduction,https://openalex.org/W4245049638,https://doi.org/10.1016/0167-8116(95)90024-1,1995,article,14
International Journal of Research in Marketing,The changing consumer in the Netherlands,https://openalex.org/W1968634299,https://doi.org/10.1016/0167-8116(93)90018-t,1993,article,13
International Journal of Research in Marketing,Portfolio planning methods: Faulty approach or faulty research?,https://openalex.org/W2006983473,https://doi.org/10.1016/0167-8116(94)90037-x,1994,article,13
International Journal of Research in Marketing,Incorporating context effects in the multidimensional scaling of `pick any/N' choice data,https://openalex.org/W2110807398,https://doi.org/10.1016/s0167-8116(98)00013-5,1999,article,12
International Journal of Research in Marketing,Expert systems in marketing,https://openalex.org/W2037310255,https://doi.org/10.1016/0167-8116(91)90002-o,1991,article,11
International Journal of Research in Marketing,The alliance revolution — The new shape of business rivalry,https://openalex.org/W2051360829,https://doi.org/10.1016/s0167-8116(97)00014-1,1998,article,11
International Journal of Research in Marketing,Extentions of probabilistic perceptual maps with implications for competitive positioning and choice,https://openalex.org/W2083691732,https://doi.org/10.1016/0167-8116(90)90004-7,1990,article,10
International Journal of Research in Marketing,Studies in retail pricing,https://openalex.org/W167927514,https://doi.org/10.1016/0167-8116(93)90023-r,1993,article,11
International Journal of Research in Marketing,Loving and hating New York: some reflections on the big apple,https://openalex.org/W1983458205,https://doi.org/10.1016/0167-8116(94)90013-2,1994,article,10
International Journal of Research in Marketing,On “the effects of fatigue on judgments of interproduct similarity”,https://openalex.org/W1538983013,https://doi.org/10.1016/0167-8116(90)90031-h,1990,article,9
International Journal of Research in Marketing,The changing consumer in the UK,https://openalex.org/W2017842672,https://doi.org/10.1016/0167-8116(94)00007-7,1994,article,9
International Journal of Research in Marketing,Increasing compliance in costly telephone interviews: A test of four inducement techniques,https://openalex.org/W2026794103,https://doi.org/10.1016/0167-8116(91)90022-y,1991,article,9
International Journal of Research in Marketing,The changing consumer in Germany,https://openalex.org/W2042106978,https://doi.org/10.1016/0167-8116(95)00014-3,1995,article,9
International Journal of Research in Marketing,Performance of the integrated random coefficients covariance probit model: Implications for brand choice,https://openalex.org/W2048009116,https://doi.org/10.1016/s0167-8116(97)00032-3,1998,article,9
International Journal of Research in Marketing,Introduction to the special issue on marketing strategy,https://openalex.org/W2065397676,https://doi.org/10.1016/0167-8116(92)90025-g,1992,article,9
International Journal of Research in Marketing,Gibrat's law in marketing: The case of liquor brand sales,https://openalex.org/W1996766483,https://doi.org/10.1016/0167-8116(90)90002-5,1990,article,8
International Journal of Research in Marketing,Microdynamics of new product purchase: A model incorporating both marketing and consumer-specific variables,https://openalex.org/W1969670081,https://doi.org/10.1016/0167-8116(91)90013-w,1991,article,8
International Journal of Research in Marketing,Dynamic competitive pricing strategies,https://openalex.org/W1994932286,https://doi.org/10.1016/0167-8116(92)90031-f,1992,article,8
International Journal of Research in Marketing,Consumer psychology in behavioural perspective,https://openalex.org/W2938784511,https://doi.org/10.1016/0167-8116(92)90039-n,1992,article,8
International Journal of Research in Marketing,A tale of two gurus: Aaker and Kapferer on brands,https://openalex.org/W201287572,None,1993,article,8
International Journal of Research in Marketing,Price formation in channels of distribution with differentiated products,https://openalex.org/W1971664117,https://doi.org/10.1016/s0167-8116(98)00019-6,1998,article,7
International Journal of Research in Marketing,Classifying early product life cycle forms via a diffusion model: Problems and prospects,https://openalex.org/W2044851685,https://doi.org/10.1016/0167-8116(92)90005-6,1992,article,7
International Journal of Research in Marketing,An expert system predevelopment test for assessment of sales territory difficulty,https://openalex.org/W2040029185,https://doi.org/10.1016/0167-8116(90)90022-f,1990,article,6
International Journal of Research in Marketing,The state of government export promotion,https://openalex.org/W214204263,https://doi.org/10.1016/0167-8116(90)90034-k,1990,article,6
International Journal of Research in Marketing,"Few-wave vs. continuous consumer panels: Some issues of attrition, bias and variance",https://openalex.org/W1981177020,https://doi.org/10.1016/0167-8116(91)90016-z,1991,article,6
International Journal of Research in Marketing,List of reviewers,https://openalex.org/W4210339315,https://doi.org/10.1016/0167-8116(95)90020-9,1995,article,6
International Journal of Research in Marketing,Testing for competitive submarkets,https://openalex.org/W2042237565,https://doi.org/10.1016/0167-8116(91)90011-u,1991,article,5
International Journal of Research in Marketing,An analytic approach to marketing decisions,https://openalex.org/W151234959,https://doi.org/10.1016/0167-8116(93)90022-q,1993,article,5
International Journal of Research in Marketing,The negative legacy of consumption,https://openalex.org/W2113626350,https://doi.org/10.1016/0167-8116(94)90026-4,1994,article,5
International Journal of Research in Marketing,The changing consumer in Finland,https://openalex.org/W2026771627,https://doi.org/10.1016/s0167-8116(97)00033-5,1998,article,4
International Journal of Research in Marketing,The changing consumer in Italy,https://openalex.org/W1967901341,https://doi.org/10.1016/0167-8116(95)00015-1,1995,article,4
International Journal of Research in Marketing,The changing consumer in Belgium,https://openalex.org/W1977412393,https://doi.org/10.1016/0167-8116(95)00030-5,1995,article,4
International Journal of Research in Marketing,Models of purchase timing and models of brand choice: Outlook and issues,https://openalex.org/W1997899122,https://doi.org/10.1016/0167-8116(91)90009-v,1991,article,4
International Journal of Research in Marketing,The changing consumer in Portugal,https://openalex.org/W2077357759,https://doi.org/10.1016/0167-8116(95)00016-x,1995,article,4
International Journal of Research in Marketing,The changing Spanish consumer,https://openalex.org/W2081071170,https://doi.org/10.1016/s0167-8116(96)00019-5,1997,article,4
International Journal of Research in Marketing,Variety-seeking in product choice behavior: Theory with applications in the food domain,https://openalex.org/W1992165502,https://doi.org/10.1016/s0167-8116(97)00025-6,1998,article,3
International Journal of Research in Marketing,Co-opetition,https://openalex.org/W2749961012,https://doi.org/10.1016/s0167-8116(97)00011-6,1998,article,3
International Journal of Research in Marketing,Alternative explanations for changes in similarity judgments and MDS structure,https://openalex.org/W2085347976,https://doi.org/10.1016/0167-8116(90)90032-i,1990,article,3
International Journal of Research in Marketing,Introduction to the special issue on salesforce management,https://openalex.org/W2091321116,https://doi.org/10.1016/0167-8116(90)90012-c,1990,article,3
International Journal of Research in Marketing,The wnbd: A stochastic model approach for relating explanatory variables to consumer purchase dynamics,https://openalex.org/W2077478762,https://doi.org/10.1016/0167-8116(91)90014-x,1991,article,3
International Journal of Research in Marketing,International franchising,https://openalex.org/W4210280747,https://doi.org/10.1016/s0167-8116(97)88006-8,1997,article,2
International Journal of Research in Marketing,An editorial policy for the international journal of research in marketing,https://openalex.org/W2005509335,https://doi.org/10.1016/0167-8116(90)90027-k,1990,article,2
International Journal of Research in Marketing,A test of the effects of retail store rating context on the stability of alternative multientity scaling methods,https://openalex.org/W2055273556,https://doi.org/10.1016/0167-8116(95)00019-4,1996,article,2
International Journal of Research in Marketing,Planning of trade shows as marketing activities,https://openalex.org/W2558976027,https://doi.org/10.1016/0167-8116(96)85005-1,1996,article,2
International Journal of Research in Marketing,Increasing response rates of telephone surveys,https://openalex.org/W4246983918,https://doi.org/10.1016/0167-8116(96)85026-9,1996,article,2
International Journal of Research in Marketing,On starting a new term,https://openalex.org/W1964079380,https://doi.org/10.1016/0167-8116(93)90028-w,1993,article,2
International Journal of Research in Marketing,Where is the culture of Thailand?,https://openalex.org/W1980445712,https://doi.org/10.1016/0167-8116(94)90015-9,1994,article,2
International Journal of Research in Marketing,The changing consumer in Denmark,https://openalex.org/W2001139129,https://doi.org/10.1016/0167-8116(94)00017-4,1995,article,2
International Journal of Research in Marketing,Excerpts from “Camping out in California”,https://openalex.org/W2004422327,https://doi.org/10.1016/0167-8116(94)90018-3,1994,article,2
International Journal of Research in Marketing,A comment on “Classifying early product life cycle forms via a diffusion model: Problems and prospects” by Balasubramanian and Ghosh,https://openalex.org/W2141423483,https://doi.org/10.1016/0167-8116(92)90006-7,1992,article,2
International Journal of Research in Marketing,Strategic advertising,https://openalex.org/W221449131,https://doi.org/10.1016/0167-8116(91)90023-z,1991,article,2
International Journal of Research in Marketing,Sales promotion and direct marketing,https://openalex.org/W4236429025,https://doi.org/10.1016/0167-8116(93)90006-k,1993,article,2
International Journal of Research in Marketing,Surrender,https://openalex.org/W4242788118,https://doi.org/10.1016/0167-8116(93)90016-r,1993,article,2
International Journal of Research in Marketing,Variety-seeking in product choice behavior: Theory with applications in the food domain,https://openalex.org/W2749895750,https://doi.org/10.1016/s0167-8116(97)89447-5,1997,article,1
International Journal of Research in Marketing,Competitive Positioning. The Key to Market Success,https://openalex.org/W3026225959,None,1997,article,1
International Journal of Research in Marketing,Analysis of the organizational sponsorship decision process,https://openalex.org/W4213250650,https://doi.org/10.1016/0167-8116(96)85014-2,1996,article,1
International Journal of Research in Marketing,Gift-giving behavior: A ritual of an economic exchange?,https://openalex.org/W4214878965,https://doi.org/10.1016/s0167-8116(97)87982-7,1997,article,1
International Journal of Research in Marketing,Sixth World Conference on research in the distributive trades,https://openalex.org/W4230810766,https://doi.org/10.1016/0167-8116(90)90008-b,1990,article,1
International Journal of Research in Marketing,Reliability criteria bolster product classification decisions: A reply to Jones,https://openalex.org/W1969495686,https://doi.org/10.1016/0167-8116(92)90007-8,1992,article,1
International Journal of Research in Marketing,The changing consumer in Ireland,https://openalex.org/W2020519082,https://doi.org/10.1016/0167-8116(95)00010-0,1995,article,1
International Journal of Research in Marketing,The price of martyrdom,https://openalex.org/W2022380250,https://doi.org/10.1016/0167-8116(93)90008-m,1993,article,1
International Journal of Research in Marketing,The locus of context effects on product proximity judgments,https://openalex.org/W2027799720,https://doi.org/10.1016/0167-8116(94)00012-d,1995,article,1
International Journal of Research in Marketing,Modelling for markets: Application of advanced models and methods for data analysis,https://openalex.org/W2326606532,https://doi.org/10.1016/0167-8116(91)90026-4,1991,article,1
International Journal of Research in Marketing,Specification and empirical evaluation of a cluster-asymmetry market share model (IJRM 7 ( 1990) 223–247),https://openalex.org/W4205461424,https://doi.org/10.1016/0167-8116(92)90008-9,1992,article,1
International Journal of Research in Marketing,Contents of volume 10 (1993),https://openalex.org/W4241228363,https://doi.org/10.1016/0167-8116(93)90026-u,1993,article,1
International Journal of Research in Marketing,List of occasional reviewers - 1995,https://openalex.org/W4243436689,https://doi.org/10.1016/0167-8116(95)90015-2,1995,article,1
International Journal of Research in Marketing,Market Segmentation (Book review),https://openalex.org/W155139459,None,1999,article,0
International Journal of Research in Marketing,Finnish Consumers in Transition,https://openalex.org/W2611146067,None,1998,article,0
International Journal of Research in Marketing,"Die Kausalanalyse: Ein Instrument der empirischen betriebswirtschaftlichen Forschung. Lutz Hildebrandt and Christian Homburg (eds), 1998",https://openalex.org/W2993988363,None,1999,article,0
International Journal of Research in Marketing,Book review,https://openalex.org/W4233009685,https://doi.org/10.1016/s0167-8116(99)00003-8,1999,article,0
International Journal of Research in Marketing,Book review,https://openalex.org/W4245493616,https://doi.org/10.1016/s0167-8116(99)00015-4,1999,article,0
International Journal of Research in Marketing,Book review,https://openalex.org/W4255052911,https://doi.org/10.1016/s0167-8116(98)00025-1,1999,article,0
International Journal of Research in Marketing,Book review,https://openalex.org/W4255698838,https://doi.org/10.1016/s0167-8116(99)00016-6,1999,article,0
International Journal of Research in Marketing,Product Management (Book review),https://openalex.org/W4480073,None,1999,article,0
International Journal of Research in Marketing,Services Marketing Management (Book review),https://openalex.org/W93939621,None,1999,article,0
International Journal of Research in Marketing,Book review,https://openalex.org/W132049252,https://doi.org/10.1016/s0167-8116(96)00033-x,1997,article,0
International Journal of Research in Marketing,The changing consumer in Austria,https://openalex.org/W2047608411,https://doi.org/10.1016/s0167-8116(97)00013-x,1997,article,0
International Journal of Research in Marketing,"Defending your brand against imitation: Consumer behavior, marketing strategies, and legal issues",https://openalex.org/W2059045384,https://doi.org/10.1016/s0167-8116(97)00010-4,1997,article,0
International Journal of Research in Marketing,"Marketing strategies for services: Globalization, client-orientation, de-regulation",https://openalex.org/W2085819823,https://doi.org/10.1016/s0167-8116(97)89445-1,1997,article,0
International Journal of Research in Marketing,Assessing the effects of abstract attributes and brand familiarity through conjoint analysis,https://openalex.org/W2508627796,None,1997,article,0
International Journal of Research in Marketing,"[Review of the book Competitive Positioning, G.J. Hooley & J. Saunders, 1997]",https://openalex.org/W2569088137,None,1997,article,0
International Journal of Research in Marketing,Children's influence on family purchasing decisions,https://openalex.org/W2794667253,https://doi.org/10.1016/s0167-8116(97)87990-6,1997,article,0
International Journal of Research in Marketing,Innovation in the Spanish pharmaceutical market,https://openalex.org/W4205446103,https://doi.org/10.1016/s0167-8116(97)88030-5,1997,article,0
International Journal of Research in Marketing,Estimates of tourist demand,https://openalex.org/W4210513506,https://doi.org/10.1016/s0167-8116(97)88035-4,1997,article,0
International Journal of Research in Marketing,Profit orientated product line design and consumer preferences,https://openalex.org/W4210844504,https://doi.org/10.1016/s0167-8116(97)88013-5,1997,article,0
International Journal of Research in Marketing,Internationalization for international expansion or home market defense?,https://openalex.org/W4210947189,https://doi.org/10.1016/s0167-8116(97)88032-9,1997,article,0
International Journal of Research in Marketing,Cyclical effects of innovation: Some evidence in Spanish banks,https://openalex.org/W4229564487,https://doi.org/10.1016/s0167-8116(97)88019-6,1997,article,0
International Journal of Research in Marketing,Satisfaction and the result of the delivery channels of domestic electronic products,https://openalex.org/W4230287349,https://doi.org/10.1016/s0167-8116(97)88015-9,1997,article,0
International Journal of Research in Marketing,Exchange relationships in professional services. A study of relationship developmental in the advertising sector,https://openalex.org/W4231015030,https://doi.org/10.1016/s0167-8116(97)87999-2,1997,article,0
International Journal of Research in Marketing,Conflict in exchange relationship between manufacturers and dealers,https://openalex.org/W4231697872,https://doi.org/10.1016/s0167-8116(97)88010-x,1997,article,0
International Journal of Research in Marketing,Author index volume 14 (1997),https://openalex.org/W4232802521,https://doi.org/10.1016/s0167-8116(97)80225-x,1997,article,0
International Journal of Research in Marketing,Value-oriented product and advertising dsign,https://openalex.org/W4233003347,https://doi.org/10.1016/s0167-8116(97)88026-3,1997,article,0
International Journal of Research in Marketing,A study of employees segmentation and product policy for internal customers,https://openalex.org/W4233367259,https://doi.org/10.1016/s0167-8116(97)88001-9,1997,article,0
International Journal of Research in Marketing,Standardization on service offering: Limits and implications,https://openalex.org/W4233489082,https://doi.org/10.1016/s0167-8116(97)88036-6,1997,article,0
International Journal of Research in Marketing,The effect of entry timing on market share,https://openalex.org/W4233607205,https://doi.org/10.1016/s0167-8116(97)88016-0,1997,article,0
International Journal of Research in Marketing,Board of reviewers,https://openalex.org/W4234190158,https://doi.org/10.1016/s0167-8116(97)90007-0,1997,article,0
International Journal of Research in Marketing,Retailer's adoption of new products,https://openalex.org/W4234311612,https://doi.org/10.1016/s0167-8116(97)88009-3,1997,article,0
International Journal of Research in Marketing,Strategic groups in the retail clothing sector: A methodlogy based on retailing-mix variables,https://openalex.org/W4234320372,https://doi.org/10.1016/s0167-8116(97)88004-4,1997,article,0
International Journal of Research in Marketing,Brands - from theory to practice,https://openalex.org/W4234538724,https://doi.org/10.1016/s0167-8116(97)88020-2,1997,article,0
International Journal of Research in Marketing,The marketing of aesthetics: An interpretive approach comparing the meaning of threatre for consumers and showmakers,https://openalex.org/W4235026139,https://doi.org/10.1016/s0167-8116(97)87985-2,1997,article,0
International Journal of Research in Marketing,A fair sales qouta allocation model,https://openalex.org/W4235377310,https://doi.org/10.1016/s0167-8116(97)88025-1,1997,article,0
International Journal of Research in Marketing,Diffusion of products with network externalities,https://openalex.org/W4235446703,https://doi.org/10.1016/s0167-8116(97)88017-2,1997,article,0
International Journal of Research in Marketing,Collaboration in retailing is profitable,https://openalex.org/W4235991435,https://doi.org/10.1016/s0167-8116(97)88008-1,1997,article,0
International Journal of Research in Marketing,Neural networks versus statistical methods: A comparison,https://openalex.org/W4236034734,https://doi.org/10.1016/s0167-8116(97)88039-1,1997,article,0
International Journal of Research in Marketing,The management of product range by retailers: An exploratory analysis,https://openalex.org/W4236716204,https://doi.org/10.1016/s0167-8116(97)88007-x,1997,article,0
International Journal of Research in Marketing,Contribution of the experiential model to the analysis of behavior in the cultural field: A conceptual and methodological approach,https://openalex.org/W4236725308,https://doi.org/10.1016/s0167-8116(97)87993-1,1997,article,0
International Journal of Research in Marketing,Influence of environmental factors on consumer buying decisions,https://openalex.org/W4236910852,https://doi.org/10.1016/s0167-8116(97)87989-x,1997,article,0
International Journal of Research in Marketing,Ethical standards of advertising in Latin America,https://openalex.org/W4238350705,https://doi.org/10.1016/s0167-8116(97)87996-7,1997,article,0
International Journal of Research in Marketing,Towards building and conceptualizing brand architecture,https://openalex.org/W4238742528,https://doi.org/10.1016/s0167-8116(97)88005-6,1997,article,0
International Journal of Research in Marketing,Hysteresis in marketing and competition,https://openalex.org/W4238866313,https://doi.org/10.1016/s0167-8116(97)88034-2,1997,article,0
International Journal of Research in Marketing,The application of OVERALS in marketing research,https://openalex.org/W4239934073,https://doi.org/10.1016/s0167-8116(97)88043-3,1997,article,0
International Journal of Research in Marketing,A classification of purchase processes based on information economics,https://openalex.org/W4240743497,https://doi.org/10.1016/s0167-8116(97)88011-1,1997,article,0
International Journal of Research in Marketing,The dancing of meanings in brand personality,https://openalex.org/W4240903746,https://doi.org/10.1016/s0167-8116(97)87992-x,1997,article,0
International Journal of Research in Marketing,Packaging: A semiotic approach,https://openalex.org/W4241358871,https://doi.org/10.1016/s0167-8116(97)87988-8,1997,article,0
International Journal of Research in Marketing,Strategic positioning - The basis of marketing in complex and dynamic environments,https://openalex.org/W4241673637,https://doi.org/10.1016/s0167-8116(97)88000-7,1997,article,0
International Journal of Research in Marketing,A study of Korean lifestyles and its characteristics,https://openalex.org/W4242069566,https://doi.org/10.1016/s0167-8116(97)87995-5,1997,article,0
International Journal of Research in Marketing,Relative influence of country-of-origin of product design and assembly on the perception of consumer products,https://openalex.org/W4242699279,https://doi.org/10.1016/s0167-8116(97)88029-9,1997,article,0
International Journal of Research in Marketing,The role of enterpreneurship in the development of mobile telephony in Sweden,https://openalex.org/W4243288137,https://doi.org/10.1016/s0167-8116(97)87997-9,1997,article,0
International Journal of Research in Marketing,Economic determinants of power in the food market,https://openalex.org/W4243299982,https://doi.org/10.1016/s0167-8116(97)88003-2,1997,article,0
International Journal of Research in Marketing,Social and cultural aspects of family retail business,https://openalex.org/W4244081767,https://doi.org/10.1016/s0167-8116(97)88002-0,1997,article,0
International Journal of Research in Marketing,Innovation in a franchising network: Case study of Yazigi,https://openalex.org/W4245277644,https://doi.org/10.1016/s0167-8116(97)88033-0,1997,article,0
International Journal of Research in Marketing,Adaptation to foreign consumers and selection of export channels,https://openalex.org/W4245447432,https://doi.org/10.1016/s0167-8116(97)88028-7,1997,article,0
International Journal of Research in Marketing,Predictive ability for scoring in direct marketing of neural networks with retropropagation vs. logistic regression and AID,https://openalex.org/W4245538070,https://doi.org/10.1016/s0167-8116(97)88042-1,1997,article,0
International Journal of Research in Marketing,Response curves and effective frequency: Two useful tools for building and evaluating media schedules,https://openalex.org/W4245595629,https://doi.org/10.1016/s0167-8116(97)88024-x,1997,article,0
International Journal of Research in Marketing,Clustering-based market segmentation by means of artificial neural networks,https://openalex.org/W4245856315,https://doi.org/10.1016/s0167-8116(97)88040-8,1997,article,0
International Journal of Research in Marketing,Data mining and the choice between classical models and neural networks,https://openalex.org/W4246208861,https://doi.org/10.1016/s0167-8116(97)88041-x,1997,article,0
International Journal of Research in Marketing,Modelling brand choice with the multinomial logit model and artificial neural networks: A hybrid approach,https://openalex.org/W4247697391,https://doi.org/10.1016/s0167-8116(97)88038-x,1997,article,0
International Journal of Research in Marketing,"Preferences, willingness to please and habits in shaping purchase intentions: An application to the food industry",https://openalex.org/W4248117625,https://doi.org/10.1016/s0167-8116(97)87994-3,1997,article,0
International Journal of Research in Marketing,The reference price concept: Relation with consumer sensitivity to promotion of consumer goods,https://openalex.org/W4248294012,https://doi.org/10.1016/s0167-8116(97)88021-4,1997,article,0
International Journal of Research in Marketing,Negative publicity around banks,https://openalex.org/W4248610021,https://doi.org/10.1016/s0167-8116(97)88018-4,1997,article,0
International Journal of Research in Marketing,Exploration through shopping and variety-seeking for stores: A comparative analysis,https://openalex.org/W4249289138,https://doi.org/10.1016/s0167-8116(97)87987-6,1997,article,0
International Journal of Research in Marketing,The role of attributes of an innovation as determinants in the adoption process,https://openalex.org/W4249490574,https://doi.org/10.1016/s0167-8116(97)87983-9,1997,article,0
International Journal of Research in Marketing,"Evaluation of the relationship among service quality, satisfaction, and consumer attitudes",https://openalex.org/W4249576610,https://doi.org/10.1016/s0167-8116(97)87984-0,1997,article,0
International Journal of Research in Marketing,A partial analysis of a supply chain network in the Brazilian automotive industry,https://openalex.org/W4249721491,https://doi.org/10.1016/s0167-8116(97)88023-8,1997,article,0
International Journal of Research in Marketing,Tourex: Development of an expert system for tourism marketing,https://openalex.org/W4249725609,https://doi.org/10.1016/s0167-8116(97)88022-6,1997,article,0
International Journal of Research in Marketing,Relational contracts: Content and dimension,https://openalex.org/W4250307125,https://doi.org/10.1016/s0167-8116(97)88027-5,1997,article,0
International Journal of Research in Marketing,The bass diffusion model as a pure-birth-process model,https://openalex.org/W4250428952,https://doi.org/10.1016/s0167-8116(97)88012-3,1997,article,0
International Journal of Research in Marketing,The importance of service charges in the choice,https://openalex.org/W4250971530,https://doi.org/10.1016/s0167-8116(97)88037-8,1997,article,0
International Journal of Research in Marketing,Strategic trade policy and exchange rates in Europe: The case of Spanish tomato exports,https://openalex.org/W4252371563,https://doi.org/10.1016/s0167-8116(97)88031-7,1997,article,0
International Journal of Research in Marketing,Economic reform and enterprise effectiveness: The experience of Hubei Province,https://openalex.org/W4254624613,https://doi.org/10.1016/s0167-8116(97)87998-0,1997,article,0
International Journal of Research in Marketing,When prices stop being flexible,https://openalex.org/W4255631763,https://doi.org/10.1016/s0167-8116(97)88014-7,1997,article,0
International Journal of Research in Marketing,The brand and the Consumer,https://openalex.org/W4256512573,https://doi.org/10.1016/s0167-8116(97)87991-8,1997,article,0
International Journal of Research in Marketing,Info-types and price sensitivity,https://openalex.org/W4256734062,https://doi.org/10.1016/s0167-8116(97)87986-4,1997,article,0
International Journal of Research in Marketing,Call for papers,https://openalex.org/W115849127,https://doi.org/10.1016/0167-8116(90)90035-l,1990,article,0
International Journal of Research in Marketing,Call for papers,https://openalex.org/W165124200,https://doi.org/10.1016/0167-8116(90)90036-m,1990,article,0
International Journal of Research in Marketing,"“Gibrat's Law in marketing: The case of liquor brand sales”, by A.E. Tschoegl and C.-M.J. Yu",https://openalex.org/W1972157430,https://doi.org/10.1016/0167-8116(90)90003-6,1990,article,0
International Journal of Research in Marketing,List of occasional reviewers—1990,https://openalex.org/W2073491326,https://doi.org/10.1016/0167-8116(90)90009-c,1990,article,0
International Journal of Research in Marketing,Consumer behavior of elderly people,https://openalex.org/W2383675904,https://doi.org/10.1016/0167-8116(96)84982-2,1996,article,0
International Journal of Research in Marketing,The outsourcing of physical distribution within the context of manufacturer/distributor relationships,https://openalex.org/W2921219122,https://doi.org/10.1016/0167-8116(96)85002-6,1996,article,0
International Journal of Research in Marketing,An analysis of foreign retailers strategy in the Italian distribution system,https://openalex.org/W4205637728,https://doi.org/10.1016/0167-8116(96)84996-2,1996,article,0
International Journal of Research in Marketing,"Control, risk and foreign intermediary",https://openalex.org/W4206513411,https://doi.org/10.1016/0167-8116(96)85020-8,1996,article,0
International Journal of Research in Marketing,Call for papers for a special issue: Loyalty,https://openalex.org/W4206630575,https://doi.org/10.1016/0167-8116(95)90013-6,1995,article,0
International Journal of Research in Marketing,The evolution of marketing and buying departments within Large Retailing Organizations,https://openalex.org/W4206699184,https://doi.org/10.1016/0167-8116(96)84988-3,1996,article,0
International Journal of Research in Marketing,The evolution of private brands in the Italian market,https://openalex.org/W4210758792,https://doi.org/10.1016/0167-8116(96)84992-5,1996,article,0
International Journal of Research in Marketing,Loyalty and satisfaction,https://openalex.org/W4211213806,https://doi.org/10.1016/0167-8116(96)84984-6,1996,article,0
International Journal of Research in Marketing,Calendar,https://openalex.org/W4213122478,https://doi.org/10.1016/0167-8116(90)90025-i,1990,article,0
International Journal of Research in Marketing,Announcement,https://openalex.org/W4214766681,https://doi.org/10.1016/0167-8116(95)90021-7,1995,article,0
International Journal of Research in Marketing,Promotion by discount coupons: Budgeting and control,https://openalex.org/W4230158319,https://doi.org/10.1016/0167-8116(96)85006-3,1996,article,0
International Journal of Research in Marketing,The political economy of manufacturer-distributor relationships,https://openalex.org/W4230317332,https://doi.org/10.1016/0167-8116(96)84981-0,1996,article,0
International Journal of Research in Marketing,Market learning processes in SMEs,https://openalex.org/W4230859590,https://doi.org/10.1016/0167-8116(96)84989-5,1996,article,0
International Journal of Research in Marketing,Hysteresis in marketing and competition,https://openalex.org/W4232074390,https://doi.org/10.1016/0167-8116(96)84987-1,1996,article,0
International Journal of Research in Marketing,International abstracts of research in marketing,https://openalex.org/W4232673875,https://doi.org/10.1016/s0167-8116(96)90001-4,1996,article,0
International Journal of Research in Marketing,Co-operation among companies from an interest and power perspective,https://openalex.org/W4234002180,https://doi.org/10.1016/0167-8116(96)85013-0,1996,article,0
International Journal of Research in Marketing,Co-promotion,https://openalex.org/W4234056086,https://doi.org/10.1016/0167-8116(96)85008-7,1996,article,0
International Journal of Research in Marketing,The development of direct marketing in Spain,https://openalex.org/W4234720684,https://doi.org/10.1016/0167-8116(96)85001-4,1996,article,0
International Journal of Research in Marketing,Italian market for direct marketing services,https://openalex.org/W4235018478,https://doi.org/10.1016/0167-8116(96)85023-3,1996,article,0
International Journal of Research in Marketing,Differentiation strategies in retailing,https://openalex.org/W4236214403,https://doi.org/10.1016/0167-8116(96)84993-7,1996,article,0
International Journal of Research in Marketing,The internationalization process of Danish firms,https://openalex.org/W4237132580,https://doi.org/10.1016/0167-8116(96)85018-x,1996,article,0
International Journal of Research in Marketing,Category management: An application,https://openalex.org/W4237548275,https://doi.org/10.1016/0167-8116(96)84991-3,1996,article,0
International Journal of Research in Marketing,Sales forecast of a new telecom product: A probit model or avalanche theory?,https://openalex.org/W4238547638,https://doi.org/10.1016/0167-8116(96)85024-5,1996,article,0
International Journal of Research in Marketing,An expert system for panel data analysis,https://openalex.org/W4239069653,https://doi.org/10.1016/0167-8116(96)84983-4,1996,article,0
International Journal of Research in Marketing,Types of variables and methodology for use in Identifying Strategic Groups: An empirical application to the retail sector,https://openalex.org/W4239248812,https://doi.org/10.1016/0167-8116(96)84994-9,1996,article,0
International Journal of Research in Marketing,Consumers' assessment of brand extensions: An empirical study,https://openalex.org/W4240920389,https://doi.org/10.1016/0167-8116(96)84990-1,1996,article,0
International Journal of Research in Marketing,The impact of affective reactions elicited by advertising,https://openalex.org/W4241928511,https://doi.org/10.1016/0167-8116(96)85010-5,1996,article,0
International Journal of Research in Marketing,Total quality management within the furniture distribution system,https://openalex.org/W4242633661,https://doi.org/10.1016/0167-8116(96)85003-8,1996,article,0
International Journal of Research in Marketing,Pricing and concentration in retailing,https://openalex.org/W4243288694,https://doi.org/10.1016/0167-8116(96)84995-0,1996,article,0
International Journal of Research in Marketing,New sections in IJRM:“Ecological validation notes” and “measure development notes”,https://openalex.org/W4244464307,https://doi.org/10.1016/0167-8116(90)90006-9,1990,article,0
International Journal of Research in Marketing,Product line optimization models considering consumer preferences,https://openalex.org/W4244512183,https://doi.org/10.1016/0167-8116(96)85004-x,1996,article,0
International Journal of Research in Marketing,Salesforce turnover: From theory to practice,https://openalex.org/W4244516613,https://doi.org/10.1016/0167-8116(96)85012-9,1996,article,0
International Journal of Research in Marketing,Calendar,https://openalex.org/W4245063299,https://doi.org/10.1016/0167-8116(90)90010-k,1990,article,0
International Journal of Research in Marketing,Measuring the impact of sales promotions: A comparison of three time-series methods,https://openalex.org/W4245454159,https://doi.org/10.1016/0167-8116(96)85007-5,1996,article,0
International Journal of Research in Marketing,Development of foreign industrial purchasing,https://openalex.org/W4245955974,https://doi.org/10.1016/0167-8116(96)85011-7,1996,article,0
International Journal of Research in Marketing,Simultaneous analysis of preferences and perceptions in banking services,https://openalex.org/W4247328596,https://doi.org/10.1016/0167-8116(96)85022-1,1996,article,0
International Journal of Research in Marketing,Conviction power: A key concept for managing brands,https://openalex.org/W4247628039,https://doi.org/10.1016/0167-8116(96)84986-x,1996,article,0
International Journal of Research in Marketing,Call for papers,https://openalex.org/W4248046743,https://doi.org/10.1016/0167-8116(90)90024-h,1990,article,0
International Journal of Research in Marketing,Sales effects of promotions in the grocery retail trade,https://openalex.org/W4248056513,https://doi.org/10.1016/0167-8116(96)85009-9,1996,article,0
International Journal of Research in Marketing,Controlling rumors,https://openalex.org/W4248801978,https://doi.org/10.1016/0167-8116(96)84985-8,1996,article,0
International Journal of Research in Marketing,Determinants of customer satisfaction in a high contact face-to-face service setting,https://openalex.org/W4249631390,https://doi.org/10.1016/0167-8116(96)85025-7,1996,article,0
International Journal of Research in Marketing,The cultural dimension of the firm's internationalization,https://openalex.org/W4249776006,https://doi.org/10.1016/0167-8116(96)85015-4,1996,article,0
International Journal of Research in Marketing,Globalisation and international marketing,https://openalex.org/W4250024306,https://doi.org/10.1016/0167-8116(96)85021-x,1996,article,0
International Journal of Research in Marketing,The internationalization process of the firm: Theoretical perspective,https://openalex.org/W4251266815,https://doi.org/10.1016/0167-8116(96)85017-8,1996,article,0
International Journal of Research in Marketing,Call for papers,https://openalex.org/W4251665315,https://doi.org/10.1016/s0167-8116(96)90009-9,1996,article,0
International Journal of Research in Marketing,Is it worthwhile for a Korean company to try to increase the brand preference in the foreign market?,https://openalex.org/W4251852290,https://doi.org/10.1016/0167-8116(96)85016-6,1996,article,0
International Journal of Research in Marketing,Pricing sensitivity,https://openalex.org/W4251946379,https://doi.org/10.1016/0167-8116(96)84998-6,1996,article,0
International Journal of Research in Marketing,Control in the distribution channel,https://openalex.org/W4252346046,https://doi.org/10.1016/0167-8116(96)85000-2,1996,article,0
International Journal of Research in Marketing,Call for papers for a special issue: Markets as networks,https://openalex.org/W4253167796,https://doi.org/10.1016/0167-8116(95)90023-3,1995,article,0
International Journal of Research in Marketing,Calendar,https://openalex.org/W4253895056,https://doi.org/10.1016/0167-8116(90)90037-n,1990,article,0
International Journal of Research in Marketing,Brand equity,https://openalex.org/W4254406885,https://doi.org/10.1016/0167-8116(96)84999-8,1996,article,0
International Journal of Research in Marketing,Product-territory: A study of brand cognitive boundaries,https://openalex.org/W4254641600,https://doi.org/10.1016/0167-8116(96)84980-9,1996,article,0
International Journal of Research in Marketing,New dimensions in the competition among brands,https://openalex.org/W4256202861,https://doi.org/10.1016/0167-8116(96)84997-4,1996,article,0
International Journal of Research in Marketing,Acknowledgment to referees,https://openalex.org/W4299497924,https://doi.org/10.1016/0167-8116(90)90023-g,1990,article,0
International Journal of Research in Marketing,From exporting to internationalization,https://openalex.org/W562149300,https://doi.org/10.1016/0167-8116(96)85019-1,1996,article,0
International Journal of Research in Marketing,Sociopolitica: Aspects of international marketing,https://openalex.org/W102637957,https://doi.org/10.1016/0167-8116(93)90005-j,1993,article,0
International Journal of Research in Marketing,Sixty-five type one convertible,https://openalex.org/W2006232665,https://doi.org/10.1016/0167-8116(93)90015-q,1993,article,0
International Journal of Research in Marketing,A maximum likelihood estimator of the zero-order switching matrix,https://openalex.org/W2082551807,https://doi.org/10.1016/0167-8116(91)90015-y,1991,article,0
International Journal of Research in Marketing,An introduction to IJRM's review article series,https://openalex.org/W2093311963,https://doi.org/10.1016/0167-8116(92)90001-2,1992,article,0
International Journal of Research in Marketing,Contemporary perspectives on strategic market planning,https://openalex.org/W2312477136,https://doi.org/10.1016/0167-8116(92)90040-r,1992,article,0
International Journal of Research in Marketing,Services and advertising effectiveness: An empirical study of the Dutch health insurance market,https://openalex.org/W2316472622,https://doi.org/10.1016/0167-8116(94)90008-6,1994,article,0
International Journal of Research in Marketing,Call for papers,https://openalex.org/W234038912,https://doi.org/10.1016/0167-8116(91)90032-3,1991,article,0
International Journal of Research in Marketing,Continuous consumer market measurement,https://openalex.org/W239380896,https://doi.org/10.1016/0167-8116(91)90025-3,1991,article,0
International Journal of Research in Marketing,The retail environment,https://openalex.org/W2936372413,https://doi.org/10.1016/0167-8116(92)90038-m,1992,article,0
International Journal of Research in Marketing,List of occasional reviewers - 1994,https://openalex.org/W2986129495,https://doi.org/10.1016/0167-8116(94)00015-8,1994,article,0
International Journal of Research in Marketing,Strategic thinking,https://openalex.org/W3022126896,https://doi.org/10.1016/0167-8116(92)90041-i,1992,article,0
International Journal of Research in Marketing,European legal developments in product safety and liability: The role of customer compaint,https://openalex.org/W3110083510,None,1993,article,0
International Journal of Research in Marketing,List of reviewers,https://openalex.org/W4205462284,https://doi.org/10.1016/0167-8116(93)90039-2,1993,article,0
International Journal of Research in Marketing,List of occasional reviewers—1991,https://openalex.org/W4214810699,https://doi.org/10.1016/0167-8116(91)90033-4,1991,article,0
International Journal of Research in Marketing,List of occasional reviewers—1992,https://openalex.org/W4229750246,https://doi.org/10.1016/0167-8116(92)90010-i,1992,article,0
International Journal of Research in Marketing,Call for papers,https://openalex.org/W4232832014,https://doi.org/10.1016/0167-8116(94)90028-0,1994,article,0
International Journal of Research in Marketing,List of reviewers,https://openalex.org/W4233187622,https://doi.org/10.1016/0167-8116(92)90032-g,1992,article,0
International Journal of Research in Marketing,Call for papers,https://openalex.org/W4234276319,https://doi.org/10.1016/0167-8116(93)90024-s,1993,article,0
International Journal of Research in Marketing,Author index volume 11 (1994),https://openalex.org/W4235131322,https://doi.org/10.1016/0167-8116(94)90020-5,1994,article,0
International Journal of Research in Marketing,"The 22nd annual conference of EARIE September 3–6, 1995",https://openalex.org/W4236384096,https://doi.org/10.1016/0167-8116(94)00016-6,1994,article,0
International Journal of Research in Marketing,"For a special ijrm issue on “Postmodernism, marketing and the consumer”",https://openalex.org/W4237043599,https://doi.org/10.1016/0167-8116(91)90017-2,1991,article,0
International Journal of Research in Marketing,List of reviewers,https://openalex.org/W4239194347,https://doi.org/10.1016/0167-8116(94)90027-2,1994,article,0
International Journal of Research in Marketing,Call for papers,https://openalex.org/W4243585811,https://doi.org/10.1016/0167-8116(94)90038-8,1994,article,0
International Journal of Research in Marketing,Contents of volume 8 (1991),https://openalex.org/W4247725201,https://doi.org/10.1016/0167-8116(91)90034-5,1991,article,0
International Journal of Research in Marketing,Interpersonal buyer behavior in marketing —from purchase pals to product champions,https://openalex.org/W4249053027,https://doi.org/10.1016/0167-8116(92)90009-a,1992,article,0
International Journal of Research in Marketing,List of reviewers,https://openalex.org/W4252794431,https://doi.org/10.1016/0167-8116(94)90019-1,1994,article,0
International Journal of Research in Marketing,Contents of volume 9 (1992),https://openalex.org/W4254227055,https://doi.org/10.1016/0167-8116(92)90011-9,1992,article,0
International Journal of Research in Marketing,Announcement,https://openalex.org/W4254983287,https://doi.org/10.1016/0167-8116(94)90029-9,1994,article,0
International Journal of Research in Marketing,List of occasional reviewers—1993,https://openalex.org/W4255914506,https://doi.org/10.1016/0167-8116(93)90025-t,1993,article,0
International Journal of Research in Marketing,List of reviewers,https://openalex.org/W4256306252,https://doi.org/10.1016/0167-8116(93)90017-s,1993,article,0
