source_journal,work_title,work_oaid,DOI,pub_year,work_type,all_cited_by_count
Journal of Retailing,Refinement and reassessment of the SERVQUAL scale.,https://openalex.org/W1683742771,None,1991,article,3733
Journal of Retailing,Consumer perceptions of service quality: an assessment of the SERVQUAL dimensions,https://openalex.org/W2611897969,None,1990,article,2947
Journal of Retailing,"Customer satisfaction, customer retention, and market share",https://openalex.org/W1997223225,https://doi.org/10.1016/0022-4359(93)90003-2,1993,article,2204
Journal of Retailing,An assessment of the relationship between service quality and customer satisfaction in the formation of consumers' purchase intentions,https://openalex.org/W2007220885,https://doi.org/10.1016/0022-4359(94)90013-2,1994,article,1991
Journal of Retailing,Customers' motivations for maintaining relationships with service providers,https://openalex.org/W2094260684,https://doi.org/10.1016/s0022-4359(97)90013-0,1997,article,1599
Journal of Retailing,The role of perceived risk in the quality-value relationship: A study in a retail environment,https://openalex.org/W1997429116,https://doi.org/10.1016/s0022-4359(99)80005-0,1999,article,1585
Journal of Retailing,Store atmosphere and purchasing behavior,https://openalex.org/W1993380436,https://doi.org/10.1016/0022-4359(94)90037-x,1994,article,1558
Journal of Retailing,"Customer delight: Foundations, findings, and managerial insight",https://openalex.org/W1608238977,https://doi.org/10.1016/s0022-4359(97)90021-x,1997,article,1533
Journal of Retailing,Alternative scales for measuring service quality: A comparative assessment based on psychometric and diagnostic criteria,https://openalex.org/W1978125974,https://doi.org/10.1016/0022-4359(94)90033-7,1994,article,1446
Journal of Retailing,"The effects of distributive, procedural, and interactional justice on postcomplaint behavior",https://openalex.org/W2040384293,https://doi.org/10.1016/s0022-4359(97)90003-8,1997,article,1333
Journal of Retailing,"The effect of store name, brand name and price discounts on consumers' evaluations and purchase intentions",https://openalex.org/W2018888731,https://doi.org/10.1016/s0022-4359(99)80099-2,1998,article,1331
Journal of Retailing,Customer voluntary performance: Customers as partners in service delivery,https://openalex.org/W2072117561,https://doi.org/10.1016/s0022-4359(97)90024-5,1997,article,1267
Journal of Retailing,Improving the measurement of service quality,https://openalex.org/W2041736172,https://doi.org/10.1016/s0022-4359(05)80006-5,1993,article,1227
Journal of Retailing,An empirical examination of a model of perceived service quality and satisfaction,https://openalex.org/W1974950726,https://doi.org/10.1016/s0022-4359(96)90014-7,1996,article,1215
Journal of Retailing,Impulse buying: Modeling its precursors,https://openalex.org/W4362234552,https://doi.org/10.1016/s0022-4359(99)80092-x,1998,article,1123
Journal of Retailing,Customer benefits and company consequences of customer-salesperson relationships in retailing,https://openalex.org/W2043842361,https://doi.org/10.1016/s0022-4359(99)80002-5,1999,article,1025
Journal of Retailing,Excitement at the mall: Determinants and effects on shopping response,https://openalex.org/W2093107196,https://doi.org/10.1016/s0022-4359(99)80106-7,1998,article,1014
Journal of Retailing,Tracking the evolution of the services marketing literature,https://openalex.org/W1965868677,https://doi.org/10.1016/s0022-4359(05)80004-1,1993,article,970
Journal of Retailing,An experimental approach to making retail store environmental decisions.,https://openalex.org/W3173313522,None,1992,article,953
Journal of Retailing,Variety for sale: Mass customization or mass confusion?,https://openalex.org/W1986070354,https://doi.org/10.1016/s0022-4359(99)80105-5,1998,article,891
Journal of Retailing,A model of consumer perceptions and store loyalty intentions for a supermarket retailer,https://openalex.org/W1986440703,https://doi.org/10.1016/s0022-4359(99)80094-3,1998,article,886
Journal of Retailing,"Contact employees: Relationships among workplace fairness, job satisfaction and prosocial service behaviors",https://openalex.org/W2062093135,https://doi.org/10.1016/s0022-4359(97)90014-2,1997,article,874
Journal of Retailing,A typology of retail failures and recoveries,https://openalex.org/W2025908688,https://doi.org/10.1016/0022-4359(93)90016-c,1993,article,865
Journal of Retailing,Customer-sales associate retail relationships,https://openalex.org/W2029370015,https://doi.org/10.1016/s0022-4359(96)90028-7,1996,article,858
Journal of Retailing,More on improving service quality measurement,https://openalex.org/W2000437409,https://doi.org/10.1016/s0022-4359(05)80007-7,1993,article,838
Journal of Retailing,Impulse buying: Modeling its precursors,https://openalex.org/W1975086943,https://doi.org/10.1016/s0022-4359(98)90009-4,1998,article,828
Journal of Retailing,"The effects of perceived co-worker involvement and supervisor support on service provider role stress, performance and job satisfaction",https://openalex.org/W2032385226,https://doi.org/10.1016/s0022-4359(96)90005-6,1996,article,824
Journal of Retailing,The impact of other customers on service experiences: A critical incident examination of “getting along”,https://openalex.org/W1999625179,https://doi.org/10.1016/s0022-4359(97)90015-4,1997,article,742
Journal of Retailing,"The effects of satisfaction and structural constraints on retailer exiting, voice, loyalty, opportunism, and neglect",https://openalex.org/W1993450812,https://doi.org/10.1016/0022-4359(93)90010-g,1993,article,715
Journal of Retailing,Customer participation in service production and delivery.,https://openalex.org/W2954627247,None,1990,article,703
Journal of Retailing,Shelf management and space elasticity,https://openalex.org/W2071337734,https://doi.org/10.1016/0022-4359(94)90002-7,1994,article,637
Journal of Retailing,The shopping mall as consumer habitat,https://openalex.org/W2019857905,https://doi.org/10.1016/0022-4359(94)90026-4,1994,article,632
Journal of Retailing,The effects of perceived justice on complainants' negative word-of-mouth behavior and repatronage intentions,https://openalex.org/W2044298660,https://doi.org/10.1016/0022-4359(93)90015-b,1993,article,624
Journal of Retailing,An experimental investigation of satisfaction and commitment in marketing channels: The role of trust and dependence,https://openalex.org/W1987292168,https://doi.org/10.1016/s0022-4359(96)90006-8,1996,article,584
Journal of Retailing,Household store brand proneness: A framework,https://openalex.org/W1977334936,https://doi.org/10.1016/s0022-4359(96)90012-3,1996,article,546
Journal of Retailing,Power and relationship commitment: their impact on marketing channel member performance,https://openalex.org/W2046557738,https://doi.org/10.1016/0022-4359(95)90019-5,1995,article,534
Journal of Retailing,The impact of music on consumers' reactions to waiting for services,https://openalex.org/W2045476978,https://doi.org/10.1016/s0022-4359(97)90016-6,1997,article,458
Journal of Retailing,"Consumer self-regulation in a retail environment,",https://openalex.org/W2004656452,https://doi.org/10.1016/0022-4359(95)90012-8,1995,article,453
Journal of Retailing,A typology of consumer dissatisfaction response styles,https://openalex.org/W1751753181,None,1990,article,444
Journal of Retailing,The role of personalization in service encounters,https://openalex.org/W2040203738,https://doi.org/10.1016/s0022-4359(96)90007-x,1996,article,443
Journal of Retailing,The service experience in two cultures: A behavioral perspective,https://openalex.org/W2026374152,https://doi.org/10.1016/s0022-4359(97)90022-1,1997,article,402
Journal of Retailing,The effects of framing price promotion messages on consumers' perceptions and purchase intentions,https://openalex.org/W1969778690,https://doi.org/10.1016/s0022-4359(99)80100-6,1998,article,395
Journal of Retailing,SERV∗OR: A managerial measure of organizational service-orientation,https://openalex.org/W1986709698,https://doi.org/10.1016/s0022-4359(99)80104-3,1998,article,392
Journal of Retailing,Communication flows in distribution channels: Impact on assessments of communication quality and satisfaction,https://openalex.org/W2110523630,https://doi.org/10.1016/0022-4359(95)90020-9,1995,article,388
Journal of Retailing,The influence of salesperson selling behaviors on customer satisfaction with products,https://openalex.org/W2081697200,https://doi.org/10.1016/s0022-4359(97)90002-6,1997,article,372
Journal of Retailing,Building a new academic field—The case of services marketing,https://openalex.org/W1967564341,https://doi.org/10.1016/s0022-4359(05)80003-x,1993,article,359
Journal of Retailing,Modeling choice among assortments.,https://openalex.org/W1521296332,None,1991,article,350
Journal of Retailing,Price competition in a duopoly common retailer channel,https://openalex.org/W1985772029,https://doi.org/10.1016/s0022-4359(96)90010-x,1996,article,356
Journal of Retailing,Money back guarantees in retailing: matching products to consumer tastes,https://openalex.org/W2041777999,https://doi.org/10.1016/0022-4359(95)90010-1,1995,article,343
Journal of Retailing,The evolution of ownersip patterns in franchise systems,https://openalex.org/W2159734550,https://doi.org/10.1016/0022-4359(94)90010-8,1994,article,324
Journal of Retailing,Retail productivity assessment using data envelopment analysis,https://openalex.org/W1997170034,https://doi.org/10.1016/s0022-4359(99)80089-x,1998,article,307
Journal of Retailing,Scents in the marketplace: explaining a fraction of olfaction,https://openalex.org/W2007188695,https://doi.org/10.1016/s0022-4359(99)00007-x,1999,article,290
Journal of Retailing,The hierarchical influence of personal values on mall shopping attitute and behavior,https://openalex.org/W2024892352,https://doi.org/10.1016/s0022-4359(99)80091-8,1998,article,275
Journal of Retailing,The effect of product assortment on buyer preferences44The paper has benefited from the comments of Ran Kivetz.,https://openalex.org/W1538402868,https://doi.org/10.1016/s0022-4359(99)00012-3,1999,article,271
Journal of Retailing,A relationship customer typology,https://openalex.org/W2090573894,https://doi.org/10.1016/s0022-4359(99)00016-0,1999,article,256
Journal of Retailing,"An investigation of positive affect, prosocial behaviors and service quality",https://openalex.org/W1550408369,https://doi.org/10.1016/s0022-4359(97)90025-7,1997,article,236
Journal of Retailing,An inventory-theoretic approach to product assortment and shelf-space allocation,https://openalex.org/W2045168835,https://doi.org/10.1016/s0022-4359(99)80086-4,1998,article,231
Journal of Retailing,Retailing hedonic consumption: A model of sales promotion of a leisure service,https://openalex.org/W2016674933,https://doi.org/10.1016/s0022-4359(96)90021-4,1996,article,227
Journal of Retailing,Designing and implementing new services: The challenges of integrating service systems,https://openalex.org/W2027698871,https://doi.org/10.1016/s0022-4359(97)90017-8,1997,article,224
Journal of Retailing,The role of retail promotion in determining future brand loyalty: its effect on purchase event feedback,https://openalex.org/W2050155111,https://doi.org/10.1016/s0022-4359(99)00018-4,1999,article,221
Journal of Retailing,Legal and social safeguards against opportunism in exchange,https://openalex.org/W2011541836,https://doi.org/10.1016/s0022-4359(99)80006-2,1999,article,214
Journal of Retailing,Correlates of mall visit frequency,https://openalex.org/W2100054613,https://doi.org/10.1016/0022-4359(94)90012-4,1994,article,214
Journal of Retailing,Alternative scales for measuring service quality: A comparative assessment based on psychometric and diagnostic criteria,https://openalex.org/W4236794615,https://doi.org/10.1016/0022-4359(94)90032-9,1994,article,211
Journal of Retailing,Increased consumer sales response though use of 99-ending prices,https://openalex.org/W2092041689,https://doi.org/10.1016/s0022-4359(96)90013-5,1996,article,195
Journal of Retailing,A model of search behavior with an application to grocery shopping,https://openalex.org/W1969381096,https://doi.org/10.1016/s0022-4359(97)90030-0,1997,article,194
Journal of Retailing,Hispanic and native American adolescents: An exploratory study of their approach to shopping,https://openalex.org/W2029422297,https://doi.org/10.1016/s0022-4359(96)90032-9,1996,article,194
Journal of Retailing,Impact of strength of ethnic identification on Hispanic shopping behavior,https://openalex.org/W2000944080,https://doi.org/10.1016/0022-4359(94)90006-x,1994,article,171
Journal of Retailing,The impact of task definition on store-attribute saliences and store choice,https://openalex.org/W2034594156,https://doi.org/10.1016/s0022-4359(99)80007-4,1999,article,171
Journal of Retailing,Using conjoint analysis to determine the relative importance of service attributes measured in customer satisfaction surveys,https://openalex.org/W2069487023,https://doi.org/10.1016/s0022-4359(97)90005-1,1997,article,166
Journal of Retailing,The impact of staffing policies on retail buyer job attitudes and behaviors,https://openalex.org/W2071491821,https://doi.org/10.1016/s0022-4359(96)90004-4,1996,article,166
Journal of Retailing,An examination of deal proneness across sales promotion types: A consumer segmentation perspective,https://openalex.org/W2019992157,https://doi.org/10.1016/s0022-4359(97)90007-5,1997,article,163
Journal of Retailing,Segmenting retail markets on store image using a consumer-based methodology,https://openalex.org/W1568441680,None,1991,article,157
Journal of Retailing,Assessing regression-based importance weights for quality perceptions and satisfaction judgements in the presence of higher order and/orinteraction effects,https://openalex.org/W1974376305,https://doi.org/10.1016/s0022-4359(97)90018-x,1997,article,156
Journal of Retailing,"Optimal continuous location of a retail facility, facility attractiveness, and market share: An interactive model",https://openalex.org/W2045957469,https://doi.org/10.1016/0022-4359(94)90028-0,1994,article,156
Journal of Retailing,Planning merchandising decisions to account for regional and product assortment differences,https://openalex.org/W1995998862,https://doi.org/10.1016/s0022-4359(99)00015-9,1999,article,155
Journal of Retailing,Who are the price vigilantes? An investigation of differentiating characteristics influencing price information processing,https://openalex.org/W2063245270,https://doi.org/10.1016/0022-4359(93)90004-3,1993,article,154
Journal of Retailing,Market share forecasting: An empirical comparison of artificial neural networks and multinomial logit model,https://openalex.org/W2019644186,https://doi.org/10.1016/s0022-4359(96)90020-2,1996,article,145
Journal of Retailing,Market power and performance: A cross-industry analysis of manufacturers and retailers,https://openalex.org/W2050412405,https://doi.org/10.1016/0022-4359(95)90024-1,1995,article,144
Journal of Retailing,"Unmasking a phantom: a psychometric assessment of mystery shopping22Some work on this paper was carried out while the first author was Visiting Professor, Institute of Marketing, Norwegian School of Economics and Business Administration and the second author was a doctoral candidate at University of Alberta. Order of authorship is alphabetical.",https://openalex.org/W1494877405,https://doi.org/10.1016/s0022-4359(99)00004-4,1999,article,132
Journal of Retailing,Studying patterns of consumer's grocery shopping trip,https://openalex.org/W2039105393,https://doi.org/10.1016/s0022-4359(97)90032-4,1997,article,132
Journal of Retailing,An ethnographic study of an urban periodic marketplace: Lessons from the midville farmers' market,https://openalex.org/W2053295624,https://doi.org/10.1016/0022-4359(93)90009-8,1993,article,132
Journal of Retailing,An exploratory investigation of interpersonal trust in new and mature market economies,https://openalex.org/W2002406240,https://doi.org/10.1016/0022-4359(95)90018-7,1995,article,130
Journal of Retailing,Technical complexity and consumer knowledge as moderators of service quality evaluation in the automobile service industry,https://openalex.org/W2074044976,https://doi.org/10.1016/0022-4359(94)90005-1,1994,article,130
Journal of Retailing,"Coupon face value: Its impact on coupon redemptions, brand sales, and brand profitability,",https://openalex.org/W1565507305,https://doi.org/10.1016/s0022-4359(96)90030-5,1996,article,125
Journal of Retailing,Discretion and the service employee,https://openalex.org/W1970284708,https://doi.org/10.1016/s0022-4359(05)80005-3,1993,article,125
Journal of Retailing,Assessing the effects of assortment and ambience: a choice experimental approach,https://openalex.org/W2140421649,https://doi.org/10.1016/s0022-4359(99)00011-1,1999,article,128
Journal of Retailing,Identifying price sensitive consumers: the relative merits of demographic vs. purchase pattern information,https://openalex.org/W1975131598,https://doi.org/10.1016/s0022-4359(99)00003-2,1999,article,123
Journal of Retailing,Voice in business-to-business relationships: Cost-of-exit and demographic antecedents,https://openalex.org/W1990971333,https://doi.org/10.1016/s0022-4359(97)90006-3,1997,article,123
Journal of Retailing,What we know about ownership redirection in franchising: A meta-analysis,https://openalex.org/W2000433729,https://doi.org/10.1016/s0022-4359(96)90022-6,1996,article,122
Journal of Retailing,Consumers' price perceptions of promoted products,https://openalex.org/W1985100856,https://doi.org/10.1016/0022-4359(95)90028-4,1995,article,120
Journal of Retailing,The sex of the service provider: Does it influence perceptions of service quality?,https://openalex.org/W1536583674,https://doi.org/10.1016/s0022-4359(97)90023-3,1997,article,116
Journal of Retailing,Coordination and manufacturer profit maximization: The multiple retailer channel,https://openalex.org/W1997219766,https://doi.org/10.1016/0022-4359(95)90004-7,1995,article,114
Journal of Retailing,Unexplored antecedents of exiting in a marketing channel,https://openalex.org/W2052683089,https://doi.org/10.1016/s0022-4359(99)00005-6,1999,article,110
Journal of Retailing,Relating price sensitivity to retailer promotional variables and pricing policy: an empirical analysis,https://openalex.org/W1527891278,https://doi.org/10.1016/s0022-4359(96)90029-9,1996,article,109
Journal of Retailing,The impact of internal and external reference prices on brand choice: The moderating role of contextual variables,https://openalex.org/W1976831384,https://doi.org/10.1016/s0022-4359(99)80102-x,1998,article,107
Journal of Retailing,The impact of dependence on dealer satisfaction: A comparison of reseller-supplier relationships,https://openalex.org/W1986413423,https://doi.org/10.1016/0022-4359(94)90035-3,1994,article,105
Journal of Retailing,Do franchised chains advertise enough?,https://openalex.org/W2091313173,https://doi.org/10.1016/s0022-4359(99)00019-6,1999,article,102
Journal of Retailing,"Organizational determinants of service employees' exercise of routine, creative, and deviant discretion",https://openalex.org/W2006108384,https://doi.org/10.1016/s0022-4359(96)90011-1,1996,article,97
Journal of Retailing,Time use in shopping: The role of personal characteristics,https://openalex.org/W2125901472,https://doi.org/10.1016/0022-4359(94)90004-3,1994,article,96
Journal of Retailing,"Generic retailing types, distinctive marketing competencies, and competitive advantage",https://openalex.org/W1969676113,https://doi.org/10.1016/0022-4359(93)90008-7,1993,article,91
Journal of Retailing,The influence of pre-existing negative affect on store purchase intentions,https://openalex.org/W2059804332,https://doi.org/10.1016/s0022-4359(99)00002-0,1999,article,90
Journal of Retailing,"Variability of brand price elasticities across retail stores: Ethnic, income, and brand determinants",https://openalex.org/W1973289953,https://doi.org/10.1016/s0022-4359(99)80103-1,1998,article,86
Journal of Retailing,"Modeling retail trade areas using higher-order, multiplicatively weighted voronoi diagrams",https://openalex.org/W1995802287,https://doi.org/10.1016/s0022-4359(97)90033-6,1997,article,86
Journal of Retailing,Modeling multiple category brand preference with household basket data,https://openalex.org/W3121212938,https://doi.org/10.1016/s0022-4359(97)90029-4,1997,article,84
Journal of Retailing,Age-related cues in retail services advertising: Their effects on younger consumers,https://openalex.org/W2050184525,https://doi.org/10.1016/s0022-4359(97)90004-x,1997,article,82
Journal of Retailing,A sensitivity analysis of retailer shelf management models,https://openalex.org/W1965771756,https://doi.org/10.1016/0022-4359(95)90005-5,1995,article,81
Journal of Retailing,"Values, utility, and ownership: Modeling the relationships for consumer durables.",https://openalex.org/W2471035297,None,1991,article,73
Journal of Retailing,Reasonable access for mobility-disabled persons is more than widening the door,https://openalex.org/W1506695680,https://doi.org/10.1016/s0022-4359(99)00020-2,1999,article,80
Journal of Retailing,The impact of price thresholds on profit contribution — Should retailers set 9-ending prices?,https://openalex.org/W1976515464,https://doi.org/10.1016/s0022-4359(99)80003-7,1999,article,78
Journal of Retailing,Is the price right? Understanding contingent processing in reference price formation,https://openalex.org/W2050815734,https://doi.org/10.1016/s0022-4359(99)80098-0,1998,article,74
Journal of Retailing,Assortment overlap: its effect on shopping patterns in a retail market when the distributions of prices and goods are known,https://openalex.org/W1991334321,https://doi.org/10.1016/s0022-4359(99)00013-5,1999,article,69
Journal of Retailing,The effect of information technology on productivity in retailing,https://openalex.org/W1999700453,https://doi.org/10.1016/s0022-4359(96)90023-8,1996,article,69
Journal of Retailing,Developing a Behavior-Based Scale to Assess Retail Salesperson Performance,https://openalex.org/W2234757279,None,1990,article,65
Journal of Retailing,Retail sales force scheduling based on store traffic forecasting,https://openalex.org/W2012705675,https://doi.org/10.1016/s0022-4359(99)80088-8,1998,article,66
Journal of Retailing,"Retail “sale” advertising, perceived retailer credibility, and price rationale,",https://openalex.org/W1551812729,https://doi.org/10.1016/s0022-4359(96)90031-7,1996,article,64
Journal of Retailing,Grocery market pricing and the new competitive environment,https://openalex.org/W1994582432,https://doi.org/10.1016/s0022-4359(99)80096-7,1998,article,62
Journal of Retailing,"Marketing program planning, process benefits, and store performance: An initial study among small retail firms",https://openalex.org/W2031364531,https://doi.org/10.1016/s0022-4359(99)00017-2,1999,article,62
Journal of Retailing,"Research note: Social influences on adolescent shoplifting—Theory, evidence, and implications for the retail industry",https://openalex.org/W2093417488,https://doi.org/10.1016/0022-4359(93)90005-4,1993,article,60
Journal of Retailing,Information sources and retail buyer decision-making: The effect of product-specific buying experience,https://openalex.org/W2062763573,https://doi.org/10.1016/0022-4359(94)90030-2,1994,article,59
Journal of Retailing,Developing optimal pricing and inventory policies for retailers who face uncertain demand,https://openalex.org/W2022103110,https://doi.org/10.1016/s0022-4359(96)90003-2,1996,article,57
Journal of Retailing,A comparative analysis of shopping behavior in Hispanic and non-Hispanic market areas,https://openalex.org/W2057448513,https://doi.org/10.1016/0022-4359(94)90034-5,1994,article,56
Journal of Retailing,Information and channel profits,https://openalex.org/W1998933982,https://doi.org/10.1016/s0022-4359(97)90031-2,1997,article,55
Journal of Retailing,Investigating retailer product category pricing from household scanner panel data,https://openalex.org/W2018178282,https://doi.org/10.1016/0022-4359(95)90003-9,1995,article,52
Journal of Retailing,Deception in retailer high-low pricing: A “rule of reason” approach,https://openalex.org/W2076489160,https://doi.org/10.1016/0022-4359(94)90011-6,1994,article,50
Journal of Retailing,Applying case-based reasoning to forecasting retail sales,https://openalex.org/W2088548740,https://doi.org/10.1016/0022-4359(93)90014-a,1993,article,48
Journal of Retailing,Categorization of customers by retail salespeople,https://openalex.org/W1563027804,https://doi.org/10.1016/0022-4359(95)90013-6,1995,article,47
Journal of Retailing,Distribution services and economic power in a channel,https://openalex.org/W2017683682,https://doi.org/10.1016/s0022-4359(99)80087-6,1998,article,46
Journal of Retailing,The selection and pricing of retail assortments: an empirical approach,https://openalex.org/W1966823876,https://doi.org/10.1016/s0022-4359(99)00010-x,1999,article,45
Journal of Retailing,An empirical study of brand switching for a retail service,https://openalex.org/W1968210369,https://doi.org/10.1016/0022-4359(94)90036-1,1994,article,44
Journal of Retailing,Retailer reactions to competitive price changes,https://openalex.org/W2025572834,https://doi.org/10.1016/0022-4359(94)90025-6,1994,article,44
Journal of Retailing,The relationship between channel conflict and information processing,https://openalex.org/W2066584430,https://doi.org/10.1016/0022-4359(95)90021-7,1995,article,42
Journal of Retailing,A preliminary investigation of franchised oil distribution in Norway,https://openalex.org/W2093185780,https://doi.org/10.1016/0022-4359(94)90014-0,1994,article,42
Journal of Retailing,Productivity assessment of multiple retail outlets,https://openalex.org/W2113088518,https://doi.org/10.1016/s0022-4359(96)90018-4,1996,article,41
Journal of Retailing,The effect of brand characteristics and retailer policies on response to retail price promotions: Implications for retailers,https://openalex.org/W2044755529,https://doi.org/10.1016/0022-4359(95)90025-x,1995,article,39
Journal of Retailing,Consumer response to quantity surcharges: Implications for retail price setters,https://openalex.org/W2068781490,https://doi.org/10.1016/s0022-4359(99)80101-8,1998,article,39
Journal of Retailing,Is dependent what we want to be? effects of incongruency,https://openalex.org/W2070588375,https://doi.org/10.1016/s0022-4359(99)80095-5,1998,article,36
Journal of Retailing,Consumer search and retail analysis,https://openalex.org/W2055147881,https://doi.org/10.1016/0022-4359(93)90002-z,1993,article,35
Journal of Retailing,Introduction to the special issue: assortment planning,https://openalex.org/W2095016429,https://doi.org/10.1016/s0022-4359(99)00009-3,1999,article,35
Journal of Retailing,An Empirical Comparison of Direct Product Profit and Existing Measures of SKU Productivity,https://openalex.org/W1558376274,None,1990,article,29
Journal of Retailing,"Measuring consumer, nonlinear brand choice response to price",https://openalex.org/W2076060533,https://doi.org/10.1016/s0022-4359(99)80107-9,1998,article,33
Journal of Retailing,A framework for more valid measures of channel member performance,https://openalex.org/W2002615288,https://doi.org/10.1016/0022-4359(94)90003-5,1994,article,30
Journal of Retailing,Differential responses to retail sales promotion among African-American and Anglo-American consumers,https://openalex.org/W1981682523,https://doi.org/10.1016/0022-4359(95)90014-4,1995,article,29
Journal of Retailing,A discrete optimization model for seasonal merchandise planning,https://openalex.org/W2080195716,https://doi.org/10.1016/s0022-4359(99)80093-1,1998,article,25
Journal of Retailing,How Does a Product Market's Typical Price Promotion Pattern Affect the Timing of Households' Purchases? An Empirical Study Using UPC Scanner Data,https://openalex.org/W2590625655,None,1992,article,24
Journal of Retailing,Consumer responses to electronic article surveillance alarms,https://openalex.org/W2042612700,https://doi.org/10.1016/0022-4359(93)90011-7,1993,article,23
Journal of Retailing,Concentrated vs. balanced sourcing: an examination of retailer purchasing decisions in closed markets,https://openalex.org/W1595144427,https://doi.org/10.1016/0022-4359(95)90011-x,1995,article,22
Journal of Retailing,Development of a theory of retailer response to manufacturers' everyday low cost programs,https://openalex.org/W2012424083,https://doi.org/10.1016/s0022-4359(99)80090-6,1998,article,22
Journal of Retailing,Introduction to the second special issue services marketing: Perspectives on service excellence,https://openalex.org/W1997101915,https://doi.org/10.1016/s0022-4359(97)90019-1,1997,article,21
Journal of Retailing,Size does matter: Analyzing brand-size competition using store level scanner data,https://openalex.org/W2168413852,https://doi.org/10.1016/s0022-4359(99)80004-9,1999,article,21
Journal of Retailing,Changing patterns of channel governance: an example from Japan,https://openalex.org/W2012762344,https://doi.org/10.1016/s0022-4359(99)00006-8,1999,article,18
Journal of Retailing,Strategic marketing fit in manufacturer-retailer relationships: Price leaders versus merchandise differentiators,https://openalex.org/W2067934842,https://doi.org/10.1016/0022-4359(95)90027-6,1995,article,18
Journal of Retailing,Technical research note: The effect of double deals on consumer attitudes,https://openalex.org/W2028324268,https://doi.org/10.1016/0022-4359(93)90017-d,1993,article,16
Journal of Retailing,Introduction to the special issue,https://openalex.org/W4244924428,https://doi.org/10.1016/s0022-4359(97)90011-7,1997,article,15
Journal of Retailing,An empirical investigation of the advertising spending decisions of a multiproduct retailer,https://openalex.org/W2043812258,https://doi.org/10.1016/0022-4359(95)90026-8,1995,article,14
Journal of Retailing,Aggregate versus product-specific pricing: Implications for franchise and traditional channels,https://openalex.org/W2000437826,https://doi.org/10.1016/s0022-4359(96)90019-6,1996,article,13
Journal of Retailing,A Pilot Test of Discrimination in the Japanese Distribution System,https://openalex.org/W1590474091,None,1991,article,11
Journal of Retailing,Using a menu of geographic pricing plans: A theoretical investigation,https://openalex.org/W1986946381,https://doi.org/10.1016/0022-4359(95)90006-3,1995,article,10
Journal of Retailing,The current status of women in department store retailing: 1993,https://openalex.org/W2019491367,https://doi.org/10.1016/0022-4359(94)90029-9,1994,article,9
Journal of Retailing,Introduction to special section,https://openalex.org/W2010049667,https://doi.org/10.1016/s0022-4359(05)80002-8,1993,article,8
Journal of Retailing,Consumer strategies for purchasing assortments within a single product class,https://openalex.org/W2044809716,https://doi.org/10.1016/s0022-4359(99)00014-7,1999,article,5
Journal of Retailing,Executive summaries,https://openalex.org/W4245791830,https://doi.org/10.1016/s0022-4359(99)80001-3,1999,article,5
Journal of Retailing,Barriers to change in regulated channel environments: Pharmacists' prescribing,https://openalex.org/W2050839809,https://doi.org/10.1016/s0022-4359(99)80108-0,1998,article,3
Journal of Retailing,Introduction to the special issue,https://openalex.org/W4249229642,https://doi.org/10.1016/s0022-4359(99)80097-9,1998,article,3
Journal of Retailing,Executive summaries,https://openalex.org/W4245550429,https://doi.org/10.1016/s0022-4359(98)90003-3,1998,article,1
Journal of Retailing,Executive summaries,https://openalex.org/W4246992103,https://doi.org/10.1016/s0022-4359(96)90009-3,1996,article,1
Journal of Retailing,Introduction to the special issue: Marketing science approaches to distribution channel management,https://openalex.org/W2018474267,https://doi.org/10.1016/0022-4359(95)90001-2,1995,article,1
Journal of Retailing,Introduction to the special issue: behavioral dimensions in marketing channels,https://openalex.org/W2026469944,https://doi.org/10.1016/0022-4359(95)90016-0,1995,article,1
Journal of Retailing,Concentrated vs.Balanced Sourcing,https://openalex.org/W2618099104,None,1995,article,1
Journal of Retailing,Introduction to the special section: Economic perspectives on retailing,https://openalex.org/W2037489550,https://doi.org/10.1016/s0022-4359(99)80085-2,1998,article,0
Journal of Retailing,Executive summary,https://openalex.org/W4243780008,https://doi.org/10.1016/s0022-4359(98)90021-5,1998,article,0
Journal of Retailing,Executive summaries,https://openalex.org/W4244157245,https://doi.org/10.1016/s0022-4359(98)90005-7,1998,article,0
Journal of Retailing,"Boekbespreking van L. van der Berg, J. van der Borg, J. van der Meer (red.), Urban tourism: performance and strategies in 8 European cities",https://openalex.org/W2495091758,None,1997,article,0
Journal of Retailing,Executive summaries,https://openalex.org/W4206779711,https://doi.org/10.1016/s0022-4359(97)90012-9,1997,article,0
Journal of Retailing,Executive summaries,https://openalex.org/W4235733604,https://doi.org/10.1016/s0022-4359(97)90028-2,1997,article,0
Journal of Retailing,Executive summaries,https://openalex.org/W4237596931,https://doi.org/10.1016/s0022-4359(97)90001-4,1997,article,0
Journal of Retailing,Manuscript guidelines,https://openalex.org/W4237804278,https://doi.org/10.1016/s0022-4359(97)90008-7,1997,article,0
Journal of Retailing,Executive summaries,https://openalex.org/W4239609784,https://doi.org/10.1016/s0022-4359(97)90020-8,1997,article,0
Journal of Retailing,Manuscript guidelines,https://openalex.org/W4245638666,https://doi.org/10.1016/s0022-4359(97)90035-x,1997,article,0
Journal of Retailing,Manuscript guidelines,https://openalex.org/W4252940011,https://doi.org/10.1016/s0022-4359(97)90027-0,1997,article,0
Journal of Retailing,Reviewers for the special issue in the service marketing,https://openalex.org/W4254281775,https://doi.org/10.1016/s0022-4359(97)90026-9,1997,article,0
Journal of Retailing,Passing the torch,https://openalex.org/W2047354075,https://doi.org/10.1016/s0022-4359(96)90017-2,1996,article,0
Journal of Retailing,Manuscript guidelines,https://openalex.org/W4214505361,https://doi.org/10.1016/0022-4359(95)90007-1,1995,article,0
Journal of Retailing,Manuscript guidelines,https://openalex.org/W4229794223,https://doi.org/10.1016/s0022-4359(96)90025-1,1996,article,0
Journal of Retailing,Announcement of a new editor,https://openalex.org/W4231561182,https://doi.org/10.1016/s0022-4359(96)90026-3,1996,article,0
Journal of Retailing,Manuscript guidelines,https://openalex.org/W4232519662,https://doi.org/10.1016/s0022-4359(96)90008-1,1996,article,0
Journal of Retailing,Executive summaries,https://openalex.org/W4234394732,https://doi.org/10.1016/0022-4359(95)90009-8,1995,article,0
Journal of Retailing,Manuscript guidelines,https://openalex.org/W4236178421,https://doi.org/10.1016/0022-4359(95)90029-2,1995,article,0
Journal of Retailing,Executive summaries,https://openalex.org/W4238720787,https://doi.org/10.1016/0022-4359(95)90017-9,1995,article,0
Journal of Retailing,Executive summaries,https://openalex.org/W4238853317,https://doi.org/10.1016/s0022-4359(96)90016-0,1996,article,0
Journal of Retailing,Executive summaries,https://openalex.org/W4239929450,https://doi.org/10.1016/0022-4359(95)90002-0,1995,article,0
Journal of Retailing,Manuscript guidelines,https://openalex.org/W4242927226,https://doi.org/10.1016/s0022-4359(96)90033-0,1996,article,0
Journal of Retailing,Manuscript guidelines,https://openalex.org/W4243078012,https://doi.org/10.1016/s0022-4359(96)90015-9,1996,article,0
Journal of Retailing,Executive summaries,https://openalex.org/W4247609084,https://doi.org/10.1016/s0022-4359(96)90027-5,1996,article,0
Journal of Retailing,Executive summaries,https://openalex.org/W4249908747,https://doi.org/10.1016/0022-4359(95)90023-3,1995,article,0
Journal of Retailing,Executive summaries,https://openalex.org/W4255605068,https://doi.org/10.1016/s0022-4359(96)90002-0,1996,article,0
Journal of Retailing,Manuscript guidelines,https://openalex.org/W4255815535,https://doi.org/10.1016/0022-4359(95)90015-2,1995,article,0
Journal of Retailing,Indexes,https://openalex.org/W4256717806,https://doi.org/10.1016/0022-4359(95)90022-5,1995,article,0
Journal of Retailing,A Retail Store Location Model Based on Managerial Judgements,https://openalex.org/W3105455765,None,1992,article,0
Journal of Retailing,Manuscript guidelines,https://openalex.org/W4205658218,https://doi.org/10.1016/0022-4359(93)90012-8,1993,article,0
Journal of Retailing,Executive summaries,https://openalex.org/W4210575844,https://doi.org/10.1016/0022-4359(94)90009-4,1994,article,0
Journal of Retailing,Executive summaries,https://openalex.org/W4214537078,https://doi.org/10.1016/s0022-4359(05)80001-6,1993,article,0
Journal of Retailing,Manuscript guidelines,https://openalex.org/W4233247778,https://doi.org/10.1016/0022-4359(94)90015-9,1994,article,0
Journal of Retailing,Indexes,https://openalex.org/W4235554845,https://doi.org/10.1016/0022-4359(94)90007-8,1994,article,0
Journal of Retailing,Manuscript guidelines,https://openalex.org/W4235967994,https://doi.org/10.1016/0022-4359(94)90038-8,1994,article,0
Journal of Retailing,Executive summaries,https://openalex.org/W4237919355,https://doi.org/10.1016/0022-4359(93)90007-6,1993,article,0
Journal of Retailing,Manuscript guidelines,https://openalex.org/W4238847467,https://doi.org/10.1016/0022-4359(94)90031-0,1994,article,0
Journal of Retailing,Manuscript guidelines,https://openalex.org/W4241184143,https://doi.org/10.1016/0022-4359(94)90008-6,1994,article,0
Journal of Retailing,Executive summaries,https://openalex.org/W4246794883,https://doi.org/10.1016/0022-4359(94)90027-2,1994,article,0
Journal of Retailing,Manuscript guidelines,https://openalex.org/W4248203953,https://doi.org/10.1016/0022-4359(93)90018-e,1993,article,0
Journal of Retailing,Executive summaries,https://openalex.org/W4252130018,https://doi.org/10.1016/0022-4359(93)90001-y,1993,article,0
Journal of Retailing,Executive summaries,https://openalex.org/W4255378996,https://doi.org/10.1016/0022-4359(94)90001-9,1994,article,0
Journal of Retailing,Executive summaries,https://openalex.org/W4256387128,https://doi.org/10.1016/0022-4359(93)90013-9,1993,article,0
Journal of Retailing,Manuscript guidelines,https://openalex.org/W4256565585,https://doi.org/10.1016/0022-4359(93)90006-5,1993,article,0
