source_journal,work_title,work_oaid,DOI,pub_year,work_type,all_cited_by_count
Journal of Marketing Research,Happiness Begets Money: Emotion and Engagement in Live Streaming,https://openalex.org/W3135549087,https://doi.org/10.1177/00222437211002477,2021,article,187
Journal of Marketing Research,Should Your Brand Pick a Side? How Market Share Determines the Impact of Corporate Political Advocacy,https://openalex.org/W3086580735,https://doi.org/10.1177/0022243720947682,2020,article,122
Journal of Marketing Research,Observing Product Touch: The Vicarious Haptic Effect in Digital Marketing and Virtual Reality,https://openalex.org/W3209611345,https://doi.org/10.1177/00222437211059540,2021,article,98
Journal of Marketing Research,"The Polarity of Online Reviews: Prevalence, Drivers and Implications",https://openalex.org/W3046704450,https://doi.org/10.1177/0022243720941832,2020,article,116
Journal of Marketing Research,"The Impact of Soda Taxes: Pass-Through, Tax Avoidance, and Nutritional Effects",https://openalex.org/W3125872073,https://doi.org/10.1177/0022243720969401,2020,article,116
Journal of Marketing Research,The Positive Effect of Not Following Others on Social Media,https://openalex.org/W3033104118,https://doi.org/10.1177/0022243720915467,2020,article,106
Journal of Marketing Research,The Enhancing Versus Backfiring Effects of Positive Emotion in Consumer Reviews,https://openalex.org/W4250420823,https://doi.org/10.1177/0022243719892594,2020,article,91
Journal of Marketing Research,The Power of Brand Selfies,https://openalex.org/W3198767726,https://doi.org/10.1177/00222437211037258,2021,article,85
Journal of Marketing Research,Thumbs Up or Down: Consumer Reactions to Decisions by Algorithms Versus Humans,https://openalex.org/W4200294983,https://doi.org/10.1177/00222437211070016,2021,article,70
Journal of Marketing Research,Free Shipping Promotions and Product Returns,https://openalex.org/W3022128117,https://doi.org/10.1177/0022243720921812,2020,article,63
Journal of Marketing Research,Ritualistic Consumption Decreases Loneliness by Increasing Meaning,https://openalex.org/W3125835255,https://doi.org/10.1177/0022243721993426,2021,article,50
Journal of Marketing Research,The Impact of Subscription Programs on Customer Purchases,https://openalex.org/W4210407456,https://doi.org/10.1177/00222437221080163,2022,article,35
Journal of Marketing Research,Words Meet Photos: When and Why Photos Increase Review Helpfulness,https://openalex.org/W4362465228,https://doi.org/10.1177/00222437231169711,2023,article,20
Journal of Marketing Research,Construal Matching in Online Search: Applying Text Analysis to Illuminate the Consumer Decision Journey,https://openalex.org/W3081854128,https://doi.org/10.1177/0022243720940693,2020,article,61
Journal of Marketing Research,When Consumption Regulations Backfire: The Role of Political Ideology,https://openalex.org/W3031132385,https://doi.org/10.1177/0022243720919709,2020,article,53
Journal of Marketing Research,Advertising Effectiveness for Multiple Retailer-Brands in a Multimedia and Multichannel Environment,https://openalex.org/W3015565217,https://doi.org/10.1177/0022243720910104,2020,article,47
Journal of Marketing Research,The Effect of Information Disclosure on Industry Payments to Physicians,https://openalex.org/W2768711059,https://doi.org/10.1177/0022243720972106,2020,article,46
Journal of Marketing Research,Face Forward: How Employees’ Digital Presence on Service Websites Affects Customer Perceptions of Website and Employee Service Quality,https://openalex.org/W3043343819,https://doi.org/10.1177/0022243720934863,2020,article,44
Journal of Marketing Research,Consumer Behavior in the Online Classroom: Using Video Analytics and Machine Learning to Understand the Consumption of Video Courseware,https://openalex.org/W3197716485,https://doi.org/10.1177/00222437211042013,2021,article,43
Journal of Marketing Research,Attribute Sentiment Scoring with Online Text Reviews: Accounting for Language Structure and Missing Attributes,https://openalex.org/W3201959652,https://doi.org/10.1177/00222437211052500,2021,article,41
Journal of Marketing Research,"Marketing Insights from Multimedia Data: Text, Image, Audio, and Video",https://openalex.org/W3213413909,https://doi.org/10.1177/00222437211054601,2021,article,39
Journal of Marketing Research,The Dark Side of Mobile App Adoption: Examining the Impact on Customers’ Multichannel Purchase,https://openalex.org/W3119991496,https://doi.org/10.1177/0022243720988257,2021,article,36
Journal of Marketing Research,Incentives Increase Relative Positivity of Review Content and Enjoyment of Review Writing,https://openalex.org/W3150457665,https://doi.org/10.1177/00222437211010439,2021,article,35
Journal of Marketing Research,"Cross-National Differences in Market Response: Line-Length, Price, and Distribution Elasticities in 14 Indo-Pacific Rim Economies",https://openalex.org/W3191623435,https://doi.org/10.1177/00222437211058102,2022,article,29
Journal of Marketing Research,Engaging Consumers with Environmental Sustainability Initiatives: Consumer Global–Local Identity and Global Brand Messaging,https://openalex.org/W4206996253,https://doi.org/10.1177/00222437221078522,2022,article,28
Journal of Marketing Research,The Power of Profanity: The Meaning and Impact of Swear Words in Word of Mouth,https://openalex.org/W4207027761,https://doi.org/10.1177/00222437221078606,2022,article,27
Journal of Marketing Research,Algorithmic Transference: People Overgeneralize Failures of AI in the Government,https://openalex.org/W4282981817,https://doi.org/10.1177/00222437221110139,2022,article,27
Journal of Marketing Research,The Effectiveness of Cause-Related Marketing: A Meta-Analysis on Consumer Responses,https://openalex.org/W4282561899,https://doi.org/10.1177/00222437221109782,2022,article,23
Journal of Marketing Research,Customization in Luxury Brands: Can Valentino Get Personal?,https://openalex.org/W3046222667,https://doi.org/10.1177/0022243720943191,2020,article,42
Journal of Marketing Research,Bayesian Synthetic Control Methods,https://openalex.org/W4235075317,https://doi.org/10.1177/0022243720936230,2020,article,40
Journal of Marketing Research,Uncertainty Evokes Consumers’ Preference for Brands Incongruent with their Global–Local Citizenship Identity,https://openalex.org/W3097540482,https://doi.org/10.1177/0022243720972956,2020,article,39
Journal of Marketing Research,Constraining Ideas: How Seeing Ideas of Others Harms Creativity in Open Innovation,https://openalex.org/W3109336169,https://doi.org/10.1177/0022243720964429,2020,article,39
Journal of Marketing Research,Consumers’ Preference for User-Designed Versus Designer-Designed Products: The Moderating Role of Power Distance Belief,https://openalex.org/W2773826427,https://doi.org/10.1177/0022243720972702,2020,article,38
Journal of Marketing Research,Communicating Brands in Television Advertising,https://openalex.org/W3006423353,https://doi.org/10.1177/0022243719892576,2020,article,38
Journal of Marketing Research,Making the World a Better Place: How Crowdfunding Increases Consumer Demand for Social-Good Products,https://openalex.org/W3092969991,https://doi.org/10.1177/0022243720970445,2020,article,37
Journal of Marketing Research,The Left-Digit Bias: When and Why Are Consumers Penny Wise and Pound Foolish?,https://openalex.org/W3036028842,https://doi.org/10.1177/0022243720932532,2020,article,36
Journal of Marketing Research,"How Main Street Drives Wall Street: Customer (Dis)satisfaction, Short Sellers, and Abnormal Returns",https://openalex.org/W3094264712,https://doi.org/10.1177/0022243720954373,2020,article,36
Journal of Marketing Research,Leveraging Brand Equity for Effective Visual Product Design,https://openalex.org/W3010244641,https://doi.org/10.1177/0022243720904004,2020,article,35
Journal of Marketing Research,Organizational Herding in Advertising Spending Disclosures: Evidence and Mechanisms,https://openalex.org/W3122068513,https://doi.org/10.1177/0022243720978954,2021,article,31
Journal of Marketing Research,"Improving Business-to-Business Customer Satisfaction Programs: Assessment of Asymmetry, Heterogeneity, and Financial Impact",https://openalex.org/W3155626213,https://doi.org/10.1177/00222437211013781,2021,article,31
Journal of Marketing Research,The Signal Value of Crowdfunded Products,https://openalex.org/W3155108401,https://doi.org/10.1177/00222437211012451,2021,article,30
Journal of Marketing Research,"Cross-National Differences in Market Response: Line-Length, Price, and Distribution Elasticities in 14 Indo-Pacific Rim Economies",https://openalex.org/W3191623435,https://doi.org/10.1177/00222437211058102,2021,article,30
Journal of Marketing Research,Home-Tutoring Services Assisted with Technology: Investigating the Role of Artificial Intelligence Using a Randomized Field Experiment,https://openalex.org/W3199729143,https://doi.org/10.1177/00222437211050351,2021,article,30
Journal of Marketing Research,Understanding Lateral and Vertical Biases in Consumer Attention: An In-Store Ambulatory Eye-Tracking Study,https://openalex.org/W3128931914,https://doi.org/10.1177/0022243721998375,2021,article,29
Journal of Marketing Research,Dynamics of Musical Success: A Machine Learning Approach for Multimedia Data Fusion,https://openalex.org/W3161304358,https://doi.org/10.1177/00222437211016495,2021,article,29
Journal of Marketing Research,Paralanguage Classifier (PARA): An Algorithm for Automatic Coding of Paralinguistic Nonverbal Parts of Speech in Text,https://openalex.org/W4285395910,https://doi.org/10.1177/00222437221116058,2022,article,20
Journal of Marketing Research,Examining the Efficacy of Time Scarcity Marketing Promotions in Online Retail,https://openalex.org/W4288035992,https://doi.org/10.1177/00222437221118856,2022,article,19
Journal of Marketing Research,The Early Impact of GDPR Compliance on Display Advertising: The Case of an Ad Publisher,https://openalex.org/W4364379403,https://doi.org/10.1177/00222437231171848,2023,article,9
Journal of Marketing Research,Mega or Micro? Influencer Selection Using Follower Elasticity,https://openalex.org/W4387652379,https://doi.org/10.1177/00222437231210267,2023,article,9
Journal of Marketing Research,"Consumer Rational (In)Attention to Favorable and Unfavorable Product Information, and Firm Information Design",https://openalex.org/W3107329017,https://doi.org/10.1177/0022243720977830,2020,article,34
Journal of Marketing Research,"Weather, Affect, and Preference for Hedonic Products: The Moderating Role of Gender",https://openalex.org/W4229693927,https://doi.org/10.1177/0022243720925764,2020,article,34
Journal of Marketing Research,Opening the Umbrella: The Effects of Rebranding Multiple Category-Specific Private-Label Brands to One Umbrella Brand,https://openalex.org/W3016361410,https://doi.org/10.1177/0022243720922853,2020,article,33
Journal of Marketing Research,Design and Governance of Multichannel Sales Systems: Financial Performance Consequences in Business-to-Business Markets,https://openalex.org/W3043139753,https://doi.org/10.1177/0022243720929676,2020,article,33
Journal of Marketing Research,Organizational Herding in Advertising Spending Disclosures: Evidence and Mechanisms,https://openalex.org/W3122068513,https://doi.org/10.1177/0022243720978954,2020,article,33
Journal of Marketing Research,Advertising a Desired Change: When Process Simulation Fosters (vs. Hinders) Credibility and Persuasion,https://openalex.org/W3011429671,https://doi.org/10.1177/0022243720904758,2020,article,31
Journal of Marketing Research,The Strength of Weak-Tie Consensus Language,https://openalex.org/W3007826521,https://doi.org/10.1177/0022243720904957,2020,article,29
Journal of Marketing Research,Emotional Expressions and Brand Status,https://openalex.org/W3200471695,https://doi.org/10.1177/00222437211037340,2021,article,27
Journal of Marketing Research,Down a Rabbit Hole: How Prior Media Consumption Shapes Subsequent Media Consumption,https://openalex.org/W3205233488,https://doi.org/10.1177/00222437211055403,2021,article,27
Journal of Marketing Research,How Life-Role Transitions Shape Consumer Responses to Brand Extensions,https://openalex.org/W3120433194,https://doi.org/10.1177/0022243720986546,2021,article,26
Journal of Marketing Research,Effects of Payment on User Engagement in Online Courses,https://openalex.org/W3157101706,https://doi.org/10.1177/00222437211016360,2021,article,24
Journal of Marketing Research,The Role of Gender in Pay-What-You-Want Contexts,https://openalex.org/W3123170652,https://doi.org/10.1177/0022243721992056,2021,article,23
Journal of Marketing Research,Psychological Ownership of (Borrowed) Money,https://openalex.org/W3125783967,https://doi.org/10.1177/0022243721993816,2021,article,23
Journal of Marketing Research,"Religious Belief, Religious Priming, and Negative Word of Mouth",https://openalex.org/W3149968621,https://doi.org/10.1177/00222437211011196,2021,article,23
Journal of Marketing Research,First-Price Auctions in Online Display Advertising,https://openalex.org/W3175318851,https://doi.org/10.1177/00222437211030201,2021,article,23
Journal of Marketing Research,Handling Endogenous Regressors Using Copulas: A Generalization to Linear Panel Models with Fixed Effects and Correlated Regressors,https://openalex.org/W4200188473,https://doi.org/10.1177/00222437211070820,2021,article,23
Journal of Marketing Research,Expected Socioeconomic-Status-Based Discrimination Reduces Price Sensitivity Among the Poor,https://openalex.org/W4224000849,https://doi.org/10.1177/00222437221097100,2022,article,17
Journal of Marketing Research,How Does the Adoption of Ad Blockers Affect News Consumption?,https://openalex.org/W4205174025,https://doi.org/10.1177/00222437221076160,2022,article,16
Journal of Marketing Research,Phone and Self: How Smartphone Use Increases Preference for Uniqueness,https://openalex.org/W4289654129,https://doi.org/10.1177/00222437221120404,2022,article,15
Journal of Marketing Research,The Effects of Content Ephemerality on Information Processing,https://openalex.org/W4296830596,https://doi.org/10.1177/00222437221131047,2023,article,7
Journal of Marketing Research,Understanding How Music Influences Shopping on Weekdays and Weekends,https://openalex.org/W4313331183,https://doi.org/10.1177/00222437221150930,2023,article,7
Journal of Marketing Research,Will Online Shopping Lead to More Brand Loyalty Than Offline Shopping? The Role of Uncertainty Avoidance,https://openalex.org/W4315782091,https://doi.org/10.1177/00222437231153075,2023,article,7
Journal of Marketing Research,Virtual Fitting Room Effect: Moderating Role of Body Mass Index,https://openalex.org/W4319836158,https://doi.org/10.1177/00222437231154871,2023,article,7
Journal of Marketing Research,"Marketing, Through the Eyes of the Stigmatized",https://openalex.org/W3097367118,https://doi.org/10.1177/0022243720975400,2020,article,28
Journal of Marketing Research,Consumer Search and Filtering on Online Retail Platforms,https://openalex.org/W4243150674,https://doi.org/10.1177/0022243720928367,2020,article,28
Journal of Marketing Research,Lowering the Minimum Donation Amount Increases Consumer Purchase Likelihood of Products Associated with Cause-Related Marketing Campaigns,https://openalex.org/W3023230892,https://doi.org/10.1177/0022243720916463,2020,article,27
Journal of Marketing Research,Customer Satisfaction and Firm Profits in Monopolies: A Study of Utilities,https://openalex.org/W3086464260,https://doi.org/10.1177/0022243720962405,2020,article,27
Journal of Marketing Research,Charting the Path to Purchase Using Topic Models,https://openalex.org/W3093275794,https://doi.org/10.1177/0022243720954376,2020,article,26
Journal of Marketing Research,Heart or Mind? The Impact of Power Distance Belief on the Persuasiveness of Cognitive Versus Affective Appeals in Education Marketing Messages,https://openalex.org/W3135483868,https://doi.org/10.1177/00222437211002196,2021,article,22
Journal of Marketing Research,The “Idea Advantage”: How Content Sharing Strategies Impact Engagement in Online Learning Platforms,https://openalex.org/W3159148328,https://doi.org/10.1177/00222437211017828,2021,article,22
Journal of Marketing Research,How Association with Physical Waste Attenuates Consumer Preferences for Rescue-Based Food,https://openalex.org/W3173895324,https://doi.org/10.1177/00222437211031243,2021,article,22
Journal of Marketing Research,Extremity Bias in Online Reviews: The Role of Attrition,https://openalex.org/W4200160148,https://doi.org/10.1177/00222437211073579,2021,article,22
Journal of Marketing Research,Context Information Can Increase Revenue in Online Display Advertising Auctions: Evidence from a Policy Change,https://openalex.org/W4200532319,https://doi.org/10.1177/00222437211070219,2021,article,22
Journal of Marketing Research,Deceptive Claims Using Fake News Advertising: The Impact on Consumers,https://openalex.org/W3187352137,https://doi.org/10.1177/00222437211039804,2021,article,21
Journal of Marketing Research,Feeling Lonely Increases Interest in Previously Owned Products,https://openalex.org/W3173858560,https://doi.org/10.1177/00222437211030685,2021,article,20
Journal of Marketing Research,"Education and Marketing: Decision Making, Spending, and Consumption",https://openalex.org/W4205841707,https://doi.org/10.1177/00222437211068091,2022,article,14
Journal of Marketing Research,Six Methods for Latent Moderation Analysis in Marketing Research: A Comparison and Guidelines,https://openalex.org/W4206446382,https://doi.org/10.1177/00222437221077266,2022,article,14
Journal of Marketing Research,Indulgent Consumption Signals Interpersonal Warmth,https://openalex.org/W4223993956,https://doi.org/10.1177/00222437221097089,2022,article,13
Journal of Marketing Research,"I Will Get a Reward, Too: When Disclosing the Referrer Reward Increases Referring",https://openalex.org/W4285726562,https://doi.org/10.1177/00222437221117113,2022,article,13
Journal of Marketing Research,How Can Publishers Collaborate and Compete with News Aggregators?,https://openalex.org/W4316020651,https://doi.org/10.1177/00222437231153607,2023,article,6
Journal of Marketing Research,Female Chief Marketing Officers: When and Why Do Their Marketing Decisions Differ from Their Male Counterparts’?,https://openalex.org/W4319788087,https://doi.org/10.1177/00222437231156902,2023,article,6
Journal of Marketing Research,How Do Fast-Fashion Copycats Affect the Popularity of Premium Brands? Evidence from Social Media,https://openalex.org/W4323316237,https://doi.org/10.1177/00222437231164403,2023,article,6
Journal of Marketing Research,The Design Communication Assessment Scale (DCAS): Assessing and Adjusting the Effectiveness of Product Design Communications,https://openalex.org/W4324138937,https://doi.org/10.1177/00222437231166342,2023,article,6
Journal of Marketing Research,The Anatomy of the Advertising Budget Decision: How Analytics and Heuristics Drive Sales Performance,https://openalex.org/W3013535144,https://doi.org/10.1177/0022243720907578,2020,article,23
Journal of Marketing Research,Open Negotiation: The Back-End Benefits of Salespeople’s Transparency in the Front End,https://openalex.org/W3089767223,https://doi.org/10.1177/0022243720951153,2020,article,23
Journal of Marketing Research,The Moderating Effect of Buying Impulsivity on the Dynamics of Unplanned Purchasing Motivations,https://openalex.org/W3016232262,https://doi.org/10.1177/0022243720912284,2020,article,22
Journal of Marketing Research,Where Do You Want to Go for Dinner? A Preference Expression Asymmetry in Joint Consumption,https://openalex.org/W3087947725,https://doi.org/10.1177/0022243720949497,2020,article,22
Journal of Marketing Research,A Near-Optimal Bidding Strategy for Real-Time Display Advertising Auctions,https://openalex.org/W3092461400,https://doi.org/10.1177/0022243720968547,2020,article,22
Journal of Marketing Research,The Importance of Price Beliefs in Consumer Search,https://openalex.org/W3112308645,https://doi.org/10.1177/0022243720982979,2020,article,22
Journal of Marketing Research,The Bulletproof Glass Effect: Unintended Consequences of Privacy Notices,https://openalex.org/W4200102870,https://doi.org/10.1177/00222437211069093,2021,article,19
Journal of Marketing Research,Political Identity and Preference for Supplemental Educational Programs,https://openalex.org/W3135714713,https://doi.org/10.1177/00222437211004252,2021,article,18
Journal of Marketing Research,Choosing the Light Meal: Real-Time Aggregation of Calorie Information Reduces Meal Calories,https://openalex.org/W3162140234,https://doi.org/10.1177/00222437211022367,2021,article,18
Journal of Marketing Research,The Effect of Slow Motion Video on Consumer Inference,https://openalex.org/W3168289492,https://doi.org/10.1177/00222437211025054,2021,article,18
Journal of Marketing Research,Overcoming the Cold Start Problem of Customer Relationship Management Using a Probabilistic Machine Learning Approach,https://openalex.org/W3177811426,https://doi.org/10.1177/00222437211032938,2021,article,18
Journal of Marketing Research,Navigating Shared Consumption Experiences: Clarity About a Partner’s Interests Increases Enjoyment,https://openalex.org/W3134750362,https://doi.org/10.1177/00222437211002818,2021,article,17
Journal of Marketing Research,Perceived Versus Negotiated Discounts: The Role of Advertised Reference Prices in Price Negotiations,https://openalex.org/W3177613340,https://doi.org/10.1177/00222437211034443,2021,article,17
Journal of Marketing Research,How Do Nutritional Warning Labels Affect Prices?,https://openalex.org/W4280557968,https://doi.org/10.1177/00222437221105014,2022,article,12
Journal of Marketing Research,Effective Implementation of Predictive Sales Analytics,https://openalex.org/W4313364945,https://doi.org/10.1177/00222437221151039,2022,article,12
Journal of Marketing Research,Women and Minority Film Directors in Hollywood: Performance Implications of Product Development and Distribution Biases,https://openalex.org/W4286785533,https://doi.org/10.1177/00222437221100217,2022,article,11
Journal of Marketing Research,I Will Be Green for Us: When Consumers Compensate for Their Partners’ Unsustainable Behavior,https://openalex.org/W4293078907,https://doi.org/10.1177/00222437221108891,2022,article,11
Journal of Marketing Research,"Does Company Size Shape Product Quality Inferences? Larger Companies Make Better High-Tech Products, but Smaller Companies Make Better Low-Tech Products",https://openalex.org/W4293213144,https://doi.org/10.1177/00222437221124857,2022,article,11
Journal of Marketing Research,How Consumers Respond to Embarrassing Service Encounters: A Dehumanization Perspective,https://openalex.org/W4296709665,https://doi.org/10.1177/00222437221130721,2022,article,11
Journal of Marketing Research,The Sound of Music: The Effect of Timbral Sound Quality in Audio Logos on Brand Personality Perception,https://openalex.org/W4306164421,https://doi.org/10.1177/00222437221135188,2022,article,11
Journal of Marketing Research,Debunking Misinformation About Consumer Products: Effects on Beliefs and Purchase Behavior,https://openalex.org/W4312063329,https://doi.org/10.1177/00222437221147088,2022,article,11
Journal of Marketing Research,The Impact of In-Store Inspirational (vs. Deal-Oriented) Communication on Spending: The Importance of Activating Consumption Goal Completion,https://openalex.org/W4312100755,https://doi.org/10.1177/00222437221149508,2023,article,5
Journal of Marketing Research,Impact of Buying Groups on Buyer–Supplier Relationships: Group–Dyad Interactions in Business-to-Business Markets,https://openalex.org/W4313680506,https://doi.org/10.1177/00222437231152207,2023,article,5
Journal of Marketing Research,Measuring Evidence for Mediation in the Presence of Measurement Error,https://openalex.org/W4313703120,https://doi.org/10.1177/00222437231151873,2023,article,5
Journal of Marketing Research,Save More Today or Tomorrow: The Role of Urgency in Precommitment Design,https://openalex.org/W4315927025,https://doi.org/10.1177/00222437231153396,2023,article,5
Journal of Marketing Research,Resources Available for Me Versus Us: Implications for Mitigating Consumer Food Waste,https://openalex.org/W4321763618,https://doi.org/10.1177/00222437231162615,2023,article,5
Journal of Marketing Research,Unveiling Stars: How Graphical Displays of Online Consumer Ratings Affect Consumer Perception and Judgment,https://openalex.org/W4376637884,https://doi.org/10.1177/00222437231179186,2023,article,5
Journal of Marketing Research,Guardians of Trust: How Review Platforms Can Fight Fakery and Build Consumer Trust,https://openalex.org/W4385582524,https://doi.org/10.1177/00222437231195576,2023,article,5
Journal of Marketing Research,Soda Taxes and Marketing Conduct,https://openalex.org/W4385582852,https://doi.org/10.1177/00222437231195551,2023,article,5
Journal of Marketing Research,The Sales Impact of Using Handheld Scanners: Evidence from the Field,https://openalex.org/W3020616107,https://doi.org/10.1177/0022243720911624,2020,article,20
Journal of Marketing Research,Educational Campaigns for Product Labels: Evidence from On-Shelf Nutritional Labeling,https://openalex.org/W3106924983,https://doi.org/10.1177/0022243720981975,2020,article,19
Journal of Marketing Research,Incorporating Consumer Product Categorizations into Shelf Layout Design,https://openalex.org/W3107997422,https://doi.org/10.1177/0022243720964127,2020,article,19
Journal of Marketing Research,Hiding Gifts Behind the Veil of Vouchers: On the Effect of Gift Vouchers Versus Direct Gifts in Conditional Promotions,https://openalex.org/W3018139014,https://doi.org/10.1177/0022243720916753,2020,article,18
Journal of Marketing Research,Fear of Detection and Efficacy of Prevention: Using Construal Level to Encourage Health Behaviors,https://openalex.org/W3020599450,https://doi.org/10.1177/0022243720912443,2020,article,18
Journal of Marketing Research,Contour-as-Face Framework: A Method to Preserve Privacy and Perception,https://openalex.org/W3020821548,https://doi.org/10.1177/0022243720920256,2020,article,18
Journal of Marketing Research,Gender (Still) Matters in Business School,https://openalex.org/W3093759851,https://doi.org/10.1177/0022243720972368,2020,article,18
Journal of Marketing Research,Interacting User-Generated Content Technologies: How Questions and Answers Affect Consumer Reviews,https://openalex.org/W3162795458,https://doi.org/10.1177/00222437211020274,2021,article,16
Journal of Marketing Research,Relative Effectiveness of Print and Digital Advertising: A Memory Perspective,https://openalex.org/W3178768149,https://doi.org/10.1177/00222437211034438,2021,article,16
Journal of Marketing Research,How Does Global–Local Identity Affect Consumer Preference for Access-Based Consumption? Investigating the Mediating Role of Consumption Openness,https://openalex.org/W3207416136,https://doi.org/10.1177/00222437211055130,2021,article,16
Journal of Marketing Research,Learning to Set Prices,https://openalex.org/W4200343078,https://doi.org/10.1177/00222437211068527,2021,article,16
Journal of Marketing Research,How Established Organizations Combine Logics to Reconfigure Resources and Adapt to Marketization: A Case Study of Brazilian Religious Schools,https://openalex.org/W3131828596,https://doi.org/10.1177/0022243721999042,2021,article,15
Journal of Marketing Research,The Minimum Wage and Consumer Nutrition,https://openalex.org/W3165484304,https://doi.org/10.1177/00222437211023475,2021,article,15
Journal of Marketing Research,Rational Inattention as an Empirical Framework for Discrete Choice and Consumer-Welfare Evaluation,https://openalex.org/W4282975827,https://doi.org/10.1177/00222437221110173,2022,article,10
Journal of Marketing Research,Suspense and Surprise in Media Product Design: Evidence from Twitch,https://openalex.org/W4293078953,https://doi.org/10.1177/00222437221108653,2022,article,10
Journal of Marketing Research,Consumer Privacy Choices and (Un)Targeted Advertising Along the Purchase Journey,https://openalex.org/W4308496043,https://doi.org/10.1177/00222437221140052,2022,article,10
Journal of Marketing Research,Integration of Primary and Resale Platforms,https://openalex.org/W2895379087,https://doi.org/10.1177/0022243720917352,2020,article,16
Journal of Marketing Research,Marketplace Donations: The Role of Moral Identity Discrepancy and Gender,https://openalex.org/W3005620950,https://doi.org/10.1177/0022243719892592,2020,article,16
Journal of Marketing Research,Nonprofit Versus For-Profit Health Care Competition: How Service Mix Makes Nonprofit Hospitals More Profitable,https://openalex.org/W3010562353,https://doi.org/10.1177/0022243719901169,2020,article,16
Journal of Marketing Research,The <i>Journal of Marketing Research</i> Today: Spanning the Domains of Marketing Scholarship,https://openalex.org/W3095360909,https://doi.org/10.1177/0022243720965237,2020,article,16
Journal of Marketing Research,Beautiful and Confident: How Boosting Self-Perceived Attractiveness Reduces Preference Uncertainty in Context-Dependent Choices,https://openalex.org/W3181667037,https://doi.org/10.1177/00222437211033179,2021,article,14
Journal of Marketing Research,Variety Effects in Mobile Advertising,https://openalex.org/W3206866323,https://doi.org/10.1177/00222437211056090,2021,article,14
Journal of Marketing Research,Preference Reversals Between Digital and Physical Goods,https://openalex.org/W3215809603,https://doi.org/10.1177/00222437211065020,2021,article,14
Journal of Marketing Research,You Must Have a Preference: The Impact of No-Preference Communication on Joint Decision Making,https://openalex.org/W4281707423,https://doi.org/10.1177/00222437221107593,2022,article,9
Journal of Marketing Research,Product-Harm Crises and Spillover Effects: A Case Study of the Volkswagen Diesel Emissions Scandal in eBay Used Car Auction Markets,https://openalex.org/W4284994512,https://doi.org/10.1177/00222437221115616,2022,article,9
Journal of Marketing Research,The Effects of Content Ephemerality on Information Processing,https://openalex.org/W4296830596,https://doi.org/10.1177/00222437221131047,2022,article,9
Journal of Marketing Research,Beyond Sentiment: The Value and Measurement of Consumer Certainty in Language,https://openalex.org/W4306160603,https://doi.org/10.1177/00222437221134802,2022,article,9
Journal of Marketing Research,Attention Trajectories Capture Utility Accumulation and Predict Brand Choice,https://openalex.org/W4308883699,https://doi.org/10.1177/00222437221141052,2022,article,9
Journal of Marketing Research,When and How Slow Motion Makes Products More Luxurious,https://openalex.org/W4311849087,https://doi.org/10.1177/00222437221146728,2023,article,4
Journal of Marketing Research,Wheels to Meals: Measuring the Impact of Micromobility on Restaurant Demand,https://openalex.org/W4376636433,https://doi.org/10.1177/00222437231179021,2023,article,4
Journal of Marketing Research,Sharing Food Can Backfire: When Healthy Choices for Children Lead Parents to Make Unhealthy Choices for Themselves,https://openalex.org/W4380421144,https://doi.org/10.1177/00222437231184830,2023,article,4
Journal of Marketing Research,The Impact of Negative Reviews on Online Search and Purchase Decisions,https://openalex.org/W4384343347,https://doi.org/10.1177/00222437231190874,2023,article,4
Journal of Marketing Research,Toward a Process-Transfer Model of the Endorser Effect,https://openalex.org/W3017108267,https://doi.org/10.1177/0022243720910453,2020,article,15
Journal of Marketing Research,The Joint and Multilevel Effects of Training and Incentives from Upstream Manufacturers on Downstream Salespeople’s Efforts,https://openalex.org/W3037100507,https://doi.org/10.1177/0022243720926176,2020,article,15
Journal of Marketing Research,Cutting Calories: The Preference for Lower Caloric Density Versus Smaller Quantities Among Restrained and Unrestrained Eaters,https://openalex.org/W3071678003,https://doi.org/10.1177/0022243720949163,2020,article,15
Journal of Marketing Research,Demand Interactions in Sharing Economies: Evidence from a Natural Experiment Involving Airbnb and Uber/Lyft,https://openalex.org/W3213299617,https://doi.org/10.1177/00222437211062172,2021,article,13
Journal of Marketing Research,Marketers Project Their Personal Preferences onto Consumers: Overcoming the Threat of Egocentric Decision Making,https://openalex.org/W3126588028,https://doi.org/10.1177/0022243721998378,2021,article,12
Journal of Marketing Research,Do Animated Line Graphs Increase Risk Inferences?,https://openalex.org/W3135883262,https://doi.org/10.1177/00222437211002128,2021,article,12
Journal of Marketing Research,Empowering Education with Crowdfunding: The Role of Crowdfunded Resources and Crowd Screening,https://openalex.org/W3182608740,https://doi.org/10.1177/00222437211033536,2021,article,12
Journal of Marketing Research,"Online Training of Salespeople: Impact, Heterogeneity, and Spillover Effects",https://openalex.org/W3199693472,https://doi.org/10.1177/00222437211048498,2021,article,12
Journal of Marketing Research,The Impact of Historical Price Information on Purchase Deferral,https://openalex.org/W3210814577,https://doi.org/10.1177/00222437211060359,2022,article,8
Journal of Marketing Research,Vertical Versus Horizontal Variance in Online Reviews and Their Impact on Demand,https://openalex.org/W4281654779,https://doi.org/10.1177/00222437221107549,2022,article,8
Journal of Marketing Research,From Strangers to Friends: Tie Formations and Online Activities in an Evolving Social Network,https://openalex.org/W4282020046,https://doi.org/10.1177/00222437221107900,2022,article,8
Journal of Marketing Research,Optimal Microtargeting of Advertising,https://openalex.org/W4285089798,https://doi.org/10.1177/00222437221116034,2022,article,8
Journal of Marketing Research,It’s the Effort That Counts: The Effect of Self-Control on Goal Progress Perceptions,https://openalex.org/W4292986192,https://doi.org/10.1177/00222437221123969,2022,article,8
Journal of Marketing Research,The Credibility of Communication in a Pandemic,https://openalex.org/W4296295596,https://doi.org/10.1177/00222437221128503,2022,article,8
Journal of Marketing Research,"The Effects of Digital Textbooks on Students’ Academic Performance, Academic Interest, and Learning Skills",https://openalex.org/W4296713795,https://doi.org/10.1177/00222437221130712,2022,article,8
Journal of Marketing Research,Understanding How Music Influences Shopping on Weekdays and Weekends,https://openalex.org/W4313331183,https://doi.org/10.1177/00222437221150930,2022,article,8
Journal of Marketing Research,Investigating the Academic Performance and Disciplinary Consequences of School District Internet Access Spending,https://openalex.org/W2801531730,https://doi.org/10.1177/0022243720964130,2020,article,14
Journal of Marketing Research,State-Dependent Demand Estimation with Initial Conditions Correction,https://openalex.org/W3049523611,https://doi.org/10.1177/0022243720941529,2020,article,14
Journal of Marketing Research,Mixing It Up: Unsystematic Product Arrangements Promote the Choice of Unfamiliar Products,https://openalex.org/W3012007171,https://doi.org/10.1177/0022243720901520,2020,article,13
Journal of Marketing Research,Preference Dynamics in Sequential Consumer Choice with Defaults,https://openalex.org/W3093398578,https://doi.org/10.1177/0022243720956642,2020,article,13
Journal of Marketing Research,The Price Entitlement Effect: When and Why High Price Entitles Consumers to Purchase Socially Costly Products,https://openalex.org/W4220668519,https://doi.org/10.1177/00222437221094301,2022,article,7
Journal of Marketing Research,Intransitivity of Consumer Preferences for Privacy,https://openalex.org/W4293064243,https://doi.org/10.1177/00222437221122994,2022,article,7
Journal of Marketing Research,More Voices Persuade: The Attentional Benefits of Voice Numerosity,https://openalex.org/W4303423569,https://doi.org/10.1177/00222437221134115,2022,article,7
Journal of Marketing Research,The Daily Me Versus the Daily Others: How Do Recommendation Algorithms Change User Interests? Evidence from a Knowledge-Sharing Platform,https://openalex.org/W4303423636,https://doi.org/10.1177/00222437221134237,2022,article,7
Journal of Marketing Research,Statistical Inference for the Factor Model Approach to Estimate Causal Effects in Quasi-Experimental Settings,https://openalex.org/W4307329764,https://doi.org/10.1177/00222437221137533,2022,article,7
Journal of Marketing Research,Favorite Possessions Protect Subjective Well-Being Under Income Inequality,https://openalex.org/W4308882203,https://doi.org/10.1177/00222437221141053,2022,article,7
Journal of Marketing Research,EXPRESS: Horizontal Referrals in B2B Markets,https://openalex.org/W4367172235,https://doi.org/10.1177/00222437231175415,2023,article,3
Journal of Marketing Research,TV Advertising and Online Sales: A Case Study of Intertemporal Substitution Effects for an Online Travel Platform,https://openalex.org/W4377226395,https://doi.org/10.1177/00222437231180171,2023,article,3
Journal of Marketing Research,The Effects of Pressure and Self-Assurance Nudges on Product Purchases and Returns in Online Retailing: Evidence from a Randomized Field Experiment,https://openalex.org/W4377982368,https://doi.org/10.1177/00222437231180494,2023,article,3
Journal of Marketing Research,Divergent Versus Relevant Ads: How Creative Ads Affect Purchase Intention for New Products,https://openalex.org/W4382541189,https://doi.org/10.1177/00222437231187630,2023,article,3
Journal of Marketing Research,Detecting Routines: Applications to Ridesharing Customer Relationship Management,https://openalex.org/W4383314414,https://doi.org/10.1177/00222437231189185,2023,article,3
Journal of Marketing Research,Buying Future Endorsements from Prospective Influencers on User-Generated Content Platforms,https://openalex.org/W4387185336,https://doi.org/10.1177/00222437231207323,2023,article,3
Journal of Marketing Research,Can Viagra Advertising Make More Babies? Direct-to-Consumer Advertising on Public Health Outcomes,https://openalex.org/W3023496345,https://doi.org/10.1177/0022243720914271,2020,article,12
Journal of Marketing Research,Tainted by Stigma: The Interplay of Stigma and Moral Identity in Health Persuasion,https://openalex.org/W3210177747,https://doi.org/10.1177/00222437211060854,2021,article,10
Journal of Marketing Research,"The More You Ask, the Less You Get: When Additional Questions Hurt External Validity",https://openalex.org/W4200259441,https://doi.org/10.1177/00222437211073581,2021,article,10
Journal of Marketing Research,A Poisson Factorization Topic Model for the Study of Creative Documents (and Their Summaries),https://openalex.org/W3088244859,https://doi.org/10.1177/0022243720943209,2020,article,11
Journal of Marketing Research,Product Quality and Performance in the Internet Age: Evidence from Creationist-Friendly Curriculum,https://openalex.org/W3093760652,https://doi.org/10.1177/0022243720971579,2020,article,10
Journal of Marketing Research,Testing Theories of Goal Progress in Online Learning,https://openalex.org/W3122348569,https://doi.org/10.1177/0022243721991100,2021,article,9
Journal of Marketing Research,How (and When) the Presence of Food Decreases Enjoyment of Customer Experiences,https://openalex.org/W3141009814,https://doi.org/10.1177/00222437211010465,2021,article,9
Journal of Marketing Research,Strategic Polarization in Group Interactions,https://openalex.org/W3174138440,https://doi.org/10.1177/00222437211016389,2021,article,9
Journal of Marketing Research,The Effects of Consumer Preference and Peer Influence on Trial of an Experience Good,https://openalex.org/W4220963101,https://doi.org/10.1177/00222437221093603,2022,article,6
Journal of Marketing Research,Risk on the Edge: The Effect of Relative Spatial Location on Consumer Preferences and Choices,https://openalex.org/W4223985787,https://doi.org/10.1177/00222437221097382,2022,article,6
Journal of Marketing Research,Managing Positive and Negative Trends in Sales Call Outcomes: The Role of Momentum,https://openalex.org/W4226183890,https://doi.org/10.1177/00222437221095097,2022,article,6
Journal of Marketing Research,You Should Try These Together: Combinatory Recommendations Signal Expertise and Improve Product Attitudes,https://openalex.org/W4283210002,https://doi.org/10.1177/00222437221111344,2022,article,6
Journal of Marketing Research,“It Could Be Better” Can Make It Worse: When and Why People Mistakenly Communicate Upward Counterfactual Information,https://openalex.org/W4283361691,https://doi.org/10.1177/00222437221112312,2022,article,6
Journal of Marketing Research,Advance Selling in Marketing Channels,https://openalex.org/W4293058422,https://doi.org/10.1177/00222437221112644,2022,article,6
Journal of Marketing Research,When Payments Go Social: The Use of Person-to-Person Payment Methods Attenuates the Endowment Effect,https://openalex.org/W4295867213,https://doi.org/10.1177/00222437221128255,2022,article,6
Journal of Marketing Research,Paying Twice for Aesthetic Customization? The Negative Effect of Uniqueness on a Product's Resale Value,https://openalex.org/W4296295587,https://doi.org/10.1177/00222437221128576,2022,article,6
Journal of Marketing Research,Lobbying and Product Recalls: A Study of the U.S. Automobile Industry,https://openalex.org/W4297224911,https://doi.org/10.1177/00222437221131568,2022,article,6
Journal of Marketing Research,Service Providers’ Decision to Use Ethics Committees and Consultation in Complex Services,https://openalex.org/W3005918289,https://doi.org/10.1177/0022243719898495,2020,article,9
Journal of Marketing Research,"Multiperiod Contracting and Salesperson Effort Profiles: The Optimality of “Hockey Stick,” “Giving Up,” and “Resting on Laurels”",https://openalex.org/W3006563811,https://doi.org/10.1177/0022243719887378,2020,article,9
Journal of Marketing Research,Scalable Target Marketing: Distributed Markov Chain Monte Carlo for Bayesian Hierarchical Models,https://openalex.org/W3091505755,https://doi.org/10.1177/0022243720952410,2020,article,9
Journal of Marketing Research,Early Cost Realization and College Choice,https://openalex.org/W3167089307,https://doi.org/10.1177/00222437211026337,2021,article,8
Journal of Marketing Research,The Impact of Historical Price Information on Purchase Deferral,https://openalex.org/W3210814577,https://doi.org/10.1177/00222437211060359,2021,article,8
Journal of Marketing Research,An Unintended Consequence of Product Upgrades: How Upgrades Can Make Current Consumers Feel Left Behind,https://openalex.org/W4207072094,https://doi.org/10.1177/00222437221078551,2022,article,5
Journal of Marketing Research,Building Brand Assets: The Role of Trademark Rights,https://openalex.org/W4223941779,https://doi.org/10.1177/00222437221097108,2022,article,5
Journal of Marketing Research,A Choice Model of Utility Maximization and Regret Minimization,https://openalex.org/W4226072144,https://doi.org/10.1177/00222437221094824,2022,article,5
Journal of Marketing Research,The Impact of In-Store Inspirational (vs. Deal-Oriented) Communication on Spending: The Importance of Activating Consumption Goal Completion,https://openalex.org/W4312100755,https://doi.org/10.1177/00222437221149508,2022,article,5
Journal of Marketing Research,Revealing and Mitigating Racial Bias and Discrimination in Financial Services,https://openalex.org/W4368371321,https://doi.org/10.1177/00222437231176470,2023,article,2
Journal of Marketing Research,Power Distance Belief and Consumer Purchase Avoidance: Exploring the Role of Cultural Factors in Retail Dynamics,https://openalex.org/W4379142970,https://doi.org/10.1177/00222437231182600,2023,article,2
Journal of Marketing Research,Brands in the Labor Market: How Vertical and Horizontal Brand Differentiation Impact Pay and Profits Through Employee–Brand Matching,https://openalex.org/W4380487375,https://doi.org/10.1177/00222437231184429,2023,article,2
Journal of Marketing Research,Metaphor-Enabled Marketplace Sentiment Analysis,https://openalex.org/W4384932025,https://doi.org/10.1177/00222437231191526,2023,article,2
Journal of Marketing Research,Is It as Bad as It Looks? Judgments of Quantitative Scores Depend on Their Presentation Format,https://openalex.org/W4385361676,https://doi.org/10.1177/00222437231193343,2023,article,2
Journal of Marketing Research,Grocery Shopping for America: Mitigation Strategies for Threats to National Identity,https://openalex.org/W4385448553,https://doi.org/10.1177/00222437231194950,2023,article,2
Journal of Marketing Research,Correcting Regressor-Endogeneity Bias via Instrument-Free Joint Estimation Using Semiparametric Odds Ratio Models,https://openalex.org/W4385582407,https://doi.org/10.1177/00222437231195577,2023,article,2
Journal of Marketing Research,Cause-Related Marketing as Sales Promotion,https://openalex.org/W4386292581,https://doi.org/10.1177/00222437231200807,2023,article,2
Journal of Marketing Research,Leveraging Opportunities and Managing Risks in Marketing Research,https://openalex.org/W4390112197,https://doi.org/10.1177/00222437231221425,2023,article,2
Journal of Marketing Research,Threat of Entry and Organizational-Form Choice: The Case of Franchising in Retailing,https://openalex.org/W3046629644,https://doi.org/10.1177/0022243720942753,2020,article,8
Journal of Marketing Research,Locational Choices: Modeling Consumer Preferences for Proximity to Others in Reserved Seating Venues,https://openalex.org/W3049375116,https://doi.org/10.1177/0022243720941525,2020,article,8
Journal of Marketing Research,Involving Sales Managers in Sales Force Compensation Design,https://openalex.org/W3092538179,https://doi.org/10.1177/0022243720969174,2020,article,8
Journal of Marketing Research,The Effect of Links and Excerpts on Internet News Consumption,https://openalex.org/W3125925269,https://doi.org/10.1177/0022243720913029,2020,article,8
Journal of Marketing Research,Do Activity-Based Incentive Plans Work? Evidence from a Large-Scale Field Intervention,https://openalex.org/W2950915040,https://doi.org/10.1177/00222437211020013,2021,article,7
Journal of Marketing Research,The Dynamics of Distortion: How Successive Summarization Alters the Retelling of News,https://openalex.org/W3118993169,https://doi.org/10.1177/0022243720987147,2021,article,7
Journal of Marketing Research,"We Succeeded Together, Now What: Relationship Power and Sequential Decisions in Couples’ Joint Goal Pursuits",https://openalex.org/W3179123900,https://doi.org/10.1177/00222437211034513,2021,article,7
Journal of Marketing Research,Frequency Versus Intensity: How Thinking of a Frequent Consumption Indulgence as Social Versus Solitary Affects Preferences for How to Cut Back,https://openalex.org/W3206039868,https://doi.org/10.1177/00222437211055741,2021,article,7
Journal of Marketing Research,A Reference-Dependent-Preferences-Based Model of Extended Warranty Purchase Decisions,https://openalex.org/W3206662828,https://doi.org/10.1177/00222437211056911,2021,article,7
Journal of Marketing Research,Time Periods Feel Longer When They Span More Category Boundaries: Evidence from the Lab and the Field,https://openalex.org/W4205455949,https://doi.org/10.1177/00222437211073810,2021,article,7
Journal of Marketing Research,Bayesian Synthetic Control Methods,https://openalex.org/W2964741509,https://doi.org/10.25384/sage.c.5072634.v1,2020,article,7
Journal of Marketing Research,How Do Bonus Payments Affect the Demand for Auto Loans and Their Delinquency?,https://openalex.org/W3136079598,https://doi.org/10.1177/00222437211009214,2021,article,6
Journal of Marketing Research,Hype News Diffusion and Risk of Misinformation: The Oz Effect in Health Care,https://openalex.org/W3193293851,https://doi.org/10.1177/00222437211044472,2021,article,6
Journal of Marketing Research,Bayesian Consumer Profiling: How to Estimate Consumer Characteristics from Aggregate Data,https://openalex.org/W3208764452,https://doi.org/10.1177/00222437211059088,2021,article,6
Journal of Marketing Research,Money-Back Guarantees and Service Quality: The Marketing of In Vitro Fertilization Services,https://openalex.org/W3209341734,https://doi.org/10.1177/00222437211060733,2021,article,6
Journal of Marketing Research,Default Effects of Credit Card Minimum Payments,https://openalex.org/W4200346131,https://doi.org/10.1177/00222437211070589,2021,article,6
Journal of Marketing Research,"Understanding and Neutralizing the Expense Prediction Bias: The Role of Accessibility, Typicality, and Skewness",https://openalex.org/W4200611774,https://doi.org/10.1177/00222437211068025,2021,article,6
Journal of Marketing Research,Service Provision in Distribution Channels,https://openalex.org/W4205570911,https://doi.org/10.1177/00222437211073818,2021,article,6
Journal of Marketing Research,Modernizing Retailers in an Emerging Market: Investigating Externally Focused and Internally Focused Approaches,https://openalex.org/W3210658331,https://doi.org/10.1177/00222437211058437,2022,article,4
Journal of Marketing Research,Multimarket Membership Mapping,https://openalex.org/W4283016800,https://doi.org/10.1177/00222437221110460,2022,article,4
Journal of Marketing Research,Discovering Online Shopping Preference Structures in Large and Frequently Changing Store Assortments,https://openalex.org/W4296709493,https://doi.org/10.1177/00222437221130722,2022,article,4
Journal of Marketing Research,From Free to Paid: Monetizing a Non-Advertising-Based App,https://openalex.org/W4297229007,https://doi.org/10.1177/00222437221131562,2022,article,4
Journal of Marketing Research,Helping Those That Hide: Anticipated Stigmatization Drives Concealment and a Destructive Cycle of Debt,https://openalex.org/W4311660475,https://doi.org/10.1177/00222437221146521,2022,article,4
Journal of Marketing Research,When and How Slow Motion Makes Products More Luxurious,https://openalex.org/W4311849087,https://doi.org/10.1177/00222437221146728,2022,article,4
Journal of Marketing Research,Understanding Consumer Dynamic Decision Making Under Competing Loyalty Programs,https://openalex.org/W3016135040,https://doi.org/10.1177/0022243720911894,2020,article,6
Journal of Marketing Research,Competition and Firm Service Reliability Decisions: A Study of the Airline Industry,https://openalex.org/W3123423482,https://doi.org/10.1177/0022243720973943,2020,article,6
Journal of Marketing Research,Inaction Traps in Consumer Response to Product Malfunctions,https://openalex.org/W3002706339,https://doi.org/10.1177/0022243719889336,2020,article,5
Journal of Marketing Research,The Performance Impact of Core-Component Outsourcing: Insights from the LCD TV Industry,https://openalex.org/W3141714868,https://doi.org/10.1177/00222437211010766,2021,article,5
Journal of Marketing Research,Increasing Team Performance by Sharing Success,https://openalex.org/W3161207680,https://doi.org/10.1177/00222437211021835,2021,article,5
Journal of Marketing Research,Commercial Success Through Commercials? Advertising and Pay-TV Operators,https://openalex.org/W3166575287,https://doi.org/10.1177/00222437211028120,2021,article,5
Journal of Marketing Research,High-Energy Ad Content: A Large-Scale Investigation of TV Commercials,https://openalex.org/W4200381462,https://doi.org/10.1177/00222437211067802,2021,article,5
Journal of Marketing Research,"In Goal Pursuit, I Think Flexibility Is the Best Choice for Me but Not for You",https://openalex.org/W4309821861,https://doi.org/10.1177/00222437221143755,2023,article,1
Journal of Marketing Research,Testing Work–Life Theory in Marketing: Evidence from Field Experiments on Social Media,https://openalex.org/W4319841240,https://doi.org/10.1177/00222437231152894,2023,article,1
Journal of Marketing Research,Food Craving Increases Unhealthy Food Purchases: A Study of SNAP Households,https://openalex.org/W4360610569,https://doi.org/10.1177/00222437231168339,2023,article,1
Journal of Marketing Research,The Art of Slowness: Slow Motion Enhances Consumer Evaluations by Increasing Processing Fluency,https://openalex.org/W4376638015,https://doi.org/10.1177/00222437231179187,2023,article,1
Journal of Marketing Research,Success Is Not Final; Failure Is Not Fatal: How Failure Versus Success Messaging Leads to Preference for Masculine Brands,https://openalex.org/W4378191092,https://doi.org/10.1177/00222437231181078,2023,article,1
Journal of Marketing Research,"A Manuscript's Journey Through Peer Review: Insights from Almost 3,000 Editorial Decisions at the <i>Journal of Marketing Research</i>",https://openalex.org/W4385458639,https://doi.org/10.1177/00222437231188507,2023,article,1
Journal of Marketing Research,Response Aggregation to Obtain Truthful Answers to Sensitive Questions: Estimating the Prevalence of Illegal Purchases of Prescription Drugs,https://openalex.org/W4386892849,https://doi.org/10.1177/00222437231205252,2023,article,1
Journal of Marketing Research,A Preemptive and Curative Solution to Mitigate Data Breaches: Corporate Social Responsibility as a Double Layer of Protection,https://openalex.org/W4388939858,https://doi.org/10.1177/00222437231218969,2023,article,1
Journal of Marketing Research,The Value of Safety Training for Business-to-Business Firms,https://openalex.org/W4389684591,https://doi.org/10.1177/00222437231222857,2023,article,1
Journal of Marketing Research,Too Time-Crunched to Seek Variety: The Influence of Parenting Motivation on Consumer Variety Seeking,https://openalex.org/W4306756417,https://doi.org/10.1177/00222437221136491,2022,article,3
Journal of Marketing Research,The Enhancing Versus Backfiring Effects of Positive Emotion in Consumer Reviews,https://openalex.org/W3004493985,https://doi.org/10.25384/sage.c.4849116.v1,2020,article,4
Journal of Marketing Research,"Weather, Affect, and Preference for Hedonic Products: The Moderating Role of Gender:",https://openalex.org/W3035612610,https://doi.org/10.25384/sage.c.5019134.v1,2020,article,4
Journal of Marketing Research,Information Disclosure Policy and Its Implications: Ratcheting in Supply Chains,https://openalex.org/W3178685999,https://doi.org/10.1177/00222437211035115,2021,article,4
Journal of Marketing Research,Prominent Retailer and Intrabrand Competition,https://openalex.org/W3194677615,https://doi.org/10.1177/00222437211044105,2021,article,4
Journal of Marketing Research,Modernizing Retailers in an Emerging Market: Investigating Externally Focused and Internally Focused Approaches,https://openalex.org/W3210658331,https://doi.org/10.1177/00222437211058437,2021,article,4
Journal of Marketing Research,When and How Should Firms Differentiate? Quality and Advertising Decisions in a Duopoly,https://openalex.org/W4210496380,https://doi.org/10.1177/00222437221082076,2022,article,2
Journal of Marketing Research,A Structural Model of Organizational Buying for Business-to-Business Markets: Innovation Adoption with Share-of-Wallet Contracts,https://openalex.org/W4212925837,https://doi.org/10.1177/00222437221084986,2022,article,2
Journal of Marketing Research,The Profitability of Purchase Limits During Shortages,https://openalex.org/W4229054376,https://doi.org/10.1177/00222437221101808,2022,article,2
Journal of Marketing Research,The Ripple Effect of Firm-Generated Content on New Movie Releases,https://openalex.org/W4310487429,https://doi.org/10.1177/00222437221143066,2022,article,2
Journal of Marketing Research,Omitted Budget Constraint Bias and Implications for Competitive Pricing,https://openalex.org/W4310537924,https://doi.org/10.1177/00222437221145283,2022,article,2
Journal of Marketing Research,What Motivates Social Security Claiming Age Intentions? Testing Behaviorally Informed Interventions Alongside Individual Differences,https://openalex.org/W4311137560,https://doi.org/10.1177/00222437221147221,2022,article,2
Journal of Marketing Research,Drinking Through Good Times and Bad: The Role of Consumer Differences,https://openalex.org/W3159760905,https://doi.org/10.1177/00222437211017460,2021,article,3
Journal of Marketing Research,The Impact of Informational and Emotional Television Ad Content on Online Search and Sales,https://openalex.org/W3165089154,https://doi.org/10.1177/0022243720962505,2020,article,3
Journal of Marketing Research,Spotlight Personnel: How Hiring and Turnover Drive Service Performance Versus Demand,https://openalex.org/W4200195389,https://doi.org/10.1177/00222437211068049,2021,article,3
Journal of Marketing Research,Consumer Search and Filtering on Online Retail Platforms,https://openalex.org/W3005342714,https://doi.org/10.25384/sage.c.5045033.v1,2020,article,2
Journal of Marketing Research,RETRACTED: Priming the Concept of Fullness with Visual Sequences Reduces Portion Size Choice in Online Food Ordering,https://openalex.org/W4280573872,https://doi.org/10.1177/00222437221105028,2022,article,1
Journal of Marketing Research,Selling Mechanism Design for Peer-to-Peer Lending and Related Markets: The Multi-Unit Uniform-Price Open Auction Versus Fixed Price,https://openalex.org/W4283729614,https://doi.org/10.1177/00222437221113235,2022,article,1
Journal of Marketing Research,Feeling Good or Feeling Right: Sustaining Negative Emotion After Exposure to Human Suffering,https://openalex.org/W4294486402,https://doi.org/10.1177/00222437221126917,2022,article,1
Journal of Marketing Research,Teach a Man to Fish: The Use of Autonomous Aid in Eliciting Donations,https://openalex.org/W4308260506,https://doi.org/10.1177/00222437221140028,2022,article,1
Journal of Marketing Research,"In Goal Pursuit, I Think Flexibility Is the Best Choice for Me but Not for You",https://openalex.org/W4309821861,https://doi.org/10.1177/00222437221143755,2022,article,1
Journal of Marketing Research,The Uptrend Effect: Encouraging Healthy Behaviors Through Greater Inferred Normativity,https://openalex.org/W4353083373,https://doi.org/10.1177/00222437231167832,2023,article,0
Journal of Marketing Research,How Consumers Resolve Conflict over Branded Products: Evidence from Mouse Cursor Trajectories,https://openalex.org/W4362638560,https://doi.org/10.1177/00222437231170838,2023,article,0
Journal of Marketing Research,The “Achilles Heel” of Established Brands: The Effect of Brand Age on Consumers’ Brand Choice,https://openalex.org/W4376271773,https://doi.org/10.1177/00222437231178544,2023,article,0
Journal of Marketing Research,The Influence of Shared Consumption on Product Efficacy Perceptions: The Detrimental Effect of Sharing with Strangers,https://openalex.org/W4378191691,https://doi.org/10.1177/00222437231181137,2023,article,0
Journal of Marketing Research,The Role of Heritage Connection in Consumer Valuation,https://openalex.org/W4379142908,https://doi.org/10.1177/00222437231182434,2023,article,0
Journal of Marketing Research,“Repayment-by-Purchase” Increases Consumer Debt Repayment,https://openalex.org/W4379160711,https://doi.org/10.1177/00222437231182372,2023,article,0
Journal of Marketing Research,The Agent's Impatience: A Self–Other Decision Model of Intertemporal Choices,https://openalex.org/W4384297663,https://doi.org/10.1177/00222437231190851,2023,article,0
Journal of Marketing Research,Neural Signals of Video Advertisement Liking: Insights into Psychological Processes and Their Temporal Dynamics,https://openalex.org/W4385332269,https://doi.org/10.1177/00222437231194319,2023,article,0
Journal of Marketing Research,"Sunk Cost Effect, Self-Control, and Contract Design",https://openalex.org/W4385723670,https://doi.org/10.1177/00222437231196824,2023,article,0
Journal of Marketing Research,Over-the-Counter Drug Consumption: How Consumers Deviate from Label Instructions,https://openalex.org/W4386096650,https://doi.org/10.1177/00222437231199434,2023,article,0
Journal of Marketing Research,Canary Categories,https://openalex.org/W4389202380,https://doi.org/10.1177/00222437231220327,2023,article,0
Journal of Marketing Research,Mindful Matching: Ordinal Versus Nominal Attributes:,https://openalex.org/W2970536797,https://doi.org/10.25384/sage.c.4649495.v1,2020,article,1
Journal of Marketing Research,Introduction to the “Theory and Practice in Marketing” Special Section,https://openalex.org/W4206953631,https://doi.org/10.1177/0022243720969411,2020,article,1
Journal of Marketing Research,"Business-to-Business Projects, Task Configuration, and Innovation",https://openalex.org/W4281395853,https://doi.org/10.1177/00222437221105828,2022,article,0
Journal of Marketing Research,Retraction Notice,https://openalex.org/W4281606892,https://doi.org/10.1177/00222437221101398,2022,article,0
Journal of Marketing Research,Role Integration Increases the Fungibility of Mentally Accounted Funds,https://openalex.org/W4283258514,https://doi.org/10.1177/00222437221112058,2022,article,0
Journal of Marketing Research,Retraction Notice,https://openalex.org/W4311165308,https://doi.org/10.1177/00222437221139856,2022,article,0
Journal of Marketing Research,Retraction Notice,https://openalex.org/W4312043315,https://doi.org/10.1177/00222437221149006,2022,article,0
