source_journal,work_title,work_oaid,DOI,pub_year,work_type,all_cited_by_count
Journal of Consumer Research,In Times of Trouble: A Framework for Understanding Consumers’ Responses to Threats,https://openalex.org/W3040798542,https://doi.org/10.1093/jcr/ucaa036,2020,article,193
Journal of Consumer Research,The Smartphone as a Pacifying Technology,https://openalex.org/W3003708509,https://doi.org/10.1093/jcr/ucaa005,2020,article,149
Journal of Consumer Research,Disgusted and Afraid: Consumer Choices under the Threat of Contagious Disease,https://openalex.org/W3026934746,https://doi.org/10.1093/jcr/ucaa025,2020,article,134
Journal of Consumer Research,The Influence of Disease Cues on Preference for Typical versus Atypical Products,https://openalex.org/W3035982208,https://doi.org/10.1093/jcr/ucaa029,2020,article,123
Journal of Consumer Research,How Do Platforms Empower Consumers? Insights from the Affordances and Constraints of Reclame Aqui,https://openalex.org/W3139361391,https://doi.org/10.1093/jcr/ucab014,2021,article,90
Journal of Consumer Research,"Diversity, Equity, and Inclusion (DEI) in the<i>Journal of Consumer Research</i>: A Curation and Research Agenda",https://openalex.org/W3199284091,https://doi.org/10.1093/jcr/ucab057,2021,article,89
Journal of Consumer Research,Understanding and Improving Consumer Reactions to Service Bots,https://openalex.org/W4362590534,https://doi.org/10.1093/jcr/ucad023,2023,article,43
Journal of Consumer Research,Machine Talk: How Verbal Embodiment in Conversational AI Shapes Consumer–Brand Relationships,https://openalex.org/W4323045013,https://doi.org/10.1093/jcr/ucad014,2023,article,28
Journal of Consumer Research,Assimilating and Differentiating: The Curvilinear Effect of Social Class on Green Consumption,https://openalex.org/W3048843514,https://doi.org/10.1093/jcr/ucaa041,2020,article,92
Journal of Consumer Research,How Concrete Language Shapes Customer Satisfaction,https://openalex.org/W3043760017,https://doi.org/10.1093/jcr/ucaa038,2020,article,91
Journal of Consumer Research,Consumer Minimalism,https://openalex.org/W4252258973,https://doi.org/10.1093/jcr/ucab038,2021,article,86
Journal of Consumer Research,Blame It on the Self-Driving Car: How Autonomous Vehicles Can Alter Consumer Morality,https://openalex.org/W3015261938,https://doi.org/10.1093/jcr/ucaa018,2020,article,73
Journal of Consumer Research,Re-examining the Experiential Advantage in Consumption: A Meta-Analysis and Review,https://openalex.org/W3114979849,https://doi.org/10.1093/jcr/ucaa047,2020,article,73
Journal of Consumer Research,Language and Consumer Dishonesty: A Self-Diagnosticity Theory,https://openalex.org/W3122007362,https://doi.org/10.1093/jcr/ucab001,2021,article,65
Journal of Consumer Research,"I Own, So I Help Out: How Psychological Ownership Increases Prosocial Behavior",https://openalex.org/W3043894893,https://doi.org/10.1093/jcr/ucaa040,2020,article,64
Journal of Consumer Research,Audio Mining: The Role of Vocal Tone in Persuasion,https://openalex.org/W3129206486,https://doi.org/10.1093/jcr/ucab012,2021,article,52
Journal of Consumer Research,How Sensory Language Shapes Influencer’s Impact,https://openalex.org/W4323438787,https://doi.org/10.1093/jcr/ucad017,2023,article,25
Journal of Consumer Research,I Really Know You: How Influencers Can Increase Audience Engagement by Referencing Their Close Social Ties,https://openalex.org/W4324105200,https://doi.org/10.1093/jcr/ucad019,2023,article,24
Journal of Consumer Research,Paper Meets Plastic: The Perceived Environmental Friendliness of Product Packaging,https://openalex.org/W4318476213,https://doi.org/10.1093/jcr/ucad008,2023,article,20
Journal of Consumer Research,How Social Media Influencers Impact Consumer Collectives: An Embeddedness Perspective,https://openalex.org/W4313889724,https://doi.org/10.1093/jcr/ucad003,2023,article,19
Journal of Consumer Research,Does Cash Really Mean Trash? An Empirical Investigation into the Effect of Retailer Price Promotions on Household Food Waste,https://openalex.org/W4323567138,https://doi.org/10.1093/jcr/ucad018,2023,article,19
Journal of Consumer Research,The Emergence and Evolution of Consumer Language Research,https://openalex.org/W4321153537,https://doi.org/10.1093/jcr/ucad013,2023,article,16
Journal of Consumer Research,How Verb Tense Shapes Persuasion,https://openalex.org/W4317911825,https://doi.org/10.1093/jcr/ucad006,2023,article,14
Journal of Consumer Research,Consumers Prefer “Natural” More for Preventatives Than for Curatives,https://openalex.org/W3039349996,https://doi.org/10.1093/jcr/ucaa034,2020,article,49
Journal of Consumer Research,How Do Consumers React to Company Moral Transgressions? The Role of Power Distance Belief and Empathy for Victims,https://openalex.org/W3123579194,https://doi.org/10.1093/jcr/ucaa067,2020,article,48
Journal of Consumer Research,"Citizen-Consumers Wanted: Revitalizing the American Dream in the Face of Economic Recessions, 1981–2012",https://openalex.org/W3000354632,https://doi.org/10.1093/jcr/ucz059,2020,article,47
Journal of Consumer Research,The Politicization of Objects: Meaning and Materiality in The U.S. Cannabis Market,https://openalex.org/W3127539243,https://doi.org/10.1093/jcr/ucaa061,2020,article,45
Journal of Consumer Research,Consumption Ideology,https://openalex.org/W4210449821,https://doi.org/10.1093/jcr/ucab044,2021,article,41
Journal of Consumer Research,"Repair, Consumption, and Sustainability: Fixing Fragile Objects and Maintaining Consumer Practices",https://openalex.org/W3214989643,https://doi.org/10.1093/jcr/ucab067,2021,article,40
Journal of Consumer Research,Makeup Who You Are: Self-Expression Enhances the Perceived Authenticity and Public Promotion of Beauty Work,https://openalex.org/W3125280569,https://doi.org/10.1093/jcr/ucaa066,2021,article,36
Journal of Consumer Research,Tensions in the Enactment of Neoliberal Consumer Responsibilization for Waste,https://openalex.org/W4290860982,https://doi.org/10.1093/jcr/ucac037,2022,article,25
Journal of Consumer Research,Why Are Donors More Generous with Time Than Money? The Role of Perceived Control over Donations on Charitable Giving,https://openalex.org/W4214859295,https://doi.org/10.1093/jcr/ucac011,2022,article,23
Journal of Consumer Research,Between Cultural Appreciation and Cultural Appropriation: Self-Authorizing the Consumption of Cultural Difference,https://openalex.org/W4362589162,https://doi.org/10.1093/jcr/ucad022,2023,article,13
Journal of Consumer Research,Common Cents: Bank Account Structure and Couples’ Relationship Dynamics,https://openalex.org/W4324141893,https://doi.org/10.1093/jcr/ucad020,2023,article,11
Journal of Consumer Research,Understanding Difficult Consumer Transitions: The In/Dividual Consumer in Permanent Liminality,https://openalex.org/W3008334740,https://doi.org/10.1093/jcr/ucaa010,2020,article,42
Journal of Consumer Research,The Role of Emotion Discourse and Pathic Stigma in the Delegitimization of Consumer Practices,https://openalex.org/W3038125512,https://doi.org/10.1093/jcr/ucaa028,2020,article,39
Journal of Consumer Research,Make It Hot? How Food Temperature (Mis)Guides Product Judgments,https://openalex.org/W3014320892,https://doi.org/10.1093/jcr/ucaa017,2020,article,36
Journal of Consumer Research,Makeup Who You Are: Self-Expression Enhances the Perceived Authenticity and Public Promotion of Beauty Work,https://openalex.org/W3125280569,https://doi.org/10.1093/jcr/ucaa066,2020,article,36
Journal of Consumer Research,How the Eyes Connect to the Heart: The Influence of Eye Gaze Direction on Advertising Effectiveness,https://openalex.org/W3129510918,https://doi.org/10.1093/jcr/ucaa063,2020,article,36
Journal of Consumer Research,Attachment to and Detachment from Favorite Stores: An Affordance Theory Perspective,https://openalex.org/W3081768211,https://doi.org/10.1093/jcr/ucaa044,2020,article,35
Journal of Consumer Research,"Safe Together, Vulnerable Apart: How Interstitial Space in Text Logos Impacts Brand Attitudes in Tight versus Loose Cultures",https://openalex.org/W3129853988,https://doi.org/10.1093/jcr/ucab006,2021,article,33
Journal of Consumer Research,Creating Responsible Subjects: The Role of Mediated Affective Encounters,https://openalex.org/W3175788452,https://doi.org/10.1093/jcr/ucab019,2021,article,33
Journal of Consumer Research,Social Emotions and the Legitimation of the Fertility Technology Market,https://openalex.org/W3186649529,https://doi.org/10.1093/jcr/ucab043,2021,article,33
Journal of Consumer Research,The Regeneration of Consumer Movement Solidarity,https://openalex.org/W3130696335,https://doi.org/10.1093/jcr/ucab007,2021,article,32
Journal of Consumer Research,What Makes Content Engaging? How Emotional Dynamics Shape Success,https://openalex.org/W3132884876,https://doi.org/10.1093/jcr/ucab010,2021,article,31
Journal of Consumer Research,Racial Oppression and Racial Projects in Consumer Markets: A Racial Formation Theory Approach,https://openalex.org/W3195324491,https://doi.org/10.1093/jcr/ucab050,2021,article,31
Journal of Consumer Research,Mining Consumer Minds: Downstream Consequences of Host Motivations for Home-Sharing Platforms,https://openalex.org/W3160141453,https://doi.org/10.1093/jcr/ucab034,2021,article,29
Journal of Consumer Research,How Resource Scarcity Influences the Preference for Counterhedonic Consumption,https://openalex.org/W3178512402,https://doi.org/10.1093/jcr/ucab024,2021,article,29
Journal of Consumer Research,Almost Equal: Consumption under Fragmented Stigma,https://openalex.org/W4229062823,https://doi.org/10.1093/jcr/ucab077,2021,article,29
Journal of Consumer Research,When Products Come Alive: Interpersonal Communication Norms Induce Positive Word of Mouth for Anthropomorphized Products,https://openalex.org/W4283026472,https://doi.org/10.1093/jcr/ucac027,2022,article,20
Journal of Consumer Research,"“Kind of Mine, Kind of Not”: Digital Possessions and Affordance Misalignment",https://openalex.org/W4311348847,https://doi.org/10.1093/jcr/ucac057,2022,article,18
Journal of Consumer Research,Automation Assemblages in the Internet of Things: Discovering Qualitative Practices at the Boundaries of Quantitative Change,https://openalex.org/W4226307378,https://doi.org/10.1093/jcr/ucac014,2022,article,17
Journal of Consumer Research,Cyclical Time Is Greener: The Impact of Temporal Perspective on Pro-Environmental Behavior,https://openalex.org/W4323045011,https://doi.org/10.1093/jcr/ucad016,2023,article,9
Journal of Consumer Research,Unveiling the Mind of the Machine,https://openalex.org/W4388989951,https://doi.org/10.1093/jcr/ucad075,2023,article,9
Journal of Consumer Research,Vocalizing Search: How Voice Technologies Alter Consumer Search Processes and Satisfaction,https://openalex.org/W4319984789,https://doi.org/10.1093/jcr/ucad009,2023,article,8
Journal of Consumer Research,"Appearance for Females, Functionality for Males? The False Lay Belief about Gender Difference in Product Preference",https://openalex.org/W4386513242,https://doi.org/10.1093/jcr/ucad054,2023,article,8
Journal of Consumer Research,Food as Fuel: Performance Goals Increase the Consumption of High-Calorie Foods at the Expense of Good Nutrition,https://openalex.org/W3010978667,https://doi.org/10.1093/jcr/ucaa012,2020,article,33
Journal of Consumer Research,A Little Piece of Me: When Mortality Reminders Lead to Giving to Others,https://openalex.org/W3017828742,https://doi.org/10.1093/jcr/ucaa020,2020,article,33
Journal of Consumer Research,Budget Depreciation: When Budgeting Early Increases Spending,https://openalex.org/W3092132217,https://doi.org/10.1093/jcr/ucaa049,2020,article,32
Journal of Consumer Research,Status Pivoting,https://openalex.org/W4256121521,https://doi.org/10.1093/jcr/ucaa057,2020,article,31
Journal of Consumer Research,"Not Too Far to Help: Residential Mobility, Global Identity, and Donations to Distant Beneficiaries",https://openalex.org/W3093677613,https://doi.org/10.1093/jcr/ucaa053,2020,article,29
Journal of Consumer Research,Emotionally Numb: Expertise Dulls Consumer Experience,https://openalex.org/W3138044613,https://doi.org/10.1093/jcr/ucab015,2021,article,25
Journal of Consumer Research,"The Future of Brands and Branding: An Essay on Multiplicity, Heterogeneity, and Integration",https://openalex.org/W3207762186,https://doi.org/10.1093/jcr/ucab063,2021,article,25
Journal of Consumer Research,Expression Modalities: How Speaking Versus Writing Shapes Word of Mouth,https://openalex.org/W4206734233,https://doi.org/10.1093/jcr/ucab076,2021,article,25
Journal of Consumer Research,Social Class Shapes Donation Allocation Preferences,https://openalex.org/W3163162442,https://doi.org/10.1093/jcr/ucab033,2021,article,24
Journal of Consumer Research,Sizes Are Gendered: The Effect of Size Cues in Brand Names on Brand Stereotyping,https://openalex.org/W3201421096,https://doi.org/10.1093/jcr/ucab058,2021,article,23
Journal of Consumer Research,It’s Good to Be Different: How Diversity Impacts Judgments of Moral Behavior,https://openalex.org/W3203708601,https://doi.org/10.1093/jcr/ucab061,2021,article,23
Journal of Consumer Research,Practice Diffusion,https://openalex.org/W4205133232,https://doi.org/10.1093/jcr/ucab045,2021,article,23
Journal of Consumer Research,Offline Context Affects Online Reviews: The Effect of Post-Consumption Weather,https://openalex.org/W4207008779,https://doi.org/10.1093/jcr/ucac003,2022,article,16
Journal of Consumer Research,The Pursuit of Meaning and the Preference for Less Expensive Options,https://openalex.org/W4226216857,https://doi.org/10.1093/jcr/ucac019,2022,article,15
Journal of Consumer Research,There and Back Again: Bleed from Extraordinary Experiences,https://openalex.org/W4285189146,https://doi.org/10.1093/jcr/ucac022,2022,article,15
Journal of Consumer Research,A Turn of the Tables: Psychological Contracts and Word of Mouth about Sharing Economy Platforms When Consumers Get Reviewed,https://openalex.org/W4315588582,https://doi.org/10.1093/jcr/ucad002,2023,article,7
Journal of Consumer Research,Dominance versus Prestige Hierarchies: How Social Hierarchy Base Shapes Conspicuous Consumption,https://openalex.org/W4362666144,https://doi.org/10.1093/jcr/ucad024,2023,article,7
Journal of Consumer Research,How Does Religion Affect Consumer Response to Failure and Recovery by Firms?,https://openalex.org/W3083749286,https://doi.org/10.1093/jcr/ucaa043,2020,article,28
Journal of Consumer Research,From Cradle to Grave: How Childhood and Current Environments Impact Consumers’ Subjective Life Expectancy and Decision-Making,https://openalex.org/W3000795152,https://doi.org/10.1093/jcr/ucaa003,2020,article,27
Journal of Consumer Research,Should I Touch the Customer? Rethinking Interpersonal Touch Effects from the Perspective of the Touch Initiator,https://openalex.org/W3019388422,https://doi.org/10.1093/jcr/ucaa021,2020,article,27
Journal of Consumer Research,Beliefs about Whether Spending Implies Wealth,https://openalex.org/W3111484825,https://doi.org/10.1093/jcr/ucaa060,2020,article,27
Journal of Consumer Research,"Ownership: A Perennial Prize or a Fading Goal? A Curation, Framework, and Agenda for Future Research",https://openalex.org/W3029636545,https://doi.org/10.1093/jcr/ucaa027,2020,article,26
Journal of Consumer Research,Exploratory Shopping: Attention Affects In-Store Exploration and Unplanned Purchasing,https://openalex.org/W3101930720,https://doi.org/10.1093/jcr/ucaa054,2020,article,26
Journal of Consumer Research,Product Entitativity: How the Presence of Product Replicates Increases Perceived and Actual Product Efficacy,https://openalex.org/W3003376302,https://doi.org/10.1093/jcr/ucaa006,2020,article,25
Journal of Consumer Research,On My Own: The Aversion to Being Observed during the Preference-Construction Stage,https://openalex.org/W3014457361,https://doi.org/10.1093/jcr/ucaa016,2020,article,25
Journal of Consumer Research,Disorder and Downsizing,https://openalex.org/W3109237635,https://doi.org/10.1093/jcr/ucaa051,2020,article,25
Journal of Consumer Research,"One Brand, Many Trajectories: Narrative Navigation in Transmedia",https://openalex.org/W3114591847,https://doi.org/10.1093/jcr/ucaa046,2020,article,25
Journal of Consumer Research,The Psychology of Marginal Utility,https://openalex.org/W3118977376,https://doi.org/10.1093/jcr/ucaa064,2021,article,23
Journal of Consumer Research,Building Brands for the Emerging Bicultural Market: The Appeal of Paradox Brands,https://openalex.org/W3177168700,https://doi.org/10.1093/jcr/ucab037,2021,article,22
Journal of Consumer Research,The Embodiment of Consumer Knowledge,https://openalex.org/W3121366673,https://doi.org/10.1093/jcr/ucab003,2021,article,21
Journal of Consumer Research,The Curse of the Original: How and When Heritage Branding Reduces Consumer Evaluations of Enhanced Products,https://openalex.org/W3169927955,https://doi.org/10.1093/jcr/ucab028,2021,article,21
Journal of Consumer Research,Space as a Resource in the Politics of Consumer Identity,https://openalex.org/W3125245099,https://doi.org/10.1093/jcr/ucab002,2021,article,20
Journal of Consumer Research,Consumers Value Effort over Ease When Caring for Close Others,https://openalex.org/W3171828514,https://doi.org/10.1093/jcr/ucab039,2021,article,20
Journal of Consumer Research,Let Me Show You What I Did versus What I Have: Sharing Experiential versus Material Purchases Alters Authenticity and Liking of Social Media Users,https://openalex.org/W3215735629,https://doi.org/10.1093/jcr/ucab068,2021,article,20
Journal of Consumer Research,Relevance—Reloaded and Recoded,https://openalex.org/W4205135740,https://doi.org/10.1093/jcr/ucab074,2021,article,20
Journal of Consumer Research,Chronic Consumer Liminality: Being Flexible in Precarious Times,https://openalex.org/W4205401579,https://doi.org/10.1093/jcr/ucab073,2021,article,20
Journal of Consumer Research,On or Off Track: How (Broken) Streaks Affect Consumer Decisions,https://openalex.org/W4283735498,https://doi.org/10.1093/jcr/ucac029,2022,article,14
Journal of Consumer Research,Distance and Alternative Signals of Status: A Unifying Framework,https://openalex.org/W4307137836,https://doi.org/10.1093/jcr/ucac049,2022,article,14
Journal of Consumer Research,Get Your Science Out of Here: When Does Invoking Science in the Marketing of Consumer Products Backfire?,https://openalex.org/W4285294805,https://doi.org/10.1093/jcr/ucac020,2022,article,13
Journal of Consumer Research,Mysterious Consumption: Preference for Horizontal (vs. Vertical) Uncertainty and the Role of Surprise,https://openalex.org/W4294281874,https://doi.org/10.1093/jcr/ucac039,2022,article,13
Journal of Consumer Research,Consumer Desires and the Fluctuating Balance between Liquid and Solid Consumption: The Case of Finnish Clothing Libraries,https://openalex.org/W4360847430,https://doi.org/10.1093/jcr/ucad021,2023,article,6
Journal of Consumer Research,Intel Inside: The Linguistic Properties of Effective Slogans,https://openalex.org/W4376618264,https://doi.org/10.1093/jcr/ucad034,2023,article,6
Journal of Consumer Research,Reviewing Experts’ Restraint from Extremes and Its Impact on Service Providers,https://openalex.org/W3037593043,https://doi.org/10.1093/jcr/ucaa037,2020,article,23
Journal of Consumer Research,The Psychology of Marginal Utility,https://openalex.org/W3118977376,https://doi.org/10.1093/jcr/ucaa064,2020,article,23
Journal of Consumer Research,Birds of a Feather Feel Together: Emotional Ability Similarity in Consumer Interactions,https://openalex.org/W3009383657,https://doi.org/10.1093/jcr/ucaa011,2020,article,21
Journal of Consumer Research,Multitasking as Consumer Compensatory Control,https://openalex.org/W3165827685,https://doi.org/10.1093/jcr/ucab029,2021,article,19
Journal of Consumer Research,Tweets We Like Aren’t Alike: Time of Day Affects Engagement with Vice and Virtue Tweets,https://openalex.org/W4206394108,https://doi.org/10.1093/jcr/ucab072,2021,article,19
Journal of Consumer Research,Online Advertising Suppresses Visual Competition during Planned Purchases,https://openalex.org/W3151202147,https://doi.org/10.1093/jcr/ucab017,2021,article,18
Journal of Consumer Research,Becoming Through Contiguity and Lines of Flight: The Four Faces of Celebrity-Proximate Assemblages,https://openalex.org/W3179289037,https://doi.org/10.1093/jcr/ucab026,2021,article,18
Journal of Consumer Research,The Impact of Payment Frequency on Consumer Spending and Subjective Wealth Perceptions,https://openalex.org/W3200939542,https://doi.org/10.1093/jcr/ucab052,2021,article,18
Journal of Consumer Research,Loved As-Is: How God Salience Lowers Interest in Self-Improvement Products,https://openalex.org/W3207662012,https://doi.org/10.1093/jcr/ucab055,2021,article,18
Journal of Consumer Research,<i>Wordify:</i> A Tool for Discovering and Differentiating Consumer Vocabularies,https://openalex.org/W3151867831,https://doi.org/10.1093/jcr/ucab018,2021,article,17
Journal of Consumer Research,Consumers as Naive Physicists: How Visual Entropy Cues Shift Temporal Focus and Influence Product Evaluations,https://openalex.org/W3195644962,https://doi.org/10.1093/jcr/ucab042,2021,article,17
Journal of Consumer Research,A Liberating-Engagement Theory of Consumer Fun,https://openalex.org/W3197629335,https://doi.org/10.1093/jcr/ucab051,2021,article,17
Journal of Consumer Research,Courtesy Stigma Management: Social Identity Work among China’s “Leftover Women”,https://openalex.org/W3210181658,https://doi.org/10.1093/jcr/ucab065,2021,article,17
Journal of Consumer Research,How Political Ideology Shapes Preferences for Observably Inferior Products,https://openalex.org/W4285034192,https://doi.org/10.1093/jcr/ucac030,2022,article,12
Journal of Consumer Research,The Influence of Budgets on Consumer Spending,https://openalex.org/W3174533914,https://doi.org/10.1093/jcr/ucac024,2022,article,11
Journal of Consumer Research,Promoting Data Richness in Consumer Research: How to Develop and Evaluate Articles with Multiple Data Sources,https://openalex.org/W4226166174,https://doi.org/10.1093/jcr/ucac018,2022,article,11
Journal of Consumer Research,<i>L’Art Pour l’Art:</i> Experiencing Art Reduces the Desire for Luxury Goods,https://openalex.org/W4226288517,https://doi.org/10.1093/jcr/ucac016,2022,article,11
Journal of Consumer Research,The Value-Translation Model of Consumer Activism: How Consumer Watchdog Organizations Change Markets,https://openalex.org/W4281874197,https://doi.org/10.1093/jcr/ucac025,2022,article,11
Journal of Consumer Research,The Mate Screening Motive: How Women Use Luxury Consumption to Signal to Men,https://openalex.org/W4288040216,https://doi.org/10.1093/jcr/ucac034,2022,article,11
Journal of Consumer Research,Beyond Numbers: An Ambiguity–Accessibility–Applicability Framework to Explain the Attraction Effect,https://openalex.org/W4320726359,https://doi.org/10.1093/jcr/ucac055,2023,article,5
Journal of Consumer Research,On Breaking Functional Fixedness: How the Aha! Moment Enhances Perceived Product Creativity and Product Appeal,https://openalex.org/W4320916532,https://doi.org/10.1093/jcr/ucad010,2023,article,5
Journal of Consumer Research,“Want” versus “Need”: How Linguistic Framing Influences Responses to Crowdfunding Appeals,https://openalex.org/W4376150279,https://doi.org/10.1093/jcr/ucad033,2023,article,5
Journal of Consumer Research,Liquid Consumer Security,https://openalex.org/W4384560597,https://doi.org/10.1093/jcr/ucad047,2023,article,5
Journal of Consumer Research,The Small Predicts Large Effect in Crowdfunding,https://openalex.org/W3014774714,https://doi.org/10.1093/jcr/ucaa013,2020,article,20
Journal of Consumer Research,When Sharing Isn’t Caring: The Influence of Seeking The Best on Sharing Favorable Word of Mouth about Unsatisfactory Purchases,https://openalex.org/W3106285392,https://doi.org/10.1093/jcr/ucaa052,2020,article,19
Journal of Consumer Research,Goal Conflict Encourages Work and Discourages Leisure,https://openalex.org/W3017254122,https://doi.org/10.1093/jcr/ucaa019,2020,article,18
Journal of Consumer Research,Consumer Timework,https://openalex.org/W4205389021,https://doi.org/10.1093/jcr/ucab046,2021,article,16
Journal of Consumer Research,Spending Windfall (“Found”) Time on Hedonic versus Utilitarian Activities,https://openalex.org/W4287448059,https://doi.org/10.1093/jcr/ucac032,2022,article,10
Journal of Consumer Research,"System 1 Is Not Scope Insensitive: A New, Dual-Process Account of Subjective Value",https://openalex.org/W3014906183,https://doi.org/10.1093/jcr/ucaa015,2020,article,17
Journal of Consumer Research,The Effects of Numerical Divisibility on Loneliness Perceptions and Consumer Preferences,https://openalex.org/W3026156657,https://doi.org/10.1093/jcr/ucaa026,2020,article,17
Journal of Consumer Research,How Brands Craft National Identity,https://openalex.org/W3110686713,https://doi.org/10.1093/jcr/ucaa062,2020,article,17
Journal of Consumer Research,Preference Refinement after a Budget Contraction,https://openalex.org/W3038601896,https://doi.org/10.1093/jcr/ucaa032,2020,article,16
Journal of Consumer Research,Syntax and the Illusion of Fit: How Grammatical Subject Influences Persuasion,https://openalex.org/W3158296862,https://doi.org/10.1093/jcr/ucab021,2021,article,14
Journal of Consumer Research,Doing Relationship Work: A Theory of Change in Consumer–Brand Relationships,https://openalex.org/W3168388903,https://doi.org/10.1093/jcr/ucab022,2021,article,14
Journal of Consumer Research,The One-Away Effect: The Pursuit of Mere Completion,https://openalex.org/W4367173143,https://doi.org/10.1093/jcr/ucad030,2023,article,4
Journal of Consumer Research,When Fields Are Destabilized: Mobilizing Gendered Capital to Resolve Hysteresis,https://openalex.org/W4379876449,https://doi.org/10.1093/jcr/ucad038,2023,article,4
Journal of Consumer Research,How Does Time Pressure Influence Risk Preferences? Answers from a Meta-Analysis,https://openalex.org/W4386580368,https://doi.org/10.1093/jcr/ucad053,2023,article,4
Journal of Consumer Research,Epistemological Jangle and Jingle Fallacies in the Consumer–Brand Relationship Subfield: A Call to Action,https://openalex.org/W4387031413,https://doi.org/10.1093/jcr/ucad064,2023,article,4
Journal of Consumer Research,Top Rated or Best Seller? Cultural Differences in Responses to Attitudinal versus Behavioral Consensus Cues,https://openalex.org/W4388591470,https://doi.org/10.1093/jcr/ucad074,2023,article,4
Journal of Consumer Research,Culture for Sale: Unpacking Consumer Perceptions of Cultural Appropriation,https://openalex.org/W4389003157,https://doi.org/10.1093/jcr/ucad076,2023,article,4
Journal of Consumer Research,You Will Not Remember This: How Memory Efficacy Influences Virtuous Behavior,https://openalex.org/W3021857806,https://doi.org/10.1093/jcr/ucaa023,2020,article,15
Journal of Consumer Research,The Effect of Categorization on Goal Progress Perceptions and Motivation,https://openalex.org/W3023050627,https://doi.org/10.1093/jcr/ucaa022,2020,article,15
Journal of Consumer Research,Hiding from the Truth: When and How Cover Enables Information Avoidance,https://openalex.org/W3036461679,https://doi.org/10.1093/jcr/ucaa030,2020,article,15
Journal of Consumer Research,How You Estimate Calories Matters: Calorie Estimation Reversals,https://openalex.org/W3101717576,https://doi.org/10.1093/jcr/ucaa059,2020,article,15
Journal of Consumer Research,The Threshold-Crossing Effect: Just-Below Pricing Discourages Consumers to Upgrade,https://openalex.org/W3194499162,https://doi.org/10.1093/jcr/ucab049,2021,article,13
Journal of Consumer Research,Influencer-Generated Reference Groups,https://openalex.org/W3204315548,https://doi.org/10.1093/jcr/ucab056,2021,article,13
Journal of Consumer Research,How and Why Our Eating Decisions Neglect Infrequently Consumed Foods,https://openalex.org/W3132868609,https://doi.org/10.1093/jcr/ucab011,2021,article,12
Journal of Consumer Research,Your Cheatin' Heart: How Emotional Intelligence and Selfishness Impact the Incidence of Consumer Fraud,https://openalex.org/W3194030926,https://doi.org/10.1093/jcr/ucab047,2021,article,12
Journal of Consumer Research,"Moving, Fast or Slow: How Perceived Speed Influences Mental Representation and Decision Making",https://openalex.org/W4206904590,https://doi.org/10.1093/jcr/ucac004,2022,article,8
Journal of Consumer Research,Social-Jetlagged Consumers and Decreased Conspicuous Consumption,https://openalex.org/W4210679017,https://doi.org/10.1093/jcr/ucac002,2022,article,8
Journal of Consumer Research,Power and Need-for-Justification: Asymmetrical Effects on Senders and Receivers in Marketing Communications,https://openalex.org/W4308481952,https://doi.org/10.1093/jcr/ucac052,2022,article,8
Journal of Consumer Research,A Generalized Framework for Moral Dilemmas Involving Autonomous Vehicles: A Commentary on Gill,https://openalex.org/W3039314374,https://doi.org/10.1093/jcr/ucaa024,2020,article,13
Journal of Consumer Research,Obligatory Publicity Increases Charitable Acts,https://openalex.org/W3159602221,https://doi.org/10.1093/jcr/ucab020,2021,article,11
Journal of Consumer Research,Stars versus Bars: How the Aesthetics of Product Ratings “Shape” Product Preference,https://openalex.org/W4297302516,https://doi.org/10.1093/jcr/ucac043,2022,article,7
Journal of Consumer Research,When Connection Turns to Anger: How Consumer–Brand Relationship and Crisis Type Moderate Language on Social Media,https://openalex.org/W4366386840,https://doi.org/10.1093/jcr/ucad027,2023,article,3
Journal of Consumer Research,Rejections Are More Contagious than Choices: How Another’s Decisions Shape Our Own,https://openalex.org/W4366548365,https://doi.org/10.1093/jcr/ucad007,2023,article,3
Journal of Consumer Research,Cross-Period Impatience: Subjective Financial Periods Explain Time-Inconsistent Choices,https://openalex.org/W4367676261,https://doi.org/10.1093/jcr/ucad029,2023,article,3
Journal of Consumer Research,Morality Appraisals in Consumer Responsibilization,https://openalex.org/W4380318662,https://doi.org/10.1093/jcr/ucad032,2023,article,3
Journal of Consumer Research,Dominance Effects in the Wild,https://openalex.org/W4387080684,https://doi.org/10.1093/jcr/ucad061,2023,article,3
Journal of Consumer Research,Curvy Digital Marketing Designs: Virtual Elements with Rounded Shapes Enhance Online Click-Through Rates,https://openalex.org/W4389606876,https://doi.org/10.1093/jcr/ucad078,2023,article,3
Journal of Consumer Research,Charismatic Entrainment: How Brand Leaders and Consumers Co-Create Charismatic Authority in the Marketplace,https://openalex.org/W3167915138,https://doi.org/10.1093/jcr/ucab035,2021,article,10
Journal of Consumer Research,From Mix-and-Match to Head-to-Toe: How Brand Combinations Affect Observer Trust,https://openalex.org/W3195819555,https://doi.org/10.1093/jcr/ucab041,2021,article,10
Journal of Consumer Research,Spending and Happiness: The Role of Perceived Financial Constraints,https://openalex.org/W4205556782,https://doi.org/10.1093/jcr/ucab075,2021,article,10
Journal of Consumer Research,Consumers Believe That Products Work Better for Others,https://openalex.org/W4206947569,https://doi.org/10.1093/jcr/ucab048,2021,article,9
Journal of Consumer Research,Wealth in People and Places: Understanding Transnational Gift Obligations,https://openalex.org/W4283725647,https://doi.org/10.1093/jcr/ucac028,2022,article,6
Journal of Consumer Research,Market Work and the Formation of the Omnivorous Consumer Subject,https://openalex.org/W4292410973,https://doi.org/10.1093/jcr/ucac036,2022,article,6
Journal of Consumer Research,"More Gamer, Less Girl: Gendered Boundaries, Tokenism, and the Cultural Persistence of Masculine Dominance",https://openalex.org/W4300716725,https://doi.org/10.1093/jcr/ucac046,2022,article,6
Journal of Consumer Research,Giving Suggestions: Using Quantity Requests to Increase Donations,https://openalex.org/W4304687187,https://doi.org/10.1093/jcr/ucac047,2022,article,6
Journal of Consumer Research,Can Consumers Learn Price Dispersion? Evidence for Dispersion Spillover across Categories,https://openalex.org/W3157097643,https://doi.org/10.1093/jcr/ucab030,2021,article,8
Journal of Consumer Research,In the Eye of the Beholder: The Interplay of Numeracy and Fluency in Consumer Response to 99-Ending Prices,https://openalex.org/W3176387333,https://doi.org/10.1093/jcr/ucab040,2021,article,8
Journal of Consumer Research,Really Rewarding Rewards: Strategic Licensing in Long-Term Healthy Food Consumption,https://openalex.org/W3200073322,https://doi.org/10.1093/jcr/ucab059,2021,article,8
Journal of Consumer Research,The Magnitude Heuristic: Larger Differences Increase Perceived Causality,https://openalex.org/W3037125031,https://doi.org/10.1093/jcr/ucac035,2022,article,5
Journal of Consumer Research,"Money, Sacrificial Work, and Poor Consumers",https://openalex.org/W4210563104,https://doi.org/10.1093/jcr/ucac008,2022,article,5
Journal of Consumer Research,The <i>Off by 100%</i> Bias: The Effects of Percentage Changes Greater than 100% on Magnitude Judgments and Consumer Choice,https://openalex.org/W4210780253,https://doi.org/10.1093/jcr/ucac006,2022,article,5
Journal of Consumer Research,Bundle Selection and Variety Seeking: The Importance of Combinatorics,https://openalex.org/W4226040575,https://doi.org/10.1093/jcr/ucac017,2022,article,5
Journal of Consumer Research,The Upscaling Effect: How the Decision Context Influences Tradeoffs between Desirability and Feasibility,https://openalex.org/W4313421828,https://doi.org/10.1093/jcr/ucac059,2022,article,5
Journal of Consumer Research,Undermining Desire: Reducing Unhealthy Choices by Highlighting Short-Term (vs. Long-Term) Costs,https://openalex.org/W4317816469,https://doi.org/10.1093/jcr/ucad004,2023,article,2
Journal of Consumer Research,Divergent Effects of Budgeting for Gifts versus Personal Purchases,https://openalex.org/W4320871556,https://doi.org/10.1093/jcr/ucad011,2023,article,2
Journal of Consumer Research,Consumer-Driven Memorialization,https://openalex.org/W4366251529,https://doi.org/10.1093/jcr/ucad025,2023,article,2
Journal of Consumer Research,Transnational Market Navigation: Living and Consuming across Borders,https://openalex.org/W4384935436,https://doi.org/10.1093/jcr/ucad049,2023,article,2
Journal of Consumer Research,We Do What We Are: Representation of the Self-Concept and Identity-Based Choice,https://openalex.org/W4386993973,https://doi.org/10.1093/jcr/ucad066,2023,article,2
Journal of Consumer Research,"Our Journal, Our Intellectual Home",https://openalex.org/W3125211064,https://doi.org/10.1093/jcr/ucaa065,2020,article,8
Journal of Consumer Research,"Our Journal, Our Intellectual Home",https://openalex.org/W3125211064,https://doi.org/10.1093/jcr/ucaa065,2021,article,7
Journal of Consumer Research,Tangential Immersion: Increasing Persistence in Boring Consumer Behaviors,https://openalex.org/W4205496172,https://doi.org/10.1093/jcr/ucab069,2021,article,7
Journal of Consumer Research,Three Themes for the Future of Brands in a Changing Consumer Marketplace,https://openalex.org/W4213084082,https://doi.org/10.1093/jcr/ucab060,2021,article,7
Journal of Consumer Research,The Impact of a Two-Step Choice Process on Trade-Off Decisions,https://openalex.org/W3140447198,https://doi.org/10.1093/jcr/ucab016,2021,article,6
Journal of Consumer Research,Hiding in the Crowd: Secrecy Compels Consumer Conformity,https://openalex.org/W3172127703,https://doi.org/10.1093/jcr/ucab036,2021,article,6
Journal of Consumer Research,A Framework of Brand Contestation: Toward Brand Antifragility,https://openalex.org/W3199982830,https://doi.org/10.1093/jcr/ucab053,2021,article,6
Journal of Consumer Research,Experiential and Analytical Price Evaluations: How Experiential Product Description Affects Prices,https://openalex.org/W4214824016,https://doi.org/10.1093/jcr/ucac010,2022,article,4
Journal of Consumer Research,Products in Disguise: Communicating Product Benefits with Surface Mimicry,https://openalex.org/W4226089101,https://doi.org/10.1093/jcr/ucac015,2022,article,4
Journal of Consumer Research,Origin versus Substance: Competing Determinants of Disruption in Duplication Technologies,https://openalex.org/W4286697560,https://doi.org/10.1093/jcr/ucac031,2022,article,4
Journal of Consumer Research,Doing Family over Time: The Multilayered and Multitemporal Nature of Intergenerational Caring through Consumption,https://openalex.org/W4307137808,https://doi.org/10.1093/jcr/ucac050,2022,article,4
Journal of Consumer Research,No Bandwidth to Self-Gift: How Feeling Constrained Discourages Self-Gifting,https://openalex.org/W4309187084,https://doi.org/10.1093/jcr/ucac053,2022,article,4
Journal of Consumer Research,The Preference for Spontaneity in Entertainment,https://openalex.org/W4313366705,https://doi.org/10.1093/jcr/ucac060,2022,article,4
Journal of Consumer Research,Do versus Don’t: The Impact of Framing on Goal-Level Setting,https://openalex.org/W3091807708,https://doi.org/10.1093/jcr/ucaa050,2020,article,6
Journal of Consumer Research,The Preference for Moderation Scale,https://openalex.org/W3123651070,https://doi.org/10.1093/jcr/ucaa042,2020,article,5
Journal of Consumer Research,Hoping for the Worst? A Paradoxical Preference for Bad News,https://openalex.org/W3127326443,https://doi.org/10.1093/jcr/ucab004,2021,article,5
Journal of Consumer Research,Egocentric Processing: The Advantages of Person-Related Features in Consumers’ Product Decisions,https://openalex.org/W4205767243,https://doi.org/10.1093/jcr/ucab070,2021,article,5
Journal of Consumer Research,How Do Consumers Read and Encode a Price?,https://openalex.org/W4316494479,https://doi.org/10.1093/jcr/ucad005,2023,article,1
Journal of Consumer Research,Loan Amount versus Monthly Payments: The Effect of Loan Application Formats on Consumer Borrowing Decisions,https://openalex.org/W4321784039,https://doi.org/10.1093/jcr/ucad015,2023,article,1
Journal of Consumer Research,Dominated Cosmopolitanism: Consumer Habitus Dynamics among Low-Resource Migrants,https://openalex.org/W4376873300,https://doi.org/10.1093/jcr/ucad035,2023,article,1
Journal of Consumer Research,Learning to Live with an Unruly Consuming Body,https://openalex.org/W4382047899,https://doi.org/10.1093/jcr/ucad041,2023,article,1
Journal of Consumer Research,The Effect of Pursuing Self-Regulatory Goals on Variety Seeking,https://openalex.org/W4382679205,https://doi.org/10.1093/jcr/ucad044,2023,article,1
Journal of Consumer Research,Not Just about Price: How Benefit Focus Determines Consumers’ Retailer Pricing Strategy Preference,https://openalex.org/W4383058268,https://doi.org/10.1093/jcr/ucad043,2023,article,1
Journal of Consumer Research,Final Price Neglect in Multi-Product Promotions: How Non-Integrated Price Reductions Promote Higher-Priced Products,https://openalex.org/W4383482852,https://doi.org/10.1093/jcr/ucad045,2023,article,1
Journal of Consumer Research,Intergenerational Effects of Lay Beliefs: How Parents’ Unhealthy = Tasty Intuition Influences Their Children’s Food Consumption and Body Mass Index,https://openalex.org/W4384637464,https://doi.org/10.1093/jcr/ucad048,2023,article,1
Journal of Consumer Research,Crowdfunding as a Market-Fostering Gift System,https://openalex.org/W4386568834,https://doi.org/10.1093/jcr/ucad052,2023,article,1
Journal of Consumer Research,It Looks Like “Theirs”: When and Why Human Presence in the Photo Lowers Viewers’ Liking and Preference for an Experience Venue,https://openalex.org/W4386980087,https://doi.org/10.1093/jcr/ucad059,2023,article,1
Journal of Consumer Research,How Do Consumers React to Production Waste?,https://openalex.org/W4386980110,https://doi.org/10.1093/jcr/ucad060,2023,article,1
Journal of Consumer Research,Better Together: How Clustering Can Attenuate Hedonic Decline,https://openalex.org/W4387524328,https://doi.org/10.1093/jcr/ucad069,2023,article,1
Journal of Consumer Research,How Traditional Production Shapes Perceptions of Product Quality,https://openalex.org/W4388608447,https://doi.org/10.1093/jcr/ucad073,2023,article,1
Journal of Consumer Research,Class Conflict and Spatial Domination in the Neoliberal City,https://openalex.org/W4389703562,https://doi.org/10.1093/jcr/ucad079,2023,article,1
Journal of Consumer Research,"Nudges Increase Choosing but Decrease Consuming: Longitudinal Studies of the Decoy, Default, and Compromise Effects",https://openalex.org/W4390096552,https://doi.org/10.1093/jcr/ucad081,2023,article,1
Journal of Consumer Research,The One-Man Show: The Effect of Joint Decision-Making on Investor Overconfidence,https://openalex.org/W4311568255,https://doi.org/10.1093/jcr/ucac054,2022,article,3
Journal of Consumer Research,"Product Lineups: The More You Search, The Less You Find",https://openalex.org/W2999395184,https://doi.org/10.1093/jcr/ucaa001,2020,article,4
Journal of Consumer Research,A Dragging-Down Effect: Consumer Decisions in Response to Price Increases,https://openalex.org/W3038580708,https://doi.org/10.1093/jcr/ucaa031,2020,article,4
Journal of Consumer Research,The Zero Bias in Target Retirement Fund Choice,https://openalex.org/W3038854905,https://doi.org/10.1093/jcr/ucaa035,2020,article,4
Journal of Consumer Research,Work-to-Unlock Rewards: Leveraging Goals in Reward Systems to Increase Consumer Persistence,https://openalex.org/W4206907873,https://doi.org/10.1093/jcr/ucac007,2022,article,2
Journal of Consumer Research,When Is HILO Low? Price Image Formation Based on Frequency versus Depth Pricing Strategies,https://openalex.org/W4210335780,https://doi.org/10.1093/jcr/ucac005,2022,article,2
Journal of Consumer Research,Brand Morphogenesis: The Role of Heterogeneous Consumer Sub-Assemblages in the Change and Continuity of a Brand,https://openalex.org/W4214706327,https://doi.org/10.1093/jcr/ucac009,2022,article,2
Journal of Consumer Research,Dysplacement and the Professionalization of the Home,https://openalex.org/W4280489959,https://doi.org/10.1093/jcr/ucac023,2022,article,2
Journal of Consumer Research,Is Your Sample Truly Mediating? Bayesian Analysis of Heterogeneous Mediation (BAHM),https://openalex.org/W4295006315,https://doi.org/10.1093/jcr/ucac041,2022,article,2
Journal of Consumer Research,Misperception of Multiple Risks in Medical Decision-Making,https://openalex.org/W4296412296,https://doi.org/10.1093/jcr/ucac040,2022,article,2
Journal of Consumer Research,Days-of-the-Week Effect in Temporal Judgments,https://openalex.org/W4297220686,https://doi.org/10.1093/jcr/ucac044,2022,article,2
Journal of Consumer Research,The 5S's of Consumer Health: A Framework and Curation of <i>JCR</i> Articles on Health and Medical Decision-Making,https://openalex.org/W4307381758,https://doi.org/10.1093/jcr/ucac051,2022,article,2
Journal of Consumer Research,"Been There, Done That: How Episodic and Semantic Memory Affects the Language of Authentic and Fictitious Reviews",https://openalex.org/W4311623725,https://doi.org/10.1093/jcr/ucac056,2022,article,2
Journal of Consumer Research,Mapping Consumers’ Context-Dependent Consumption Preferences: A Multidimensional Unfolding Approach,https://openalex.org/W3205414825,https://doi.org/10.1093/jcr/ucab062,2021,article,3
Journal of Consumer Research,Banking Happiness,https://openalex.org/W4212913269,https://doi.org/10.1093/jcr/ucab066,2021,article,2
Journal of Consumer Research,A Word of Thanks,https://openalex.org/W4223919673,https://doi.org/10.1093/jcr/ucac012,2022,article,1
Journal of Consumer Research,Distributions Distract: How Distributions on Attribute Filters and Other Tools Affect Consumer Judgments,https://openalex.org/W4282841039,https://doi.org/10.1093/jcr/ucac026,2022,article,1
Journal of Consumer Research,A Word of Thanks,https://openalex.org/W4324357398,https://doi.org/10.1093/jcr/ucad012,2023,article,0
Journal of Consumer Research,Correction to: Stars versus Bars: How the Aesthetics of Product Ratings “Shape” Product Preference,https://openalex.org/W4360594939,https://doi.org/10.1093/jcr/ucad001,2023,article,0
Journal of Consumer Research,Correction to: The Upscaling Effect: How the Decision Context Influences Tradeoffs between Desirability and Feasibility,https://openalex.org/W4376320870,https://doi.org/10.1093/jcr/ucad031,2023,article,0
Journal of Consumer Research,Call for Nominations: Editor in Chief,https://openalex.org/W4376604045,https://doi.org/10.1093/jcr/ucad026,2023,article,0
Journal of Consumer Research,Expression of Concern: Super Size Me: Product Size as a Signal of Status,https://openalex.org/W4379880639,https://doi.org/10.1093/jcr/ucad037,2023,article,0
Journal of Consumer Research,Expression of Concern: Dynamics of Communicator and Audience Power: The Persuasiveness of Competence versus Warmth,https://openalex.org/W4379911480,https://doi.org/10.1093/jcr/ucad036,2023,article,0
Journal of Consumer Research,Call for Nominations: Editor in Chief,https://openalex.org/W4384524817,https://doi.org/10.1093/jcr/ucad039,2023,article,0
Journal of Consumer Research,Post-Colonial Consumer Respect and the Framing of Neocolonial Consumption in Advertising,https://openalex.org/W4386983591,https://doi.org/10.1093/jcr/ucad063,2023,article,0
Journal of Consumer Research,Refund Psychology,https://openalex.org/W4387378896,https://doi.org/10.1093/jcr/ucad067,2023,article,0
Journal of Consumer Research,"Policy Board Note on Two Articles by David Dubois, Derek D. Rucker, and Adam D. Galinsky",https://openalex.org/W4387997016,https://doi.org/10.1093/jcr/ucad057,2023,article,0
Journal of Consumer Research,Correction to: Dynamics of Communicator and Audience Power: The Persuasiveness of Competence versus Warmth,https://openalex.org/W4387997173,https://doi.org/10.1093/jcr/ucad056,2023,article,0
Journal of Consumer Research,Is “4 for $16” Better than “4 for $15.30”? The Price Divisibility Effect in Multipack Purchases,https://openalex.org/W4388182395,https://doi.org/10.1093/jcr/ucad071,2023,article,0
Journal of Consumer Research,Retraction of: Super Size Me: Product Size as a Signal of Status,https://openalex.org/W4388182818,https://doi.org/10.1093/jcr/ucad055,2023,article,0
Journal of Consumer Research,2023 JCR Awards Announcements,https://openalex.org/W4388705335,https://doi.org/10.1093/jcr/ucad070,2023,article,0
Journal of Consumer Research,<i>When</i> Language Matters,https://openalex.org/W4390096657,https://doi.org/10.1093/jcr/ucad080,2023,article,0
Journal of Consumer Research,"Retraction: Attention, Attitudes, and Action: When and Why Incidental Fear Increases Consumer Choice",https://openalex.org/W3111911738,https://doi.org/10.1093/jcr/ucaa039,2020,article,1
Journal of Consumer Research,Retraction: Crush on You: Romantic Crushes Increase Consumers’ Preferences for Strong Sensory Stimuli,https://openalex.org/W4254684376,https://doi.org/10.1093/jcr/ucaa009,2020,article,1
Journal of Consumer Research,<i>2021 JCR Awards Announcements</i>,https://openalex.org/W4206293509,https://doi.org/10.1093/jcr/ucac001,2022,article,0
Journal of Consumer Research,Call for Nominations: Editor in Chief,https://openalex.org/W4223950502,https://doi.org/10.1093/jcr/ucac013,2022,article,0
Journal of Consumer Research,Call for Nominations: Editor in Chief,https://openalex.org/W4280542322,https://doi.org/10.1093/jcr/ucac021,2022,article,0
Journal of Consumer Research,Professor Richard Lutz Re-Appointed Special Guest Editor,https://openalex.org/W4286235840,https://doi.org/10.1093/jcr/ucac033,2022,article,0
Journal of Consumer Research,ONE-YEAR EXTENSION OF <i>JCR</i> EDITORIAL TERM,https://openalex.org/W4296691499,https://doi.org/10.1093/jcr/ucac042,2022,article,0
Journal of Consumer Research,2022 JCR Awards Announcements,https://openalex.org/W4309194998,https://doi.org/10.1093/jcr/ucac048,2022,article,0
Journal of Consumer Research,"Retraction: Identity Threats, Compensatory Consumption, and Working Memory Capacity: How Feeling Threatened Leads to Heightened Evaluations of Identity-Relevant Products",https://openalex.org/W3110798065,https://doi.org/10.1093/jcr/ucaa033,2020,article,0
Journal of Consumer Research,A Word of Thanks,https://openalex.org/W4233131941,https://doi.org/10.1093/jcr/ucaa007,2020,article,0
Journal of Consumer Research,2020 JCR Awards Announcements,https://openalex.org/W4234642258,https://doi.org/10.1093/jcr/ucaa055,2020,article,0
Journal of Consumer Research,Retraction: Witnessing Moral Violations Increases Conformity in Consumption,https://openalex.org/W4237738570,https://doi.org/10.1093/jcr/ucaa048,2020,article,0
Journal of Consumer Research,Retraction: Sorry by Size: How the Number of Apologizers Affects Apology Effectiveness,https://openalex.org/W4244821524,https://doi.org/10.1093/jcr/ucaa002,2020,article,0
Journal of Consumer Research,With Gratitude!,https://openalex.org/W4250145548,https://doi.org/10.1093/jcr/ucaa056,2020,article,0
Journal of Consumer Research,A Word of Thanks,https://openalex.org/W4285803978,https://doi.org/10.1093/jcr/ucab013,2020,article,0
Journal of Consumer Research,Call For Papers: Special Anniversary Issue: 50 Years of <i>JCR</i>,https://openalex.org/W4200028916,https://doi.org/10.1093/jcr/ucab064,2021,article,0
Journal of Consumer Research,Exposure to Brands Makes Preferential Decisions Easier,https://openalex.org/W4214487620,https://doi.org/10.1093/jcr/ucab025,2021,article,0
