source_journal,work_title,work_oaid,DOI,pub_year,work_type,all_cited_by_count
Journal of Consumer Psychology,Brand Equity as a Signaling Phenomenon,https://openalex.org/W1968242447,https://doi.org/10.1207/s15327663jcp0702_02,1998,article,1742
Journal of Consumer Psychology,Development of a Scale to Measure Consumer Skepticism Toward Advertising,https://openalex.org/W2037894217,https://doi.org/10.1207/s15327663jcp0702_03,1998,article,863
Journal of Consumer Psychology,Mundane Consumption and the Self: A Social‐Identity Perspective,https://openalex.org/W2147408766,https://doi.org/10.1016/s1057-7408(08)80015-0,1993,article,704
Journal of Consumer Psychology,Need for Cognition and Advertising: Understanding the Role of Personality Variables in Consumer Behavior,https://openalex.org/W2020604165,https://doi.org/10.1016/s1057-7408(08)80038-1,1992,article,589
Journal of Consumer Psychology,Effects of Information About Firms’ Ethical and Unethical Actions on Consumers’ Attitudes,https://openalex.org/W2007405820,https://doi.org/10.1207/s15327663jcp0803_03,1999,article,495
Journal of Consumer Psychology,When Attention‐Getting Advertising Tactics Elicit Consumer Inferences of Manipulative Intent: The Importance of Balancing Benefits and Investments,https://openalex.org/W2000832906,https://doi.org/10.1207/s15327663jcp0403_02,1995,article,462
Journal of Consumer Psychology,Consumer Innovativeness and the Adoption Process,https://openalex.org/W1973097326,https://doi.org/10.1207/s15327663jcp0404_02,1995,article,445
Journal of Consumer Psychology,The Role of Narratives in Consumer Information Processing,https://openalex.org/W2068516786,https://doi.org/10.1207/s15327663jcp0703_01,1998,article,423
Journal of Consumer Psychology,Distinguishing Service Quality and Customer Satisfaction: The Voice of the Consumer,https://openalex.org/W2088812272,https://doi.org/10.1207/s15327663jcp0403_04,1995,article,423
Journal of Consumer Psychology,The Role and Measurement of Attachment in Consumer Behavior,https://openalex.org/W2073270049,https://doi.org/10.1016/s1057-7408(08)80055-1,1992,article,418
Journal of Consumer Psychology,"Differential Effects of Subjective Knowledge, Objective Knowledge, and Usage Experience on Decision Making: An Exploratory Investigation",https://openalex.org/W2007684736,https://doi.org/10.1207/s15327663jcp0402_04,1995,article,403
Journal of Consumer Psychology,Brand name as a heuristic cue: The effects of task importance and expectancy confirmation on consumer judgments,https://openalex.org/W2063100235,https://doi.org/10.1016/s1057-7408(08)80058-7,1992,article,338
Journal of Consumer Psychology,Moderators of Perceived Behavioral Control's Predictiveness in the Theory of Planned Behavior: A Meta‐Analysis,https://openalex.org/W1981476403,https://doi.org/10.1207/s15327663jcp0703_02,1998,article,330
Journal of Consumer Psychology,Typologies of Compulsive Buying Behavior: A Constrained Clusterwise Regression Approach,https://openalex.org/W2032169033,https://doi.org/10.1207/s15327663jcp0503_02,1996,article,330
Journal of Consumer Psychology,Measuring and Modifying Consumer Impulsiveness: A Cost‐Benefit Accessibility Framework,https://openalex.org/W2063690948,https://doi.org/10.1207/s15327663jcp0502_01,1996,article,319
Journal of Consumer Psychology,Gender differences in the impact of core and relational aspects of services on the evaluation of service encounters,https://openalex.org/W2028441304,https://doi.org/10.1016/s1057-7408(08)80017-4,1993,article,309
Journal of Consumer Psychology,Understanding Compulsive Buying Among College Students: A Hierarchical Approach,https://openalex.org/W2075694665,https://doi.org/10.1207/s15327663jcp0804_03,1999,article,306
Journal of Consumer Psychology,The Role and Measurement of Attachment in Consumer Behavior,https://openalex.org/W4361804497,https://doi.org/10.1207/s15327663jcp0102_04,1992,article,297
Journal of Consumer Psychology,The influence of music on consumers' temporal perceptions: Does time fly when you're having fun?,https://openalex.org/W1996279434,https://doi.org/10.1016/s1057-7408(08)80060-5,1992,article,295
Journal of Consumer Psychology,Managing Negative Feedback Effects Associated With Brand Extensions: The Impact of Alternative Branding Strategies,https://openalex.org/W2095119641,https://doi.org/10.1207/s15327663jcp0602_01,1997,article,287
Journal of Consumer Psychology,The Effects of Product Type and Donation Magnitude on Willingness to Pay More for a Charity‐Linked Brand,https://openalex.org/W3121399134,https://doi.org/10.1207/s15327663jcp0803_02,1999,article,282
Journal of Consumer Psychology,Constructing Stable Preferences: A Look Into Dimensions of Experience and Their Impact on Preference Stability,https://openalex.org/W2093240945,https://doi.org/10.1207/s15327663jcp0802_01,1999,article,278
Journal of Consumer Psychology,"Mood, Awareness, and Product Evaluation",https://openalex.org/W1972980224,https://doi.org/10.1016/s1057-7408(08)80016-2,1993,article,226
Journal of Consumer Psychology,Consequences of Perceiving Oneself as Responsible for Obtaining a Discount: Evidence for Smart‐Shopper Feelings,https://openalex.org/W2081263628,https://doi.org/10.1207/s15327663jcp0704_04,1998,article,226
Journal of Consumer Psychology,Predicting Purchase Intentions for an Environmentally Sensitive Product,https://openalex.org/W2003351527,https://doi.org/10.1207/s15327663jcp0501_03,1996,article,221
Journal of Consumer Psychology,Contingent value measurement: On the nature and meaning of willingness to pay,https://openalex.org/W2073072763,https://doi.org/10.1016/s1057-7408(08)80057-5,1992,article,221
Journal of Consumer Psychology,Noncognitive Effects on Attitude Formation and Change: Fact or Artifact?,https://openalex.org/W2053014364,https://doi.org/10.1207/s15327663jcp0402_05,1995,article,219
Journal of Consumer Psychology,The role of country of origin in product evaluations: Informational and standard‐of‐comparison effects,https://openalex.org/W2016802760,https://doi.org/10.1016/s1057-7408(08)80004-6,1994,article,198
Journal of Consumer Psychology,"An exploratory investigation of responses elicited by music varying in tempo, tonality, and texture",https://openalex.org/W1973717998,https://doi.org/10.1016/s1057-7408(08)80068-x,1993,article,193
Journal of Consumer Psychology,How Enduring and Situational Involvement Combine to Create Involvement Responses,https://openalex.org/W2008294039,https://doi.org/10.1016/s1057-7408(08)80054-x,1992,article,192
Journal of Consumer Psychology,"Autobiographical Memories, Affect, and Consumer Information Processing",https://openalex.org/W2084040264,https://doi.org/10.1016/s1057-7408(08)80045-9,1992,article,185
Journal of Consumer Psychology,The Effects of Integrating Advertising and Negative Word‐of‐Mouth Communications on Message Processing and Response,https://openalex.org/W2084308560,https://doi.org/10.1207/s15327663jcp0402_03,1995,article,181
Journal of Consumer Psychology,The Moralization of Cigarette Smoking in the United States,https://openalex.org/W2088484680,https://doi.org/10.1207/s15327663jcp0803_07,1999,article,179
Journal of Consumer Psychology,Shopping Lists as an External Memory Aid for Grocery Shopping: Influences on List Writing and List Fulfillment,https://openalex.org/W2033145340,https://doi.org/10.1207/s15327663jcp0804_01,1999,article,178
Journal of Consumer Psychology,Impact of Dominance and Relatedness on Brand Extensions,https://openalex.org/W2040385358,https://doi.org/10.1207/s15327663jcp0502_03,1996,article,171
Journal of Consumer Psychology,Communality as a Dimension of Service Relationships,https://openalex.org/W2090035256,https://doi.org/10.1207/s15327663jcp0504_04,1996,article,171
Journal of Consumer Psychology,Attitude functions in advertising: The interactive role of products and self‐monitoring,https://openalex.org/W2063611614,https://doi.org/10.1016/s1057-7408(08)80059-9,1992,article,164
Journal of Consumer Psychology,Psychophysical Numbing: When Lives Are Valued Less as the Lives at Risk Increase,https://openalex.org/W1995263768,https://doi.org/10.1207/s15327663jcp0803_05,1999,article,146
Journal of Consumer Psychology,Social perception and interpersonal influence: Some consequences of the physical attractiveness stereotype in a personal selling setting,https://openalex.org/W1999465142,https://doi.org/10.1016/s1057-7408(08)80073-3,1993,article,142
Journal of Consumer Psychology,How Enduring Is Enduring Involvement? A Seasonal Examination of Three Recreational Activities,https://openalex.org/W2084284142,https://doi.org/10.1207/s15327663jcp0403_03,1995,article,138
Journal of Consumer Psychology,Effects of Source Congruity on Brand Attitudes and Beliefs: The Moderating Role of Issue‐Relevant Elaboration,https://openalex.org/W2050849884,https://doi.org/10.1207/s15327663jcp0701_02,1998,article,137
Journal of Consumer Psychology,In Defense of Experimental Consumer Psychology,https://openalex.org/W2059592143,https://doi.org/10.1207/s15327663jcp0503_04,1996,article,136
Journal of Consumer Psychology,"Consumer Responses to Rumors: Good News, Bad News",https://openalex.org/W1985865449,https://doi.org/10.1207/s15327663jcp0602_03,1997,article,135
Journal of Consumer Psychology,Differences in the relative influence of product attributes under alternative processing conditions: Attribute importance versus attribute ease of imagability,https://openalex.org/W2014920564,https://doi.org/10.1016/s1057-7408(08)80027-7,1994,article,131
Journal of Consumer Psychology,Self‐Referent Processing in Perceptions of Verbal and Visual Commercial Information,https://openalex.org/W2089759451,https://doi.org/10.1016/s1057-7408(08)80046-0,1992,article,123
Journal of Consumer Psychology,Social Marketing: Are We Fiddling While Rome Burns?,https://openalex.org/W1967923570,https://doi.org/10.1207/s15327663jcp0404_03,1995,article,121
Journal of Consumer Psychology,The Effects of Syntactic Complexity on Advertising Persuasiveness,https://openalex.org/W2003456205,https://doi.org/10.1207/s15327663jcp0702_04,1998,article,117
Journal of Consumer Psychology,Intuitive Hedonics: Consumer Beliefs About the Dynamics of Liking,https://openalex.org/W2040389281,https://doi.org/10.1207/s15327663jcp0401_02,1995,article,113
Journal of Consumer Psychology,The interaction of endorser attractiveness and involvement in persuasion depends on the goal that guides message processing,https://openalex.org/W1964047499,https://doi.org/10.1016/s1057-7408(08)80002-2,1994,article,111
Journal of Consumer Psychology,Memory Measures for Pretesting Advertisements: An Integrative Conceptual Framework and a Diagnostic Template,https://openalex.org/W2017575930,https://doi.org/10.1207/s15327663jcp0801_01,1999,article,111
Journal of Consumer Psychology,Effects of Self-Efficacy and Vividness on the Persuasiveness of Health Communications,https://openalex.org/W1999365908,https://doi.org/10.1207/s15327663jcp0601_02,1997,article,108
Journal of Consumer Psychology,An approach to investigating the emotional determinants of consumption durations: Why do people consume what they consume for as long as they consume it?,https://openalex.org/W1985839458,https://doi.org/10.1016/s1057-7408(08)80021-6,1993,article,104
Journal of Consumer Psychology,Language and Brand Attitudes: Impact of Script and Sound Matching in Chinese and English,https://openalex.org/W2017969866,https://doi.org/10.1207/s15327663jcp0503_03,1996,article,102
Journal of Consumer Psychology,The Role of Parental Socialization Types on Differential Family Communication Patterns Regarding Consumption,https://openalex.org/W1970864503,https://doi.org/10.1016/s1057-7408(08)80044-7,1992,article,101
Journal of Consumer Psychology,Spontaneous Inference Processes in Advertising: Effects of Need for Cognition and Self‐Monitoring on Inference Generation and Utilization,https://openalex.org/W2128430767,https://doi.org/10.1016/s1057-7408(08)80053-8,1992,article,96
Journal of Consumer Psychology,Applying the Functional Theory of Attitudes to Understanding the Influence of Store Atmosphere on Store Inferences,https://openalex.org/W2001148609,https://doi.org/10.1207/s15327663jcp0704_03,1998,article,94
Journal of Consumer Psychology,An Exploratory Study of Choice Rules Favored for High‐Stakes Decisions,https://openalex.org/W2033699495,https://doi.org/10.1207/s15327663jcp0404_01,1995,article,88
Journal of Consumer Psychology,The Attraction Effect and Political Choice in Two Elections,https://openalex.org/W2014131529,https://doi.org/10.1207/s15327663jcp0401_04,1995,article,86
Journal of Consumer Psychology,Giving voice to the gift: The use of projective techniques to recover lost meanings,https://openalex.org/W2004418748,https://doi.org/10.1016/s1057-7408(08)80023-x,1993,article,81
Journal of Consumer Psychology,"Memory for print ads: Understanding relations among brand name, copy, and picture",https://openalex.org/W2030338801,https://doi.org/10.1016/s1057-7408(08)80075-7,1993,article,77
Journal of Consumer Psychology,The Nature of Attitude Accessibility and Attitude Confidence: A Triangulated Experiment,https://openalex.org/W1966369888,https://doi.org/10.1016/s1057-7408(08)80052-6,1992,article,74
Journal of Consumer Psychology,Social Influence by Requesting Self‐Prophecy,https://openalex.org/W2138903432,https://doi.org/10.1207/s15327663jcp0801_03,1999,article,81
Journal of Consumer Psychology,Informational Influence and the Ambiguity of Product Experience: Order Effects on the Weighting of Evidence,https://openalex.org/W2002618010,https://doi.org/10.1207/s15327663jcp0701_04,1998,article,75
Journal of Consumer Psychology,Structural Analysis of Co‐Author Relationships and Author Productivity in Selected Outlets for Consumer Behavior Research,https://openalex.org/W2074633172,https://doi.org/10.1207/s15327663jcp0801_02,1999,article,73
Journal of Consumer Psychology,Extensions of Broad Brands: The Role of Retrieval in Evaluations of Fit,https://openalex.org/W2051381704,https://doi.org/10.1207/s15327663jcp0502_05,1996,article,72
Journal of Consumer Psychology,"Assimilation or Contrast?: Comparison Relevance, Distinctness, and the Impact of Accessible Information on Consumer Judgments",https://openalex.org/W2033709809,https://doi.org/10.1207/s15327663jcp0701_01,1998,article,70
Journal of Consumer Psychology,One‐of‐a‐Kind in a Full House: Some Consequences of Ethnic and Gender Distinctiveness,https://openalex.org/W2048260006,https://doi.org/10.1207/s15327663jcp0403_01,1995,article,69
Journal of Consumer Psychology,Context Effects in Product Line Extensions: Context Is Not Destiny,https://openalex.org/W2055419998,https://doi.org/10.1207/s15327663jcp0704_01,1998,article,66
Journal of Consumer Psychology,Multitrait–multimethod matrices in consumer research: Critique and new developments,https://openalex.org/W2040825146,https://doi.org/10.1016/s1057-7408(08)80022-8,1993,article,60
Journal of Consumer Psychology,Impact of Employee Gender and Job Congruency on Customer Satisfaction,https://openalex.org/W2052090535,https://doi.org/10.1207/s15327663jcp0502_04,1996,article,60
Journal of Consumer Psychology,Acquisition and Impact of Consumer Expertise,https://openalex.org/W2087946228,https://doi.org/10.1207/s15327663jcp0502_02,1996,article,60
Journal of Consumer Psychology,"Consumer decision making for common, repeat‐purchase products: A dual replication",https://openalex.org/W2013976654,https://doi.org/10.1016/s1057-7408(08)80024-1,1993,article,59
Journal of Consumer Psychology,"Direction of comparison, expected feature correlation, and the set‐size effect in preference judgment",https://openalex.org/W2082891123,https://doi.org/10.1016/s1057-7408(08)80074-5,1993,article,59
Journal of Consumer Psychology,Intended and Unintended Effects of Corrective Advertising on Beliefs and Evaluations: An Exploratory Analysis,https://openalex.org/W1980958768,https://doi.org/10.1207/s15327663jcp0503_01,1996,article,56
Journal of Consumer Psychology,The effect of irrelevant preference arguments on consumer choice,https://openalex.org/W1981986658,https://doi.org/10.1016/s1057-7408(08)80018-6,1993,article,56
Journal of Consumer Psychology,Mood as a Determinant of Postconsumption Product Evaluations: Mood Effects and Their Dependency on the Affective Intensity of the Consumption Experience,https://openalex.org/W2064542026,https://doi.org/10.1016/s1057-7408(08)80056-3,1992,article,55
Journal of Consumer Psychology,Processing of Numerical and Verbal Product Information,https://openalex.org/W2004191481,https://doi.org/10.1207/s15327663jcp0504_03,1996,article,54
Journal of Consumer Psychology,The Effects of Brand Name Suggestiveness and Decision Goal on the Development of Brand Knowledge,https://openalex.org/W2006499485,https://doi.org/10.1207/s15327663jcp0804_04,1999,article,53
Journal of Consumer Psychology,Mundane Consumption and the Self,https://openalex.org/W2019656339,https://doi.org/10.1207/s15327663jcp0203_01,1993,article,52
Journal of Consumer Psychology,"Remembering ads: The effects of encoding strategies, retrieval cues, and emotional response",https://openalex.org/W2058885360,https://doi.org/10.1016/s1057-7408(08)80072-1,1993,article,52
Journal of Consumer Psychology,"The Relative Endurance of Attitudes, Confidence, and Attitude‐Behavior Consistency: The Role of Information Source and Delay",https://openalex.org/W2076824840,https://doi.org/10.1207/s15327663jcp0703_03,1998,article,52
Journal of Consumer Psychology,Price–Quality Trade‐Offs in Choice Versus Matching: New Insights Into the Prominence Effect,https://openalex.org/W1989340240,https://doi.org/10.1207/s15327663jcp0704_02,1998,article,51
Journal of Consumer Psychology,A Striking Lack of Evidence for Nonbelief‐Based Attitude Formation and Change: A Response to Five Commentaries,https://openalex.org/W2054545958,https://doi.org/10.1207/s15327663jcp0601_08,1997,article,51
Journal of Consumer Psychology,Need for Cognition and Advertising,https://openalex.org/W2090526911,https://doi.org/10.1207/s15327663jcp0103_03,1992,article,51
Journal of Consumer Psychology,On the Development and Strength of Category–Brand Associations in Memory: The Case of Mystery Ads,https://openalex.org/W1985556110,https://doi.org/10.1016/s1057-7408(08)80042-3,1992,article,50
Journal of Consumer Psychology,An Assessment of the Trait Validity of Cognitive Age Measures,https://openalex.org/W2081232689,https://doi.org/10.1207/s15327663jcp0402_02,1995,article,50
Journal of Consumer Psychology,Marketing AIDS Prevention: The Differential Impact Hypothesis Versus Identification Effects,https://openalex.org/W2029913729,https://doi.org/10.1207/s15327663jcp0604_04,1997,article,49
Journal of Consumer Psychology,A Conceptualization of Motives to Seek Privacy for Nondeviant Consumption,https://openalex.org/W2038145383,https://doi.org/10.1016/s1057-7408(08)80039-3,1992,article,47
Journal of Consumer Psychology,Moods and Attitude Judgments: A Comment on Fishbein and Middlestadt,https://openalex.org/W1983835709,https://doi.org/10.1207/s15327663jcp0601_06,1997,article,48
Journal of Consumer Psychology,Persuasion processes associated with direct comparative and noncomparative advertising and implications for advertising effectiveness,https://openalex.org/W2062641569,https://doi.org/10.1016/s1057-7408(08)80069-1,1993,article,45
Journal of Consumer Psychology,Anomalies in the Values for Consumer Goods With Environmental Attributes,https://openalex.org/W3122888859,https://doi.org/10.1207/s15327663jcp0604_02,1997,article,44
Journal of Consumer Psychology,Program involvement and ad/program consistency as moderators of program context effects,https://openalex.org/W2033321280,https://doi.org/10.1016/s1057-7408(08)80028-9,1994,article,43
Journal of Consumer Psychology,Consumers' categorization processes: An examination with two alternative methodological paradigms,https://openalex.org/W2041847577,https://doi.org/10.1016/s1057-7408(08)80020-4,1993,article,41
Journal of Consumer Psychology,"Materialism As Social Cognition: People, Possessions, and Perception",https://openalex.org/W2076323018,https://doi.org/10.1207/s15327663jcp0501_04,1996,article,41
Journal of Consumer Psychology,Comparative judgments of numerical and verbal attribute labels,https://openalex.org/W1995853528,https://doi.org/10.1016/s1057-7408(08)80029-0,1994,article,38
Journal of Consumer Psychology,It Seems Like Only Yesterday: The Nature and Consequences of Telescoping Errors in Marketing Research,https://openalex.org/W2083801735,https://doi.org/10.1207/s15327663jcp0601_01,1997,article,38
Journal of Consumer Psychology,Comparative Advertising and Brand Evaluation: Toward Developing a Categorization Approach,https://openalex.org/W2012813350,https://doi.org/10.1016/s1057-7408(08)80043-5,1992,article,35
Journal of Consumer Psychology,Evolution of the Personality Construct in Marketing and Its Applicability to Contemporary Personality Research,https://openalex.org/W2076732979,https://doi.org/10.1207/s15327663jcp0601_03,1997,article,37
Journal of Consumer Psychology,Consumer Reactions to a Provider's Position on Social Issues: The Effect of Varying Frames of Reference,https://openalex.org/W1969126105,https://doi.org/10.1207/s15327663jcp0501_02,1996,article,33
Journal of Consumer Psychology,Attitudinal effects of character‐based versus competence‐based negative political communications,https://openalex.org/W2020574269,https://doi.org/10.1016/s1057-7408(08)80003-4,1994,article,33
Journal of Consumer Psychology,The role of thematic congruence between a mood‐inducing event and an advertised product in determining the effects of mood on brand attitudes,https://openalex.org/W2090063664,https://doi.org/10.1016/s1057-7408(08)80026-5,1994,article,32
Journal of Consumer Psychology,Gift‐Wrapping Effects on Product Attitudes: A Mood‐Biasing Explanation,https://openalex.org/W2094753456,https://doi.org/10.1016/s1057-7408(08)80036-8,1992,article,32
Journal of Consumer Psychology,The Inclusion Effect and Category‐Based Induction: Theory and Application to Brand Categories,https://openalex.org/W2242847240,https://doi.org/10.1207/s15327663jcp0702_01,1998,article,33
Journal of Consumer Psychology,Mere Ownership Revisited: A Robust Effect?,https://openalex.org/W2105899052,https://doi.org/10.1207/s15327663jcp0603_03,1997,article,31
Journal of Consumer Psychology,The Case for Noncognitive Determinants of Attitude: A Critique of Fishbein and Middlestadt,https://openalex.org/W2002526456,https://doi.org/10.1207/s15327663jcp0601_05,1997,article,30
Journal of Consumer Psychology,"Whither Fact, Artifact, and Attitude: Reflections on the Theory of Reasoned Action",https://openalex.org/W2012910627,https://doi.org/10.1207/s15327663jcp0404_04,1995,article,30
Journal of Consumer Psychology,Impact of Consumer Preference Formation on Marketing Objectives and Competitive Second Mover Strategies,https://openalex.org/W1964494431,https://doi.org/10.1207/s15327663jcp0504_02,1996,article,28
Journal of Consumer Psychology,How Much Will I Spend? Factors Affecting Consumers’ Estimates of Future Expense,https://openalex.org/W1998267719,https://doi.org/10.1207/s15327663jcp0602_02,1997,article,27
Journal of Consumer Psychology,The Effects of Program Involvement and Ease of Message Counterarguing on Advertising Persuasiveness,https://openalex.org/W2066947860,https://doi.org/10.1016/s1057-7408(08)80037-x,1992,article,25
Journal of Consumer Psychology,Prescriptions for Theory‐Driven Social Marketing Research: A Response to Goldberg's Alarms,https://openalex.org/W2052236081,https://doi.org/10.1207/s15327663jcp0602_04,1997,article,26
Journal of Consumer Psychology,Framing and the Price Elasticity of Private and Public Goods,https://openalex.org/W1979809739,https://doi.org/10.1207/s15327663jcp0401_01,1995,article,24
Journal of Consumer Psychology,"The effect of type of claim, gender, and buying history on the drawing of pragmatic inferences from advertising claims",https://openalex.org/W2085541614,https://doi.org/10.1016/s1057-7408(08)80076-9,1993,article,23
Journal of Consumer Psychology,"Mood, Awareness, and Product Evaluation",https://openalex.org/W4256307913,https://doi.org/10.1207/s15327663jcp0203_02,1993,article,23
Journal of Consumer Psychology,Introduction to the Special Issue on Ethical Trade‐Offs in Consumer Decision Making,https://openalex.org/W2062868203,https://doi.org/10.1207/s15327663jcp0803_01,1999,article,23
Journal of Consumer Psychology,Effects of an Approaching Group Discussion on Product Responses,https://openalex.org/W1970670801,https://doi.org/10.1207/s15327663jcp0804_02,1999,article,22
Journal of Consumer Psychology,Spontaneous Inference Processes in Advertising,https://openalex.org/W2085515371,https://doi.org/10.1207/s15327663jcp0102_02,1992,article,22
Journal of Consumer Psychology,Brand Name as a Heuristic Cue,https://openalex.org/W1981697750,https://doi.org/10.1207/s15327663jcp0104_02,1992,article,21
Journal of Consumer Psychology,Artifact or Meaningful Theoretical Constructs?: Examining Evidence for Nonbelief‐ and Belief‐Based Attitude Change Processes,https://openalex.org/W1999039459,https://doi.org/10.1207/s15327663jcp0601_04,1997,article,21
Journal of Consumer Psychology,Beyond Fact or Artifact: An Assessment of Fishbein and Middlestadt's Perspectives on Attitude Change Processes,https://openalex.org/W2013815804,https://doi.org/10.1207/s15327663jcp0601_07,1997,article,21
Journal of Consumer Psychology,The Influence of Music on Consumers' Temporal Perceptions,https://openalex.org/W2053102968,https://doi.org/10.1207/s15327663jcp0104_04,1992,article,21
Journal of Consumer Psychology,Consumer Attitudes About Personal and Political Action,https://openalex.org/W2093345759,https://doi.org/10.1207/s15327663jcp0803_04,1999,article,21
Journal of Consumer Psychology,Analyzing the effect of information format and task on cutoff search strategies,https://openalex.org/W2004797276,https://doi.org/10.1016/s1057-7408(08)80001-0,1994,article,20
Journal of Consumer Psychology,Prospective and Retrospective Memory for Intentions: A Two‐Component Approach,https://openalex.org/W2041181657,https://doi.org/10.1207/s15327663jcp0802_02,1999,article,20
Journal of Consumer Psychology,Gender Differences in the Impact of Core and Relational Aspects of Services on the Evaluation of Service Encounters,https://openalex.org/W4250123830,https://doi.org/10.1207/s15327663jcp0203_03,1993,article,20
Journal of Consumer Psychology,Patterns of Fairness Judgments in North America and the People's Republic of China,https://openalex.org/W2053484773,https://doi.org/10.1207/s15327663jcp0803_06,1999,article,19
Journal of Consumer Psychology,"An Exploratory Investigation of Responses Elicited by Music Varying in Tempo, Tonality, and Texture",https://openalex.org/W4256463172,https://doi.org/10.1207/s15327663jcp0204_03,1993,article,19
Journal of Consumer Psychology,"Gender casting in television toy advertisements: Distributions, message content analysis, and evaluations",https://openalex.org/W2015330338,https://doi.org/10.1016/s1057-7408(08)80019-8,1993,article,18
Journal of Consumer Psychology,Effect of Assimilation on Prepurchase External Information‐Search Tendencies,https://openalex.org/W1984922978,https://doi.org/10.1207/s15327663jcp0802_04,1999,article,17
Journal of Consumer Psychology,An Approach to Investigating the Emotional Determinants of Consumption Durations,https://openalex.org/W1992790325,https://doi.org/10.1207/s15327663jcp0202_02,1993,article,16
Journal of Consumer Psychology,Learning and the Cognitive Algebra of Price Expectations,https://openalex.org/W2070132044,https://doi.org/10.1207/s15327663jcp0604_03,1997,article,16
Journal of Consumer Psychology,More There Than Meets Their Eyes: Support for the Mere‐Ownership Effect,https://openalex.org/W2090852307,https://doi.org/10.1207/s15327663jcp0603_04,1997,article,16
Journal of Consumer Psychology,Presentation Medium and Spontaneous Imaging Effects on Consumer Memory,https://openalex.org/W2016137419,https://doi.org/10.1207/s15327663jcp0603_01,1997,article,15
Journal of Consumer Psychology,Attitude Functions in Advertising,https://openalex.org/W2090094040,https://doi.org/10.1207/s15327663jcp0104_03,1992,article,15
Journal of Consumer Psychology,Contingent Decision Behavior: Effect of Number of Alternatives To Be Selected on Consumers’ Decision Processes,https://openalex.org/W2082964348,https://doi.org/10.1207/s15327663jcp0801_04,1999,article,15
Journal of Consumer Psychology,The Nature and Role of Salesperson Perceptions: The Interactive Effects of Salesperson/Customer Personalities,https://openalex.org/W2016197003,https://doi.org/10.1016/s1057-7408(08)80040-x,1992,article,14
Journal of Consumer Psychology,The Effects of Accessibility of Standards and Decision Framing on Product Evaluations,https://openalex.org/W2081295458,https://doi.org/10.1207/s15327663jcp0401_03,1995,article,14
Journal of Consumer Psychology,"Autobiographical Memories, Affect, and Consumer Information Processing",https://openalex.org/W4248397117,https://doi.org/10.1207/s15327663jcp0101_04,1992,article,14
Journal of Consumer Psychology,The Interaction of Endorser Attractiveness and Involvement in Persuasion Depends on the Goal That Guides Message Processing,https://openalex.org/W4248600495,https://doi.org/10.1207/s15327663jcp0302_02,1994,article,14
Journal of Consumer Psychology,Mood as a Determinant of Postconsumption Product Evaluations,https://openalex.org/W2017783152,https://doi.org/10.1207/s15327663jcp0102_05,1992,article,13
Journal of Consumer Psychology,Advertising and Consumption of Alcoholic Beverages,https://openalex.org/W2048075853,https://doi.org/10.1207/s15327663jcp0802_03,1999,article,13
Journal of Consumer Psychology,The Persuasive Impact of Message Spacing,https://openalex.org/W2048497221,https://doi.org/10.1207/s15327663jcp0603_02,1997,article,12
Journal of Consumer Psychology,The cognitive organization of product information: Effects of attribute category set size on information recall,https://openalex.org/W1975465159,https://doi.org/10.1016/s1057-7408(08)80066-6,1993,article,12
Journal of Consumer Psychology,The Nature of Attitude Accessibility and Attitude Confidence,https://openalex.org/W2095345288,https://doi.org/10.1207/s15327663jcp0102_01,1992,article,12
Journal of Consumer Psychology,How Enduring and Situational Involvement Combine to Create Involvement Responses,https://openalex.org/W4231234938,https://doi.org/10.1207/s15327663jcp0102_03,1992,article,12
Journal of Consumer Psychology,Self-Referent Processing in Perceptions of Verbal and Visual Commercial Information,https://openalex.org/W4252103519,https://doi.org/10.1207/s15327663jcp0101_05,1992,article,11
Journal of Consumer Psychology,Differences in the Relative Influence of Product Attributes Under Alternative Processing Conditions,https://openalex.org/W1993038566,https://doi.org/10.1207/s15327663jcp0301_02,1994,article,11
Journal of Consumer Psychology,Social Perception and Interpersonal Influence,https://openalex.org/W2092597811,https://doi.org/10.1207/s15327663jcp0201_02,1993,article,11
Journal of Consumer Psychology,Memory for Print Ads,https://openalex.org/W1982897518,https://doi.org/10.1207/s15327663jcp0201_04,1993,article,10
Journal of Consumer Psychology,The Role of Country of Origin in Product Evaluations,https://openalex.org/W1987699909,https://doi.org/10.1207/s15327663jcp0302_04,1994,article,10
Journal of Consumer Psychology,Comment on Social Marketing: Are We Fiddling While Rome Burns?,https://openalex.org/W1971080176,https://doi.org/10.1207/s15327663jcp0602_05,1997,article,9
Journal of Consumer Psychology,"Consumer Decision Making for Common, Repeat-Purchase Products",https://openalex.org/W1979856234,https://doi.org/10.1207/s15327663jcp0202_05,1993,article,9
Journal of Consumer Psychology,Multitrait-Multimethod Matrices in Consumer Research,https://openalex.org/W1986922193,https://doi.org/10.1207/s15327663jcp0202_03,1993,article,9
Journal of Consumer Psychology,The Effect of Irrelevant Preference Arguments on Consumer Choice,https://openalex.org/W4233290360,https://doi.org/10.1207/s15327663jcp0203_04,1993,article,9
Journal of Consumer Psychology,Antecedents of Positivity Effects in Social Versus Nonsocial Judgments,https://openalex.org/W1964113166,https://doi.org/10.1207/s15327663jcp0604_01,1997,article,8
Journal of Consumer Psychology,A Conceptualization of Motives to Seek Privacy for Nondeviant Consumption,https://openalex.org/W4246581825,https://doi.org/10.1207/s15327663jcp0103_04,1992,article,8
Journal of Consumer Psychology,Initial Retrieval Difficulty and Subsequent Recall in an Advertising Setting,https://openalex.org/W2053824169,https://doi.org/10.1207/s15327663jcp0504_01,1996,article,7
Journal of Consumer Psychology,"Goal Change, Information Acquisition, and Transfer",https://openalex.org/W2083423247,https://doi.org/10.1207/s15327663jcp0501_01,1996,article,7
Journal of Consumer Psychology,Contingent Value Measurement,https://openalex.org/W1994761025,https://doi.org/10.1207/s15327663jcp0104_01,1992,article,7
Journal of Consumer Psychology,The Role of Parental Socialization Types on Differential Family Communication Patterns Regarding Consumption,https://openalex.org/W4239794512,https://doi.org/10.1207/s15327663jcp0101_03,1992,article,7
Journal of Consumer Psychology,The Mere‐Ownership Effect: ‘More There Than Meets Their Eyes’ or ‘Less There Than They Would Have Us Believe’?,https://openalex.org/W1985231396,https://doi.org/10.1207/s15327663jcp0603_05,1997,article,6
Journal of Consumer Psychology,Program Involvement and Ad/Program Consistency as Moderators of Program Context Effects,https://openalex.org/W4240944715,https://doi.org/10.1207/s15327663jcp0301_03,1994,article,6
Journal of Consumer Psychology,Persuasion Processes Associated with Direct Comparative and Noncomparative Advertising and Implications for Advertising Effectiveness,https://openalex.org/W4255803723,https://doi.org/10.1207/s15327663jcp0204_04,1993,article,6
Journal of Consumer Psychology,Social Marketing: Are We Fiddling While Rome Burns? A Response to Andreasen and Wells,https://openalex.org/W2074114564,https://doi.org/10.1207/s15327663jcp0602_06,1997,article,4
Journal of Consumer Psychology,Giving Voice to the Gift,https://openalex.org/W1994615502,https://doi.org/10.1207/s15327663jcp0202_04,1993,article,4
Journal of Consumer Psychology,The effect of pictorial distance and the viewer's sociability on ad liking,https://openalex.org/W2004349963,https://doi.org/10.1016/s1057-7408(08)80067-8,1993,article,4
Journal of Consumer Psychology,Attitudinal Effects of Character-Based Versus Competence-Based Negative Political Communications,https://openalex.org/W4237528196,https://doi.org/10.1207/s15327663jcp0302_03,1994,article,4
Journal of Consumer Psychology,"Direction of Comparison, Expected Feature Correlation, and the Set-Size Effect in Preference Judgment",https://openalex.org/W4248837079,https://doi.org/10.1207/s15327663jcp0201_03,1993,article,4
Journal of Consumer Psychology,The Effects of Program Involvement and Ease of Message Counterarguing on Advertising Persuasiveness,https://openalex.org/W4252905910,https://doi.org/10.1207/s15327663jcp0103_02,1992,article,4
Journal of Consumer Psychology,The Cognitive Organization of Product Information,https://openalex.org/W2016953911,https://doi.org/10.1207/s15327663jcp0204_01,1993,article,3
Journal of Consumer Psychology,The Nature and Role of Salesperson Perceptions,https://openalex.org/W2031676212,https://doi.org/10.1207/s15327663jcp0103_05,1992,article,3
Journal of Consumer Psychology,On the Development and Strength of Category-Brand Associations in Memory,https://openalex.org/W2087908536,https://doi.org/10.1207/s15327663jcp0101_01,1992,article,3
Journal of Consumer Psychology,Comparative Advertising and Brand Evaluation,https://openalex.org/W2051944028,https://doi.org/10.1207/s15327663jcp0101_02,1992,article,2
Journal of Consumer Psychology,Consumers' Categorization Processes,https://openalex.org/W2094416021,https://doi.org/10.1207/s15327663jcp0202_01,1993,article,2
Journal of Consumer Psychology,The Role of Thematic Congruence Between a Mood-Inducing Event and an Advertised Product in Determining the Effects of Mood on Brand Attitudes,https://openalex.org/W4230905030,https://doi.org/10.1207/s15327663jcp0301_01,1994,article,2
Journal of Consumer Psychology,Comparative Judgments of Numerical and Verbal Attribute Labels,https://openalex.org/W4233111748,https://doi.org/10.1207/s15327663jcp0301_04,1994,article,2
Journal of Consumer Psychology,Remembering Ads,https://openalex.org/W4236495487,https://doi.org/10.1207/s15327663jcp0201_01,1993,article,2
Journal of Consumer Psychology,Expectancy Effects Between Exchange Partners,https://openalex.org/W2050536065,https://doi.org/10.1207/s15327663jcp0701_03,1998,article,1
Journal of Consumer Psychology,Gender Casting in Television Toy Advertisements,https://openalex.org/W2008424987,https://doi.org/10.1207/s15327663jcp0203_05,1993,article,1
Journal of Consumer Psychology,Gift-Wrapping Effects on Product Attitudes,https://openalex.org/W2071500247,https://doi.org/10.1207/s15327663jcp0103_01,1992,article,1
Journal of Consumer Psychology,Analyzing the Effect of Information Format and Task on Cutoff Search Strategies,https://openalex.org/W4253548852,https://doi.org/10.1207/s15327663jcp0302_01,1994,article,1
Journal of Consumer Psychology,The inclusion effect and category-based induction,https://openalex.org/W2592740278,None,1998,article,0
Journal of Consumer Psychology,Special Issue on Ethical Tradeoffs in Consumer Decision Making,https://openalex.org/W4245297042,https://doi.org/10.1207/s15327663jcp0601_09,1997,article,0
Journal of Consumer Psychology,Special Issue on Psychological Approaches in Social Marketing,https://openalex.org/W4233532066,https://doi.org/10.1016/s1057-7408(95)70430-2,1995,article,0
Journal of Consumer Psychology,Editorial Consultants—Volumes 3 and 4,https://openalex.org/W4256198752,https://doi.org/10.1016/s1057-7408(96)70406-0,1996,article,0
Journal of Consumer Psychology,"The Effect of Type of Claim, Gender, and Buying History on the Drawing of Pragmatic Inferences From Advertising Claims",https://openalex.org/W4242399844,https://doi.org/10.1207/s15327663jcp0201_05,1993,article,0
Journal of Consumer Psychology,The Effect of Pictorial Distance and the Viewer's Sociability on Ad Liking,https://openalex.org/W4252206468,https://doi.org/10.1207/s15327663jcp0204_02,1993,article,0
Journal of Consumer Psychology,Editorial consultants—Volume 1,https://openalex.org/W4290666350,https://doi.org/10.1016/s1057-7408(08)80061-7,1992,article,0
