source_journal,work_title,work_oaid,DOI,pub_year,work_type,all_cited_by_count
Journal of Consumer Psychology,Secrets and Likes: The Drive for Privacy and the Difficulty of Achieving It in the Digital Age,https://openalex.org/W3084045387,https://doi.org/10.1002/jcpy.1191,2020,article,145
Journal of Consumer Psychology,Pre‐registration: Why and How,https://openalex.org/W3110946289,https://doi.org/10.1002/jcpy.1208,2020,article,131
Journal of Consumer Psychology,The Metaverse: A new digital frontier for consumer behavior,https://openalex.org/W4367048645,https://doi.org/10.1002/jcpy.1356,2023,article,114
Journal of Consumer Psychology,Preference for Human (vs. Robotic) Labor is Stronger in Symbolic Consumption Contexts,https://openalex.org/W3042318686,https://doi.org/10.1002/jcpy.1181,2020,article,108
Journal of Consumer Psychology,Persuasion Knowledge in the Marketplace: A Meta‐Analysis,https://openalex.org/W3169835994,https://doi.org/10.1002/jcpy.1258,2021,article,79
Journal of Consumer Psychology,Designing for All: Consumer Response to Inclusive Design,https://openalex.org/W3133406688,https://doi.org/10.1002/jcpy.1225,2021,article,69
Journal of Consumer Psychology,How to overcome algorithm aversion: Learning from mistakes,https://openalex.org/W4283162852,https://doi.org/10.1002/jcpy.1313,2022,article,38
Journal of Consumer Psychology,Conceptualizing brand purpose and considering its implications for consumer eudaimonic well‐being,https://openalex.org/W4290633334,https://doi.org/10.1002/jcpy.1324,2022,article,32
Journal of Consumer Psychology,The socio‐ecological psychology of residential mobility,https://openalex.org/W4229374815,https://doi.org/10.1002/jcpy.1310,2022,article,30
Journal of Consumer Psychology,MindMiner: Uncovering linguistic markers of mind perception as a new lens to understand consumer–smart object relationships,https://openalex.org/W4385347961,https://doi.org/10.1002/jcpy.1381,2023,article,14
Journal of Consumer Psychology,Together We Rise: How Social Movements Succeed,https://openalex.org/W3093645733,https://doi.org/10.1002/jcpy.1201,2020,article,61
Journal of Consumer Psychology,Preregistration Is Neither Sufficient nor Necessary for Good Science,https://openalex.org/W3110897762,https://doi.org/10.1002/jcpy.1209,2020,article,53
Journal of Consumer Psychology,When Sustainability is Not a Liability: The Halo Effect of Marketplace Morality,https://openalex.org/W3087348857,https://doi.org/10.1002/jcpy.1195,2020,article,47
Journal of Consumer Psychology,Consumers Object to Algorithms Making Morally Relevant Tradeoffs Because of Algorithms’ Consequentialist Decision Strategies,https://openalex.org/W3181173654,https://doi.org/10.1002/jcpy.1266,2021,article,45
Journal of Consumer Psychology,Abductive Theory Construction,https://openalex.org/W3212125644,https://doi.org/10.1002/jcpy.1280,2021,article,35
Journal of Consumer Psychology,The case for qualitative research,https://openalex.org/W4226494581,https://doi.org/10.1002/jcpy.1300,2022,article,28
Journal of Consumer Psychology,Rethinking scarcity and poverty: Building bridges for shared insight and impact,https://openalex.org/W4289755119,https://doi.org/10.1002/jcpy.1323,2022,article,27
Journal of Consumer Psychology,Coping with loneliness through consumption,https://openalex.org/W4307405109,https://doi.org/10.1002/jcpy.1329,2022,article,24
Journal of Consumer Psychology,An integrative review of gift‐giving research in consumer behavior and marketing,https://openalex.org/W4284708941,https://doi.org/10.1002/jcpy.1318,2022,article,22
Journal of Consumer Psychology,The digital frontier as a liminal space,https://openalex.org/W4367059815,https://doi.org/10.1002/jcpy.1357,2023,article,12
Journal of Consumer Psychology,How construal–regulatory mode fit increases social media sharing,https://openalex.org/W4383343162,https://doi.org/10.1002/jcpy.1375,2023,article,10
Journal of Consumer Psychology,Impatience and Savoring vs. Dread: Asymmetries in Anticipation Explain Consumer Time Preferences for Positive vs. Negative Events,https://openalex.org/W3016939514,https://doi.org/10.1002/jcpy.1169,2020,article,43
Journal of Consumer Psychology,Helping a Few a Lot or Many a Little: Political Ideology and Charitable Giving,https://openalex.org/W3014771412,https://doi.org/10.1002/jcpy.1164,2020,article,42
Journal of Consumer Psychology,Effects of Sequential Sensory Cues on Food Taste Perception: Cross‐Modal Interplay Between Visual and Olfactory Stimuli,https://openalex.org/W3130243455,https://doi.org/10.1002/jcpy.1231,2021,article,31
Journal of Consumer Psychology,How Economic Inequality Shapes Thought and Action,https://openalex.org/W3207880348,https://doi.org/10.1002/jcpy.1277,2021,article,30
Journal of Consumer Psychology,The Role of Cultural Congruence in the Art Infusion Effect,https://openalex.org/W3159474922,https://doi.org/10.1002/jcpy.1248,2021,article,27
Journal of Consumer Psychology,How regulatory focus–mode fit impacts variety‐seeking,https://openalex.org/W4283826513,https://doi.org/10.1002/jcpy.1317,2022,article,19
Journal of Consumer Psychology,The rise of chatbots: The effect of using chatbot agents on consumers' responses to request rejection,https://openalex.org/W4307918636,https://doi.org/10.1002/jcpy.1330,2022,article,17
Journal of Consumer Psychology,How communication mediums shape the message,https://openalex.org/W4382795163,https://doi.org/10.1002/jcpy.1372,2023,article,9
Journal of Consumer Psychology,Chatbots and mental health: Insights into the safety of generative <scp>AI</scp>,https://openalex.org/W4388194725,https://doi.org/10.1002/jcpy.1393,2023,article,8
Journal of Consumer Psychology,Distinguishing Constructs from Variables in Designing Research,https://openalex.org/W3110100845,https://doi.org/10.1002/jcpy.1204,2021,article,25
Journal of Consumer Psychology,When Cause‐Marketing Backfires: Differential Effects of One‐for‐One Promotions on Hedonic and Utilitarian Products,https://openalex.org/W3129552974,https://doi.org/10.1002/jcpy.1229,2021,article,25
Journal of Consumer Psychology,Consumer Wisdom for Personal Well‐Being and the Greater Good: Scale Development and Validation,https://openalex.org/W3129648185,https://doi.org/10.1002/jcpy.1224,2021,article,24
Journal of Consumer Psychology,Research Pathways for Societal Impact: A Typology of Relational Engagements for Consumer Psychology Research,https://openalex.org/W3201122690,https://doi.org/10.1002/jcpy.1269,2021,article,24
Journal of Consumer Psychology,Everybody Thinks We Should but Nobody Does: How Combined Injunctive and Descriptive Norms Motivate Organ Donor Registration,https://openalex.org/W3124930118,https://doi.org/10.1002/jcpy.1220,2021,article,23
Journal of Consumer Psychology,Brand extension failure and parent brand penalty: The role of implicit theories,https://openalex.org/W3173918706,https://doi.org/10.1002/jcpy.1343,2023,article,7
Journal of Consumer Psychology,Time moving or ego moving? How time metaphors influence perceived temporal distance,https://openalex.org/W4380624623,https://doi.org/10.1002/jcpy.1370,2023,article,7
Journal of Consumer Psychology,The Politics of Choice: Political Ideology and Intolerance of Ambiguity,https://openalex.org/W3037982561,https://doi.org/10.1002/jcpy.1176,2020,article,27
Journal of Consumer Psychology,Distinguishing Constructs from Variables in Designing Research,https://openalex.org/W3110100845,https://doi.org/10.1002/jcpy.1204,2020,article,26
Journal of Consumer Psychology,Exalted Purchases or Tainted Donations? Self‐signaling and the Evaluation of Charitable Incentives,https://openalex.org/W3000392978,https://doi.org/10.1002/jcpy.1157,2020,article,24
Journal of Consumer Psychology,The Association Between the Attitude of Food‐Waste‐Aversion and BMI: An Exploration in India and the United States,https://openalex.org/W3016527926,https://doi.org/10.1002/jcpy.1168,2020,article,24
Journal of Consumer Psychology,"Pre‐registration is a Game Changer. But, Like Random Assignment, it is Neither Necessary Nor Sufficient for Credible Science",https://openalex.org/W3112924898,https://doi.org/10.1002/jcpy.1207,2021,article,21
Journal of Consumer Psychology,Content Hungry: How the Nutrition of Food Media Influences Social Media Engagement,https://openalex.org/W3158150180,https://doi.org/10.1002/jcpy.1246,2021,article,21
Journal of Consumer Psychology,The Benefits of Candidly Reporting Consumer Research,https://openalex.org/W3175030651,https://doi.org/10.1002/jcpy.1263,2021,article,21
Journal of Consumer Psychology,The Dirty Underbelly of Prosocial Behavior: Reconceptualizing Greater Good as an Ecosystem with Unintended Consequences,https://openalex.org/W3185774887,https://doi.org/10.1002/jcpy.1261,2021,article,21
Journal of Consumer Psychology,Obesity and Responsiveness to Food Marketing Before and After Bariatric Surgery,https://openalex.org/W3123259145,https://doi.org/10.1002/jcpy.1221,2021,article,20
Journal of Consumer Psychology,"How to calculate, use, and report variance explained effect size indices and not die trying",https://openalex.org/W4213068861,https://doi.org/10.1002/jcpy.1292,2022,article,14
Journal of Consumer Psychology,“Ouch!” When and why food anthropomorphism negatively affects consumption,https://openalex.org/W4283774101,https://doi.org/10.1002/jcpy.1316,2022,article,13
Journal of Consumer Psychology,"Pre‐registration is a Game Changer. But, Like Random Assignment, it is Neither Necessary Nor Sufficient for Credible Science",https://openalex.org/W3112924898,https://doi.org/10.1002/jcpy.1207,2020,article,22
Journal of Consumer Psychology,Assertive Ads for Want or Should? It Depends on Consumers’ Power,https://openalex.org/W3015147316,https://doi.org/10.1002/jcpy.1165,2020,article,21
Journal of Consumer Psychology,Guilt of the Meat‐Eating Consumer: When Animal Anthropomorphism Leads to Healthy Meat Dish Choices,https://openalex.org/W3114575071,https://doi.org/10.1002/jcpy.1215,2020,article,21
Journal of Consumer Psychology,COVID‐19 is Feminine: Grammatical Gender Influences Danger Perceptions and Precautionary Behavioral Intentions by Activating Gender Stereotypes,https://openalex.org/W3169759681,https://doi.org/10.1002/jcpy.1257,2021,article,19
Journal of Consumer Psychology,From Anxious Spaces to Harmonious Relations? Interracial Marketplace Interactions Through the Lens of Consumer Psychology,https://openalex.org/W4285345503,https://doi.org/10.1002/jcpy.1278,2021,article,19
Journal of Consumer Psychology,The Differentiation Principle: Why Consumers Often Neglect Positive Attributes of Novel Food Products,https://openalex.org/W3127350768,https://doi.org/10.1002/jcpy.1222,2021,article,18
Journal of Consumer Psychology,Selfless First Movers and Self‐Interested Followers: Order of Entry Signals Purity of Motive in Pursuit of the Greater Good,https://openalex.org/W3129443522,https://doi.org/10.1002/jcpy.1228,2021,article,18
Journal of Consumer Psychology,The Adverse Effect of Choice in Donation Decisions,https://openalex.org/W3133244659,https://doi.org/10.1002/jcpy.1230,2021,article,18
Journal of Consumer Psychology,"Better to Decide Together: Shared Consumer Decision Making, Perceived Power, and Relationship Satisfaction",https://openalex.org/W3166843659,https://doi.org/10.1002/jcpy.1260,2021,article,18
Journal of Consumer Psychology,Seeking Stability: Consumer Motivations for Communal Nostalgia,https://openalex.org/W3136673999,https://doi.org/10.1002/jcpy.1237,2021,article,17
Journal of Consumer Psychology,The Light = Healthy Intuition,https://openalex.org/W3157338533,https://doi.org/10.1002/jcpy.1249,2021,article,17
Journal of Consumer Psychology,Scale use and abuse: Towards best practices in the deployment of scales,https://openalex.org/W4285588583,https://doi.org/10.1002/jcpy.1320,2022,article,12
Journal of Consumer Psychology,Undersociality is unwise,https://openalex.org/W4309199042,https://doi.org/10.1002/jcpy.1336,2022,article,12
Journal of Consumer Psychology,Consumer preference for formal address and informal address from warm brands and competent brands,https://openalex.org/W4289170109,https://doi.org/10.1002/jcpy.1322,2022,article,11
Journal of Consumer Psychology,Choice freedom,https://openalex.org/W4295974699,https://doi.org/10.1002/jcpy.1325,2022,article,11
Journal of Consumer Psychology,Robots or humans for disaster response? Impact on consumer prosociality and possible explanations,https://openalex.org/W4311039505,https://doi.org/10.1002/jcpy.1338,2023,article,5
Journal of Consumer Psychology,Low‐fit cause‐related marketing: When and why do consumers respond positively?,https://openalex.org/W4323048689,https://doi.org/10.1002/jcpy.1345,2023,article,5
Journal of Consumer Psychology,"Style, content, and the success of ideas",https://openalex.org/W4323315086,https://doi.org/10.1002/jcpy.1346,2023,article,5
Journal of Consumer Psychology,Consumers prefer natural medicines more when treating psychological than physical conditions,https://openalex.org/W4381848875,https://doi.org/10.1002/jcpy.1371,2023,article,5
Journal of Consumer Psychology,Perceived corruption reduces algorithm aversion,https://openalex.org/W4383104799,https://doi.org/10.1002/jcpy.1373,2023,article,5
Journal of Consumer Psychology,But it was supposed to be healthy! How expected and actual nutritional value affect the content and linguistic characteristics of online reviews for food products,https://openalex.org/W4383669898,https://doi.org/10.1002/jcpy.1376,2023,article,5
Journal of Consumer Psychology,Speedy activists: How firm response time to sociopolitical events influences consumer behavior,https://openalex.org/W4385200634,https://doi.org/10.1002/jcpy.1380,2023,article,5
Journal of Consumer Psychology,Climate action now: How to fuel a social movement,https://openalex.org/W4386420612,https://doi.org/10.1002/jcpy.1386,2023,article,5
Journal of Consumer Psychology,Helping Yourself before Helping Others: How Sense of Control Promotes Charitable Behaviors,https://openalex.org/W3015032726,https://doi.org/10.1002/jcpy.1163,2020,article,19
Journal of Consumer Psychology,The Fertile Dark Matter of Privacy takes on the Dark Patterns of Surveillance,https://openalex.org/W3083788430,https://doi.org/10.1002/jcpy.1190,2020,article,18
Journal of Consumer Psychology,Gift Recipients’ Beliefs About Occasion‐based and Nonoccasion‐based Gifts: The Importance of Signaling Care and Meeting Expectations in Gift Giving,https://openalex.org/W3137905276,https://doi.org/10.1002/jcpy.1239,2021,article,16
Journal of Consumer Psychology,Preference for Material Products in Identity‐Based Consumption,https://openalex.org/W3204166246,https://doi.org/10.1002/jcpy.1272,2021,article,16
Journal of Consumer Psychology,"Perceiving, Coping with, and Changing Economic Inequality in the Marketplace",https://openalex.org/W3206543753,https://doi.org/10.1002/jcpy.1276,2021,article,15
Journal of Consumer Psychology,On the flexibility of <scp>self‐repair</scp>: How holistic versus analytic thinking style impacts fluid compensatory consumption,https://openalex.org/W4223513251,https://doi.org/10.1002/jcpy.1295,2022,article,10
Journal of Consumer Psychology,Expressing passion for luxury enhances perceived authenticity,https://openalex.org/W4380269197,https://doi.org/10.1002/jcpy.1368,2023,article,4
Journal of Consumer Psychology,Landfill or Recycle? Pro‐Environmental Receptacle Labeling Increases Recycling Contamination,https://openalex.org/W3115878683,https://doi.org/10.1002/jcpy.1216,2020,article,16
Journal of Consumer Psychology,Parent brand susceptibility to negative feedback effects from brand extensions: A meta‐analysis of experimental consumer findings,https://openalex.org/W4200371907,https://doi.org/10.1002/jcpy.1282,2021,article,14
Journal of Consumer Psychology,Untangling the web of misinformation and false beliefs,https://openalex.org/W4211005456,https://doi.org/10.1002/jcpy.1288,2022,article,9
Journal of Consumer Psychology,Secret consumer behaviors in close relationships,https://openalex.org/W4283728342,https://doi.org/10.1002/jcpy.1315,2022,article,9
Journal of Consumer Psychology,Algorithms propagate gender bias in the marketplace—with consumers’ cooperation,https://openalex.org/W4365449190,https://doi.org/10.1002/jcpy.1351,2023,article,4
Journal of Consumer Psychology,A meta‐analysis on the effects of just‐below versus round prices,https://openalex.org/W4366422183,https://doi.org/10.1002/jcpy.1353,2023,article,4
Journal of Consumer Psychology,Through rose‐tinted glasses: How inducing and resolving curiosity makes consumers less skeptical and improves their product evaluations,https://openalex.org/W4380322477,https://doi.org/10.1002/jcpy.1369,2023,article,4
Journal of Consumer Psychology,Is Salesperson Attractiveness a Boon or a Bane? The Moderating Role of Perceived Labor Cost‐To‐Price Ratio in Retail Bargaining,https://openalex.org/W3010380713,https://doi.org/10.1002/jcpy.1160,2020,article,15
Journal of Consumer Psychology,Do Firm Cues Impact Product Perceptions? When Small is Natural,https://openalex.org/W3111909545,https://doi.org/10.1002/jcpy.1210,2020,article,15
Journal of Consumer Psychology,The Power of Indirect Appeals in Peer‐to‐Peer Fundraising: Why “S/He” Can Raise More Money for Me Than “I” Can For Myself,https://openalex.org/W3133901284,https://doi.org/10.1002/jcpy.1232,2021,article,13
Journal of Consumer Psychology,Meta‐analysis of Studies with Multiple Contrasts and Differences in Measurement Scales,https://openalex.org/W3135656321,https://doi.org/10.1002/jcpy.1236,2021,article,13
Journal of Consumer Psychology,Nonmaleficence in Shaming: The Ethical Dilemma Underlying Participation in Online Public Shaming,https://openalex.org/W3132589085,https://doi.org/10.1002/jcpy.1227,2021,article,12
Journal of Consumer Psychology,The cognitive processes underlying false beliefs,https://openalex.org/W4211145549,https://doi.org/10.1002/jcpy.1289,2022,article,8
Journal of Consumer Psychology,Beautify the blurry self: Low <scp>self‐concept</scp> clarity increases appearance management,https://openalex.org/W4225280409,https://doi.org/10.1002/jcpy.1298,2022,article,8
Journal of Consumer Psychology,"Givers eschew gifts that are inferior to their own: How social norms, regulatory focus, and concerns about offending lead givers astray",https://openalex.org/W4225385438,https://doi.org/10.1002/jcpy.1302,2022,article,8
Journal of Consumer Psychology,Plant power: <scp>SEEDing</scp> our future with plant‐based eating,https://openalex.org/W4307299316,https://doi.org/10.1002/jcpy.1328,2022,article,8
Journal of Consumer Psychology,Flavor Fatigue: Cognitive Depletion Influences Consumer Enjoyment of Complex Flavors,https://openalex.org/W3016134718,https://doi.org/10.1002/jcpy.1167,2020,article,14
Journal of Consumer Psychology,On Not Confusing the Tree of Trustworthy Statistics with the Greater Forest of Good Science: A Comment on Simmons et al.’s Perspective on Pre‐registration,https://openalex.org/W3110919836,https://doi.org/10.1002/jcpy.1213,2020,article,13
Journal of Consumer Psychology,The Need for Synergy in Academic Policies: An Introduction to the Dialogue on Pre‐registration,https://openalex.org/W3113169094,https://doi.org/10.1002/jcpy.1211,2020,article,13
Journal of Consumer Psychology,Consumers—Especially Women—Avoid Buying From Firms With Higher Gender Pay Gaps,https://openalex.org/W3124005656,https://doi.org/10.1002/jcpy.1219,2021,article,11
Journal of Consumer Psychology,Novelty as Opportunity and Risk: A Situated Cognition Analysis of Psychological Control and Novelty Seeking,https://openalex.org/W3174390847,https://doi.org/10.1002/jcpy.1264,2021,article,11
Journal of Consumer Psychology,Aha over Haha: Brands benefit more from being clever than from being funny,https://openalex.org/W3176907837,https://doi.org/10.1002/jcpy.1307,2022,article,7
Journal of Consumer Psychology,"I share, therefore I know? Sharing online content ‐ even without reading it ‐ inflates subjective knowledge",https://openalex.org/W4288707407,https://doi.org/10.1002/jcpy.1321,2022,article,7
Journal of Consumer Psychology,Mental accounting of product returns,https://openalex.org/W4366489390,https://doi.org/10.1002/jcpy.1354,2023,article,3
Journal of Consumer Psychology,Getting political: The value‐protective effects of expressed outgroup outrage on self‐brand connection,https://openalex.org/W4377943582,https://doi.org/10.1002/jcpy.1364,2023,article,3
Journal of Consumer Psychology,Work with me or work for me: The effect of brand roles depends on implicit theories of self‐change,https://openalex.org/W4383172122,https://doi.org/10.1002/jcpy.1374,2023,article,3
Journal of Consumer Psychology,Beyond statistical significance: Five principles for the new era of data analysis and reporting,https://openalex.org/W4385213613,https://doi.org/10.1002/jcpy.1379,2023,article,3
Journal of Consumer Psychology,The effect of subjectivity and objectivity in online reviews: A convolutional neural network approach,https://openalex.org/W4385234902,https://doi.org/10.1002/jcpy.1382,2023,article,3
Journal of Consumer Psychology,Mind over minutes: The effect of task duration consideration on task delay,https://openalex.org/W4386891157,https://doi.org/10.1002/jcpy.1390,2023,article,3
Journal of Consumer Psychology,Reconsidering the path for neural and physiological methods in consumer psychology,https://openalex.org/W4388912602,https://doi.org/10.1002/jcpy.1397,2023,article,3
Journal of Consumer Psychology,The Round‐Number Advantage in Consumer Debt Payoff,https://openalex.org/W3085127572,https://doi.org/10.1002/jcpy.1192,2020,article,12
Journal of Consumer Psychology,"$100 a Month or $1,200 a Year? Regulatory Focus and the Evaluation of Temporally Framed Attributes",https://openalex.org/W3093361039,https://doi.org/10.1002/jcpy.1199,2020,article,12
Journal of Consumer Psychology,Perceived Costs versus Actual Benefits of Demographic Self‐Disclosure in Online Support Groups,https://openalex.org/W3094615643,https://doi.org/10.1002/jcpy.1200,2020,article,12
Journal of Consumer Psychology,Identifying Picky Shoppers: Who They Are and How to Spot Them,https://openalex.org/W3128083817,https://doi.org/10.1002/jcpy.1223,2021,article,10
Journal of Consumer Psychology,Communicating Resource Scarcity and Interpersonal Connection,https://openalex.org/W3132708247,https://doi.org/10.1002/jcpy.1226,2021,article,10
Journal of Consumer Psychology,“I Made It Work”: How Using a Self‐Assembled Product Increases Task Performance,https://openalex.org/W3167208297,https://doi.org/10.1002/jcpy.1262,2021,article,10
Journal of Consumer Psychology,Residential mobility and consumer psychology through a cultural lens,https://openalex.org/W4229371710,https://doi.org/10.1002/jcpy.1309,2022,article,6
Journal of Consumer Psychology,Mix or Match? Consumer Spending Decisions in Conditional Promotions,https://openalex.org/W3014460904,https://doi.org/10.1002/jcpy.1166,2020,article,10
Journal of Consumer Psychology,When and Why Choices for Others Diverge from Consumers' Own Salient Goals,https://openalex.org/W3035280082,https://doi.org/10.1002/jcpy.1175,2020,article,10
Journal of Consumer Psychology,Subjective Age and the Greater Good,https://openalex.org/W3037673663,https://doi.org/10.1002/jcpy.1177,2020,article,10
Journal of Consumer Psychology,Why We Don't Rent What Others Love: The Role of Product Attachment in Consumer‐to‐Consumer Transactions,https://openalex.org/W3092503031,https://doi.org/10.1002/jcpy.1193,2020,article,10
Journal of Consumer Psychology,Looks Far Beyond My Reach: The Zoom Effect in Product Videos Influences Luxury Perception and Purchase Intention,https://openalex.org/W3195143415,https://doi.org/10.1002/jcpy.1268,2021,article,9
Journal of Consumer Psychology,Economic Inequality Shapes Judgments of Consumption,https://openalex.org/W3205051091,https://doi.org/10.1002/jcpy.1275,2021,article,9
Journal of Consumer Psychology,"“Remember me, will you?”: Overusing material gifts for interpersonal memory management",https://openalex.org/W3216167289,https://doi.org/10.1002/jcpy.1281,2021,article,9
Journal of Consumer Psychology,The wellbeing implications of maximizing: A conceptual framework and meta‐analysis,https://openalex.org/W4200124202,https://doi.org/10.1002/jcpy.1283,2021,article,9
Journal of Consumer Psychology,What makes people happy? Decoupling the experiential‐material continuum,https://openalex.org/W4211064567,https://doi.org/10.1002/jcpy.1291,2022,article,6
Journal of Consumer Psychology,Commentaries on “Scale use and abuse: Toward best practices in the deployment of scales”,https://openalex.org/W4285041447,https://doi.org/10.1002/jcpy.1319,2022,article,6
Journal of Consumer Psychology,Privacy is a Concern: An Introduction to the Dialogue on Privacy,https://openalex.org/W3081933012,https://doi.org/10.1002/jcpy.1186,2020,article,9
Journal of Consumer Psychology,Making the Right Decision: Intensifying the Worth of a Chosen Option,https://openalex.org/W3087421105,https://doi.org/10.1002/jcpy.1194,2020,article,9
Journal of Consumer Psychology,Your Fries are Less Fattening than Mine: How Food Sharing Biases Fattening Judgments Without Biasing Caloric Estimates,https://openalex.org/W3112271780,https://doi.org/10.1002/jcpy.1214,2020,article,9
Journal of Consumer Psychology,How misinformation taints our belief system: A focus on belief updating and relational reasoning,https://openalex.org/W4211211911,https://doi.org/10.1002/jcpy.1290,2022,article,5
Journal of Consumer Psychology,Robots or humans for disaster response? Impact on consumer prosociality and possible explanations,https://openalex.org/W4311039505,https://doi.org/10.1002/jcpy.1338,2022,article,5
Journal of Consumer Psychology,The making of Homo Honoratus: From omission to commission,https://openalex.org/W3122643209,https://doi.org/10.1002/jcpy.1392,2023,article,2
Journal of Consumer Psychology,Proximity bias: Interactive effect of spatial distance and outcome valence on probability judgments,https://openalex.org/W4319830963,https://doi.org/10.1002/jcpy.1341,2023,article,2
Journal of Consumer Psychology,How economic system justification shapes demand for peer‐to‐peer providers,https://openalex.org/W4319985447,https://doi.org/10.1002/jcpy.1344,2023,article,2
Journal of Consumer Psychology,‘Inside’ versus ‘Outside’ Trends in Consumer Research,https://openalex.org/W4362453643,https://doi.org/10.1002/jcpy.1349,2023,article,2
Journal of Consumer Psychology,Identifying nostalgia in text: The development and validation of the nostalgia dictionary,https://openalex.org/W4376141351,https://doi.org/10.1002/jcpy.1359,2023,article,2
Journal of Consumer Psychology,Let's speculate about it: When and why consumers want to discuss mystery products,https://openalex.org/W4387022801,https://doi.org/10.1002/jcpy.1388,2023,article,2
Journal of Consumer Psychology,The Science of Consumer Psychology,https://openalex.org/W3108770146,https://doi.org/10.1002/jcpy.1205,2020,article,8
Journal of Consumer Psychology,More Rational or More Emotional Than Others? Lay Beliefs About Decision‐Making Strategies,https://openalex.org/W3153634125,https://doi.org/10.1002/jcpy.1244,2021,article,7
Journal of Consumer Psychology,Your Data are (Not) My Data: The Role of Social Value Orientation in Sharing Data About Others,https://openalex.org/W3171429102,https://doi.org/10.1002/jcpy.1255,2021,article,7
Journal of Consumer Psychology,Can Social Comparison Motivate Satisficers? The Role of Input versus Output in Upward Social Comparison,https://openalex.org/W3183863809,https://doi.org/10.1002/jcpy.1267,2021,article,7
Journal of Consumer Psychology,The Challenge of Being a Challenger: Social Dominance Orientation Shapes the Impact of “Challenger vs. Leader” Comparisons,https://openalex.org/W3040755512,https://doi.org/10.1002/jcpy.1180,2020,article,7
Journal of Consumer Psychology,Theory and Effects in Consumer Psychology,https://openalex.org/W3110535810,https://doi.org/10.1002/jcpy.1206,2020,article,7
Journal of Consumer Psychology,Promoting Pi Day: Consumer Response to Special Day‐Themed Sales Promotions,https://openalex.org/W3202629336,https://doi.org/10.1002/jcpy.1271,2021,article,6
Journal of Consumer Psychology,The role of original process in creating product essence and authenticity,https://openalex.org/W4205103961,https://doi.org/10.1002/jcpy.1286,2022,article,4
Journal of Consumer Psychology,Residential mobility or mobile residentiality? Exploring the effects of place stability and variety in consumer psychology,https://openalex.org/W4229366576,https://doi.org/10.1002/jcpy.1311,2022,article,4
Journal of Consumer Psychology,When is sociality congruent with self‐care?,https://openalex.org/W4309638560,https://doi.org/10.1002/jcpy.1335,2022,article,4
Journal of Consumer Psychology,Love Leads to Action: Short‐Term Mating Mindset Mitigates the Status‐Quo Bias by Enhancing Promotion Focus,https://openalex.org/W3032916494,https://doi.org/10.1002/jcpy.1174,2020,article,6
Journal of Consumer Psychology,Reliance on Numerical Precision: Compatibility between Accuracy versus Efficiency Goals and Numerical Precision Level Influence Attribute Weighting in Two‐Stage Decisions,https://openalex.org/W3038182221,https://doi.org/10.1002/jcpy.1178,2020,article,6
Journal of Consumer Psychology,Circles of Privacy,https://openalex.org/W3084386206,https://doi.org/10.1002/jcpy.1188,2020,article,6
Journal of Consumer Psychology,Boundaries of Constructive Choice: On the Accessibility of Maximize Accuracy and Minimize Effort Goals,https://openalex.org/W3049313280,https://doi.org/10.1002/jcpy.1184,2020,article,5
Journal of Consumer Psychology,Identity‐Based Motivation and the Logic of Conversations Obfuscate Loss of Online Privacy and What Policy‐Makers Can Do About It,https://openalex.org/W3083222676,https://doi.org/10.1002/jcpy.1189,2020,article,5
Journal of Consumer Psychology,Meaningless Descriptors Increase Price Judgments and Decrease Quality Judgments,https://openalex.org/W3120021928,https://doi.org/10.1002/jcpy.1217,2021,article,5
Journal of Consumer Psychology,How Consumer Experience Is Shaped by the Political Orientation of Service Providers,https://openalex.org/W3134518768,https://doi.org/10.1002/jcpy.1233,2021,article,5
Journal of Consumer Psychology,The Numerical Precision Effect: How Precision of Attribute Information Affects Adoption of Technology Products,https://openalex.org/W3135139027,https://doi.org/10.1002/jcpy.1234,2021,article,5
Journal of Consumer Psychology,Time Will Fly During Future Fun (But Drag Until Then),https://openalex.org/W3157786993,https://doi.org/10.1002/jcpy.1247,2021,article,5
Journal of Consumer Psychology,From Functional Efficiency to Temporal Efficiency: Multifunctional Products Increase Consumer Impatience,https://openalex.org/W3166993960,https://doi.org/10.1002/jcpy.1254,2021,article,5
Journal of Consumer Psychology,When the “Charm of Three” Fades: Mental Imagery Moderates the Impact of the Number of Ad Claims on Persuasion,https://openalex.org/W3171230875,https://doi.org/10.1002/jcpy.1256,2021,article,5
Journal of Consumer Psychology,Ethical Branding in A Divided World: How Political Orientation Motivates Reactions to Marketplace Transgressions,https://openalex.org/W3199651959,https://doi.org/10.1002/jcpy.1270,2021,article,5
Journal of Consumer Psychology,Achievement‐Based Sentimental Value as a Catalyst for Heirloom Gift‐Giving,https://openalex.org/W4230086618,https://doi.org/10.1002/jcpy.1235,2021,article,5
Journal of Consumer Psychology,Made by her vs. him: Gender influences in product preferences and the role of individual action efficacy in restoring social equalities,https://openalex.org/W4306412375,https://doi.org/10.1002/jcpy.1327,2022,article,3
Journal of Consumer Psychology,A joint account with my future self: Self‐continuity facilitates adjustment of present spending to future income changes,https://openalex.org/W4327700038,https://doi.org/10.1002/jcpy.1348,2023,article,1
Journal of Consumer Psychology,Materialism and life satisfaction relations between and within people over time: results of a three‐wave longitudinal study,https://openalex.org/W4362532221,https://doi.org/10.1002/jcpy.1350,2023,article,1
Journal of Consumer Psychology,Already here: Metaverse in touch and sound,https://openalex.org/W4367053983,https://doi.org/10.1002/jcpy.1358,2023,article,1
Journal of Consumer Psychology,The influence of non‐physicality of goods on disparities in seller–buyer valuations: A meta‐analysis,https://openalex.org/W4377225467,https://doi.org/10.1002/jcpy.1367,2023,article,1
Journal of Consumer Psychology,"On the political right, the customer is always right: Political ideology, entitlement, and complaining",https://openalex.org/W4377238430,https://doi.org/10.1002/jcpy.1366,2023,article,1
Journal of Consumer Psychology,<scp>PassivePy</scp>: A tool to automatically identify passive voice in big text data,https://openalex.org/W4384133227,https://doi.org/10.1002/jcpy.1377,2023,article,1
Journal of Consumer Psychology,Commentaries on “Beyond statistical significance: Five principles for the new era of data analysis and reporting”,https://openalex.org/W4385284725,https://doi.org/10.1002/jcpy.1378,2023,article,1
Journal of Consumer Psychology,Consumer insights from text analysis,https://openalex.org/W4387104359,https://doi.org/10.1002/jcpy.1383,2023,article,1
Journal of Consumer Psychology,The influence of mindset abstraction on preference for mixed versus extreme approaches to <scp>multigoal</scp> pursuits,https://openalex.org/W4224286741,https://doi.org/10.1002/jcpy.1296,2022,article,3
Journal of Consumer Psychology,The spiritual contagion scale: A measure of beliefs in the transfer of metaphysical properties,https://openalex.org/W4308752168,https://doi.org/10.1002/jcpy.1331,2022,article,3
Journal of Consumer Psychology,On the wisdom and utility of (under)sociality: A consumer psychology perspective,https://openalex.org/W4309699821,https://doi.org/10.1002/jcpy.1333,2022,article,3
Journal of Consumer Psychology,Ethnic <scp>identity‐based</scp> motivation: A model emergent from US Hispanic consumers,https://openalex.org/W4312069416,https://doi.org/10.1002/jcpy.1340,2022,article,3
Journal of Consumer Psychology,Trying too hard or not hard enough: How effort shapes status,https://openalex.org/W4389095323,https://doi.org/10.1002/jcpy.1400,2023,article,1
Journal of Consumer Psychology,Numbers and Units Affect Goal Pursuit Organization and Motivation,https://openalex.org/W3041972955,https://doi.org/10.1002/jcpy.1179,2020,article,4
Journal of Consumer Psychology,Communication‐based Attribute Inference,https://openalex.org/W3046166461,https://doi.org/10.1002/jcpy.1183,2020,article,4
Journal of Consumer Psychology,Pick Your Poison: Attribute Trade‐Offs in Unattractive Consideration Sets,https://openalex.org/W3094144147,https://doi.org/10.1002/jcpy.1202,2020,article,4
Journal of Consumer Psychology,The Effect of Letter versus Number Cues on Distance Perception,https://openalex.org/W3112817418,https://doi.org/10.1002/jcpy.1212,2020,article,4
Journal of Consumer Psychology,The Effect of Letter versus Number Cues on Distance Perception,https://openalex.org/W3112817418,https://doi.org/10.1002/jcpy.1212,2021,article,4
Journal of Consumer Psychology,Relational Spending in Funerals: Caring for Others Loved and Lost,https://openalex.org/W3145384854,https://doi.org/10.1002/jcpy.1240,2021,article,4
Journal of Consumer Psychology,Sharing is not always caring: How sharing labels encourage personal consumption as a response to the threat of others,https://openalex.org/W4206168651,https://doi.org/10.1002/jcpy.1285,2022,article,2
Journal of Consumer Psychology,How using a paper versus mobile calendar influences everyday planning and plan fulfillment,https://openalex.org/W4224099424,https://doi.org/10.1002/jcpy.1297,2022,article,2
Journal of Consumer Psychology,Commentaries on “The case for qualitative research”,https://openalex.org/W4225136336,https://doi.org/10.1002/jcpy.1299,2022,article,2
Journal of Consumer Psychology,The influence of <scp>event‐time</scp> (vs. <scp>clock‐time</scp>) scheduling style on satiation,https://openalex.org/W4225278817,https://doi.org/10.1002/jcpy.1301,2022,article,2
Journal of Consumer Psychology,Residential mobility: Implications for consumer psychology,https://openalex.org/W4229363676,https://doi.org/10.1002/jcpy.1308,2022,article,2
Journal of Consumer Psychology,Motivation to compete: Understanding and overcoming the demotivating effect of competing with more people,https://openalex.org/W4283589758,https://doi.org/10.1002/jcpy.1314,2022,article,2
Journal of Consumer Psychology,The facilitating effect of physiological self‐tracking on organ donation,https://openalex.org/W4309554628,https://doi.org/10.1002/jcpy.1337,2022,article,2
Journal of Consumer Psychology,Tiered discounts as multiple reference points for spending,https://openalex.org/W4312101238,https://doi.org/10.1002/jcpy.1339,2022,article,2
Journal of Consumer Psychology,The Identified Donor Effect: Disclosure of the Donor’s Name Shapes the Recipient’s Behavior,https://openalex.org/W3155452815,https://doi.org/10.1002/jcpy.1243,2021,article,3
Journal of Consumer Psychology,Psychological Effects of Economic Inequality,https://openalex.org/W3207275832,https://doi.org/10.1002/jcpy.1274,2021,article,3
Journal of Consumer Psychology,Commentaries on “Abductive Theory Construction”,https://openalex.org/W4200021596,https://doi.org/10.1002/jcpy.1279,2021,article,3
Journal of Consumer Psychology,"The Real‐Time Cognitive Value of Eating Kale, Helping, and Doing Something Special: “Concurrent Experience Evaluation” (CEE), Its Drivers and Moderators, and Research Directions",https://openalex.org/W3044944270,https://doi.org/10.1002/jcpy.1182,2020,article,2
Journal of Consumer Psychology,Do Our Choices Tell Us Who We Are? It Depends on How Easy or Difficult They Were to Make,https://openalex.org/W3118314837,https://doi.org/10.1002/jcpy.1218,2021,article,2
Journal of Consumer Psychology,To Partition or Not to Partition: Role of Trade‐in Price on Consumer Evaluations of Purchases Involving Trade‐Ins,https://openalex.org/W3138762033,https://doi.org/10.1002/jcpy.1238,2021,article,2
Journal of Consumer Psychology,Above the Scam: Moral Elevation Reduces Gullibility,https://openalex.org/W3169576137,https://doi.org/10.1002/jcpy.1259,2021,article,2
Journal of Consumer Psychology,Cumulative impact neglect in processing sequential changes,https://openalex.org/W4214889506,https://doi.org/10.1002/jcpy.1294,2022,article,1
Journal of Consumer Psychology,The influence of interpersonal relationships on brand‐related behaviors for gifted brands,https://openalex.org/W4281631275,https://doi.org/10.1002/jcpy.1312,2022,article,1
Journal of Consumer Psychology,"Understanding undersociality: Intentions, impressions, and interactions",https://openalex.org/W4309201081,https://doi.org/10.1002/jcpy.1332,2022,article,1
Journal of Consumer Psychology,Bracing for the sting of disposal: Product purgatories encourage mental simulation of the disposal process,https://openalex.org/W4313640356,https://doi.org/10.1002/jcpy.1342,2023,article,0
Journal of Consumer Psychology,Feedback‐induced action–outcome associations increase consumer impatience,https://openalex.org/W4323667859,https://doi.org/10.1002/jcpy.1347,2023,article,0
Journal of Consumer Psychology,A desire to create shared memories increases consumers' willingness to sacrifice experience quality for togetherness,https://openalex.org/W4362724136,https://doi.org/10.1002/jcpy.1352,2023,article,0
Journal of Consumer Psychology,The metaverse and consumer psychology: An introduction to Research Dialogue,https://openalex.org/W4367042325,https://doi.org/10.1002/jcpy.1355,2023,article,0
Journal of Consumer Psychology,Working hard for money decreases risk tolerance,https://openalex.org/W4377098870,https://doi.org/10.1002/jcpy.1365,2023,article,0
Journal of Consumer Psychology,Reversing the denomination effect in tipping contexts,https://openalex.org/W4386270513,https://doi.org/10.1002/jcpy.1385,2023,article,0
Journal of Consumer Psychology,Product‐facilitated conversations: When does starting a conversation by mentioning a product lead to better conversational outcomes?,https://openalex.org/W4386424809,https://doi.org/10.1002/jcpy.1387,2023,article,0
Journal of Consumer Psychology,Can rounding up price discounts reduce sales?,https://openalex.org/W4386544499,https://doi.org/10.1002/jcpy.1384,2023,article,0
Journal of Consumer Psychology,How duration of storage affects food waste behavior,https://openalex.org/W4386890934,https://doi.org/10.1002/jcpy.1389,2023,article,0
Journal of Consumer Psychology,Presenting time series data as absolute versus relative changes impacts judgments and choices,https://openalex.org/W4387669507,https://doi.org/10.1002/jcpy.1391,2023,article,0
Journal of Consumer Psychology,So bad it's good: When and why consumers prefer bad options,https://openalex.org/W4388400020,https://doi.org/10.1002/jcpy.1394,2023,article,0
Journal of Consumer Psychology,When cash costs you: The pain of holding coins over banknotes,https://openalex.org/W4388419024,https://doi.org/10.1002/jcpy.1395,2023,article,0
Journal of Consumer Psychology,Commentaries on “Reconsidering the path for neural and physiological methods in consumer psychology”,https://openalex.org/W4388552213,https://doi.org/10.1002/jcpy.1398,2023,article,0
Journal of Consumer Psychology,<i>Sn</i>yre for your nasal congestion: Using phonesthemes to imbue non‐word brand names with meaning,https://openalex.org/W4388598762,https://doi.org/10.1002/jcpy.1396,2023,article,0
Journal of Consumer Psychology,The moral superiority of temporal (vs. social) comparisons,https://openalex.org/W4388670956,https://doi.org/10.1002/jcpy.1399,2023,article,0
Journal of Consumer Psychology,How rejected recommendations shape recommenders' future product intentions,https://openalex.org/W4389274685,https://doi.org/10.1002/jcpy.1401,2023,article,0
Journal of Consumer Psychology,An Appreciation of Journal Service,https://openalex.org/W3083365002,https://doi.org/10.1002/jcpy.1185,2020,article,1
Journal of Consumer Psychology,Linking Thought and Behavior: Evidence for Process—Mode of Expression Congruence Effects,https://openalex.org/W3154238695,https://doi.org/10.1002/jcpy.1241,2021,article,1
Journal of Consumer Psychology,Working Hard to Take the Easy Way Out: How the Need for Cognitive Closure Shapes Strategic Effort Investment to Ease Future Decision Making,https://openalex.org/W3156259567,https://doi.org/10.1002/jcpy.1245,2021,article,1
Journal of Consumer Psychology,"The psychological underpinnings of false beliefs: Construction, updating, prevention, and correction",https://openalex.org/W4212860703,https://doi.org/10.1002/jcpy.1287,2022,article,0
Journal of Consumer Psychology,Discussing proximal pasts and far futures,https://openalex.org/W4300166847,https://doi.org/10.1002/jcpy.1326,2022,article,0
Journal of Consumer Psychology,Causes and consequences of missed opportunities for prosociality: Introduction to Research Dialogue,https://openalex.org/W4309198779,https://doi.org/10.1002/jcpy.1334,2022,article,0
Journal of Consumer Psychology,Reasons For Both Pessimism And Optimism: A Response To The Commentaries,https://openalex.org/W3083414840,https://doi.org/10.1002/jcpy.1187,2020,article,0
Journal of Consumer Psychology,A Differential Motivation Account for the Disparity between Willingness to Accept and Willingness to Pay,https://openalex.org/W3087022002,https://doi.org/10.1002/jcpy.1197,2020,article,0
Journal of Consumer Psychology,JCP's First Methods Dialogue: A Coherent Philosophy of Science for Consumer Psychology,https://openalex.org/W3107169641,https://doi.org/10.1002/jcpy.1203,2020,article,0
Journal of Consumer Psychology,Retraction,https://openalex.org/W4253464994,https://doi.org/10.1002/jcpy.1196,2020,article,0
