source_journal,work_title,work_oaid,DOI,pub_year,work_type,all_cited_by_count
Journal of Consumer Research,Consumers and Their Brands: Developing Relationship Theory in Consumer Research,https://openalex.org/W3124394317,https://doi.org/10.1086/209515,1998,article,6631
Journal of Consumer Research,Work and/or Fun: Measuring Hedonic and Utilitarian Shopping Value,https://openalex.org/W2050251515,https://doi.org/10.1086/209376,1994,article,5467
Journal of Consumer Research,Assessing Measurement Invariance in Cross‐National Consumer Research,https://openalex.org/W2098418305,https://doi.org/10.1086/209528,1998,article,4367
Journal of Consumer Research,"Cognitive, Affective, and Attribute Bases of the Satisfaction Response",https://openalex.org/W2101369668,https://doi.org/10.1086/209358,1993,article,3119
Journal of Consumer Research,A Consumer Values Orientation for Materialism and Its Measurement: Scale Development and Validation,https://openalex.org/W1999524192,https://doi.org/10.1086/209304,1992,article,3070
Journal of Consumer Research,The Persuasion Knowledge Model: How People Cope with Persuasion Attempts,https://openalex.org/W1974065322,https://doi.org/10.1086/209380,1994,article,3053
Journal of Consumer Research,A Multistage Model of Customers' Assessments of Service Quality and Value,https://openalex.org/W2029758834,https://doi.org/10.1086/208564,1991,article,2904
Journal of Consumer Research,A Meta-Analysis of Cronbach's Coefficient Alpha,https://openalex.org/W2044519557,https://doi.org/10.1086/209405,1994,article,2684
Journal of Consumer Research,Analysis and Interpretation of Qualitative Data in Consumer Research,https://openalex.org/W2125706233,https://doi.org/10.1086/209413,1994,article,2677
Journal of Consumer Research,Constructive Consumer Choice Processes,https://openalex.org/W2001208895,https://doi.org/10.1086/209535,1998,article,2659
Journal of Consumer Research,River Magic: Extraordinary Experience and the Extended Service Encounter,https://openalex.org/W2041767207,https://doi.org/10.1086/209331,1993,article,2378
Journal of Consumer Research,Social Desirability Bias and the Validity of Indirect Questioning,https://openalex.org/W3121431905,https://doi.org/10.1086/209351,1993,article,2366
Journal of Consumer Research,Subcultures of Consumption: An Ethnography of the New Bikers,https://openalex.org/W2135856408,https://doi.org/10.1086/209434,1995,article,2116
Journal of Consumer Research,The Dimensionality of Consumption Emotion Patterns and Consumer Satisfaction,https://openalex.org/W2022720617,https://doi.org/10.1086/209243,1991,article,2095
Journal of Consumer Research,Effects of Word-of-Mouth and Product-Attribute Information on Persuasion: An Accessibility-Diagnosticity Perspective,https://openalex.org/W2099594827,https://doi.org/10.1086/208570,1991,article,2058
Journal of Consumer Research,"Assessing the Dimensionality and Structure of the Consumption Experience: Evaluation, Feeling, and Satisfaction",https://openalex.org/W2100813809,https://doi.org/10.1086/209361,1993,article,1941
Journal of Consumer Research,Heart and Mind in Conflict: the Interplay of Affect and Cognition in Consumer Decision Making,https://openalex.org/W2021713474,https://doi.org/10.1086/209563,1999,article,1924
Journal of Consumer Research,A Model of Perceived Risk and Intended Risk-Handling Activity,https://openalex.org/W2168578824,https://doi.org/10.1086/209386,1994,article,1881
Journal of Consumer Research,Measuring Emotions in the Consumption Experience,https://openalex.org/W2039619242,https://doi.org/10.1086/209499,1997,article,1869
Journal of Consumer Research,Consumer Socialization of Children: A Retrospective Look At Twenty‐Five Years of Research,https://openalex.org/W2109434867,https://doi.org/10.1086/209559,1999,article,1839
Journal of Consumer Research,How Consumers Consume: A Typology of Consumption Practices,https://openalex.org/W1966026240,https://doi.org/10.1086/209431,1995,article,1584
Journal of Consumer Research,Normative Influences on Impulsive Buying Behavior,https://openalex.org/W3125621338,https://doi.org/10.1086/209452,1995,article,1521
Journal of Consumer Research,Liberatory Postmodernism and the Reenchantment of Consumption,https://openalex.org/W2131928395,https://doi.org/10.1086/209448,1995,article,1519
Journal of Consumer Research,Content-Analysis Research: An Examination of Applications with Directives for Improving Research Reliability and Objectivity,https://openalex.org/W2035040004,https://doi.org/10.1086/209256,1991,article,1446
Journal of Consumer Research,Time-inconsistent Preferences and Consumer Self-Control,https://openalex.org/W2151467062,https://doi.org/10.1086/208573,1991,article,1345
Journal of Consumer Research,Evaluation of Brand Extensions: The Role of Product Feature Similarity and Brand Concept Consistency,https://openalex.org/W2063169022,https://doi.org/10.1086/209251,1991,article,1270
Journal of Consumer Research,Does Cultural Capital Structure American Consumption?,https://openalex.org/W2104901137,https://doi.org/10.1086/209523,1998,article,1229
Journal of Consumer Research,"Paradoxes of Technology: Consumer Cognizance, Emotions, and Coping Strategies",https://openalex.org/W2104093905,https://doi.org/10.1086/209531,1998,article,1196
Journal of Consumer Research,Perceived Control and the Effects of Crowding and Consumer Choice on the Service Experience,https://openalex.org/W2017207314,https://doi.org/10.1086/209250,1991,article,1155
Journal of Consumer Research,Donations to Charity as Purchase Incentives: How Well They Work May Depend on What You Are Trying to Sell,https://openalex.org/W3121995858,https://doi.org/10.1086/209519,1998,article,1132
Journal of Consumer Research,An Exploration of High-Risk Leisure Consumption Through Skydiving,https://openalex.org/W2051021722,https://doi.org/10.1086/209330,1993,article,1100
Journal of Consumer Research,An Evaluation Cost Model of Consideration Sets,https://openalex.org/W2093507294,https://doi.org/10.1086/209225,1990,article,1039
Journal of Consumer Research,Valuing Things: The Public and Private Meanings of Possessions,https://openalex.org/W1983783948,https://doi.org/10.1086/209414,1994,article,1027
Journal of Consumer Research,Antecedents and Consequences of Attitude Toward the Ad: A Meta-Analysis,https://openalex.org/W2040945568,https://doi.org/10.1086/209284,1992,article,981
Journal of Consumer Research,Consumer Preference for a No‐Choice Option,https://openalex.org/W2092973486,https://doi.org/10.1086/209506,1997,article,954
Journal of Consumer Research,Social Comparison and the Idealized Images of Advertising,https://openalex.org/W2088042613,https://doi.org/10.1086/209242,1991,article,944
Journal of Consumer Research,A Consumer-Side Experimental Examination of Signaling Theory: Do Consumers Perceive Warranties as Signals of Quality?,https://openalex.org/W2011659350,https://doi.org/10.1086/209337,1993,article,922
Journal of Consumer Research,"Effects of Brand Awareness on Choice for a Common, Repeat-Purchase Product",https://openalex.org/W2075318833,https://doi.org/10.1086/208544,1990,article,918
Journal of Consumer Research,A Clinical Screener for Compulsive Buying,https://openalex.org/W1992426653,https://doi.org/10.1086/209315,1992,article,917
Journal of Consumer Research,Recall and Consumer Consideration Sets: Influencing Choice without Altering Brand Evaluations,https://openalex.org/W2087764343,https://doi.org/10.1086/208556,1990,article,915
Journal of Consumer Research,Special Possessions and the Expression of Material Values,https://openalex.org/W2071028072,https://doi.org/10.1086/209415,1994,article,897
Journal of Consumer Research,The Influence of Familial and Peer-Based Reference Groups on Consumer Decisions,https://openalex.org/W2093598301,https://doi.org/10.1086/209296,1992,article,889
Journal of Consumer Research,"Representativeness, Relevance, and the Use of Feelings in Decision Making",https://openalex.org/W2116442885,https://doi.org/10.1086/209532,1998,article,833
Journal of Consumer Research,Speaking of Fashion: Consumers' Uses of Fashion Discourses and the Appropriation of Countervailing Cultural Meanings,https://openalex.org/W2070232523,https://doi.org/10.1086/209491,1997,article,809
Journal of Consumer Research,Consumer Information Search Revisited: Theory and Empirical Analysis,https://openalex.org/W2147878059,https://doi.org/10.1086/209482,1997,article,788
Journal of Consumer Research,Trying to Consume,https://openalex.org/W2054643262,https://doi.org/10.1086/208543,1990,article,775
Journal of Consumer Research,Country of Origin as a Stereotype: Effects of Consumer Expertise and Attribute Strength on Product Evaluations,https://openalex.org/W2061695977,https://doi.org/10.1086/209403,1994,article,769
Journal of Consumer Research,The Influence of Anticipating Regret and Responsibility on Purchase Decisions,https://openalex.org/W1972476260,https://doi.org/10.1086/209290,1992,article,763
Journal of Consumer Research,Consumer Knowledge Assessment,https://openalex.org/W1983937657,https://doi.org/10.1086/209383,1994,article,761
Journal of Consumer Research,Selves in Transition: Symbolic Consumption in Personal Rites of Passage and Identity Reconstruction,https://openalex.org/W2045612894,https://doi.org/10.1086/208567,1991,article,756
Journal of Consumer Research,Exploring Differences in Males' and Females' Processing Strategies,https://openalex.org/W2055615069,https://doi.org/10.1086/209241,1991,article,749
Journal of Consumer Research,Images in Advertising: The Need for a Theory of Visual Rhetoric,https://openalex.org/W1964140767,https://doi.org/10.1086/209396,1994,article,748
Journal of Consumer Research,Atravesando Fronteras/Border Crossings: A Critical Ethnographic Exploration of the Consumer Acculturation of Mexican Immigrants,https://openalex.org/W2171464071,https://doi.org/10.1086/209381,1994,article,748
Journal of Consumer Research,The Moderating Effects of Message Framing and Source Credibility on the Price-Perceived Risk Relationship,https://openalex.org/W2119992555,https://doi.org/10.1086/209388,1994,article,736
Journal of Consumer Research,Mental Budgeting and Consumer Decisions,https://openalex.org/W2023096695,https://doi.org/10.1086/209465,1996,article,720
Journal of Consumer Research,"How is a Possession ""Me"" or ""Not Me""? Characterizing Types and an Antecedent of Material Possession Attachment",https://openalex.org/W2029337986,https://doi.org/10.1086/209454,1995,article,720
Journal of Consumer Research,Poststructuralist Lifestyle Analysis: Conceptualizing the Social Patterning of Consumption in Postmodernity,https://openalex.org/W2026496267,https://doi.org/10.1086/209487,1997,article,713
Journal of Consumer Research,Multitrait-Multimethod Matrices in Consumer Research,https://openalex.org/W2059851708,https://doi.org/10.1086/208568,1991,article,678
Journal of Consumer Research,The Role of Optimum Stimulation Level in Exploratory Consumer Behavior,https://openalex.org/W2128888925,https://doi.org/10.1086/209313,1992,article,669
Journal of Consumer Research,Nostalgia and Consumption Preferences: Some Emerging Patterns of Consumer Tastes,https://openalex.org/W1966423442,https://doi.org/10.1086/209346,1993,article,660
Journal of Consumer Research,Choosing to Avoid: Coping with Negatively Emotion‐Laden Consumer Decisions,https://openalex.org/W1984696843,https://doi.org/10.1086/209518,1998,article,649
Journal of Consumer Research,Gift Giving as Agapic Love: An Alternative to the Exchange Paradigm Based on Dating Experiences,https://openalex.org/W2130154988,https://doi.org/10.1086/209357,1993,article,648
Journal of Consumer Research,Figures of Rhetoric in Advertising Language,https://openalex.org/W2041785371,https://doi.org/10.1086/209459,1996,article,643
Journal of Consumer Research,The Role of Expectancy and Relevancy in Memory for Verbal and Visual Information: What is Incongruency?,https://openalex.org/W2085187045,https://doi.org/10.1086/209275,1992,article,642
Journal of Consumer Research,A Sociocultural Analysis of a Midwestern American Flea Market,https://openalex.org/W2169953612,https://doi.org/10.1086/208533,1990,article,634
Journal of Consumer Research,The Mountain Man Myth: A Contemporary Consuming Fantasy,https://openalex.org/W2151787160,https://doi.org/10.1086/209536,1998,article,629
Journal of Consumer Research,"The Influence of Positive Affect on Variety Seeking Among Safe, Enjoyable Products",https://openalex.org/W2009752962,https://doi.org/10.1086/209347,1993,article,627
Journal of Consumer Research,More Than a Labor of Love: Gender Roles and Christmas Gift Shopping,https://openalex.org/W2107576483,https://doi.org/10.1086/208561,1990,article,611
Journal of Consumer Research,"Understanding the Socialized Body: A Poststructuralist Analysis of Consumers' Self-Conceptions, Body Images, and Self-Care Practices",https://openalex.org/W2169121017,https://doi.org/10.1086/209441,1995,article,602
Journal of Consumer Research,"Visual Rhetoric in Advertising: Text‐Interpretive, Experimental, and Reader‐Response Analyses",https://openalex.org/W2136154044,https://doi.org/10.1086/209549,1999,article,600
Journal of Consumer Research,The Influence of Unity and Prototypicality on Aesthetic Responses to New Product Designs,https://openalex.org/W2023860888,https://doi.org/10.1086/209516,1998,article,594
Journal of Consumer Research,An Empirical Test of a Model of External Search for Automobiles,https://openalex.org/W2053725367,https://doi.org/10.1086/209255,1991,article,579
Journal of Consumer Research,Adolescent Skepticism toward TV Advertising and Knowledge of Advertiser Tactics,https://openalex.org/W2030519814,https://doi.org/10.1086/209390,1994,article,578
Journal of Consumer Research,Rational and Adaptive Performance Expectations in a Customer Satisfaction Framework,https://openalex.org/W2054095862,https://doi.org/10.1086/209428,1995,article,575
Journal of Consumer Research,A Meaning-Based Model of Advertising Experiences,https://openalex.org/W2113627987,https://doi.org/10.1086/209305,1992,article,569
Journal of Consumer Research,Caution in the Use of Difference Scores in Consumer Research,https://openalex.org/W2088981131,https://doi.org/10.1086/209329,1993,article,563
Journal of Consumer Research,Choosing Less‐Preferred Experiences For the Sake of Variety,https://openalex.org/W2136114378,https://doi.org/10.1086/209547,1999,article,561
Journal of Consumer Research,The Consciousness of Addiction: Toward a General Theory of Compulsive Consumption,https://openalex.org/W2077561391,https://doi.org/10.1086/209294,1992,article,557
Journal of Consumer Research,Lifestyle of the Tight and Frugal: Theory and Measurement,https://openalex.org/W2018417524,https://doi.org/10.1086/209552,1999,article,553
Journal of Consumer Research,"""We Gather Together"": Consumption Rituals of Thanksgiving Day",https://openalex.org/W2036003098,https://doi.org/10.1086/209237,1991,article,549
Journal of Consumer Research,A Model of Consumers' Preventive Health Behaviors: The Role of Health Motivation and Health Ability,https://openalex.org/W2034799696,https://doi.org/10.1086/209344,1993,article,548
Journal of Consumer Research,Empathy Versus Pride: the Influence of Emotional Appeals Across Cultures,https://openalex.org/W3122723699,https://doi.org/10.1086/209537,1998,article,543
Journal of Consumer Research,"Artifacts, Identity, and Transition: Favorite Possessions of Indians and Indian Immigrants to the United States",https://openalex.org/W2010133116,https://doi.org/10.1086/208566,1991,article,537
Journal of Consumer Research,"Consumer Responses to Advertising: The Effects of Ad Content, Emotions, and Attitude toward the Ad on Viewing Time",https://openalex.org/W1997472652,https://doi.org/10.1086/208569,1991,article,534
Journal of Consumer Research,The Effect of Cultural Orientation on Persuasion,https://openalex.org/W3124696400,https://doi.org/10.1086/209513,1997,article,529
Journal of Consumer Research,Trying to Be Cosmopolitan,https://openalex.org/W1992213008,https://doi.org/10.1086/209560,1999,article,523
Journal of Consumer Research,Caring Consumers: Gendered Consumption Meanings and the Juggling Lifestyle,https://openalex.org/W1999378938,https://doi.org/10.1086/209457,1996,article,522
Journal of Consumer Research,"Family Structure, Materialism, and Compulsive Consumption",https://openalex.org/W1998302363,https://doi.org/10.1086/209486,1997,article,521
Journal of Consumer Research,Waiting Time and Decision Making: Is Time like Money?,https://openalex.org/W2040879596,https://doi.org/10.1086/209439,1995,article,510
Journal of Consumer Research,The Role of Mood in Advertising Effectiveness,https://openalex.org/W2024050010,https://doi.org/10.1086/208550,1990,article,501
Journal of Consumer Research,Self-Gifts: Phenomenological Insights from Four Contexts,https://openalex.org/W1974326852,https://doi.org/10.1086/208560,1990,article,495
Journal of Consumer Research,Autodriving: A Photoelicitation Technique,https://openalex.org/W2001085716,https://doi.org/10.1086/209258,1991,article,495
Journal of Consumer Research,The Lived Meaning of Free Choice: An Existential-Phenomenological Description of Everyday Consumer Experiences of Contemporary Married Women,https://openalex.org/W2071141048,https://doi.org/10.1086/208562,1990,article,486
Journal of Consumer Research,Promotion Signal: Proxy for a Price Cut?,https://openalex.org/W2003350772,https://doi.org/10.1086/208538,1990,article,480
Journal of Consumer Research,The Influence of Display Characteristics on Visual Exploratory Search Behavior,https://openalex.org/W2131069089,https://doi.org/10.1086/209540,1998,article,478
Journal of Consumer Research,Adolescent Influence in Family Decision Making: A Replication with Extension,https://openalex.org/W2066627267,https://doi.org/10.1086/209401,1994,article,471
Journal of Consumer Research,Consumer Skepticism of Advertising Claims: Testing Hypotheses from Economics of Information,https://openalex.org/W2153194202,https://doi.org/10.1086/209228,1990,article,469
Journal of Consumer Research,A Comparative Analysis of Reference Price Models,https://openalex.org/W2029864946,https://doi.org/10.1086/209505,1997,article,465
Journal of Consumer Research,Are Studies of Dark Side Variables Confounded by Socially Desirable Responding? The Case of Materialism,https://openalex.org/W2131846293,https://doi.org/10.1086/209470,1996,article,464
Journal of Consumer Research,"The Effects of Mood, Involvement, and Quality of Store Experience on Shopping Intentions",https://openalex.org/W2043480426,https://doi.org/10.1086/209348,1993,article,460
Journal of Consumer Research,Alternative Approaches to Understanding the Determinants of Typicality,https://openalex.org/W2044942763,https://doi.org/10.1086/208542,1990,article,459
Journal of Consumer Research,Preattentive Mere Exposure Effects,https://openalex.org/W2017454365,https://doi.org/10.1086/209356,1993,article,451
Journal of Consumer Research,The Spoken and the Unspoken: A Hermeneutic Approach to Understanding the Cultural Viewpoints That Underlie Consumers' Expressed Meanings,https://openalex.org/W2030791747,https://doi.org/10.1086/209409,1994,article,450
Journal of Consumer Research,The Differential Role of Characteristics of Music on High- and Low- Involvement Consumers' Processing of Ads,https://openalex.org/W2041385527,https://doi.org/10.1086/209249,1991,article,449
Journal of Consumer Research,Hermeneutics and Consumer Research,https://openalex.org/W2127446751,https://doi.org/10.1086/209382,1994,article,443
Journal of Consumer Research,The Effects of Multiple Product Endorsements by Celebrities on Consumers' Attitudes and Intentions,https://openalex.org/W1982903403,https://doi.org/10.1086/209368,1994,article,439
Journal of Consumer Research,Attention to Social Comparison Information: An Individual Difference Factor Affecting Consumer Conformity,https://openalex.org/W2009865666,https://doi.org/10.1086/209231,1990,article,437
Journal of Consumer Research,The Effects of Advertiser Reputation and Extremity of Advertising Claim on Advertising Effectiveness,https://openalex.org/W2027525432,https://doi.org/10.1086/208547,1990,article,436
Journal of Consumer Research,The Effect of Time Pressure on Consumer Choice Deferral,https://openalex.org/W2013343894,https://doi.org/10.1086/209545,1999,article,434
Journal of Consumer Research,An Empirical Analysis of Latitude of Price Acceptance in Consumer Package Goods,https://openalex.org/W1991484504,https://doi.org/10.1086/209407,1994,article,433
Journal of Consumer Research,State versus Action Orientation and the Theory of Reasoned Action: An Application to Coupon Usage,https://openalex.org/W2091718569,https://doi.org/10.1086/209277,1992,article,433
Journal of Consumer Research,An Empirical Analysis of Internal and External Reference Prices Using Scanner Data,https://openalex.org/W2042159725,https://doi.org/10.1086/209286,1992,article,427
Journal of Consumer Research,Does Measuring Intent Change Behavior?,https://openalex.org/W3124447602,https://doi.org/10.1086/209332,1993,article,423
Journal of Consumer Research,"Structure, Cooperation, and the Flow of Market Information",https://openalex.org/W2050669421,https://doi.org/10.1086/209355,1993,article,418
Journal of Consumer Research,The Effect of Ownership History on the Valuation of Objects,https://openalex.org/W3125176222,https://doi.org/10.1086/209539,1998,article,418
Journal of Consumer Research,The Assessment of Alternative Measures of Consumer Expertise,https://openalex.org/W2012227281,https://doi.org/10.1086/209479,1996,article,417
Journal of Consumer Research,Incorporating Choice into an Attitudinal Framework: Analyzing Models of Mental Comparison Processes,https://openalex.org/W2042399691,https://doi.org/10.1086/209385,1994,article,415
Journal of Consumer Research,On Resonance: A Critical Pluralistic Inquiry Into Advertising Rhetoric,https://openalex.org/W2083905551,https://doi.org/10.1086/209295,1992,article,409
Journal of Consumer Research,"Cognitive Effort, Affect, and Choice",https://openalex.org/W2136720336,https://doi.org/10.1086/209500,1997,article,409
Journal of Consumer Research,Value-System Segmentation: Exploring the Meaning of LOV,https://openalex.org/W3122446547,https://doi.org/10.1086/209291,1992,article,403
Journal of Consumer Research,There's Something in the Air: Effects of Congruent or Incongruent Ambient Odor on Consumer Decision Making,https://openalex.org/W2095214627,https://doi.org/10.1086/209447,1995,article,402
Journal of Consumer Research,Message Order Effects in Persuasion: An Attitude Strength Perspective,https://openalex.org/W2095637091,https://doi.org/10.1086/209393,1994,article,402
Journal of Consumer Research,Discovery-Oriented Consumer Research,https://openalex.org/W2006321785,https://doi.org/10.1086/209318,1993,article,401
Journal of Consumer Research,The Role of Television in the Construction of Consumer Reality,https://openalex.org/W2092078756,https://doi.org/10.1086/209483,1997,article,401
Journal of Consumer Research,Picture-Based Persuasion Processes and the Moderating Role of Involvement,https://openalex.org/W2004746405,https://doi.org/10.1086/209244,1991,article,400
Journal of Consumer Research,The Social Uses of Advertising: An Ethnographic Study of Adolescent Advertising Audiences,https://openalex.org/W2143145655,https://doi.org/10.1086/209562,1999,article,399
Journal of Consumer Research,Comparing Consumers' Recall of Prepurchase and Postpurchase Product Evaluation Experiences,https://openalex.org/W2015479644,https://doi.org/10.1086/209369,1994,article,388
Journal of Consumer Research,Framing the Deal: The Role of Restrictions in Accentuating Deal Value,https://openalex.org/W2103412488,https://doi.org/10.1086/209494,1997,article,388
Journal of Consumer Research,Reasons for Substantial Delay in Consumer Decision Making,https://openalex.org/W2146282314,https://doi.org/10.1086/209444,1995,article,388
Journal of Consumer Research,Purchasing Behavior in Embedded Markets,https://openalex.org/W2084065817,https://doi.org/10.1086/208532,1990,article,386
Journal of Consumer Research,Consumer Learning by Analogy: A Model of Internal Knowledge Transfer,https://openalex.org/W2064116686,https://doi.org/10.1086/209509,1997,article,379
Journal of Consumer Research,Low-Involvement Learning: Memory without Evaluation,https://openalex.org/W2138347732,https://doi.org/10.1086/209297,1992,article,377
Journal of Consumer Research,"The Effects of Knowledge, Motivation, and Type of Message on Ad Processing and Product Judgments",https://openalex.org/W2003685176,https://doi.org/10.1086/208537,1990,article,364
Journal of Consumer Research,The Bridge from Text to Mind: Adapting Reader-Response Theory to Consumer Research,https://openalex.org/W2082117102,https://doi.org/10.1086/209411,1994,article,364
Journal of Consumer Research,The Critical Imagination: Emancipatory Interests in Consumer Research,https://openalex.org/W2047209347,https://doi.org/10.1086/209247,1991,article,354
Journal of Consumer Research,The Consumption of Performance,https://openalex.org/W2063674320,https://doi.org/10.1086/209307,1992,article,353
Journal of Consumer Research,The Effect of Perceived Advertising Costs on Brand Perceptions,https://openalex.org/W2054905293,https://doi.org/10.1086/208546,1990,article,352
Journal of Consumer Research,Memory-Based Inferences during Consumer Choice,https://openalex.org/W2059340733,https://doi.org/10.1086/208539,1990,article,351
Journal of Consumer Research,Comprehension's Role in Persuasion: The Case of Its Moderating Effect on the Persuasive Impact of Source Cues,https://openalex.org/W2113221170,https://doi.org/10.1086/209240,1991,article,349
Journal of Consumer Research,The Effects of Stimulus and Consumer Characteristics on the Utilization of Nutrition Information,https://openalex.org/W2144853619,https://doi.org/10.1086/208563,1990,article,343
Journal of Consumer Research,The Impact of Context on Variety Seeking in Product Choices,https://openalex.org/W2055905484,https://doi.org/10.1086/209450,1995,article,364
Journal of Consumer Research,An Integrative Framework for Understanding Two-Sided Persuasion,https://openalex.org/W2085279657,https://doi.org/10.1086/209370,1994,article,358
Journal of Consumer Research,Introspection in Consumer Research: Implementation and Implications,https://openalex.org/W1987117721,https://doi.org/10.1086/209354,1993,article,349
Journal of Consumer Research,A Comparison of Attitudes and Emotions as Predictors of Behavior at Diverse Levels of Behavioral Experience,https://openalex.org/W2034479802,https://doi.org/10.1086/209276,1992,article,349
Journal of Consumer Research,Effects of Self-Referencing on Persuasion,https://openalex.org/W1968964128,https://doi.org/10.1086/209432,1995,article,348
Journal of Consumer Research,An Eye-Fixation Analysis of Choice Processes for Consumer Nondurables,https://openalex.org/W1981676546,https://doi.org/10.1086/209397,1994,article,348
Journal of Consumer Research,The Discounting of Discounts and Promotion Thresholds,https://openalex.org/W2003629494,https://doi.org/10.1086/209310,1992,article,347
Journal of Consumer Research,The Generation and Consequences of Communication-Evoked Imagery,https://openalex.org/W2060096009,https://doi.org/10.1086/209289,1992,article,347
Journal of Consumer Research,The Ecological Validity of Photographic Slides and Videotapes in Simulating the Service Setting,https://openalex.org/W1978258695,https://doi.org/10.1086/209301,1992,article,343
Journal of Consumer Research,Exploring More than 24 Hours a Day: A Preliminary Investigation of Polychronic Time Use,https://openalex.org/W2133203400,https://doi.org/10.1086/209268,1991,article,343
Journal of Consumer Research,Payment Depreciation: the Behavioral Effects of Temporally Separating Payments From Consumption,https://openalex.org/W2031538264,https://doi.org/10.1086/209533,1998,article,341
Journal of Consumer Research,The Effects of Recognition and Group Need on Volunteerism: A Social Norm Perspective,https://openalex.org/W2164092555,https://doi.org/10.1086/209538,1998,article,341
Journal of Consumer Research,Category-Based Applications and Extensions in Advertising: Motivating More Extensive Ad Processing,https://openalex.org/W1973780715,https://doi.org/10.1086/209335,1993,article,338
Journal of Consumer Research,A Range Theory Account of Price Perception,https://openalex.org/W2053830194,https://doi.org/10.1086/209544,1999,article,337
Journal of Consumer Research,Communication Effects of Advertising Versus Direct Experience When Both Search and Experience Attributes are Present,https://openalex.org/W2019436141,https://doi.org/10.1086/209429,1995,article,335
Journal of Consumer Research,Feminist Thought: Implications for Consumer Research,https://openalex.org/W2066241837,https://doi.org/10.1086/209320,1993,article,335
Journal of Consumer Research,The Effect of Prior Knowledge on Price Acceptability and the Type of Information Examined,https://openalex.org/W2059761071,https://doi.org/10.1086/209300,1992,article,333
Journal of Consumer Research,Culture Swapping: Consumption and the Ethnogenesis of Middle‐Class Haitian Immigrants,https://openalex.org/W2100168972,https://doi.org/10.1086/209541,1999,article,326
Journal of Consumer Research,Persuasion Knowledge: Lay People's and Researchers' Beliefs about the Psychology of Advertising,https://openalex.org/W1987402599,https://doi.org/10.1086/209435,1995,article,324
Journal of Consumer Research,The Role of Time in the Action of the Consumer,https://openalex.org/W1974658246,https://doi.org/10.1086/208558,1990,article,323
Journal of Consumer Research,Stalking the Amphisbaena,https://openalex.org/W2107860183,https://doi.org/10.1086/209475,1996,article,322
Journal of Consumer Research,Trait Aspects of Vanity: Measurement and Relevance to Consumer Behavior,https://openalex.org/W2096111613,https://doi.org/10.1086/209422,1995,article,319
Journal of Consumer Research,Gift Receipt and the Reformulation of Interpersonal Relationships,https://openalex.org/W2051439944,https://doi.org/10.1086/209546,1999,article,318
Journal of Consumer Research,Popular Appeal Versus Expert Judgments of Motion Pictures,https://openalex.org/W2084422199,https://doi.org/10.1086/209556,1999,article,318
Journal of Consumer Research,Toward an Understanding of Consumer Ambivalence,https://openalex.org/W1974230583,https://doi.org/10.1086/209495,1997,article,311
Journal of Consumer Research,Consumer Tipping: A Cross-Country Study,https://openalex.org/W2063859315,https://doi.org/10.1086/209363,1993,article,308
Journal of Consumer Research,The Moderating Role of Prior Knowledge in Schema-Based Product Evaluation,https://openalex.org/W2768493217,https://doi.org/10.1086/209476,1996,article,308
Journal of Consumer Research,Patterns of Rightmost Digits Used in Advertised Prices: Implications for Nine‐Ending Effects,https://openalex.org/W1996592409,https://doi.org/10.1086/209504,1997,article,305
Journal of Consumer Research,The Homeless in America: An Examination of Possessions and Consumption Behaviors,https://openalex.org/W2164544875,https://doi.org/10.1086/208559,1990,article,304
Journal of Consumer Research,"Brand Retrieval, Consideration Set Composition, Consumer Choice, and the Pioneering Advantage",https://openalex.org/W2104221741,https://doi.org/10.1086/209333,1993,article,303
Journal of Consumer Research,Increasing the Persuasiveness of Fear Appeals: The Effect of Arousal and Elaboration,https://openalex.org/W2135046682,https://doi.org/10.1086/209461,1996,article,300
Journal of Consumer Research,"Responses to Information Incongruency in Advertising: The Role of Expectancy, Relevancy, and Humor",https://openalex.org/W2142327262,https://doi.org/10.1086/209557,1999,article,296
Journal of Consumer Research,Assessing the Cross-National Applicability of Consumer Behavior Models: A Model of Attitude Toward Advertising in General,https://openalex.org/W2069468647,https://doi.org/10.1086/209327,1993,article,291
Journal of Consumer Research,The Effects of Incidental Ad Exposure on the Formation of Consideration Sets,https://openalex.org/W1989446738,https://doi.org/10.1086/209496,1997,article,289
Journal of Consumer Research,Understanding the Effects of Color: How the Correspondence between Available and Required Resources Affects Attitudes,https://openalex.org/W2076733806,https://doi.org/10.1086/209440,1995,article,289
Journal of Consumer Research,Pennies‐a‐Day: The Effect of Temporal Reframing on Transaction Evaluation,https://openalex.org/W2029136992,https://doi.org/10.1086/209517,1998,article,287
Journal of Consumer Research,"Household Life-Cycle Stages, Transitions, and Product Expenditures",https://openalex.org/W2086347540,https://doi.org/10.1086/209433,1995,article,286
Journal of Consumer Research,An Empirical Analysis of Price Endings with Scanner Data,https://openalex.org/W1993925496,https://doi.org/10.1086/209493,1997,article,285
Journal of Consumer Research,Vividness Effects: A Resource‐Matching Perspective,https://openalex.org/W2110879827,https://doi.org/10.1086/209511,1997,article,285
Journal of Consumer Research,Determinants of Product Evaluation: Effects of the Time Interval between Knowledge of a Product's Country of Origin and Information about Its Specific Attributes,https://openalex.org/W2018079957,https://doi.org/10.1086/208557,1990,article,282
Journal of Consumer Research,Effect-Size Estimates: Issues and Problems in Interpretation,https://openalex.org/W2046242095,https://doi.org/10.1086/209469,1996,article,281
Journal of Consumer Research,Consumers and Their Animal Companions,https://openalex.org/W2035082539,https://doi.org/10.1086/209374,1994,article,280
Journal of Consumer Research,"Homeless Women, Special Possessions, and the Meaning of ""Home"": An Ethnographic Case Study",https://openalex.org/W2139962124,https://doi.org/10.1086/209261,1991,article,280
Journal of Consumer Research,Asymmetric Response to Price in Consumer Brand Choice and Purchase Quantity Decisions,https://openalex.org/W2066482158,https://doi.org/10.1086/209309,1992,article,277
Journal of Consumer Research,Will Products Look More Attractive When Presented Separately Or Together?,https://openalex.org/W3122281805,https://doi.org/10.1086/209534,1998,article,276
Journal of Consumer Research,"The Role of Direction of Comparison, Attribute‐Based Processing, and Attitude‐Based Processing in Consumer Preference",https://openalex.org/W1964522283,https://doi.org/10.1086/209543,1999,article,274
Journal of Consumer Research,Tactile Stimulation and Consumer Response,https://openalex.org/W2106611175,https://doi.org/10.1086/209314,1992,article,274
Journal of Consumer Research,Value Segmentation: A Model for the Measurement of Values and Value Systems,https://openalex.org/W3123795997,https://doi.org/10.1086/209253,1991,article,272
Journal of Consumer Research,When an Ad'S Influence Is Beyond Our Conscious Control: Perceptual and Conceptual Fluency Effects Caused By Incidental Ad Exposure,https://openalex.org/W2108473067,https://doi.org/10.1086/209548,1999,article,271
Journal of Consumer Research,How Does Motivation Moderate the Impact of Central and Peripheral Processing on Brand Attitudes and Intentions?,https://openalex.org/W2074394478,https://doi.org/10.1086/209278,1992,article,269
Journal of Consumer Research,Age Differences in Consumers' Search for Information: Public Policy Implications,https://openalex.org/W2046472251,https://doi.org/10.1086/209341,1993,article,268
Journal of Consumer Research,"The Effects of Comparative Advertising on Attention, Memory, and Purchase Intentions",https://openalex.org/W2112818633,https://doi.org/10.1086/208548,1990,article,267
Journal of Consumer Research,The Effects of Contextual Priming in Print Advertisements,https://openalex.org/W1989521938,https://doi.org/10.1086/208551,1990,article,266
Journal of Consumer Research,An Investigation into the Social Context of Early Adoption Behavior,https://openalex.org/W3121515601,https://doi.org/10.1086/209317,1992,article,266
Journal of Consumer Research,Visual Attention to Advertising: A Segment‐Level Analysis,https://openalex.org/W2140885904,https://doi.org/10.1086/209512,1997,article,265
Journal of Consumer Research,How Buyers Evaluate Product Bundles: A Model of Anchoring and Adjustment,https://openalex.org/W4242467757,https://doi.org/10.1086/209402,1994,article,265
Journal of Consumer Research,The Effects of Positive Mood on Memory,https://openalex.org/W2091078977,https://doi.org/10.1086/209554,1999,article,262
Journal of Consumer Research,Some Effects of Schematic Processing on Consumer Expectations and Disconfirmation Judgments,https://openalex.org/W2167611930,https://doi.org/10.1086/209299,1992,article,257
Journal of Consumer Research,Product Category Familiarity and Preference Construction,https://openalex.org/W2049993766,https://doi.org/10.1086/209521,1998,article,255
Journal of Consumer Research,A Study of Information Search Behavior During the Categorization of New Products,https://openalex.org/W2040772791,https://doi.org/10.1086/209273,1992,article,254
Journal of Consumer Research,A Program of Classical Conditioning Experiments Testing Variations in the Conditioned Stimulus and Context,https://openalex.org/W1974350996,https://doi.org/10.1086/209236,1991,article,252
Journal of Consumer Research,Comparing Dynamic Consumer Choice in Real and Computer-Simulated Environments,https://openalex.org/W2106333029,https://doi.org/10.1086/209287,1992,article,250
Journal of Consumer Research,Adolescent‐Parent Interaction in Family Decision Making,https://openalex.org/W2046454461,https://doi.org/10.1086/209501,1997,article,247
Journal of Consumer Research,Contrast Effects in Consumer Judgments: Changes in Mental Representations or in the Anchoring of Rating Scales?,https://openalex.org/W1979098380,https://doi.org/10.1086/209260,1991,article,246
Journal of Consumer Research,The Intellectual Structure of Consumer Research: A Bibliometric Study of Author Cocitations in the First 15 Years of the Journal of Consumer Research,https://openalex.org/W2068367148,https://doi.org/10.1086/209319,1993,article,243
Journal of Consumer Research,Marketing and Seduction: Building Exchange Relationships by Managing Social Consensus,https://openalex.org/W2065547032,https://doi.org/10.1086/209426,1995,article,241
Journal of Consumer Research,Goal-Oriented Experiences and the Development of Knowledge,https://openalex.org/W2167063440,https://doi.org/10.1086/209343,1993,article,241
Journal of Consumer Research,Two Forms of Compulsive Consumption: Comorbidity of Compulsive Buying and Binge Eating,https://openalex.org/W2018147165,https://doi.org/10.1086/209451,1995,article,240
Journal of Consumer Research,The Influence of Purchase Quantity and Display Format on Consumer Preference for Variety,https://openalex.org/W2026328498,https://doi.org/10.1086/209292,1992,article,238
Journal of Consumer Research,A Longitudinal Study of Product Form Innovation: The Interaction between Predispositions and Social Messages,https://openalex.org/W2059641860,https://doi.org/10.1086/209326,1993,article,238
Journal of Consumer Research,Asymmetric Decoy Effects on Lower-Quality Versus Higher-Quality Brands: Meta-Analytic and Experimental Evidence,https://openalex.org/W2109020490,https://doi.org/10.1086/209449,1995,article,234
Journal of Consumer Research,Exploring Language Effects in Ethnic Advertising: A Sociolinguistic Perspective,https://openalex.org/W2020856697,https://doi.org/10.1086/209371,1994,article,233
Journal of Consumer Research,The Effects of Television Consumption on Social Perceptions: The Use of Priming Procedures to Investigate Psychological Processes,https://openalex.org/W2164214135,https://doi.org/10.1086/209520,1998,article,232
Journal of Consumer Research,Understanding Jingles and Needledrop: A Rhetorical Approach to Music in Advertising,https://openalex.org/W1970826842,https://doi.org/10.1086/208552,1990,article,228
Journal of Consumer Research,Consumer Myths: Frye's Taxonomy and the Structural Analysis of Consumption Text,https://openalex.org/W2008663432,https://doi.org/10.1086/209443,1995,article,227
Journal of Consumer Research,Communicating Price Information through Semantic Cues: The Moderating Effects of Situation and Discount Size,https://openalex.org/W1994840692,https://doi.org/10.1086/209473,1996,article,226
Journal of Consumer Research,Postexperience Advertising Effects on Consumer Memory,https://openalex.org/W2123496781,https://doi.org/10.1086/209542,1999,article,226
Journal of Consumer Research,"Ideology in Consumer Research, 1980 and 1990: A Marxist and Feminist Critique",https://openalex.org/W1997998236,https://doi.org/10.1086/209321,1993,article,225
Journal of Consumer Research,Behavioral Frequency Judgments: An Accessibility-Diagnosticity Framework,https://openalex.org/W2032255348,https://doi.org/10.1086/209446,1995,article,225
Journal of Consumer Research,Factors Affecting the Impact of Negatively and Positively Framed Ad Messages,https://openalex.org/W1998799491,https://doi.org/10.1086/209510,1997,article,222
Journal of Consumer Research,Gift Selection for Easy and Difficult Recipients: A Social Roles Interpretation,https://openalex.org/W2152444219,https://doi.org/10.1086/209345,1993,article,222
Journal of Consumer Research,"The Influence of Prior Beliefs, Frequency Cues, and Magnitude Cues on Consumers' Perceptions of Comparative Price Data",https://openalex.org/W2152892287,https://doi.org/10.1086/209394,1994,article,219
Journal of Consumer Research,The Effect of Discount Frequency and Depth on Consumer Price Judgments,https://openalex.org/W2068367937,https://doi.org/10.1086/209553,1999,article,218
Journal of Consumer Research,The Use of Comparative Advertising for Brand Positioning: Association Versus Differentiation,https://openalex.org/W2127524002,https://doi.org/10.1086/209248,1991,article,218
Journal of Consumer Research,The Role of Consumers' Intuitions in Inference Making,https://openalex.org/W2045526782,https://doi.org/10.1086/209406,1994,article,215
Journal of Consumer Research,Mental Accounting and Changes in Price: The Frame Dependence of Reference Dependence,https://openalex.org/W2095741646,https://doi.org/10.1086/209437,1995,article,212
Journal of Consumer Research,Language and Consumer Memory: The Impact of Linguistic Differences between Chinese and English,https://openalex.org/W1968131083,https://doi.org/10.1086/209408,1994,article,211
Journal of Consumer Research,The Value of Time Spent in Price-Comparison Shopping: Survey and Experimental Evidence,https://openalex.org/W2054543289,https://doi.org/10.1086/209285,1992,article,211
Journal of Consumer Research,Goal-Derived Categories and the Antecedents of Across-Category Consideration,https://openalex.org/W2101850830,https://doi.org/10.1086/209480,1996,article,211
Journal of Consumer Research,The Formation of Expected Future Price: A Reference Price for Forward- Looking Consumers,https://openalex.org/W1982344316,https://doi.org/10.1086/209227,1990,article,210
Journal of Consumer Research,Toward a Reconciliation of Market Power and Information Theories of Advertising Effects on Price Elasticity,https://openalex.org/W2016649903,https://doi.org/10.1086/209425,1995,article,210
Journal of Consumer Research,Age Differences in Consumers' Processing Strategies: An Investigation of Moderating Influences,https://openalex.org/W2125262049,https://doi.org/10.1086/209514,1997,article,210
Journal of Consumer Research,Positivism and Paradigm Dominance in Consumer Research: Toward Critical Pluralism and Rapprochement,https://openalex.org/W2065347876,https://doi.org/10.1086/209238,1991,article,209
Journal of Consumer Research,Copywriters' Implicit Theories of Communication: An Exploration,https://openalex.org/W2046742868,https://doi.org/10.1086/209421,1995,article,208
Journal of Consumer Research,The Effect of Semantic Cues on Consumer Perceptions of Reference Price Ads,https://openalex.org/W1970030525,https://doi.org/10.1086/209267,1991,article,203
Journal of Consumer Research,When Consumer Behavior Goes Bad: An Investigation of Adolescent Shoplifting,https://openalex.org/W2098855949,https://doi.org/10.1086/208545,1990,article,203
Journal of Consumer Research,Assessing the Domain Specificity of Deal Proneness: A Field Study,https://openalex.org/W1996515966,https://doi.org/10.1086/209453,1995,article,198
Journal of Consumer Research,Ignoring Irrelevant Information: Situational Determinants of Consumer Learning,https://openalex.org/W2060563708,https://doi.org/10.1086/209263,1991,article,198
Journal of Consumer Research,A Structural Modeling Approach to the Measurement and Meaning of Cognitive Age,https://openalex.org/W2154744197,https://doi.org/10.1086/209303,1992,article,198
Journal of Consumer Research,Predicting the Effectiveness of Different Strategies of Advertising Variation: A Test of the Repetition-Variation Hypotheses,https://openalex.org/W2169099969,https://doi.org/10.1086/208549,1990,article,197
Journal of Consumer Research,Moderators of the Impact of Self-Reference on Persuasion,https://openalex.org/W1979861175,https://doi.org/10.1086/209458,1996,article,195
Journal of Consumer Research,Feminist Literary Criticism and the Deconstruction of Ads: A Postmodern View of Advertising and Consumer Responses,https://openalex.org/W1991211775,https://doi.org/10.1086/209322,1993,article,195
Journal of Consumer Research,There Are Many Reasons to Drive a BMW: Does Imagined Ease of Argument Generation Influence Attitudes?,https://openalex.org/W2172283257,https://doi.org/10.1086/209502,1997,article,195
Journal of Consumer Research,All Cues are not Created Equal: Obtaining Attitude Persistence under Low- Involvement Conditions,https://openalex.org/W2036382935,https://doi.org/10.1086/209488,1997,article,194
Journal of Consumer Research,Integrating Multiple Opinions: the Role of Aspiration Level on Consumer Response to Critic Consensus,https://openalex.org/W2132163478,https://doi.org/10.1086/209525,1998,article,194
Journal of Consumer Research,"Levels of Subjective Comprehension in Advertising Processing and Their Relations to Ad Perceptions, Attitudes, and Memory",https://openalex.org/W1990396874,https://doi.org/10.1086/209270,1992,article,193
Journal of Consumer Research,"The Self-Manipulation of My Pervasive, Perceived Vital Energy through Product Use: An Introspective-Praxis Perspective",https://openalex.org/W2002688569,https://doi.org/10.1086/209252,1991,article,192
Journal of Consumer Research,Price Premium Variations as a Consequence of Buyers' Lack of Information,https://openalex.org/W2009401769,https://doi.org/10.1086/209311,1992,article,192
Journal of Consumer Research,How Ambiguous Cropped Objects in Ad Photos can Affect Product Evaluations,https://openalex.org/W2050019396,https://doi.org/10.1086/209392,1994,article,192
Journal of Consumer Research,Memory and Evaluation Effects in Competitive Advertising Environments,https://openalex.org/W2041435580,https://doi.org/10.1086/208571,1991,article,184
Journal of Consumer Research,On Comparing Alternative Segmentation Schemes: The List of Values (LOV) and Values and Life Styles (VALS),https://openalex.org/W2163468862,https://doi.org/10.1086/208541,1990,article,182
Journal of Consumer Research,Inference Effects without Inference Making? Effects of Missing Information on Discounting and Use of Presented Information,https://openalex.org/W1983601820,https://doi.org/10.1086/208572,1991,article,180
Journal of Consumer Research,Moving Possessions: An Analysis Based on Personal Documents from the 1847-1869 Mormon Migration,https://openalex.org/W2063828548,https://doi.org/10.1086/209306,1992,article,180
Journal of Consumer Research,"Market Price Variation, Perceived Price Variation, and Consumers' Price Search Decisions for Durable Goods",https://openalex.org/W1974644471,https://doi.org/10.1086/209410,1994,article,177
Journal of Consumer Research,"Classical and Vignette Television Advertising Dramas: Structural Models, Formal Analysis, and Consumer Effects",https://openalex.org/W2171401743,https://doi.org/10.1086/209373,1994,article,175
Journal of Consumer Research,Feeling and Liking Responses to Television Programs: An Examination of Two Explanations for Media-Context Effects,https://openalex.org/W2157626258,https://doi.org/10.1086/209272,1992,article,172
Journal of Consumer Research,Secular Immortality and the American Ideology of Affluence,https://openalex.org/W1990881660,https://doi.org/10.1086/208534,1990,article,164
Journal of Consumer Research,Sociocognitive Analysis of Group Decision Making among Consumers,https://openalex.org/W1991681493,https://doi.org/10.1086/208555,1990,article,164
Journal of Consumer Research,"Researcher Introspection as a Method in Consumer Research: Applications, Issues, and Implications",https://openalex.org/W2022010268,https://doi.org/10.1086/209430,1995,article,176
Journal of Consumer Research,Trend Effects and Gender Differences in Retrospective Judgments of Consumption Emotions,https://openalex.org/W1967320745,https://doi.org/10.1086/209474,1996,article,175
Journal of Consumer Research,The Effect of Measuring Intent on Brand-Level Purchase Behavior,https://openalex.org/W2069206247,https://doi.org/10.1086/209462,1996,article,175
Journal of Consumer Research,"Aids and Me, Never the Twain Shall Meet: the Effects of Information Accessibility on Judgments of Risk and Advertising Effectiveness",https://openalex.org/W2021942454,https://doi.org/10.1086/209526,1998,article,173
Journal of Consumer Research,"Characteristic, Beneficial, and Image Attributes in Consumer Judgments of Similarity and Preference",https://openalex.org/W2118705316,https://doi.org/10.1086/209336,1993,article,170
Journal of Consumer Research,Advertising Repetition and Variation Strategies: Implications for Understanding Attitude Strength,https://openalex.org/W1984655087,https://doi.org/10.1086/209391,1994,article,168
Journal of Consumer Research,A Rational Reconstruction of the Compromise Effect: Using Market Data to Infer Utilities,https://openalex.org/W2034911338,https://doi.org/10.1086/209423,1995,article,167
Journal of Consumer Research,Evaluating Persuasion‐Enhancing Techniques from a Resource‐Matching Perspective,https://openalex.org/W2006704806,https://doi.org/10.1086/209503,1997,article,165
Journal of Consumer Research,Context Effects at Encoding and Judgment in Consumption Settings: The Role of Cognitive Resources,https://openalex.org/W1967436996,https://doi.org/10.1086/209490,1997,article,163
Journal of Consumer Research,The Effects of Accessibility of Information in Memory on Judgments of Behavioral Frequencies,https://openalex.org/W2013003852,https://doi.org/10.1086/209359,1993,article,162
Journal of Consumer Research,"Consumer Memory for Television Advertising: A Field Study of Duration, Serial Position, and Competition Effects",https://openalex.org/W2156629721,https://doi.org/10.1086/209489,1997,article,162
Journal of Consumer Research,The Effect of Common and Unique Features in Consumer Choice,https://openalex.org/W1995452257,https://doi.org/10.1086/209477,1996,article,160
Journal of Consumer Research,"An Exploratory Study of the Responses and Relationships Involved in the Evaluation of, and in the Intention to Purchase New Rock Music",https://openalex.org/W1976572794,https://doi.org/10.1086/209404,1994,article,159
Journal of Consumer Research,Consumption Vocabulary and Preference Formation,https://openalex.org/W2051000470,https://doi.org/10.1086/209471,1996,article,158
Journal of Consumer Research,The Effects of Antismoking and Cigarette Advertising on Young Adolescents' Perceptions of Peers Who Smoke,https://openalex.org/W2041383209,https://doi.org/10.1086/209395,1994,article,156
Journal of Consumer Research,Assessing the Influence of Journal of Consumer Research: A Citation Analysis,https://openalex.org/W2066767830,https://doi.org/10.1086/209269,1991,article,156
Journal of Consumer Research,Cue Representation and Selection Effects of Arousal on Persuasion,https://openalex.org/W2020411709,https://doi.org/10.1086/209456,1996,article,153
Journal of Consumer Research,The Role of Inference in Context Effects: Inferring What You Want from What Is Available,https://openalex.org/W2032623556,https://doi.org/10.1086/209498,1997,article,153
Journal of Consumer Research,Effects of Hispanic Ethnic Identification on Marital Roles in the Purchase Decision Process,https://openalex.org/W2151607337,https://doi.org/10.1086/209400,1994,article,148
Journal of Consumer Research,The Influence of Print Advertisement Organization on Affect toward a Brand Name,https://openalex.org/W1966649309,https://doi.org/10.1086/208536,1990,article,146
Journal of Consumer Research,Affect Intensity: An Individual Difference Response to Advertising Appeals,https://openalex.org/W2020983842,https://doi.org/10.1086/209442,1995,article,144
Journal of Consumer Research,Consumer Normal Price Estimation: Market versus Personal Standards,https://openalex.org/W2117055091,https://doi.org/10.1086/209239,1991,article,144
Journal of Consumer Research,Comparison Effects on Preference Construction,https://openalex.org/W1982909608,https://doi.org/10.1086/209564,1999,article,142
Journal of Consumer Research,The Role of Labeling Processes in Elderly Consumers' Responses to Age Segmentation Cues,https://openalex.org/W2014397989,https://doi.org/10.1086/209366,1994,article,142
Journal of Consumer Research,Repetition‐Induced Belief in the Elderly: Rehabilitating Age‐Related Memory Deficits,https://openalex.org/W2080949286,https://doi.org/10.1086/209529,1998,article,142
Journal of Consumer Research,Historical Method in Consumer Research: Developing Causal Explanations of Change,https://openalex.org/W2106014578,https://doi.org/10.1086/209325,1993,article,133
Journal of Consumer Research,Capturing and Creating Public Opinion in Survey Research,https://openalex.org/W2126890981,https://doi.org/10.1086/209352,1993,article,133
Journal of Consumer Research,Consumer Multiattribute Judgments under Attribute-Weight Uncertainty,https://openalex.org/W1972216508,https://doi.org/10.1086/208574,1991,article,130
Journal of Consumer Research,A Critical Appraisal of Demand Artifacts in Consumer Research,https://openalex.org/W2035167977,https://doi.org/10.1086/209259,1991,article,129
Journal of Consumer Research,Determinants of Household Expenditures for Services,https://openalex.org/W2011271129,https://doi.org/10.1086/208565,1991,article,126
Journal of Consumer Research,The Influence of New Brand Entry on Subjective Brand Judgments,https://openalex.org/W2089791565,https://doi.org/10.1086/209334,1993,article,125
Journal of Consumer Research,Consumer Evaluations of Multiple Versus Single Price Change,https://openalex.org/W2058673962,https://doi.org/10.1086/209360,1993,article,124
Journal of Consumer Research,Restructuring: Constructive Processing of Information Displays in Consumer Choice,https://openalex.org/W2127700184,https://doi.org/10.1086/209384,1994,article,124
Journal of Consumer Research,Making Inferences About Missing Information: The Effects of Existing Information,https://openalex.org/W2015263234,https://doi.org/10.1086/209282,1992,article,123
Journal of Consumer Research,Alcoholic Beverage Warnings in Magazine and Television Advertisements,https://openalex.org/W2165814036,https://doi.org/10.1086/209340,1993,article,122
Journal of Consumer Research,Prediction of Consumer Behavior by Experts and Novices,https://openalex.org/W3124002015,https://doi.org/10.1086/209257,1991,article,116
Journal of Consumer Research,Retrospection Versus Anticipation: the Role of the Ad Under Retrospective and Anticipatory Self‐Referencing,https://openalex.org/W2056782407,https://doi.org/10.1086/209550,1999,article,129
Journal of Consumer Research,"Language Structure and Categorization: A Study of Classifiers in Consumer Cognition, Judgment, and Choice",https://openalex.org/W2064018034,https://doi.org/10.1086/209530,1998,article,121
Journal of Consumer Research,Preschoolers' Learning of Brand Names from Visual Cues,https://openalex.org/W1994244695,https://doi.org/10.1086/209481,1996,article,119
Journal of Consumer Research,Cognitive Moderators of Negative-Emotion Effects: Implications for Understanding Media Context,https://openalex.org/W2060209692,https://doi.org/10.1086/209460,1996,article,119
Journal of Consumer Research,The Role of Internal Reference Points in the Category Purchase Decision,https://openalex.org/W1981306160,https://doi.org/10.1086/209555,1999,article,118
Journal of Consumer Research,The Effect of Delay Type and Service Stage on Consumers' Reactions to Waiting,https://openalex.org/W1991227963,https://doi.org/10.1086/209522,1998,article,118
Journal of Consumer Research,Consumer Covariation Judgments: Theory or Data Driven?,https://openalex.org/W2067068108,https://doi.org/10.1086/209308,1992,article,116
Journal of Consumer Research,A Conceptual and Empirical Comparison of Alternative Household Life Cycle Models,https://openalex.org/W2066640031,https://doi.org/10.1086/209324,1993,article,113
Journal of Consumer Research,Memory-Based Product Judgments: Effects of Involvement at Encoding and Retrieval,https://openalex.org/W2036870469,https://doi.org/10.1086/209416,1994,article,110
Journal of Consumer Research,Microcultural Analysis of Variation in Sharing of Causal Reasoning about Behavior,https://openalex.org/W1988527815,https://doi.org/10.1086/209455,1996,article,109
Journal of Consumer Research,The Influence of Classical Conditioning Procedures on Subsequent Attention to the Conditioned Brand,https://openalex.org/W2120040606,https://doi.org/10.1086/209342,1993,article,109
Journal of Consumer Research,Elaborating on Elaboration: The Distinction between Relational and Item- Specific Elaboration,https://openalex.org/W1981626964,https://doi.org/10.1086/209265,1991,article,108
Journal of Consumer Research,Contextual Influences on the Meanings Ascribed to Ordinary Consumption Objects,https://openalex.org/W2101044775,https://doi.org/10.1086/209262,1991,article,108
Journal of Consumer Research,"Do Polls Reflect Opinions or Do Opinions Reflect Polls? The Impact of Political Polling on Voters' Expectations, Preferences, and Behavior",https://openalex.org/W2142598536,https://doi.org/10.1086/209466,1996,article,107
Journal of Consumer Research,Repositioning for Changing Preferences: The Case of Beef versus Poultry,https://openalex.org/W2030132178,https://doi.org/10.1086/209254,1991,article,106
Journal of Consumer Research,Adapting Cutoffs to the Choice Environment: The Effects of Attribute Correlation and Reliability,https://openalex.org/W2141135351,https://doi.org/10.1086/209264,1991,article,106
Journal of Consumer Research,Decision Ambiguity and Incumbent Brand Advantage,https://openalex.org/W2096887784,https://doi.org/10.1086/209438,1995,article,104
Journal of Consumer Research,When to Say When: Effects of Supply on Usage,https://openalex.org/W2019018015,https://doi.org/10.1086/209362,1993,article,103
Journal of Consumer Research,Does Attitude Toward the Ad Endure? The Moderating Effects of Attention and Delay,https://openalex.org/W2040883528,https://doi.org/10.1086/209283,1992,article,103
Journal of Consumer Research,Consumer Response to Humor in Advertising: A Series of Field Studies Using Behavioral Observation,https://openalex.org/W2110907712,https://doi.org/10.1086/209235,1990,article,98
Journal of Consumer Research,Interactive Effects of Presentation Modality and Message-Generated Imagery on Recall of Advertising Information,https://openalex.org/W2032755998,https://doi.org/10.1086/209468,1996,article,97
Journal of Consumer Research,The Importance of Others' Welfare in Evaluating Bargaining Outcomes,https://openalex.org/W2061498466,https://doi.org/10.1086/209338,1993,article,96
Journal of Consumer Research,Predicting Memory for Components of TV Commercials from EEG,https://openalex.org/W2125751351,https://doi.org/10.1086/209232,1990,article,92
Journal of Consumer Research,When Timing Matters: The Influence of Temporal Distance on Consumers' Affective and Persuasive Responses,https://openalex.org/W2039631996,https://doi.org/10.1086/209312,1992,article,91
Journal of Consumer Research,Knowledge Development and Scientific Status in Consumer-Behavior Research: A Social Exchange Perspective,https://openalex.org/W2095405179,https://doi.org/10.1086/209302,1992,article,91
Journal of Consumer Research,"Knowledge, Information Mode, and the Attraction Effect",https://openalex.org/W2051753452,https://doi.org/10.1086/209527,1998,article,95
Journal of Consumer Research,Predicting Preferences: An Examination of Agent Learning,https://openalex.org/W2038337846,https://doi.org/10.1086/209467,1996,article,92
Journal of Consumer Research,As the Crow Flies: Bias in Consumers' Map-Based Distance Judgments,https://openalex.org/W2002411295,https://doi.org/10.1086/209464,1996,article,88
Journal of Consumer Research,Peripheral Persuasion and Brand Choice,https://openalex.org/W2014441838,https://doi.org/10.1086/209298,1992,article,85
Journal of Consumer Research,Temporal and Associative Memory in Chinese and English,https://openalex.org/W2008081276,https://doi.org/10.1086/209558,1999,article,84
Journal of Consumer Research,Selective Recall and Information Use in Consumer Preferences,https://openalex.org/W2041693638,https://doi.org/10.1086/209274,1992,article,84
Journal of Consumer Research,Heuristics and Biases in Timing the Replacement of Durable Products,https://openalex.org/W2066142783,https://doi.org/10.1086/209399,1994,article,80
Journal of Consumer Research,Age Differences in Product Categorization,https://openalex.org/W2075804333,https://doi.org/10.1086/209230,1990,article,79
Journal of Consumer Research,An Attributional Analysis of Resistance to Group Pressure Regarding Illicit Drug and Alcohol Consumption,https://openalex.org/W2115909892,https://doi.org/10.1086/209281,1992,article,79
Journal of Consumer Research,Deconstructive Strategy and Consumer Research: Concepts and Illustrative Exemplar,https://openalex.org/W2042869551,https://doi.org/10.1086/209472,1996,article,78
Journal of Consumer Research,Economic Dimensions of Household Gift Giving,https://openalex.org/W1995157819,https://doi.org/10.1086/209266,1991,article,73
Journal of Consumer Research,Avoidance Or Vigilance? the Psychology of False‐Positive Test Results,https://openalex.org/W1977972378,https://doi.org/10.1086/209561,1999,article,77
Journal of Consumer Research,Are Young Children Adaptive Decision Makers? A Study of Age Differences in Information Search Behavior,https://openalex.org/W1995488832,https://doi.org/10.1086/209419,1995,article,76
Journal of Consumer Research,Reassessing the Impact of Television Advertising Clutter,https://openalex.org/W2037326984,https://doi.org/10.1086/209339,1993,article,73
Journal of Consumer Research,The Effect of Common Features on Brand Choice: Moderating Role of Attribute Importance,https://openalex.org/W3124877874,https://doi.org/10.1086/209485,1997,article,73
Journal of Consumer Research,Effects of Presentation Order and Communication Modality on Recall and Attitude,https://openalex.org/W2110567108,https://doi.org/10.1086/209412,1994,article,72
Journal of Consumer Research,What's in a Name? A Complimentary Means of Persuasion,https://openalex.org/W2028893444,https://doi.org/10.1086/209445,1995,article,71
Journal of Consumer Research,Contingent Processes of Source Identification,https://openalex.org/W1974567156,https://doi.org/10.1086/209508,1997,article,69
Journal of Consumer Research,How Do Young Children Learn to be Consumers? A Script-Processing Approach,https://openalex.org/W2014170524,https://doi.org/10.1086/209271,1992,article,69
Journal of Consumer Research,Process Tracing of Emotional Responses to TV Ads: Revisiting the Warmth Monitor,https://openalex.org/W2023819513,https://doi.org/10.1086/209372,1994,article,68
Journal of Consumer Research,Tracing the Impact of Item-by-Item Information Accessing on Uncertainty Reduction,https://openalex.org/W2048149008,https://doi.org/10.1086/209398,1994,article,65
Journal of Consumer Research,Conjoint Analysis on Objects with Environmentally Correlated Attributes: The Questionable Importance of Representative Design,https://openalex.org/W1964331298,https://doi.org/10.1086/209234,1990,article,64
Journal of Consumer Research,Language in Multimedia: Interaction of Spoken and Written Information,https://openalex.org/W2071214700,https://doi.org/10.1086/209524,1998,article,66
Journal of Consumer Research,"Notes Toward an Application of McCracken's ""Cultural Categories"" for Cross- Cultural Consumer Research",https://openalex.org/W2003066416,https://doi.org/10.1086/209478,1996,article,60
Journal of Consumer Research,A Polarization Model for Describing Group Preferences,https://openalex.org/W2026237086,https://doi.org/10.1086/209245,1991,article,51
Journal of Consumer Research,Creating Consumers in the 1930s: Irna Phillips and the Radio Soap Opera,https://openalex.org/W2073826107,https://doi.org/10.1086/209436,1995,article,54
Journal of Consumer Research,Female Labor Force Participation and Time-Saving Household Technology: A Case Study of the Microwave from 1978 to 1989,https://openalex.org/W1986133693,https://doi.org/10.1086/209323,1993,article,53
Journal of Consumer Research,A Varying‐Parameter Averaging Model of On‐Line Brand Evaluations,https://openalex.org/W2110777628,https://doi.org/10.1086/209507,1997,article,53
Journal of Consumer Research,The Emergence of Adaptive Decision Making in Children,https://openalex.org/W2002444252,https://doi.org/10.1086/209492,1997,article,52
Journal of Consumer Research,The Effects of Argument Structure and Affective Tagging on Product Attitude Formation,https://openalex.org/W1980184115,https://doi.org/10.1086/209350,1993,article,51
Journal of Consumer Research,Revitalizing the Critical Imagination: Unleashing the Crouched Tiger,https://openalex.org/W2053048322,https://doi.org/10.1086/209418,1994,article,51
Journal of Consumer Research,Assessing Demand Artifacts in Consumer Research: An Alternative Perspective,https://openalex.org/W2150123747,https://doi.org/10.1086/209364,1993,article,49
Journal of Consumer Research,On the Utility of Consumers' Theories in Judgments of Covariation,https://openalex.org/W1993849944,https://doi.org/10.1086/209424,1995,article,48
Journal of Consumer Research,The Influence of External Constraints on Brand Choice: The Lone-Alternative Effect,https://openalex.org/W1984907223,https://doi.org/10.1086/209246,1991,article,44
Journal of Consumer Research,Construing the Critical Imagination: Comments and Necessary Diversions,https://openalex.org/W1967352603,https://doi.org/10.1086/209417,1994,article,45
Journal of Consumer Research,Hypothesized and Confounded Explanations in Theory Tests: A Bayesian Analysis,https://openalex.org/W2155714699,https://doi.org/10.1086/209293,1992,article,39
Journal of Consumer Research,Expenditure Pattern Differentials between One-Earner and Dual-Earner Households: 1972-1973 and 1984,https://openalex.org/W2142804607,https://doi.org/10.1086/208535,1990,article,36
Journal of Consumer Research,Accepted Risk and Alcohol Use During Pregnancy,https://openalex.org/W2082183056,https://doi.org/10.1086/209387,1994,article,34
Journal of Consumer Research,Abortion in America: A Consumer-Behavior Perspective,https://openalex.org/W2010456499,https://doi.org/10.1086/209427,1995,article,33
Journal of Consumer Research,The Impact of Audiovisual Information on Children's Product-Related Recall,https://openalex.org/W1983400654,https://doi.org/10.1086/209389,1994,article,32
Journal of Consumer Research,The Price of Safety,https://openalex.org/W1984493865,https://doi.org/10.1086/209463,1996,article,29
Journal of Consumer Research,An Examination of the Use of Unacceptable Levels in Conjoint Analysis,https://openalex.org/W2007359477,https://doi.org/10.1086/209316,1992,article,29
Journal of Consumer Research,Young Children's Processing of a Televised Narrative: Is a Picture Really Worth a Thousand Words?,https://openalex.org/W2027951018,https://doi.org/10.1086/209349,1993,article,29
Journal of Consumer Research,Toward a Theory of Agenda Setting in Negotiations,https://openalex.org/W2047065725,https://doi.org/10.1086/209328,1993,article,29
Journal of Consumer Research,The Effects of Bargainable Attributes and Attribute Range Knowledge on Consumer Choice Processes,https://openalex.org/W2080314199,https://doi.org/10.1086/209226,1990,article,28
Journal of Consumer Research,Contextual Effects on the Revision of Evaluative Judgments: An Extension of the Omission‐Detection Framework,https://openalex.org/W2109016844,https://doi.org/10.1086/209551,1999,article,30
Journal of Consumer Research,The Impact of Interstimulus Interval and Background Silence on Recall,https://openalex.org/W1974789805,https://doi.org/10.1086/209484,1997,article,28
Journal of Consumer Research,A Bayesian Analysis of the Information Value of Manipulation and Confounding Checks in Theory Tests,https://openalex.org/W2071671155,https://doi.org/10.1086/209420,1995,article,28
Journal of Consumer Research,The Impact of Airbag Adoption on Relative Personal Injury and Absolute Collision Insurance Claims,https://openalex.org/W1967253089,https://doi.org/10.1086/209377,1994,article,27
Journal of Consumer Research,Interpreting Interactions: Raw Means or Residual Means?,https://openalex.org/W2066424950,https://doi.org/10.1086/209353,1993,article,24
Journal of Consumer Research,"The Logic of Mere Exposure: A Reinterpretation of Anand, Holbrook, and Stephens (1988)",https://openalex.org/W2018900344,https://doi.org/10.1086/208553,1990,article,22
Journal of Consumer Research,Conditions Facilitating Successful Disccounting in Consumer Decision Making,https://openalex.org/W2106421954,https://doi.org/10.1086/209229,1990,article,22
Journal of Consumer Research,"The Influence of Processing Conversational Information on Inference, Argument Elaboration, and Memory",https://openalex.org/W2076545795,https://doi.org/10.1086/209288,1992,article,21
Journal of Consumer Research,"A Critique of Darley and Lim's ""Alternative Perspective""",https://openalex.org/W2085810573,https://doi.org/10.1086/209365,1993,article,21
Journal of Consumer Research,Inductive Inference and Replications: A Bayesian Perspective,https://openalex.org/W2033835420,https://doi.org/10.1086/209375,1994,article,20
Journal of Consumer Research,Spokesperson Fame and Vividness Effects in the Context of Issue-Relevant Thinking: The Moderating Role of Competitive Setting,https://openalex.org/W2605366749,https://doi.org/10.1086/209367,1994,article,19
Journal of Consumer Research,Generalizing the Sensitivity Conditions in an Overall Index of Product Quality,https://openalex.org/W1964909152,https://doi.org/10.1086/209279,1992,article,18
Journal of Consumer Research,Item Context and the Stability of Entity-Based and Attribute-Based Multiattribute Scaling Methods,https://openalex.org/W1989981652,https://doi.org/10.1086/209280,1992,article,13
Journal of Consumer Research,Factorial Preference Structures,https://openalex.org/W2007449100,https://doi.org/10.1086/208540,1990,article,11
Journal of Consumer Research,Reinterpretation of Mere Exposure or Exposure of Mere Reinterpretation?,https://openalex.org/W1970020079,https://doi.org/10.1086/208554,1990,article,8
Journal of Consumer Research,Modeling Distance Structures in Consumer Research: Scale Versus Order in Validity Assessment,https://openalex.org/W2015081987,https://doi.org/10.1086/209233,1990,article,8
Journal of Consumer Research,Consumer learning by analogy,https://openalex.org/W2596903756,None,1997,article,8
Journal of Consumer Research,The Social Uses of Advertising,https://openalex.org/W71297390,None,1999,article,7
Journal of Consumer Research,"Undirected visual attention to advertising, a segment level analysis",https://openalex.org/W2603437430,None,1997,article,1
Journal of Consumer Research,<i>Journal of Consumer Research 1998–1999</i>Volume 25 Author Index,https://openalex.org/W4205886860,https://doi.org/10.1086/515834,1999,article,0
Journal of Consumer Research,<i>Journal of Consumer Research Volumes 21 through 25</i>Five‐Year Author Index,https://openalex.org/W4211032562,https://doi.org/10.1086/515836,1999,article,0
Journal of Consumer Research,Five‐Year Subject Index,https://openalex.org/W4251158313,https://doi.org/10.1086/515837,1999,article,0
Journal of Consumer Research,Volume 25 Subject Index,https://openalex.org/W4254722806,https://doi.org/10.1086/515835,1999,article,0
Journal of Consumer Research,Volume 24 Subject Index,https://openalex.org/W4254849162,https://doi.org/10.1086/514323,1998,article,0
Journal of Consumer Research,THE CRITICAL IMAGINATION - EMANCIPATORY INTERESTS IN CONSUMER RESEARCH,https://openalex.org/W3145776233,None,1991,article,0
Journal of Consumer Research,Subject Index,https://openalex.org/W4243932443,https://doi.org/10.1086/209378,1994,article,0
