source_journal,work_title,work_oaid,DOI,pub_year,work_type,all_cited_by_count
Journal of Retailing,Atmospherics as a Marketing Tool,https://openalex.org/W54930839,None,1974,article,2384
Journal of Retailing,Multidimensional scaling analysis of store image and shopping behavior,https://openalex.org/W3036093810,None,1975,article,49
Journal of Retailing,Generic Supermarket Items: A Product and Consumer Analysis,https://openalex.org/W2791364721,None,1979,article,35
Journal of Retailing,Consumer Patronage Motives of Discount Versus Conventional Motels,https://openalex.org/W642981725,None,1976,article,2
Journal of Retailing,An Analysis of the Fast Food Community Location Decision: A Comparative Analysis,https://openalex.org/W571006819,None,1974,article,1
