source_journal,work_title,work_oaid,DOI,pub_year,work_type,all_cited_by_count
Journal of Consumer Research,Possessions and the Extended Self,https://openalex.org/W2054347393,https://doi.org/10.1086/209154,1988,article,8023
Journal of Consumer Research,"The Experiential Aspects of Consumption: Consumer Fantasies, Feelings, and Fun",https://openalex.org/W1987364024,https://doi.org/10.1086/208906,1982,article,7350
Journal of Consumer Research,Measuring the Involvement Construct,https://openalex.org/W2099342631,https://doi.org/10.1086/208520,1985,article,5540
Journal of Consumer Research,Central and Peripheral Routes to Advertising Effectiveness: The Moderating Role of Involvement,https://openalex.org/W2156022826,https://doi.org/10.1086/208954,1983,article,4341
Journal of Consumer Research,Dimensions of Consumer Expertise,https://openalex.org/W2108860923,https://doi.org/10.1086/209080,1987,article,4157
Journal of Consumer Research,The Theory of Reasoned Action: A Meta-Analysis of Past Research with Recommendations for Modifications and Future Research,https://openalex.org/W2111230857,https://doi.org/10.1086/209170,1988,article,3741
Journal of Consumer Research,Who is the Celebrity Endorser? Cultural Foundations of the Endorsement Process,https://openalex.org/W1964924375,https://doi.org/10.1086/209217,1989,article,2781
Journal of Consumer Research,Culture and Consumption: A Theoretical Account of the Structure and Movement of the Cultural Meaning of Consumer Goods,https://openalex.org/W1967058415,https://doi.org/10.1086/209048,1986,article,2659
Journal of Consumer Research,Social Ties and Word-of-Mouth Referral Behavior,https://openalex.org/W1971526329,https://doi.org/10.1086/209118,1987,article,2332
Journal of Consumer Research,Measurement of Consumer Susceptibility to Interpersonal Influence,https://openalex.org/W2064683297,https://doi.org/10.1086/209186,1989,article,2052
Journal of Consumer Research,The Role of Involvement in Attention and Comprehension Processes,https://openalex.org/W2013372156,https://doi.org/10.1086/209158,1988,article,2001
Journal of Consumer Research,The Effects of Product Class Knowledge on Information Search Behavior,https://openalex.org/W2055194045,https://doi.org/10.1086/209031,1985,article,1887
Journal of Consumer Research,Adding Asymmetrically Dominated Alternatives: Violations of Regularity and the Similarity Hypothesis,https://openalex.org/W2117503214,https://doi.org/10.1086/208899,1982,article,1872
Journal of Consumer Research,Reference Group Influence on Product and Brand Purchase Decisions,https://openalex.org/W2055078707,https://doi.org/10.1086/208911,1982,article,1865
Journal of Consumer Research,The Buying Impulse,https://openalex.org/W2110094096,https://doi.org/10.1086/209105,1987,article,1832
Journal of Consumer Research,Materialism: Trait Aspects of Living in the Material World,https://openalex.org/W2012133959,https://doi.org/10.1086/208515,1985,article,1827
Journal of Consumer Research,Choice Based on Reasons: The Case of Attraction and Compromise Effects,https://openalex.org/W2036114930,https://doi.org/10.1086/209205,1989,article,1776
Journal of Consumer Research,Designing Research for Application,https://openalex.org/W1987595265,https://doi.org/10.1086/208856,1981,article,1702
Journal of Consumer Research,The Sacred and the Profane in Consumer Behavior: Theodicy on the Odyssey,https://openalex.org/W1997481215,https://doi.org/10.1086/209191,1989,article,1661
Journal of Consumer Research,Response Determinants in Satisfaction Judgments,https://openalex.org/W2090014697,https://doi.org/10.1086/209131,1988,article,1647
Journal of Consumer Research,"Innovativeness, Novelty Seeking, and Consumer Creativity",https://openalex.org/W2009977118,https://doi.org/10.1086/208816,1980,article,1585
Journal of Consumer Research,Putting Consumer Experience Back into Consumer Research: The Philosophy and Method of Existential-Phenomenology,https://openalex.org/W2013161201,https://doi.org/10.1086/209203,1989,article,1571
Journal of Consumer Research,Assessing the Role of Emotions as Mediators of Consumer Responses to Advertising,https://openalex.org/W2000186419,https://doi.org/10.1086/209123,1987,article,1526
Journal of Consumer Research,Compulsive Buying: A Phenomenological Exploration,https://openalex.org/W2014160057,https://doi.org/10.1086/209204,1989,article,1423
Journal of Consumer Research,The Role of Products as Social Stimuli: A Symbolic Interactionism Perspective,https://openalex.org/W2108912568,https://doi.org/10.1086/208971,1983,article,1361
Journal of Consumer Research,Effects of Prior Knowledge and Experience and Phase of the Choice Process on Consumer Decision Processes: A Protocol Analysis,https://openalex.org/W1977880816,https://doi.org/10.1086/208812,1980,article,1337
Journal of Consumer Research,External Search Effort: An Investigation Across Several Product Categories,https://openalex.org/W1987356147,https://doi.org/10.1086/209095,1987,article,1312
Journal of Consumer Research,Consumer Reactions to Product Failure: An Attributional Approach,https://openalex.org/W2061742916,https://doi.org/10.1086/208978,1984,article,1275
Journal of Consumer Research,Schema Congruity as a Basis for Product Evaluation,https://openalex.org/W2053204041,https://doi.org/10.1086/209192,1989,article,1262
Journal of Consumer Research,Influences on Exchange Processes: Buyers' Preconceptions of a Seller's Trustworthiness and Bargaining Toughness,https://openalex.org/W2020976086,https://doi.org/10.1086/209028,1985,article,1239
Journal of Consumer Research,A Propositional Inventory for New Diffusion Research,https://openalex.org/W2074661292,https://doi.org/10.1086/209021,1985,article,1229
Journal of Consumer Research,Physical Attractiveness of the Celebrity Endorser: A Social Adaptation Perspective,https://openalex.org/W1970471758,https://doi.org/10.1086/209029,1985,article,1217
Journal of Consumer Research,The Moderating Effect of Prior Knowledge on Cue Utilization in Product Evaluations,https://openalex.org/W2134652466,https://doi.org/10.1086/209162,1988,article,1172
Journal of Consumer Research,How Consumers are Affected by the Framing of Attribute Information Before and After Consuming the Product,https://openalex.org/W2149688032,https://doi.org/10.1086/209174,1988,article,1158
Journal of Consumer Research,The Role of Imagery in Information Processing: Review and Extensions,https://openalex.org/W2143299957,https://doi.org/10.1086/209082,1987,article,1140
Journal of Consumer Research,Consumer Knowledge: Effects on Evaluation Strategies Mediating Consumer Judgments,https://openalex.org/W2077597346,https://doi.org/10.1086/209033,1985,article,1110
Journal of Consumer Research,The Power of Feelings in Understanding Advertising Effects,https://openalex.org/W2037357256,https://doi.org/10.1086/209124,1987,article,1082
Journal of Consumer Research,Affective and Cognitive Factors in Preferences,https://openalex.org/W2049023573,https://doi.org/10.1086/208905,1982,article,1049
Journal of Consumer Research,Consumer Search: An Extended Framework,https://openalex.org/W2157389841,https://doi.org/10.1086/209052,1986,article,1026
Journal of Consumer Research,Affective Responses Mediating Acceptance of Advertising,https://openalex.org/W2166355918,https://doi.org/10.1086/209063,1986,article,1007
Journal of Consumer Research,Audience Involvement in Advertising: Four Levels,https://openalex.org/W2092696917,https://doi.org/10.1086/208994,1984,article,988
Journal of Consumer Research,The Cost of Thinking,https://openalex.org/W2076033371,https://doi.org/10.1086/208799,1980,article,959
Journal of Consumer Research,Variety Seeking Behavior: An Interdisciplinary Review,https://openalex.org/W2023801818,https://doi.org/10.1086/208926,1982,article,958
Journal of Consumer Research,A Reference Price Model of Brand Choice for Frequently Purchased Products,https://openalex.org/W2033434148,https://doi.org/10.1086/209064,1986,article,945
Journal of Consumer Research,"Optimum Stimulation Level: Its Relationship to Personality, Demographics, and Exploratory Behavior",https://openalex.org/W2097609137,https://doi.org/10.1086/208815,1980,article,925
Journal of Consumer Research,Familiarity and Its Impact on Consumer Decision Biases and Heuristics,https://openalex.org/W2118451146,https://doi.org/10.1086/208859,1981,article,922
Journal of Consumer Research,Equity and Disconfirmation Perceptions as Influences on Merchant and Product Satisfaction,https://openalex.org/W2170512058,https://doi.org/10.1086/209223,1989,article,912
Journal of Consumer Research,Consumer Learning: Advertising and the Ambiguity of Product Experience,https://openalex.org/W1978816387,https://doi.org/10.1086/209062,1986,article,898
Journal of Consumer Research,The Influence of Background Music on the Behavior of Restaurant Patrons,https://openalex.org/W1999696709,https://doi.org/10.1086/209068,1986,article,877
Journal of Consumer Research,Product Familiarity and Learning New Information,https://openalex.org/W2022164837,https://doi.org/10.1086/208990,1984,article,871
Journal of Consumer Research,Gift Giving in Anthropological Perspective,https://openalex.org/W2128644618,https://doi.org/10.1086/208956,1983,article,865
Journal of Consumer Research,Alternative Ways of Seeking Knowledge in Consumer Research,https://openalex.org/W2051533288,https://doi.org/10.1086/209132,1988,article,852
Journal of Consumer Research,"""My Favorite Things"": A Cross-Cultural Inquiry into Object Attachment, Possessiveness, and Social Linkage",https://openalex.org/W2158600944,https://doi.org/10.1086/209134,1988,article,803
Journal of Consumer Research,The Ritual Dimension of Consumer Behavior,https://openalex.org/W2071740923,https://doi.org/10.1086/208514,1985,article,787
Journal of Consumer Research,The Varieties of Consumption Experience: Comparing Two Typologies of Emotion in Consumer Behavior,https://openalex.org/W2059631616,https://doi.org/10.1086/209078,1986,article,760
Journal of Consumer Research,An Examination of Consumer Decision Making for a Common Repeat Purchase Product,https://openalex.org/W2058990455,https://doi.org/10.1086/209017,1984,article,754
Journal of Consumer Research,Information Load and Consumer Decision Making,https://openalex.org/W2085420111,https://doi.org/10.1086/208882,1982,article,737
Journal of Consumer Research,Effects of Country-of-Origin and Product-Attribute Information on Product Evaluation: An Information Processing Perspective,https://openalex.org/W2112079022,https://doi.org/10.1086/209206,1989,article,736
Journal of Consumer Research,"Consumer Research and Semiotics: Exploring the Morphology of Signs, Symbols, and Significance",https://openalex.org/W1973448955,https://doi.org/10.1086/209060,1986,article,727
Journal of Consumer Research,A Model of Consumer Information Search Behavior for New Automobiles,https://openalex.org/W2009296073,https://doi.org/10.1086/208931,1983,article,714
Journal of Consumer Research,Alternative Measurement Approaches to Consumer Values: The List of Values (LOV) and Values and Life Style (VALS),https://openalex.org/W2086091508,https://doi.org/10.1086/209079,1986,article,697
Journal of Consumer Research,A Naturalistic Inquiry into Buyer and Seller Behavior at a Swap Meet,https://openalex.org/W1988800424,https://doi.org/10.1086/209128,1988,article,674
Journal of Consumer Research,The Theory of Reasoned Action Applied to Coupon Usage,https://openalex.org/W1968509559,https://doi.org/10.1086/209015,1984,article,650
Journal of Consumer Research,Effects of Quality and Quantity of Information on Decision Effectiveness,https://openalex.org/W2073394394,https://doi.org/10.1086/209106,1987,article,621
Journal of Consumer Research,Characteristics of Adopters and Non-Adopters of Home Computers,https://openalex.org/W2016535321,https://doi.org/10.1086/208961,1983,article,620
Journal of Consumer Research,The Role of Family Communication in Consumer Socialization of Children and Adolescents,https://openalex.org/W2123707095,https://doi.org/10.1086/209025,1985,article,603
Journal of Consumer Research,Image Variables in Multi-Attribute Product Evaluations: Country-of-Origin Effects,https://openalex.org/W1972618757,https://doi.org/10.1086/209005,1984,article,602
Journal of Consumer Research,The Role of Attitude Accessibility in the Attitude-to-Behavior Process,https://openalex.org/W1963805448,https://doi.org/10.1086/209214,1989,article,599
Journal of Consumer Research,The Concept of External Validity,https://openalex.org/W2060715347,https://doi.org/10.1086/208920,1982,article,596
Journal of Consumer Research,Developmental Recognition of Consumption Symbolism,https://openalex.org/W2082811497,https://doi.org/10.1086/208892,1982,article,596
Journal of Consumer Research,A Field Study of Causal Inferences and Consumer Reaction: The View from the Airport,https://openalex.org/W2076635899,https://doi.org/10.1086/209086,1987,article,594
Journal of Consumer Research,Memory and Attentional Factors in Consumer Choice: Concepts and Research Methods,https://openalex.org/W2093623550,https://doi.org/10.1086/208893,1982,article,593
Journal of Consumer Research,Consumer Behavior and Psychological Reactance,https://openalex.org/W2018832113,https://doi.org/10.1086/208782,1980,article,589
Journal of Consumer Research,After the New Wears off: The Temporal Context of Product Involvement,https://openalex.org/W2051442808,https://doi.org/10.1086/209067,1986,article,587
Journal of Consumer Research,Warranty and Other Extrinsic Cue Effects on Consumers' Risk Perceptions,https://openalex.org/W2076380664,https://doi.org/10.1086/208894,1982,article,583
Journal of Consumer Research,Correlates of Price Acceptability,https://openalex.org/W1996858984,https://doi.org/10.1086/209161,1988,article,575
Journal of Consumer Research,The Effects of Situational Factors on In-Store Grocery Shopping Behavior: The Role of Store Environment and Time Available for Shopping,https://openalex.org/W2171708509,https://doi.org/10.1086/209182,1989,article,566
Journal of Consumer Research,Conditions for a Picture-Superiority Effect on Consumer Memory,https://openalex.org/W2026629104,https://doi.org/10.1086/209001,1984,article,555
Journal of Consumer Research,The Information Processing of Pictures in Print Advertisements,https://openalex.org/W2030672296,https://doi.org/10.1086/208944,1983,article,553
Journal of Consumer Research,"Play as a Consumption Experience: The Roles of Emotions, Performance, and Personality in the Enjoyment of Games",https://openalex.org/W2000884844,https://doi.org/10.1086/209009,1984,article,548
Journal of Consumer Research,An Attribution Explanation of the Disproportionate Influence of Unfavorable Information,https://openalex.org/W1976446558,https://doi.org/10.1086/208925,1982,article,545
Journal of Consumer Research,A Dynamic Attribute Satiation Model of Variety-Seeking Behavior,https://openalex.org/W2087316481,https://doi.org/10.1086/208907,1982,article,532
Journal of Consumer Research,"Becoming a Consumer Society: A Longitudinal and Cross-Cultural Content Analysis of Print Ads from Hong Kong, the People's Republic of China, and Taiwan",https://openalex.org/W2005807934,https://doi.org/10.1086/209185,1989,article,530
Journal of Consumer Research,Effects of Framing on Evaluation of Comparable and Noncomparable Alternatives by Expert and Novice Consumers,https://openalex.org/W2081842211,https://doi.org/10.1086/209102,1987,article,528
Journal of Consumer Research,Some Exploratory Findings on the Development of Musical Tastes,https://openalex.org/W2084149479,https://doi.org/10.1086/209200,1989,article,521
Journal of Consumer Research,"Warmth in Advertising: Measurement, Impact, and Sequence Effects",https://openalex.org/W2122038527,https://doi.org/10.1086/208524,1986,article,519
Journal of Consumer Research,Buyer Uncertainty and Information Search,https://openalex.org/W2050909505,https://doi.org/10.1086/209209,1989,article,507
Journal of Consumer Research,Happy and Sad TV Programs: How They Affect Reactions to Commercials,https://openalex.org/W2032450941,https://doi.org/10.1086/209122,1987,article,499
Journal of Consumer Research,On the Meaning of within-Factor Correlated Measurement Errors,https://openalex.org/W2036581672,https://doi.org/10.1086/208993,1984,article,497
Journal of Consumer Research,Choices from Sets Including Remembered Brands: Use of Recalled Attributes and Prior Overall Evaluations,https://openalex.org/W2141144529,https://doi.org/10.1086/209155,1988,article,491
Journal of Consumer Research,The Effect of Verbal and Visual Components of Advertisements on Brand Attitudes and Attitude Toward the Advertisement,https://openalex.org/W1981006082,https://doi.org/10.1086/209044,1986,article,490
Journal of Consumer Research,The Intensity of Ethnic Affiliation: A Study of the Sociology of Hispanic Consumption,https://openalex.org/W2039088739,https://doi.org/10.1086/209061,1986,article,485
Journal of Consumer Research,Measurement of Individual Differences in Visual versus Verbal Information Processing,https://openalex.org/W2074049680,https://doi.org/10.1086/208501,1985,article,478
Journal of Consumer Research,The Effect of Plausible and Exaggerated Reference Prices on Consumer Perceptions and Price Search,https://openalex.org/W2006795264,https://doi.org/10.1086/209148,1988,article,477
Journal of Consumer Research,Money Talks: Perceived Advertising Expense and Expected Product Quality,https://openalex.org/W2052044509,https://doi.org/10.1086/209220,1989,article,470
Journal of Consumer Research,Perspectives on Information Overload,https://openalex.org/W2072883562,https://doi.org/10.1086/208981,1984,article,464
Journal of Consumer Research,Alternative Models of Categorization: Toward a Contingent Processing Framework,https://openalex.org/W1996341448,https://doi.org/10.1086/209081,1987,article,460
Journal of Consumer Research,Memory Factors in Advertising: The Effect of Advertising Retrieval Cues on Brand Evaluations,https://openalex.org/W1976307125,https://doi.org/10.1086/209116,1987,article,459
Journal of Consumer Research,Market Boundaries and Product Choice: Illustrating Attraction and Substitution Effects,https://openalex.org/W2103234330,https://doi.org/10.1086/208943,1983,article,443
Journal of Consumer Research,On the External Validity of Experiments in Consumer Research,https://openalex.org/W2161353994,https://doi.org/10.1086/208919,1982,article,434
Journal of Consumer Research,Exploring the Consumer Decision Process in the Adoption of Solar Energy Systems,https://openalex.org/W2038307007,https://doi.org/10.1086/208865,1981,article,427
Journal of Consumer Research,Credit Cards as Spending Facilitating Stimuli: A Conditioning Interpretation,https://openalex.org/W2132778619,https://doi.org/10.1086/209074,1986,article,425
Journal of Consumer Research,Competitive Interference and Consumer Memory for Advertising,https://openalex.org/W1975707616,https://doi.org/10.1086/209145,1988,article,413
Journal of Consumer Research,The Influence of Sex Roles on Judgment,https://openalex.org/W2124148137,https://doi.org/10.1086/209133,1988,article,407
Journal of Consumer Research,Parental Style and Consumer Socialization of Children,https://openalex.org/W2142616163,https://doi.org/10.1086/209147,1988,article,403
Journal of Consumer Research,The Role of Price in Multi-Attribute Product Evaluations,https://openalex.org/W2015868430,https://doi.org/10.1086/208508,1985,article,398
Journal of Consumer Research,Crossover Effects in the Theory of Reasoned Action: A Moderating Influence Attempt,https://openalex.org/W2123336645,https://doi.org/10.1086/208519,1985,article,396
Journal of Consumer Research,Using Drama to Persuade,https://openalex.org/W2092464976,https://doi.org/10.1086/209219,1989,article,392
Journal of Consumer Research,Subjective vs. Objective Time Measures: A Note on the Perception of Time in Consumer Behavior,https://openalex.org/W2068238818,https://doi.org/10.1086/208998,1984,article,378
Journal of Consumer Research,"The Effect of Advertising on Attitude Accessibility, Attitude Confidence, and the Attitude-Behavior Relationship",https://openalex.org/W2012599488,https://doi.org/10.1086/209213,1989,article,373
Journal of Consumer Research,"Ethnic Migration, Assimilation, and Consumption",https://openalex.org/W1968817351,https://doi.org/10.1086/208968,1983,article,371
Journal of Consumer Research,Modeling Ambiguity in Decisions Under Uncertainty,https://openalex.org/W2037511166,https://doi.org/10.1086/209163,1988,article,371
Journal of Consumer Research,Images of Ourselves: The Good Life in Twentieth Century Advertising,https://openalex.org/W2045350888,https://doi.org/10.1086/209024,1985,article,369
Journal of Consumer Research,Situational Ethnicity and Consumer Behavior,https://openalex.org/W2024649498,https://doi.org/10.1086/209222,1989,article,368
Journal of Consumer Research,Intrapersonal Affective Influences on Consumer Satisfaction with Products,https://openalex.org/W2111150834,https://doi.org/10.1086/208792,1980,article,365
Journal of Consumer Research,"Aims, Concepts, and Methods for the Representation of Individual Differences in Esthetic Responses to Design Features",https://openalex.org/W2010974012,https://doi.org/10.1086/209073,1986,article,364
Journal of Consumer Research,Contextual Influences on Perceptions of Merchant-Supplied Reference Prices,https://openalex.org/W1994001873,https://doi.org/10.1086/209193,1989,article,360
Journal of Consumer Research,Classical Conditioning of Consumer Attitudes: Four Experiments in an Advertising Context,https://openalex.org/W2007286834,https://doi.org/10.1086/209117,1987,article,359
Journal of Consumer Research,Consumer Choice Strategies for Comparing Noncomparable Alternatives,https://openalex.org/W1975335004,https://doi.org/10.1086/209010,1984,article,358
Journal of Consumer Research,A Typology of Individual Search Strategies Among Purchasers of New Automobiles,https://openalex.org/W2160557789,https://doi.org/10.1086/208980,1984,article,358
Journal of Consumer Research,The Role of Perception of Time in Consumer Research,https://openalex.org/W1964241912,https://doi.org/10.1086/208823,1981,article,355
Journal of Consumer Research,On the Meaning of Leisure: An Investigation of Some Determinants of the Subjective Experience,https://openalex.org/W2160882866,https://doi.org/10.1086/208932,1983,article,348
Journal of Consumer Research,"Situational Effects of Advertising Repetition: The Moderating Influence of Motivation, Ability, and Opportunity to Respond",https://openalex.org/W1974568389,https://doi.org/10.1086/208528,1986,article,343
Journal of Consumer Research,Working Wives and Convenience Consumption,https://openalex.org/W2042273436,https://doi.org/10.1086/208881,1982,article,335
Journal of Consumer Research,Cognitive Processes Used by Survey Respondents to Answer Behavioral Frequency Questions,https://openalex.org/W2068698757,https://doi.org/10.1086/209112,1987,article,332
Journal of Consumer Research,Priming Price: Prior Knowledge and Context Effects,https://openalex.org/W2093398502,https://doi.org/10.1086/209194,1989,article,332
Journal of Consumer Research,Voluntary Simplicity Lifestyles and Energy Conservation,https://openalex.org/W2050753866,https://doi.org/10.1086/208861,1981,article,326
Journal of Consumer Research,Individual Differences in Search Behavior for a Nondurable,https://openalex.org/W2044398113,https://doi.org/10.1086/208817,1980,article,325
Journal of Consumer Research,Post-Purchase Consumer Processes and the Complaining Consumer,https://openalex.org/W2003516988,https://doi.org/10.1086/208927,1982,article,324
Journal of Consumer Research,Issues in the Application of Covariance Structure Analysis: A Comment,https://openalex.org/W1983447796,https://doi.org/10.1086/208938,1983,article,319
Journal of Consumer Research,The Elderly Consumer and Adoption of Technologies,https://openalex.org/W1971092305,https://doi.org/10.1086/208521,1985,article,315
Journal of Consumer Research,The Continuing Significance of Social Class to Marketing,https://openalex.org/W2080976814,https://doi.org/10.1086/208966,1983,article,309
Journal of Consumer Research,Family Members' Perceptions of Adolescents' Influence in Family Decision Making,https://openalex.org/W2110529982,https://doi.org/10.1086/209187,1989,article,318
Journal of Consumer Research,The Effects of Physiological Arousal on Information Processing and Persuasion,https://openalex.org/W2000988685,https://doi.org/10.1086/209175,1988,article,310
Journal of Consumer Research,The Framing of Buying Decisions,https://openalex.org/W2102280046,https://doi.org/10.1086/209115,1987,article,309
Journal of Consumer Research,An Anchoring and Adjustment Model of Spousal Predictions,https://openalex.org/W2021235660,https://doi.org/10.1086/209045,1986,article,299
Journal of Consumer Research,The Effect of Goal-Setting and Daily Electronic Feedback on In-Home Energy Use,https://openalex.org/W2039237458,https://doi.org/10.1086/209197,1989,article,290
Journal of Consumer Research,Nutrition Information in the Supermarket,https://openalex.org/W1976579292,https://doi.org/10.1086/209047,1986,article,289
Journal of Consumer Research,On Method in Consumer Research: A Critical Relativist Perspective,https://openalex.org/W2106711175,https://doi.org/10.1086/209058,1986,article,287
Journal of Consumer Research,The Role of Attention in Mediating the Effect of Advertising on Attribute Importance,https://openalex.org/W2052578690,https://doi.org/10.1086/209059,1986,article,285
Journal of Consumer Research,Product Categorization and Inference Making: Some Implications for Comparative Advertising,https://openalex.org/W2000548937,https://doi.org/10.1086/209120,1987,article,284
Journal of Consumer Research,The Availability Heuristic and Perceived Risk,https://openalex.org/W2090553893,https://doi.org/10.1086/209141,1988,article,283
Journal of Consumer Research,Joint Purchasing Decisions: A Comparison of Influence Structure in Family and Couple Decision-Making Units,https://openalex.org/W2160754637,https://doi.org/10.1086/208802,1980,article,272
Journal of Consumer Research,What is Consumer Research?,https://openalex.org/W2160754173,https://doi.org/10.1086/209099,1987,article,271
Journal of Consumer Research,Behavioral Evidence of the Effects of Televised Food Messages on Children,https://openalex.org/W2075814957,https://doi.org/10.1086/208913,1982,article,268
Journal of Consumer Research,Message-Evoked Thoughts: Persuasion Research Using Thought Verbalizations,https://openalex.org/W1983384081,https://doi.org/10.1086/208804,1980,article,266
Journal of Consumer Research,Models of Cooperative Group Decision-Making and Relative Influence: An Experimental Investigation of Family Purchase Decisions,https://openalex.org/W2130129560,https://doi.org/10.1086/209088,1987,article,266
Journal of Consumer Research,Spontaneous Inference Processes in Advertising: The Effects of Conclusion Omission and Involvement on Persuasion,https://openalex.org/W2054830678,https://doi.org/10.1086/209159,1988,article,265
Journal of Consumer Research,The Effects of Frequency Knowledge on Consumer Decision Making,https://openalex.org/W2070277512,https://doi.org/10.1086/209089,1987,article,262
Journal of Consumer Research,Children's Use of Cognitive Defenses Against Television Advertising: A Cognitive Response Approach,https://openalex.org/W2098041065,https://doi.org/10.1086/209129,1988,article,262
Journal of Consumer Research,Feature Interactions in Consumer Judgments of Verbal versus Pictorial Presentations,https://openalex.org/W2034880664,https://doi.org/10.1086/208846,1981,article,258
Journal of Consumer Research,Toward Understanding the Attraction Effect: The Implications of Product Stimulus Meaningfulness and Familiarity,https://openalex.org/W2008986914,https://doi.org/10.1086/209085,1987,article,254
Journal of Consumer Research,"Heaven on Earth: Consumption at Heritage Village, USA",https://openalex.org/W2040856241,https://doi.org/10.1086/209211,1989,article,248
Journal of Consumer Research,Using Discrete Choice Models with Experimental Design Data to Forecast Consumer Demand for a Unique Cultural Event,https://openalex.org/W2077408629,https://doi.org/10.1086/208974,1983,article,248
Journal of Consumer Research,Age Differences in Children's Responses to Television Advertising: An Information-Processing Approach,https://openalex.org/W2147773280,https://doi.org/10.1086/208850,1981,article,247
Journal of Consumer Research,The Interaction of Advertising and Evidence,https://openalex.org/W2077470202,https://doi.org/10.1086/209012,1984,article,245
Journal of Consumer Research,An Analysis of Consumer Interaction Styles in the Marketplace,https://openalex.org/W2058462284,https://doi.org/10.1086/208946,1983,article,239
Journal of Consumer Research,The Use of Time: An Integrated Conceptual Model,https://openalex.org/W2068296037,https://doi.org/10.1086/208831,1981,article,239
Journal of Consumer Research,Examining the Vividness Controversy: An Availability-Valence Interpretation,https://openalex.org/W2082431087,https://doi.org/10.1086/208527,1986,article,236
Journal of Consumer Research,Reflections on the Information Overload Paradigm in Consumer Decision Making,https://openalex.org/W2006723435,https://doi.org/10.1086/208982,1984,article,233
Journal of Consumer Research,A Longitudinal Study of Television Advertising Effects,https://openalex.org/W1966126593,https://doi.org/10.1086/208923,1982,article,232
Journal of Consumer Research,Preconscious Processing Effects: The Independence of Attitude Formation and Conscious Thought,https://openalex.org/W2107829689,https://doi.org/10.1086/209157,1988,article,232
Journal of Consumer Research,Age Differences in Information Processing: Understanding Deficits in Young and Elderly Consumers,https://openalex.org/W1991693749,https://doi.org/10.1086/209070,1986,article,228
Journal of Consumer Research,Behavioral Intention Formation: The Interdependency of Attitudinal and Social Influence Variables,https://openalex.org/W1975213130,https://doi.org/10.1086/208922,1982,article,227
Journal of Consumer Research,Life Status Changes and Changes in Consumer Preferences and Satisfaction,https://openalex.org/W1965619454,https://doi.org/10.1086/209014,1984,article,226
Journal of Consumer Research,Persuasion in Family Decision-Making,https://openalex.org/W1992147069,https://doi.org/10.1086/208933,1983,article,225
Journal of Consumer Research,More Than Meets the Eye: The Effect of Missing Information on Purchase Evaluations,https://openalex.org/W2104203575,https://doi.org/10.1086/208505,1985,article,217
Journal of Consumer Research,Literary Criticism and Consumer Research: Overview and Illustrative Analysis,https://openalex.org/W2017884770,https://doi.org/10.1086/209218,1989,article,213
Journal of Consumer Research,Household Decision Behavior: The Impact of Husbands' and Wives' Sex Role Orientation,https://openalex.org/W2012237922,https://doi.org/10.1086/209111,1987,article,211
Journal of Consumer Research,Experts as Negative Opinion Leaders in the Diffusion of a Technological Innovation,https://openalex.org/W2070600919,https://doi.org/10.1086/209026,1985,article,206
Journal of Consumer Research,Evaluating Energy Conservation Programs: Is Verbal Report Enough?,https://openalex.org/W2027225330,https://doi.org/10.1086/208872,1981,article,204
Journal of Consumer Research,Psychological Commitment and Its Effects on Post-Decision Evaluation and Preference Stability among Voters,https://openalex.org/W2081166514,https://doi.org/10.1086/208935,1983,article,204
Journal of Consumer Research,The Formation of Affective Judgments: The Cognitive-Affective Model Versus the Independence Hypothesis,https://openalex.org/W1966377116,https://doi.org/10.1086/209176,1988,article,202
Journal of Consumer Research,The Effects of Background Music in Advertising: A Reassessment,https://openalex.org/W2115293684,https://doi.org/10.1086/209199,1989,article,200
Journal of Consumer Research,Two-factor Theory and Consumer Satisfaction: Replication and Extension,https://openalex.org/W1965761381,https://doi.org/10.1086/208845,1981,article,199
Journal of Consumer Research,The Concept of Quality and the Efficiency of Markets for Consumer Products,https://openalex.org/W2018826770,https://doi.org/10.1086/209007,1984,article,197
Journal of Consumer Research,Brand Congruence in Interpersonal Relations: A Social Network Analysis,https://openalex.org/W1990740864,https://doi.org/10.1086/209013,1984,article,195
Journal of Consumer Research,"The Ideology of Consumption: A Structural-Syntactical Analysis of ""Dallas"" and ""Dynasty""",https://openalex.org/W2010911021,https://doi.org/10.1086/209171,1988,article,193
Journal of Consumer Research,An Experimental Examination of the Economics of Information,https://openalex.org/W2092021919,https://doi.org/10.1086/209065,1986,article,192
Journal of Consumer Research,Buying Time and Saving Time: Strategies for Managing Household Production,https://openalex.org/W2076833897,https://doi.org/10.1086/208959,1983,article,190
Journal of Consumer Research,A Closer Look at Classical Conditioning,https://openalex.org/W2024500760,https://doi.org/10.1086/208517,1985,article,189
Journal of Consumer Research,"Toward a Broadened Theory of Preference Formation and the Diffusion of Innovations: Cases from Zinder Province, Niger Republic",https://openalex.org/W2060493033,https://doi.org/10.1086/209212,1989,article,188
Journal of Consumer Research,The Semiology of Cinematic Consumption: Symbolic Consumer Behavior in Out of Africa,https://openalex.org/W2153130855,https://doi.org/10.1086/209076,1986,article,188
Journal of Consumer Research,"The Super Bowl: An Investigation into the Relationship Among Program Context, Emotional Experience, and Ad Recall",https://openalex.org/W2011023586,https://doi.org/10.1086/209172,1988,article,187
Journal of Consumer Research,Assessing Attribute Importance: A Comparison of Six Methods,https://openalex.org/W2068864711,https://doi.org/10.1086/208530,1986,article,187
Journal of Consumer Research,Extended Self and Extending Paradigmatic Perspective,https://openalex.org/W2122570329,https://doi.org/10.1086/209202,1989,article,187
Journal of Consumer Research,Modeling Personal and Normative Influences on Behavior,https://openalex.org/W2063870235,https://doi.org/10.1086/208957,1983,article,186
Journal of Consumer Research,Buyer-Seller Negotiations Around the Pacific Rim: Differences in Fundamental Exchange Processes,https://openalex.org/W2090303467,https://doi.org/10.1086/209144,1988,article,186
Journal of Consumer Research,The Effect of Numbers on the Route to Persuasion,https://openalex.org/W1963858955,https://doi.org/10.1086/208988,1984,article,185
Journal of Consumer Research,Information-Presentation Format and Learning Goals as Determinants of Consumers' Memory Retrieval and Choice Processes,https://openalex.org/W1977882890,https://doi.org/10.1086/208883,1982,article,184
Journal of Consumer Research,The Situational Importance of Recall and Inference in Consumer Decision Making,https://openalex.org/W1975343876,https://doi.org/10.1086/209140,1988,article,183
Journal of Consumer Research,External Validity and the Research Process: A Comment on the Calder/Lynch Dialogue,https://openalex.org/W2003852157,https://doi.org/10.1086/208951,1983,article,182
Journal of Consumer Research,Strategies Used by Working and Nonworking Wives to Reduce Time Pressures,https://openalex.org/W1973206672,https://doi.org/10.1086/208777,1980,article,177
Journal of Consumer Research,The Effect of Vivid Attributes on the Evaluation of Alternatives: The Role of Differential Attention and Cognitive Elaboration,https://openalex.org/W1979657326,https://doi.org/10.1086/209207,1989,article,177
Journal of Consumer Research,An Interaction Framework of Consumer Decision Making,https://openalex.org/W2018554098,https://doi.org/10.1086/208958,1983,article,177
Journal of Consumer Research,Compensatory Choice Models of Noncompensatory Processes: The Effect of Varying Context,https://openalex.org/W2163493113,https://doi.org/10.1086/208989,1984,article,177
Journal of Consumer Research,Are Warranties Accurate Signals of Product Reliability?,https://openalex.org/W2034996604,https://doi.org/10.1086/208513,1985,article,175
Journal of Consumer Research,Information Accessibility as a Moderator of Consumer Choice,https://openalex.org/W2091953488,https://doi.org/10.1086/208941,1983,article,175
Journal of Consumer Research,The Influence of Cognitive Personality Traits and Demographics on Consumer Information Acquisition,https://openalex.org/W2037945306,https://doi.org/10.1086/208857,1981,article,173
Journal of Consumer Research,Predictors of Attendance at the Performing Arts,https://openalex.org/W2011219733,https://doi.org/10.1086/208800,1980,article,172
Journal of Consumer Research,The Effects of Television Commercial Repetition on Cognitive Response and Message Acceptance,https://openalex.org/W2021561481,https://doi.org/10.1086/208896,1982,article,169
Journal of Consumer Research,"Time Compression, Response Opportunity, and Persuasion",https://openalex.org/W2071538934,https://doi.org/10.1086/209049,1986,article,168
Journal of Consumer Research,Consumers' Use of Memory and External Information in Choice: Macro and Micro Perspectives,https://openalex.org/W2050820719,https://doi.org/10.1086/208525,1986,article,166
Journal of Consumer Research,Are all the Effects of Ad-Induced Feelings Mediated by A$_ad$?,https://openalex.org/W2063906861,https://doi.org/10.1086/209173,1988,article,165
Journal of Consumer Research,Consumer Response to In-Store Price Information Environments,https://openalex.org/W2045332460,https://doi.org/10.1086/208876,1982,article,163
Journal of Consumer Research,Alcohol Control Laws and the Consumption of Distilled Spirits and Beer,https://openalex.org/W2125101287,https://doi.org/10.1086/208509,1985,article,161
Journal of Consumer Research,On the Scientific Status of Consumer Research and the Need for an Interpretive Approach to Studying Consumption Behavior,https://openalex.org/W2042984653,https://doi.org/10.1086/209178,1988,article,160
Journal of Consumer Research,Consumer Search and Public Policy,https://openalex.org/W2073736890,https://doi.org/10.1086/208836,1981,article,160
Journal of Consumer Research,The Value Priority Hypotheses for Consumer Budget Plans,https://openalex.org/W2161605770,https://doi.org/10.1086/208529,1986,article,160
Journal of Consumer Research,Beyond External Validity,https://openalex.org/W1974450549,https://doi.org/10.1086/208950,1983,article,159
Journal of Consumer Research,The Influence of a Brand Name's Association Set Size and Word Frequency on Brand Memory,https://openalex.org/W2058278338,https://doi.org/10.1086/209208,1989,article,159
Journal of Consumer Research,Classical Conditioning of Preferences for Stimuli,https://openalex.org/W2088100178,https://doi.org/10.1086/208518,1985,article,159
Journal of Consumer Research,The Impact of Cultural Patterns on Cognition and Intention in Singapore,https://openalex.org/W2074416143,https://doi.org/10.1086/209087,1987,article,157
Journal of Consumer Research,Characteristics of Mexican American Consumers,https://openalex.org/W2015305884,https://doi.org/10.1086/209040,1985,article,154
Journal of Consumer Research,A Model of Primary Voter Behavior,https://openalex.org/W2034701959,https://doi.org/10.1086/208506,1985,article,154
Journal of Consumer Research,Consumer Responses to Dissatisfaction in Loose Monopolies,https://openalex.org/W1973519717,https://doi.org/10.1086/208502,1985,article,153
Journal of Consumer Research,Complexities of Household Energy Consumption and Conservation,https://openalex.org/W2026286079,https://doi.org/10.1086/208860,1981,article,152
Journal of Consumer Research,The Effectiveness of Family Life Cycle Variables in Consumer Expenditure Research,https://openalex.org/W2080065111,https://doi.org/10.1086/208967,1983,article,150
Journal of Consumer Research,Varieties of Mere Exposure: The Effects of Processing Style and Repetition on Affective Response,https://openalex.org/W1992809532,https://doi.org/10.1086/209032,1985,article,149
Journal of Consumer Research,One-Sided Versus Two-Sided Comparative Message Appeals for New Brand Introductions,https://openalex.org/W1977703122,https://doi.org/10.1086/208888,1982,article,147
Journal of Consumer Research,Identifying Misleading Advertising,https://openalex.org/W1979367279,https://doi.org/10.1086/208848,1981,article,147
Journal of Consumer Research,Hemispheral Lateralization: Implications for Understanding Consumer Behavior,https://openalex.org/W2013163452,https://doi.org/10.1086/208837,1981,article,147
Journal of Consumer Research,Household Behavior and the Use of Natural Gas for Home Heating,https://openalex.org/W2151114637,https://doi.org/10.1086/208862,1981,article,145
Journal of Consumer Research,"Individual, Product Class, and Task-Related Factors in Consumer Information Processing",https://openalex.org/W2114551679,https://doi.org/10.1086/208819,1980,article,142
Journal of Consumer Research,What Does Familiarity Breed? Complexity as a Moderator of Repetition Effects in Advertisement Evaluation,https://openalex.org/W2000738357,https://doi.org/10.1086/209149,1988,article,152
Journal of Consumer Research,Effect of Product-Line Pricing Characteristics on Product Evaluations,https://openalex.org/W2000299494,https://doi.org/10.1086/209084,1987,article,146
Journal of Consumer Research,"Ambiguity, Processing Strategy, and Advertising-Evidence Interactions",https://openalex.org/W2012353533,https://doi.org/10.1086/209221,1989,article,142
Journal of Consumer Research,Children's Recognition of Consumption Symbolism in Children's Products,https://openalex.org/W2034496697,https://doi.org/10.1086/208977,1984,article,142
Journal of Consumer Research,A Meta-Analysis of Effect Sizes in Consumer Behavior Experiments,https://openalex.org/W2085686853,https://doi.org/10.1086/209039,1985,article,142
Journal of Consumer Research,The Impact of Comparative Advertising on Perception and Attitude: Some Positive Findings,https://openalex.org/W1981430419,https://doi.org/10.1086/209008,1984,article,139
Journal of Consumer Research,Effects of Initial Product Judgments on Subsequent Memory-Based Judgments,https://openalex.org/W2049869231,https://doi.org/10.1086/209043,1986,article,138
Journal of Consumer Research,Recent Developments in Classical Conditioning,https://openalex.org/W2063205442,https://doi.org/10.1086/208999,1984,article,137
Journal of Consumer Research,"Quality, Price, Advertising, and Published Quality Ratings",https://openalex.org/W2072683070,https://doi.org/10.1086/208929,1983,article,137
Journal of Consumer Research,Issues in the Application of Covariance Structure Analysis: A Further Comment,https://openalex.org/W2030523104,https://doi.org/10.1086/208939,1983,article,135
Journal of Consumer Research,Context Effects on Judgment under Uncertainty,https://openalex.org/W2038715497,https://doi.org/10.1086/209003,1984,article,135
Journal of Consumer Research,Measurement Error and Theory Testing in Consumer Research: An Illustration of the Importance of Construct Validation,https://openalex.org/W2156958714,https://doi.org/10.1086/209137,1988,article,133
Journal of Consumer Research,Inferential Beliefs in Consumer Evaluations: An Assessment of Alternative Processing Strategies,https://openalex.org/W2002272535,https://doi.org/10.1086/209119,1987,article,131
Journal of Consumer Research,What Consumer Research Is...,https://openalex.org/W2171302607,https://doi.org/10.1086/209101,1987,article,125
Journal of Consumer Research,Working Wives and Expenditure on Services,https://openalex.org/W2091911821,https://doi.org/10.1086/209006,1984,article,124
Journal of Consumer Research,Advertising Effects on Attributes Recalled and Criteria Used for Brand Evaluations,https://openalex.org/W2081833822,https://doi.org/10.1086/208970,1983,article,122
Journal of Consumer Research,An Investigation of Individual Responses to Tensile Price Claims,https://openalex.org/W2130772416,https://doi.org/10.1086/209164,1988,article,121
Journal of Consumer Research,Product Class Advertising Effects on First-Time Buyers' Decision Strategies,https://openalex.org/W2017903120,https://doi.org/10.1086/208805,1980,article,119
Journal of Consumer Research,Design of Subscription Programs for a Performing Arts Series,https://openalex.org/W2030906698,https://doi.org/10.1086/208842,1981,article,117
Journal of Consumer Research,Material Values in the Comics: A Content Analysis of Comic Books Featuring Themes of Wealth,https://openalex.org/W2059877591,https://doi.org/10.1086/209090,1987,article,117
Journal of Consumer Research,Joint Decisions in Home Purchasing: A Muddling-Through Process,https://openalex.org/W2086127501,https://doi.org/10.1086/208908,1982,article,116
Journal of Consumer Research,Determinants of Credit Card Accounts: An Application of Tobit Analysis,https://openalex.org/W2141901739,https://doi.org/10.1086/208853,1981,article,115
Journal of Consumer Research,Reference Prices and Deception in Newspaper Advertising,https://openalex.org/W2001745749,https://doi.org/10.1086/209022,1985,article,114
Journal of Consumer Research,The Effects of Advertising on High and Low Loyalty Consumer Segments,https://openalex.org/W2024088983,https://doi.org/10.1086/208898,1982,article,114
Journal of Consumer Research,The Differential Processing of Product Category and Noncomparable Choice Alternatives,https://openalex.org/W2092824945,https://doi.org/10.1086/209216,1989,article,114
Journal of Consumer Research,The Role of External Validity in Theoretical Research,https://openalex.org/W2158008295,https://doi.org/10.1086/208949,1983,article,114
Journal of Consumer Research,Industrial Organization and Consumer Satisfaction/Dissatisfaction,https://openalex.org/W2013869099,https://doi.org/10.1086/208934,1983,article,113
Journal of Consumer Research,"""May Your Life Be Marvelous:"" English Language Labelling and the Semiotics of Japanese Promotion",https://openalex.org/W2087804306,https://doi.org/10.1086/209104,1987,article,113
Journal of Consumer Research,A Resource Exchange Theory Analysis of Consumer Behavior,https://openalex.org/W2115985280,https://doi.org/10.1086/208972,1983,article,113
Journal of Consumer Research,Increasing Contributions in Solicitation Campaigns: The Use of Large and Small Anchorpoints,https://openalex.org/W2023799651,https://doi.org/10.1086/209166,1988,article,112
Journal of Consumer Research,Ad Reactions over Time: Capturing Changes in the Real World,https://openalex.org/W2050729756,https://doi.org/10.1086/209051,1986,article,112
Journal of Consumer Research,A Citation Analysis of the Journal of Consumer research,https://openalex.org/W2062817429,https://doi.org/10.1086/209188,1989,article,111
Journal of Consumer Research,Measuring Market Efficiency and Welfare Loss,https://openalex.org/W3123094268,https://doi.org/10.1086/209167,1988,article,111
Journal of Consumer Research,Children's Responses to Repetitive Television Commercials,https://openalex.org/W1975988657,https://doi.org/10.1086/208785,1980,article,110
Journal of Consumer Research,Product-Level Choice: A Top-Down or Bottom-Up Process?,https://openalex.org/W2002614140,https://doi.org/10.1086/209215,1989,article,110
Journal of Consumer Research,Inference of Hierarchical Choice Processes from Panel Data,https://openalex.org/W2022770562,https://doi.org/10.1086/208844,1981,article,110
Journal of Consumer Research,Context Effects on Effort and Accuracy in Choice: An Enquiry into Adaptive Decision Making,https://openalex.org/W2041332546,https://doi.org/10.1086/209181,1989,article,109
Journal of Consumer Research,Who Do We Know: Predicting the Interests and Opinions of the American Consumer,https://openalex.org/W1970190808,https://doi.org/10.1086/209169,1988,article,108
Journal of Consumer Research,Preschoolers' Understanding of the Informational Function of Television Advertising,https://openalex.org/W2044911934,https://doi.org/10.1086/209108,1987,article,108
Journal of Consumer Research,Comparability and Hierarchical Processing in Multialternative Choice,https://openalex.org/W2120326118,https://doi.org/10.1086/209168,1988,article,108
Journal of Consumer Research,Effects of Cost-Related Feedback on Consumer Knowledge and Consumption Behavior: A Field Experimental Approach,https://openalex.org/W1992299190,https://doi.org/10.1086/209072,1986,article,107
Journal of Consumer Research,Societal Development and Family Purchasing Roles: A Cross-National Study,https://openalex.org/W2001625162,https://doi.org/10.1086/208937,1983,article,106
Journal of Consumer Research,Costs Incurred by Residential Electricity Consumers Due to Power Failures,https://openalex.org/W1987967955,https://doi.org/10.1086/208779,1980,article,105
Journal of Consumer Research,Estimating Demand Functions for Product Characteristics: The Case of Automobiles,https://openalex.org/W2048354236,https://doi.org/10.1086/208813,1980,article,103
Journal of Consumer Research,Using a Structural Model of Halo Effect to Assess Perceptual Distortion Due to Affective Overtones,https://openalex.org/W2055016285,https://doi.org/10.1086/208963,1983,article,102
Journal of Consumer Research,Organizational Psychographics and Innovativeness,https://openalex.org/W2090225711,https://doi.org/10.1086/208789,1980,article,102
Journal of Consumer Research,Comparing Derived Importance Weights Across Attributes,https://openalex.org/W2161768616,https://doi.org/10.1086/208890,1982,article,102
Journal of Consumer Research,"The Direction of Causality between Perceptions, Affect, and Behavior: An Application to Travel Behavior",https://openalex.org/W2090059486,https://doi.org/10.1086/208780,1980,article,97
Journal of Consumer Research,Attribution Theory and Advertising Effectiveness,https://openalex.org/W2138053097,https://doi.org/10.1086/208810,1980,article,93
Journal of Consumer Research,Experiments in Constrained Choice,https://openalex.org/W1974637205,https://doi.org/10.1086/209096,1987,article,105
Journal of Consumer Research,The Nature and Methodological Implications of the Cognitive Representation of Products,https://openalex.org/W2016228775,https://doi.org/10.1086/209107,1987,article,104
Journal of Consumer Research,Assessing the Role of Brand-Related Cognitive Responses as Mediators of Communication Effects on Cognitive Structure,https://openalex.org/W1968168262,https://doi.org/10.1086/209184,1989,article,101
Journal of Consumer Research,"Indexing Product Quality: Issues, Theory, and Results",https://openalex.org/W1974997857,https://doi.org/10.1086/209055,1986,article,99
Journal of Consumer Research,Sex Typing and Consumer Behavior: A Test of Gender Schema Theory,https://openalex.org/W2066800376,https://doi.org/10.1086/209151,1988,article,99
Journal of Consumer Research,The Changing Language of a Consumer Society: Brand Name Usage in Popular American Novels in the Postwar Era,https://openalex.org/W2128280711,https://doi.org/10.1086/209027,1985,article,99
Journal of Consumer Research,Barriers to Consumer Choice of Energy Efficient Products,https://openalex.org/W1999391528,https://doi.org/10.1086/208909,1982,article,97
Journal of Consumer Research,"Effects of Product Trial on Consumer Expectations, Demand, and Prices",https://openalex.org/W2013898700,https://doi.org/10.1086/209036,1985,article,97
Journal of Consumer Research,Self-Perception Based Strategies for Stimulating Energy Conservation,https://openalex.org/W2027018131,https://doi.org/10.1086/208878,1982,article,97
Journal of Consumer Research,Deception by Implication: An Experimental Investigation,https://openalex.org/W2087902476,https://doi.org/10.1086/209130,1988,article,95
Journal of Consumer Research,Do Cognitive Responses Mediate the Effects of Advertising Content on Cognitive Structure?,https://openalex.org/W2000160124,https://doi.org/10.1086/208921,1982,article,93
Journal of Consumer Research,Organizational Fundraising: Further Evidence on the Effect of Legitimizing Small Donations,https://openalex.org/W2058315371,https://doi.org/10.1086/208997,1984,article,93
Journal of Consumer Research,Integration of Serially Sampled Price Infromation: Modeling and Some Findings,https://openalex.org/W1968081996,https://doi.org/10.1086/209075,1986,article,90
Journal of Consumer Research,Examining the Target of Receiver Elaborations: Rhetorical Question Effects on Source Processing and Persuasion,https://openalex.org/W1979914430,https://doi.org/10.1086/209023,1985,article,90
Journal of Consumer Research,Determinants of Role Structure in Family Financial Management,https://openalex.org/W1983205878,https://doi.org/10.1086/208964,1983,article,90
Journal of Consumer Research,Price Search in a Product Market,https://openalex.org/W2118544817,https://doi.org/10.1086/208930,1983,article,90
Journal of Consumer Research,Standardizing Variables in Multiplicative Choice Models,https://openalex.org/W2096131033,https://doi.org/10.1086/208948,1983,article,89
Journal of Consumer Research,Sampling Data for Covariation Assessment: The Effect of Prior Beliefs on Search Patterns,https://openalex.org/W2153818518,https://doi.org/10.1086/209046,1986,article,89
Journal of Consumer Research,Primitive Aspects of Consumption in Modern American Society,https://openalex.org/W2012235342,https://doi.org/10.1086/208503,1985,article,88
Journal of Consumer Research,Improving the Detection of Personality-Behavior Relationships in Consumer Research,https://openalex.org/W2004905969,https://doi.org/10.1086/209138,1988,article,87
Journal of Consumer Research,The Development of Consumer Knowledge in Children: A Cognitive Structure Approach,https://openalex.org/W1994663239,https://doi.org/10.1086/208526,1986,article,86
Journal of Consumer Research,"""Consciousness"" in Energy Conservation Behavior: An Exploratory Study",https://openalex.org/W2090205994,https://doi.org/10.1086/208868,1981,article,86
Journal of Consumer Research,Allocating Discretionary Time: Complementarity among Activities,https://openalex.org/W2009732217,https://doi.org/10.1086/208830,1981,article,85
Journal of Consumer Research,Confirmatory Versus Comparative Approaches to Judging Theory Tests,https://openalex.org/W2012149080,https://doi.org/10.1086/209097,1987,article,85
Journal of Consumer Research,Scientific Style and the Conduct of Consumer Research,https://openalex.org/W2022531761,https://doi.org/10.1086/208511,1985,article,85
Journal of Consumer Research,Consumer Response to Continuous-Display Electricity-Use Monitors in a Time- of-Use Pricing Experiment,https://openalex.org/W2028769273,https://doi.org/10.1086/209092,1987,article,84
Journal of Consumer Research,Priming Effects on Product Judgments: A Hemispheric Interpretation,https://openalex.org/W2119670738,https://doi.org/10.1086/209195,1989,article,84
Journal of Consumer Research,The Relationship between Prior Brand Knowledge and Information Acquisition Order,https://openalex.org/W1977589636,https://doi.org/10.1086/209136,1988,article,83
Journal of Consumer Research,How and When do Brand Perceptions and Preferences First Form? A Cognitive Developmental Investigation,https://openalex.org/W1977206453,https://doi.org/10.1086/209077,1986,article,82
Journal of Consumer Research,A Longitudinal Study of the Use of the Elderly in Magazine Advertising,https://openalex.org/W2154128096,https://doi.org/10.1086/209054,1986,article,82
Journal of Consumer Research,Optimal Stimulation Level-Exploratory Behavior Models,https://openalex.org/W2132620253,https://doi.org/10.1086/209018,1984,article,81
Journal of Consumer Research,The Nominal Group Technique: Its Potential for Consumer Research,https://openalex.org/W2148177122,https://doi.org/10.1086/208818,1980,article,76
Journal of Consumer Research,The Effect of Experience: A Matter of Salience?,https://openalex.org/W2008370182,https://doi.org/10.1086/208783,1980,article,75
Journal of Consumer Research,Consumer Response to Initial Product Trial: A Bayesian Analysis,https://openalex.org/W2059240717,https://doi.org/10.1086/208790,1980,article,72
Journal of Consumer Research,Hemispherically Lateralized EEG as a Response to Television Commercials,https://openalex.org/W2156797681,https://doi.org/10.1086/209156,1988,article,79
Journal of Consumer Research,Convariation Assessment by Consumers,https://openalex.org/W1987346268,https://doi.org/10.1086/209071,1986,article,78
Journal of Consumer Research,Conjoint Internal Validity Under Alternative Profile Presentations,https://openalex.org/W2002091763,https://doi.org/10.1086/209177,1988,article,78
Journal of Consumer Research,"Rhetorical Question, Summarization Frequency, and Argument Strength Effects on Recall",https://openalex.org/W2004975657,https://doi.org/10.1086/209146,1988,article,78
Journal of Consumer Research,The Learning of Multiattribute Judgment Policies,https://openalex.org/W2063571868,https://doi.org/10.1086/209103,1987,article,78
Journal of Consumer Research,Must All Affect Be Mediated by Cognition?,https://openalex.org/W2124565739,https://doi.org/10.1086/208523,1985,article,77
Journal of Consumer Research,Trends in Consumer Behavior Literature: A Content Analysis,https://openalex.org/W2014117073,https://doi.org/10.1086/208985,1984,article,76
Journal of Consumer Research,The Effects of Commercials for Adult Products on Children,https://openalex.org/W2032126134,https://doi.org/10.1086/209030,1985,article,76
Journal of Consumer Research,Search Monitor: An Approach for Computer-Controlled Experiments Involving Consumer Information Search,https://openalex.org/W2090501669,https://doi.org/10.1086/209150,1988,article,75
Journal of Consumer Research,Estimating Price-Quality Tradeoffs Using Comparative Judgments,https://openalex.org/W2136367773,https://doi.org/10.1086/208995,1984,article,75
Journal of Consumer Research,The Influence of Involvement on Disaggregate Attribute Choice Models,https://openalex.org/W2017532961,https://doi.org/10.1086/209094,1987,article,74
Journal of Consumer Research,Mental Mapping of Two Supermarkets,https://openalex.org/W2039384942,https://doi.org/10.1086/208915,1982,article,74
Journal of Consumer Research,Competitive Market Structure Analysis: Principal Partitioning of Revealed Substitutabilities,https://openalex.org/W2033704907,https://doi.org/10.1086/208942,1983,article,73
Journal of Consumer Research,The Comprehension/Miscomprehension of Print Communication: Selected Findings,https://openalex.org/W2051531794,https://doi.org/10.1086/209183,1989,article,73
Journal of Consumer Research,Life Styles and Consumption Patterns,https://openalex.org/W2037070727,https://doi.org/10.1086/208886,1982,article,71
Journal of Consumer Research,Wife's Occupational Status as a Consumer Behavior Construct,https://openalex.org/W1970051156,https://doi.org/10.1086/208855,1981,article,70
Journal of Consumer Research,Psychographic and Demographic Characteristics of Blood Donors,https://openalex.org/W2004624845,https://doi.org/10.1086/208841,1981,article,70
Journal of Consumer Research,On the Relationship between Cognitive and Affective Processes: A Critique of Zajonc and Markus,https://openalex.org/W2052684393,https://doi.org/10.1086/208522,1985,article,70
Journal of Consumer Research,A Psychometric Assessment of Measures of Scripts in Consumer Memory,https://openalex.org/W2071895368,https://doi.org/10.1086/208510,1985,article,70
Journal of Consumer Research,Forecasting the Ultimate Acceptance of an Innovation: The Effects of Information,https://openalex.org/W1977871361,https://doi.org/10.1086/208852,1981,article,69
Journal of Consumer Research,Durables and Wives' Employment Yet Again,https://openalex.org/W2068215414,https://doi.org/10.1086/209143,1988,article,69
Journal of Consumer Research,Constructing Joint Spaces from Pick-Any Data: A New Tool for Consumer Analysis,https://openalex.org/W1978338324,https://doi.org/10.1086/208900,1982,article,68
Journal of Consumer Research,Determinants of Price Dependency: Personal and Perceptual Factors,https://openalex.org/W1991887271,https://doi.org/10.1086/208858,1981,article,68
Journal of Consumer Research,Influences on Married Women's Volunteer Work Participation,https://openalex.org/W2091131432,https://doi.org/10.1086/208827,1981,article,68
Journal of Consumer Research,"Task, Expectancy, and Information Assessment Effects in Information Utilization Processes",https://openalex.org/W1981584854,https://doi.org/10.1086/208531,1986,article,66
Journal of Consumer Research,Correlates of Interpersonal Purchase Influence in Organizations,https://openalex.org/W2045873770,https://doi.org/10.1086/208910,1982,article,66
Journal of Consumer Research,Time and the Rate of Adoption of Innovations,https://openalex.org/W2081842596,https://doi.org/10.1086/208786,1980,article,66
Journal of Consumer Research,Working Wives and Major Family Expenditures: Replication and Extension,https://openalex.org/W2018014132,https://doi.org/10.1086/208965,1983,article,63
Journal of Consumer Research,Changing Roles of Women-A Life-Style Analysis,https://openalex.org/W2043762951,https://doi.org/10.1086/208806,1980,article,62
Journal of Consumer Research,Life Cycle Cost: A New Form of Consumer Information,https://openalex.org/W2012408380,https://doi.org/10.1086/208778,1980,article,58
Journal of Consumer Research,"Colonial Consumers in Revolt: Buyer Values and Behavior during the Nonimportation Movement, 1764-1776",https://openalex.org/W1968991270,https://doi.org/10.1086/209210,1989,article,66
Journal of Consumer Research,Price Expectation and Price Recall Error: An Empirical Study,https://openalex.org/W2087974567,https://doi.org/10.1086/209121,1987,article,65
Journal of Consumer Research,An Analysis of Conjunctive Choice: Theory and Experiments,https://openalex.org/W2051965673,https://doi.org/10.1086/208976,1984,article,61
Journal of Consumer Research,An Investigation of Utility-Directed Cutoff Selection,https://openalex.org/W2005422267,https://doi.org/10.1086/209109,1987,article,60
Journal of Consumer Research,Another Look at the Impact of Information Presentation Format,https://openalex.org/W2071345853,https://doi.org/10.1086/208512,1985,article,60
Journal of Consumer Research,Can Consumers Calculate Best Buys?,https://openalex.org/W2132000323,https://doi.org/10.1086/208885,1982,article,60
Journal of Consumer Research,Electoral Turnout in Rational Voting and Consumption Perspectives,https://openalex.org/W2033251603,https://doi.org/10.1086/208928,1983,article,59
Journal of Consumer Research,A Lifestyle Typology to Model Young Male Drinking and Driving,https://openalex.org/W2009503625,https://doi.org/10.1086/209110,1987,article,58
Journal of Consumer Research,Detecting and Explaining the Sleeper Effect,https://openalex.org/W2018421975,https://doi.org/10.1086/209000,1984,article,58
Journal of Consumer Research,A Protocol Analysis of Brand Choice Strategies Involving Recommendations,https://openalex.org/W2098265928,https://doi.org/10.1086/209126,1987,article,58
Journal of Consumer Research,Measuring Values of Travel Time Savings,https://openalex.org/W1994888207,https://doi.org/10.1086/208826,1981,article,57
Journal of Consumer Research,The Feasibility of Changing Electricity Consumption Patterns,https://openalex.org/W2018364678,https://doi.org/10.1086/208866,1981,article,56
Journal of Consumer Research,A Comparison of Group Differences in Food Consumption Using Household Refuse,https://openalex.org/W2064389588,https://doi.org/10.1086/209113,1987,article,56
Journal of Consumer Research,The Impact of Enriching Case and Statistical Information on Consumer Judgments,https://openalex.org/W2093528330,https://doi.org/10.1086/208880,1982,article,56
Journal of Consumer Research,Measuring Social Values: A Content Analysis of Sunday Comics and Underground Comix,https://openalex.org/W2015550749,https://doi.org/10.1086/209050,1986,article,55
Journal of Consumer Research,Food Shopping and Preparation: Psychographic Differences of Working Wives and Housewives,https://openalex.org/W2154101020,https://doi.org/10.1086/209041,1985,article,55
Journal of Consumer Research,Are Two Better Than One? Bargaining Behavior and Outcomes in an Asymmetrical Power Relationship,https://openalex.org/W2170977071,https://doi.org/10.1086/209004,1984,article,55
Journal of Consumer Research,Credit Cards: An Interdisciplinary Survey,https://openalex.org/W2170443852,https://doi.org/10.1086/208776,1980,article,54
Journal of Consumer Research,The Family Life Cycle: An Alternative Approach,https://openalex.org/W2090226399,https://doi.org/10.1086/208809,1980,article,53
Journal of Consumer Research,How Valid are Product Descriptions and Protocols in Choice Experiments?,https://openalex.org/W2137550489,https://doi.org/10.1086/208838,1981,article,53
Journal of Consumer Research,"Implicit Discount Rates and the Purchase of Untried, Energy-Saving Durable Goods",https://openalex.org/W2157925141,https://doi.org/10.1086/208962,1983,article,52
Journal of Consumer Research,The Value of Incentives in Stimulating Energy Conservation,https://openalex.org/W2101985111,https://doi.org/10.1086/208867,1981,article,50
Journal of Consumer Research,Utility and Choice: An Empirical Study of Wife/Husband Decision Making,https://openalex.org/W2116342576,https://doi.org/10.1086/209196,1989,article,55
Journal of Consumer Research,The Effect of Probability and Consequence Levels on the Focus of Consumer Judgments in Risky Situations,https://openalex.org/W2046862311,https://doi.org/10.1086/209165,1988,article,53
Journal of Consumer Research,On the Use of Component Scores in the Presence of Group Structure,https://openalex.org/W1965899856,https://doi.org/10.1086/209198,1989,article,51
Journal of Consumer Research,Preferred Solutions to the Energy Crisis as a Function of Causal Attributions,https://openalex.org/W2053461302,https://doi.org/10.1086/208869,1981,article,49
Journal of Consumer Research,Effects of Unexpected Situations on Behavior-Intention Differences: A Garbology Analysis,https://openalex.org/W2007293844,https://doi.org/10.1086/208507,1985,article,48
Journal of Consumer Research,Basic Cognitive Ability Measures as Predictors of Consumer Information Processing Strategies,https://openalex.org/W2028171362,https://doi.org/10.1086/208991,1984,article,48
Journal of Consumer Research,Decision Issues in Building Perceptual Product Spaces with Multi-Attribute Rating Data,https://openalex.org/W2030116726,https://doi.org/10.1086/209034,1985,article,48
Journal of Consumer Research,Consumer Acquisition Patterns for Durable Goods: Australian Evidence,https://openalex.org/W2036278683,https://doi.org/10.1086/208887,1982,article,48
Journal of Consumer Research,Sales Effectiveness of Comparative Advertising: An Experimental Field Investigation,https://openalex.org/W2083636075,https://doi.org/10.1086/208975,1983,article,48
Journal of Consumer Research,Toward a Theory of Segmentation by Objectives in Social Marketing,https://openalex.org/W1975049734,https://doi.org/10.1086/208787,1980,article,46
Journal of Consumer Research,On the Use of Hierarchical Clustering for the Analysis of Nonsymmetric Proximities,https://openalex.org/W3124323879,https://doi.org/10.1086/208996,1984,article,45
Journal of Consumer Research,Tax Credits as a Means of Influencing Consumer Behavior,https://openalex.org/W2103396994,https://doi.org/10.1086/208873,1981,article,44
Journal of Consumer Research,The Effect of Information-Processing Ability on Processing Accuracy,https://openalex.org/W2051352513,https://doi.org/10.1086/208791,1980,article,43
Journal of Consumer Research,A Developmental Study of Consumer Information-Processing Strategies,https://openalex.org/W2123087333,https://doi.org/10.1086/208811,1980,article,43
Journal of Consumer Research,An Over-Extended Self?,https://openalex.org/W1987165618,https://doi.org/10.1086/209201,1989,article,45
Journal of Consumer Research,Using Consumer Perceptions and a Contingency Approach to Improve Health Care Delivery,https://openalex.org/W2120840836,https://doi.org/10.1086/209083,1987,article,45
Journal of Consumer Research,Measurement and Structure of Kelley's Covariance Theory,https://openalex.org/W2085037614,https://doi.org/10.1086/209069,1986,article,44
Journal of Consumer Research,The Liking and Viewing of Regular TV Series,https://openalex.org/W2091890127,https://doi.org/10.1086/209093,1987,article,44
Journal of Consumer Research,Consumer Acquisition Priorities for Home Appliances: A Replication and Re-evaluation,https://openalex.org/W2149875005,https://doi.org/10.1086/208936,1983,article,42
Journal of Consumer Research,The Use of Economic Reasoning to Increase Satisfaction with Family Decision Making,https://openalex.org/W2030226341,https://doi.org/10.1086/208854,1981,article,40
Journal of Consumer Research,Choice Strategy in a Difficult Task Environment,https://openalex.org/W2123583627,https://doi.org/10.1086/208891,1982,article,40
Journal of Consumer Research,Consumer Behavior and Consumer Well-Being: An Economist's Digest,https://openalex.org/W2101241422,https://doi.org/10.1086/208849,1981,article,39
Journal of Consumer Research,A Second Look at Children and the Advertising of Premiums,https://openalex.org/W1965945495,https://doi.org/10.1086/208784,1980,article,38
Journal of Consumer Research,A Value-Added Approach to Household Production: The Special Case of Meal Preparation,https://openalex.org/W1982127752,https://doi.org/10.1086/209066,1986,article,39
Journal of Consumer Research,Assessing Biases in Measuring Decision Effectiveness and Information Overload,https://openalex.org/W1998951789,https://doi.org/10.1086/209190,1989,article,39
Journal of Consumer Research,Effects of Information Presentation Format on Resource Use in Field Studies,https://openalex.org/W2048897037,https://doi.org/10.1086/209002,1984,article,37
Journal of Consumer Research,Allocation of Time to the Mass Media,https://openalex.org/W1972252984,https://doi.org/10.1086/208824,1981,article,36
Journal of Consumer Research,Relativism Revidivus: In Defense of Critical Relativism,https://openalex.org/W2040685105,https://doi.org/10.1086/209179,1988,article,36
Journal of Consumer Research,Spousal Conflict Arousal: Scale Development,https://openalex.org/W2058886212,https://doi.org/10.1086/209016,1984,article,35
Journal of Consumer Research,Consumer Adaptation to Gasoline Price Increases,https://openalex.org/W1970380299,https://doi.org/10.1086/208871,1981,article,33
Journal of Consumer Research,Predispositions Toward Generic Drug Acceptance,https://openalex.org/W2070341210,https://doi.org/10.1086/208788,1980,article,33
Journal of Consumer Research,Nonlinear Relations in a Complex Model of Buyer Behavior,https://openalex.org/W2163188328,https://doi.org/10.1086/208781,1980,article,31
Journal of Consumer Research,The Effects of Advertisement Encoding on the Failure to Discount Information: Implications for the Sleeper Effect,https://openalex.org/W2038549177,https://doi.org/10.1086/209142,1988,article,35
Journal of Consumer Research,Information Overload and the Nonrobustness of Linear Models: A Comment on Keller and Staelin,https://openalex.org/W2112753470,https://doi.org/10.1086/209189,1989,article,35
Journal of Consumer Research,Diurnal Variation in Consumer Response,https://openalex.org/W2031669842,https://doi.org/10.1086/209139,1988,article,33
Journal of Consumer Research,Relative to What-That is the Question: A Reply to Siegel,https://openalex.org/W2034156672,https://doi.org/10.1086/209153,1988,article,33
Journal of Consumer Research,Public Reactions to Some Ethical Issues of Social Research: Attitudes and Behavior,https://openalex.org/W1969986686,https://doi.org/10.1086/208986,1984,article,31
Journal of Consumer Research,Relationships between Information Recall and Subsequent Attitudes: Some Exploratory Findings,https://openalex.org/W1973014149,https://doi.org/10.1086/208504,1985,article,31
Journal of Consumer Research,How Researchers Respond to Replication Requests,https://openalex.org/W2153338370,https://doi.org/10.1086/208916,1982,article,31
Journal of Consumer Research,Monitoring Communication Effects: A Cognitive Structure/Cognitive Response Approach,https://openalex.org/W2061859912,https://doi.org/10.1086/208897,1982,article,30
Journal of Consumer Research,Determinants of Physician and Pharmacist Support of Generic Drugs,https://openalex.org/W1966930055,https://doi.org/10.1086/208801,1980,article,29
Journal of Consumer Research,Consumer Resource Allocation Models at the Individual Level,https://openalex.org/W2090070864,https://doi.org/10.1086/208795,1980,article,27
Journal of Consumer Research,Use of Labeling and Assertions of Dependency in Appeals for Consumer Support,https://openalex.org/W2024139439,https://doi.org/10.1086/209038,1985,article,30
Journal of Consumer Research,Relativism for Consumer Research? (Comments on Anderson),https://openalex.org/W2155346894,https://doi.org/10.1086/209152,1988,article,30
Journal of Consumer Research,The Cognitive Processing of Misleading Adversiting in Young and Old Adults: Assessment and Training,https://openalex.org/W2600092715,https://doi.org/10.1086/209091,1987,article,30
Journal of Consumer Research,A Cross-Sectional Optimal Scaling Analysis of the Index of Consumer Sentiment,https://openalex.org/W1977466885,https://doi.org/10.1086/208973,1983,article,29
Journal of Consumer Research,Consumer Demand for Automobiles: A Disaggregated Market Approach,https://openalex.org/W2077526204,https://doi.org/10.1086/208912,1982,article,27
Journal of Consumer Research,Measuring Miscomprehension for Televised Communications Using True-False Questions,https://openalex.org/W2079355155,https://doi.org/10.1086/208955,1983,article,27
Journal of Consumer Research,On 'Individual Differences in Search Behavior for a Nondurable',https://openalex.org/W2167833748,https://doi.org/10.1086/208952,1983,article,27
Journal of Consumer Research,Toward a Definition of the Consumerist Segment in France,https://openalex.org/W1981863744,https://doi.org/10.1086/208847,1981,article,26
Journal of Consumer Research,The Salience of Relevant Others and Its Effect on Individual and Joint Preferences: An Experimental Investigation,https://openalex.org/W2153545985,https://doi.org/10.1086/208945,1983,article,26
Journal of Consumer Research,The Concept of Quality and the Efficiency of Markets: Issues and Comments,https://openalex.org/W2112106800,https://doi.org/10.1086/209056,1986,article,25
Journal of Consumer Research,Effects of Consumer Information and Education on Cognition and Choice,https://openalex.org/W2124259028,https://doi.org/10.1086/208839,1981,article,25
Journal of Consumer Research,Taxation and the Consumption of Household Time,https://openalex.org/W1973753303,https://doi.org/10.1086/208829,1981,article,23
Journal of Consumer Research,Electricity Consumption by the Elderly: Policy Implications,https://openalex.org/W1981401835,https://doi.org/10.1086/208863,1981,article,23
Journal of Consumer Research,Experiences with the Bettman-Park Verbal-Protocol Coding Scheme,https://openalex.org/W2043010657,https://doi.org/10.1086/208884,1982,article,23
Journal of Consumer Research,On the Predictive Validity of Joint-Space Models in Consumer Evaluations of New Concepts,https://openalex.org/W2094343868,https://doi.org/10.1086/208914,1982,article,22
Journal of Consumer Research,Energy Usage and the Conserver Society: Review of the 1979 AMA Conference on Ecological Marketing,https://openalex.org/W2024094691,https://doi.org/10.1086/208874,1981,article,21
Journal of Consumer Research,Scaling Models for Categorical Variables: An Application of Latent Structure Models,https://openalex.org/W2095750530,https://doi.org/10.1086/208960,1983,article,21
Journal of Consumer Research,One Job or Two Jobs: The Implications for Young Wives,https://openalex.org/W1992206226,https://doi.org/10.1086/208814,1980,article,20
Journal of Consumer Research,Consumers' Preferences for Alternative Energy Conservation Policies: A Trade-Off Analysis,https://openalex.org/W1999481094,https://doi.org/10.1086/208870,1981,article,20
Journal of Consumer Research,"Satisfaction, Commitment, and Knowledge of Customers on a Mandatory Participation Time-of-Day Electricity Pricing Experiment",https://openalex.org/W2125178490,https://doi.org/10.1086/208901,1982,article,20
Journal of Consumer Research,Measuring Children's Attitudes Toward Television Commercials: Extension and Replication,https://openalex.org/W2040926913,https://doi.org/10.1086/208840,1981,article,19
Journal of Consumer Research,The Effect of Fertility on the Time Use of Working Wives,https://openalex.org/W2146800003,https://doi.org/10.1086/208828,1981,article,19
Journal of Consumer Research,Using Response Latency to Assess Spokesperson Effectiveness,https://openalex.org/W2013437884,https://doi.org/10.1086/209114,1987,article,18
Journal of Consumer Research,Conservation Characteristics among Determinants of Residential Property Value,https://openalex.org/W2087676902,https://doi.org/10.1086/208992,1984,article,18
Journal of Consumer Research,Is Other-Directedness on the Increase? An Empirical Test of Riesman's Theory of Social Character,https://openalex.org/W2156016867,https://doi.org/10.1086/209053,1986,article,18
Journal of Consumer Research,Estimating Choice Probabilities in Multiattribute Decision Making,https://openalex.org/W2088052979,https://doi.org/10.1086/208843,1981,article,17
Journal of Consumer Research,Energy-Related Adaptations in Low-Income Nonmetropolitan Wisconsin Counties,https://openalex.org/W2123948988,https://doi.org/10.1086/208864,1981,article,17
Journal of Consumer Research,To Take or Not to Take the Only One: Effects of Changing the Meaning of a Product Attribute on Choice Behavior,https://openalex.org/W2056774550,https://doi.org/10.1086/208979,1984,article,17
Journal of Consumer Research,More on Multidimensional Quality: A Reply,https://openalex.org/W1976789156,https://doi.org/10.1086/209057,1986,article,16
Journal of Consumer Research,Perception of Time in Consumer Research: Comment,https://openalex.org/W1998613640,https://doi.org/10.1086/208903,1982,article,16
Journal of Consumer Research,Consumer Behavior at Bulk Food Bins,https://openalex.org/W2009061056,https://doi.org/10.1086/209042,1985,article,16
Journal of Consumer Research,Voluntary Response to Energy Conservation Appeals,https://openalex.org/W2077267844,https://doi.org/10.1086/208796,1980,article,15
Journal of Consumer Research,"Television as a Dependent Variable, for a Change",https://openalex.org/W2130478197,https://doi.org/10.1086/208820,1980,article,15
Journal of Consumer Research,Interdependencies in Social and Economic Decision Making: A Conditional Logit Model of the Joint Homeownership-Mobility Decision,https://openalex.org/W2044847490,https://doi.org/10.1086/209160,1988,article,16
Journal of Consumer Research,On the Separability of Weights and Brand Values: Issues and Empirical Results,https://openalex.org/W1999114209,https://doi.org/10.1086/208947,1983,article,14
Journal of Consumer Research,Television Nonviewers: An Endangered Species?,https://openalex.org/W2059364257,https://doi.org/10.1086/208825,1981,article,14
Journal of Consumer Research,Individual and Group Consumer Information Acquisition in Brand Choice Situations,https://openalex.org/W2079262843,https://doi.org/10.1086/208969,1983,article,14
Journal of Consumer Research,A Simulation Study of Methods for Hypothesis Testing in Factor Analysis,https://openalex.org/W1984748274,https://doi.org/10.1086/208803,1980,article,13
Journal of Consumer Research,Multiattribute Perceptual Bias as Revealing of Preference Structure,https://openalex.org/W1985044900,https://doi.org/10.1086/208987,1984,article,14
Journal of Consumer Research,Television Use by Adults and Children: A Multivariate Analysis,https://openalex.org/W1968540268,https://doi.org/10.1086/208851,1981,article,12
Journal of Consumer Research,The Demand for Consumption Time: A Longitudinal Perspective,https://openalex.org/W2093949752,https://doi.org/10.1086/208879,1982,article,12
Journal of Consumer Research,"Chasing the Holy Grail: Reflections on ""What is Consumer Research?""",https://openalex.org/W2095609333,https://doi.org/10.1086/209100,1987,article,11
Journal of Consumer Research,Psychobiology and Consumer Research: A Problem of Construct Validity,https://openalex.org/W2072728992,https://doi.org/10.1086/208797,1980,article,9
Journal of Consumer Research,"The Relationship between Relative Attributes, Relative Preferences, and Market Share: The Case of Solar Energy in Canada",https://openalex.org/W1971097091,https://doi.org/10.1086/209011,1984,article,10
Journal of Consumer Research,A Normative Model of Behavior Based upon an Activity Hierarchy,https://openalex.org/W2113808818,https://doi.org/10.1086/209035,1985,article,10
Journal of Consumer Research,The Impact of Permanent and Transitory Income on Household Automobile Expenditure,https://openalex.org/W2003708439,https://doi.org/10.1086/208793,1980,article,8
Journal of Consumer Research,Designing Persuasive Communication Campaigns: A Multimessage Communication Model,https://openalex.org/W2071299079,https://doi.org/10.1086/208794,1980,article,8
Journal of Consumer Research,"Do We Need Critical Relativism? Comments on ""On Method in Consumer Research""",https://openalex.org/W2146930712,https://doi.org/10.1086/209098,1987,article,9
Journal of Consumer Research,Competitive Market Structure Analysis: A Comment on Problems,https://openalex.org/W2056729917,https://doi.org/10.1086/209019,1984,article,8
Journal of Consumer Research,"Parameter Stability and ""Carry-Over Effects"" in a Consumer Decision-Process Model",https://openalex.org/W2056915991,https://doi.org/10.1086/208889,1982,article,8
Journal of Consumer Research,A Test of a Decompositional Method of Multiattribute Perceptions Measurement,https://openalex.org/W2085738400,https://doi.org/10.1086/209224,1989,article,8
Journal of Consumer Research,"""Consumer Decision Making-Fact or Fiction?"" Comment",https://openalex.org/W2075725548,https://doi.org/10.1086/208821,1980,article,7
Journal of Consumer Research,Perception of Time in Consumer Research: Rejoinder,https://openalex.org/W2001414391,https://doi.org/10.1086/208904,1982,article,7
Journal of Consumer Research,Estimating Demand Functions for Product Characteristics: Comment,https://openalex.org/W2080064593,https://doi.org/10.1086/208917,1982,article,7
Journal of Consumer Research,Comparing Static and Dynamic Estimates of Behavioral Responses to Changes in Family Composition or Income,https://openalex.org/W2139223857,https://doi.org/10.1086/209037,1985,article,7
Journal of Consumer Research,Competitive Market Structure Analysis: A Reply,https://openalex.org/W2168310556,https://doi.org/10.1086/209020,1984,article,7
Journal of Consumer Research,INFLUENCES ON EXCHANGE PROCESSES - BUYERS PRECONCEPTIONS OF A SELLERS TRUSTWORTHINESS AND BARGAINING TOUGHNESS,https://openalex.org/W3151743974,None,1985,article,7
Journal of Consumer Research,The Federal Poverty Thresholds: Appearance and Reality,https://openalex.org/W1972839222,https://doi.org/10.1086/208835,1981,article,6
Journal of Consumer Research,Consumer Conduct in Product Liability Litigation,https://openalex.org/W2022321775,https://doi.org/10.1086/208895,1982,article,6
Journal of Consumer Research,Do Consumers Benefit from Auto Manufacturer Rebates to Dealers?,https://openalex.org/W1977516314,https://doi.org/10.1086/208808,1980,article,5
Journal of Consumer Research,Psychobiology and Consumer Research: A Problem of Construct Validity: Rejoinder,https://openalex.org/W1549379667,https://doi.org/10.1086/208798,1980,article,4
Journal of Consumer Research,Books on Quantitative Methods for Consumer Research,https://openalex.org/W1964778108,https://doi.org/10.1086/208807,1980,article,4
Journal of Consumer Research,"""Consumer Decision Making-Fact or Fiction?"" Comment: Rejoinder",https://openalex.org/W2076076543,https://doi.org/10.1086/208822,1980,article,4
Journal of Consumer Research,Survey Data on Owner-Reported Car Problems: How Useful to Prospective Purchasers of Used Cars?,https://openalex.org/W1996145713,https://doi.org/10.1086/209125,1987,article,4
Journal of Consumer Research,Parsimony or Explanation: On the Estimation of Systems Defined by Nonlinear Differential Equations,https://openalex.org/W1999958627,https://doi.org/10.1086/208984,1984,article,4
Journal of Consumer Research,"On Hypotheses, Measurements, and the Extension of Knowledge",https://openalex.org/W2062638421,https://doi.org/10.1086/208953,1983,article,4
Journal of Consumer Research,A Simple Mathematical Theory of Innovative Behavior: Comment,https://openalex.org/W2156904997,https://doi.org/10.1086/208983,1984,article,4
Journal of Consumer Research,Estimating Demand Functions for Product Characteristics: Reply,https://openalex.org/W2071754821,https://doi.org/10.1086/208918,1982,article,3
Journal of Consumer Research,On the Implications of Jointness in a Normative Model of Behavior Based on an Activity Hierarchy,https://openalex.org/W2147362635,https://doi.org/10.1086/209127,1987,article,3
Journal of Consumer Research,"Comments on ""Credit Cards: An Interdisciplinary Survey""",https://openalex.org/W2026751038,https://doi.org/10.1086/208832,1981,article,2
Journal of Consumer Research,"""Consumer Decision Making-Fact or Fiction?"" Rejoinder",https://openalex.org/W1567362863,None,1980,article,1
Journal of Consumer Research,"Comments on ""Credit Cards: An Interdisciplinary Survey"": Rejoinder",https://openalex.org/W2022170385,https://doi.org/10.1086/208833,1981,article,1
Journal of Consumer Research,Where Two Heads are Better Than One,https://openalex.org/W2115394983,https://doi.org/10.1086/208834,1981,article,1
Journal of Consumer Research,Search Behavior: A Note,https://openalex.org/W2063759006,https://doi.org/10.1086/208902,1982,article,1
Journal of Consumer Research,JCR Forthcoming Issue June 1980,https://openalex.org/W4210600843,https://doi.org/10.1093/jcr/6.4.backcover,1980,article,0
Journal of Consumer Research,Forthcoming in JCR,https://openalex.org/W4246989003,https://doi.org/10.1093/jcr/7.2.backcover,1980,article,0
Journal of Consumer Research,JCR Forthcoming Issue,https://openalex.org/W4247456502,https://doi.org/10.1093/jcr/7.3.backcover,1980,article,0
Journal of Consumer Research,JCR Forthcoming Issue September 1981,https://openalex.org/W4236108942,https://doi.org/10.1093/jcr/8.1.backcover,1981,article,0
Journal of Consumer Research,JCR Forthcoming Issue June 1981,https://openalex.org/W4244179404,https://doi.org/10.1093/jcr/7.4.backcover,1981,article,0
Journal of Consumer Research,JCR Forthcoming Issue March 1982,https://openalex.org/W4256753349,https://doi.org/10.1093/jcr/8.3.backcover,1981,article,0
Journal of Consumer Research,JCR Forthcoming Issue September 1985,https://openalex.org/W4232548884,https://doi.org/10.1093/jcr/12.1.backcover,1985,article,0
Journal of Consumer Research,JCR Forthcoming Issue March 1986,https://openalex.org/W4251583613,https://doi.org/10.1093/jcr/12.3.backcover,1985,article,0
Journal of Consumer Research,JCR Forthcoming Issue December 1983,https://openalex.org/W4254805748,https://doi.org/10.1093/jcr/10.2.backcover,1983,article,0
Journal of Consumer Research,"Preference Trees, Preference Hierarchies, and Consumer Behavior",https://openalex.org/W1983748010,https://doi.org/10.1086/209180,1988,article,0
Journal of Consumer Research,JCR Forthcoming Articles,https://openalex.org/W4235183018,https://doi.org/10.1093/jcr/14.2.backcover,1987,article,0
Journal of Consumer Research,JCR Forthcoming Articles,https://openalex.org/W4236816077,https://doi.org/10.1093/jcr/15.3.backcover,1988,article,0
Journal of Consumer Research,JCR Forthcoming Articles,https://openalex.org/W4244464178,https://doi.org/10.1093/jcr/14.1.backcover,1987,article,0
Journal of Consumer Research,JCR Forthcoming Issue September 1981,https://openalex.org/W4255798026,https://doi.org/10.1093/jcr/11.3.backcover,1984,article,0
