source_journal,work_title,work_oaid,DOI,pub_year,work_type,all_cited_by_count
Journal of Consumer Research,Conjoint Analysis in Consumer Research: Issues and Outlook,https://openalex.org/W2083329137,https://doi.org/10.1086/208721,1978,article,3157
Journal of Consumer Research,Content Analysis in Consumer Research,https://openalex.org/W2004255104,https://doi.org/10.1086/208674,1977,article,2232
Journal of Consumer Research,Situational Variables and Consumer Behavior,https://openalex.org/W2047600409,https://doi.org/10.1086/208627,1975,article,1557
Journal of Consumer Research,Innovativeness: The Concept and Its Measurement,https://openalex.org/W2045988471,https://doi.org/10.1086/208701,1978,article,1450
Journal of Consumer Research,Informational and Normative Social Influence in Buyer Behavior,https://openalex.org/W1983976677,https://doi.org/10.1086/208633,1975,article,935
Journal of Consumer Research,Determining the Characteristics of the Socially Conscious Consumer,https://openalex.org/W2147656661,https://doi.org/10.1086/208631,1975,article,897
Journal of Consumer Research,New Product Adoption and Diffusion,https://openalex.org/W2002689588,https://doi.org/10.1086/208642,1976,article,752
Journal of Consumer Research,Students and Housewives: Differences in Susceptibility to Reference Group Influence,https://openalex.org/W2164552585,https://doi.org/10.1086/208685,1977,article,721
Journal of Consumer Research,A Comparative Analysis of Three Consumer Decision Strategies,https://openalex.org/W1975820310,https://doi.org/10.1086/208613,1975,article,615
Journal of Consumer Research,Perceived Innovation Attributes as Predictors of Innovativeness,https://openalex.org/W2060624384,https://doi.org/10.1086/208587,1974,article,587
Journal of Consumer Research,Consumer Decision Making-Fact or Fiction?,https://openalex.org/W2051003090,https://doi.org/10.1086/208753,1979,article,551
Journal of Consumer Research,The Persuasive Effect of Source Credibility: Tests of Cognitive Response,https://openalex.org/W2072838636,https://doi.org/10.1086/208704,1978,article,503
Journal of Consumer Research,Brand Choice Behavior as a Function of Information Load: Replication and Extension,https://openalex.org/W2134994763,https://doi.org/10.1086/208579,1974,article,497
Journal of Consumer Research,Perception of Marital Roles in Decision Processes,https://openalex.org/W1988619611,https://doi.org/10.1086/208581,1974,article,478
Journal of Consumer Research,Decision Making within the Household,https://openalex.org/W2163359251,https://doi.org/10.1086/208639,1976,article,459
Journal of Consumer Research,Effects of Information Presentation Format on Consumer Information Acquisition Strategies,https://openalex.org/W2031460050,https://doi.org/10.1086/208672,1977,article,439
Journal of Consumer Research,Television and Interpersonal Influences on Adolescent Consumer Learning,https://openalex.org/W2082537202,https://doi.org/10.1086/208745,1979,article,428
Journal of Consumer Research,On the Design of Choice Experiments Involving Multifactor Alternatives,https://openalex.org/W2048773111,https://doi.org/10.1086/208592,1974,article,422
Journal of Consumer Research,Information Acquisition Behavior in Brand Choice Situations,https://openalex.org/W2093661923,https://doi.org/10.1086/208669,1977,article,414
Journal of Consumer Research,Decision Making Among the Young: A Socialization Perspective,https://openalex.org/W2041501141,https://doi.org/10.1086/208754,1979,article,411
Journal of Consumer Research,Children and Commercial Persuasion: An Attribution Theory Analysis,https://openalex.org/W2147591608,https://doi.org/10.1086/208577,1974,article,392
Journal of Consumer Research,"Self Concept, Ideal Self Concept, and Consumer Purchase Intentions",https://openalex.org/W2113913899,https://doi.org/10.1086/208590,1974,article,367
Journal of Consumer Research,Some Internal Psychological Factors Influencing Consumer Choice,https://openalex.org/W2027434862,https://doi.org/10.1086/208643,1976,article,363
Journal of Consumer Research,Highly Credible Sources: Persuasive Facilitators or Persuasive Liabilities?,https://openalex.org/W2085876304,https://doi.org/10.1086/208671,1977,article,358
Journal of Consumer Research,Multiattribute Measurement Models and Multiattribute Attitude Theory: A Test of Construct Validity,https://openalex.org/W2065444124,https://doi.org/10.1086/208602,1975,article,314
Journal of Consumer Research,Changing Brand Attitudes Through Modification of Cognitive Structure,https://openalex.org/W2123305980,https://doi.org/10.1086/208607,1975,article,303
Journal of Consumer Research,Research by Convenience,https://openalex.org/W2022472141,https://doi.org/10.1086/208679,1977,article,294
Journal of Consumer Research,Time and Consumer Behavior: An Interdisciplinary Overview,https://openalex.org/W2063565664,https://doi.org/10.1086/208644,1976,article,291
Journal of Consumer Research,Task Complexity and Contingent Processing in Brand Choice,https://openalex.org/W2068427777,https://doi.org/10.1086/208758,1979,article,287
Journal of Consumer Research,The Fishbein Extended Model and Consumer Behavior,https://openalex.org/W1972594733,https://doi.org/10.1086/208623,1975,article,285
Journal of Consumer Research,A Taxonomy of Prepurchase Information Gathering Patterns,https://openalex.org/W2035126318,https://doi.org/10.1086/208598,1974,article,265
Journal of Consumer Research,Activation Research: Psychobiological Approaches in Consumer Research,https://openalex.org/W2118936432,https://doi.org/10.1086/208736,1979,article,251
Journal of Consumer Research,"""Information Load"" and Consumers",https://openalex.org/W1977057683,https://doi.org/10.1086/208690,1977,article,244
Journal of Consumer Research,Differences in Consumer Purchase Behavior by Credit Card Payment System,https://openalex.org/W2006158881,https://doi.org/10.1086/208748,1979,article,243
Journal of Consumer Research,Demand Artifacts in Laboratory Experiments in Consumer Research,https://openalex.org/W2156718079,https://doi.org/10.1086/208604,1975,article,239
Journal of Consumer Research,Consumer Use and Comprehension of Nutrition Information,https://openalex.org/W2083699640,https://doi.org/10.1086/208687,1977,article,234
Journal of Consumer Research,It's the Thought that Counts: A Signed Digraph Analysis of Gift-Giving,https://openalex.org/W2042589080,https://doi.org/10.1086/208662,1976,article,230
Journal of Consumer Research,Interpersonal Influence on Consumer Behavior: An Attribution Theory Approach,https://openalex.org/W2110969141,https://doi.org/10.1086/208676,1977,article,213
Journal of Consumer Research,TV Messages for Snack and Breakfast Foods: Do They Influence Children's Preferences?,https://openalex.org/W2048327537,https://doi.org/10.1086/208717,1978,article,212
Journal of Consumer Research,A Modernized Family Life Cycle,https://openalex.org/W2150427729,https://doi.org/10.1086/208744,1979,article,206
Journal of Consumer Research,The Attribution Process in Consumer Decision Making,https://openalex.org/W2090707790,https://doi.org/10.1086/208756,1979,article,202
Journal of Consumer Research,The Self-Actualizing Socially Conscious Consumer,https://openalex.org/W2095182959,https://doi.org/10.1086/208658,1976,article,200
Journal of Consumer Research,A Comparison of Four Multi-Attribute Models in the Prediction of Consumer Attitudes,https://openalex.org/W2047865541,https://doi.org/10.1086/208614,1975,article,192
Journal of Consumer Research,Attributional Processes and Effects in Promotional Situations,https://openalex.org/W1996061987,https://doi.org/10.1086/208725,1978,article,186
Journal of Consumer Research,The Influence of Price Differences and Brand Familiarity on Brand Preferences,https://openalex.org/W2027648559,https://doi.org/10.1086/208649,1976,article,182
Journal of Consumer Research,A Path-Analytic Exploration of Retail Patronage Influences,https://openalex.org/W2160544544,https://doi.org/10.1086/208612,1975,article,178
Journal of Consumer Research,The Role of Confidence in Understanding and Predicting Buyers' Attitudes and Purchase Intentions,https://openalex.org/W1988523477,https://doi.org/10.1086/208622,1975,article,174
Journal of Consumer Research,Psychology and Consumer Economics,https://openalex.org/W2016220759,https://doi.org/10.1086/208575,1974,article,174
Journal of Consumer Research,Information Format and Choice Task Effects in Decision Making,https://openalex.org/W1974928313,https://doi.org/10.1086/208757,1979,article,169
Journal of Consumer Research,Factors Affecting Cognitive Resistance to Advertising,https://openalex.org/W2072373633,https://doi.org/10.1086/208610,1975,article,159
Journal of Consumer Research,The Neglected Variety Drive: A Useful Concept for Consumer Behavior,https://openalex.org/W2108572638,https://doi.org/10.1086/208693,1977,article,159
Journal of Consumer Research,Fear Appeals: Revisited and Revised,https://openalex.org/W2045310917,https://doi.org/10.1086/208597,1974,article,156
Journal of Consumer Research,Toward a Sociology of Consumption,https://openalex.org/W2049575021,https://doi.org/10.1086/208653,1976,article,156
Journal of Consumer Research,Assessing Communication Effects on Energy Conservation,https://openalex.org/W1990889810,https://doi.org/10.1086/208718,1978,article,154
Journal of Consumer Research,Some Unintended Consequences of TV Advertising to Children,https://openalex.org/W2074840560,https://doi.org/10.1086/208710,1978,article,153
Journal of Consumer Research,Psychological Theories of Consumer Choice,https://openalex.org/W2148874825,https://doi.org/10.1086/208660,1976,article,153
Journal of Consumer Research,The New Economic Theory of Consumer Behavior: An Interpretive Essay,https://openalex.org/W2044283887,https://doi.org/10.1086/208617,1975,article,148
Journal of Consumer Research,Optimal Stimulation Level and the Adoption Decision Process,https://openalex.org/W1970164530,https://doi.org/10.1086/208655,1976,article,147
Journal of Consumer Research,Husband-Wife Influence in Family Purchasing Behavior,https://openalex.org/W2022812235,https://doi.org/10.1086/208580,1974,article,147
Journal of Consumer Research,"An Experimental Investigation of Causal Relations among Cognitions, Affect, and Behavioral Intention",https://openalex.org/W2145518192,https://doi.org/10.1086/208668,1977,article,142
Journal of Consumer Research,Do Consumers Evaluate Products by Adding or Averaging Attribute Information?,https://openalex.org/W2074477689,https://doi.org/10.1086/208657,1976,article,134
Journal of Consumer Research,Cross-National Comparisons and Consumer Stereotypes: A Case Study of Working and Non-Working Wives in the U. S. and France,https://openalex.org/W2080901357,https://doi.org/10.1086/208646,1976,article,133
Journal of Consumer Research,"The ""New Home Economics:"" Retrospects and Prospects",https://openalex.org/W2006242510,https://doi.org/10.1086/208675,1977,article,130
Journal of Consumer Research,"Response Time, Conflict, and Involvement in Brand Choice",https://openalex.org/W2074099209,https://doi.org/10.1086/208770,1979,article,129
Journal of Consumer Research,Constructive Processes in Consumer Choice,https://openalex.org/W2116446907,https://doi.org/10.1086/208682,1977,article,124
Journal of Consumer Research,Determinants for Search of Lower Prices: An Empirical Assessment of the Economics of Information Theory,https://openalex.org/W1969518469,https://doi.org/10.1086/208729,1978,article,122
Journal of Consumer Research,Issues in Designing Consumer Information Environments,https://openalex.org/W2112577343,https://doi.org/10.1086/208629,1975,article,122
Journal of Consumer Research,On Inducing Compliance with Requests,https://openalex.org/W1978333319,https://doi.org/10.1086/208720,1978,article,121
Journal of Consumer Research,Assessment of Attribute Importances and Consumer Utility Functions: Von Neumann-Morgenstern Theory Applied to Consumer Behavior,https://openalex.org/W2075706106,https://doi.org/10.1086/208737,1979,article,116
Journal of Consumer Research,Measuring Prepurchase Information Seeking,https://openalex.org/W2045299797,https://doi.org/10.1086/208634,1975,article,113
Journal of Consumer Research,Environmental Variables in Consumer Research,https://openalex.org/W2031735659,https://doi.org/10.1086/208652,1976,article,111
Journal of Consumer Research,Working Wives and Major Family Expenditures,https://openalex.org/W2068968169,https://doi.org/10.1086/208689,1977,article,111
Journal of Consumer Research,Some Communication and Demographic Determinants of Adolescent Consumer Learning,https://openalex.org/W2001702888,https://doi.org/10.1086/208619,1975,article,108
Journal of Consumer Research,A Path Analysis of Preventive Health Care Decision Models,https://openalex.org/W2049725980,https://doi.org/10.1086/208755,1979,article,106
Journal of Consumer Research,Modifying Socially-Conscious Behavior: The Foot-in-the-Door Technique,https://openalex.org/W2006084104,https://doi.org/10.1086/208691,1977,article,105
Journal of Consumer Research,Perceived Risk and Personality,https://openalex.org/W2036507317,https://doi.org/10.1086/208656,1976,article,103
Journal of Consumer Research,"More Information is Better: A Reevaluation of Jacoby, Speller and Kohn",https://openalex.org/W2078558957,https://doi.org/10.1086/208601,1974,article,103
Journal of Consumer Research,Choosing Multiple Items from a Product Class,https://openalex.org/W2054453953,https://doi.org/10.1086/208763,1979,article,101
Journal of Consumer Research,A Simple Mathematical Theory of Innovative Behavior,https://openalex.org/W1978926489,https://doi.org/10.1086/208648,1976,article,100
Journal of Consumer Research,Reliability of a Short Test Measuring Children's Attitudes Toward TV Commercials,https://openalex.org/W2093490114,https://doi.org/10.1086/208666,1977,article,98
Journal of Consumer Research,An Empirical Test of the Fishbein Behavioral Intention Model,https://openalex.org/W2103536200,https://doi.org/10.1086/208606,1975,article,98
Journal of Consumer Research,Joint Home Purchasing Decisions by Husbands and Wives,https://openalex.org/W2031236000,https://doi.org/10.1086/208608,1975,article,92
Journal of Consumer Research,Children's Reactions to Television Advertising: An Experimental Approach,https://openalex.org/W1971650020,https://doi.org/10.1086/208593,1974,article,88
Journal of Consumer Research,Voting for a Political Candidate Under Conditions of Minimal Information,https://openalex.org/W2040043305,https://doi.org/10.1086/208589,1974,article,84
Journal of Consumer Research,A Motivational Model of Information Processing Intensity,https://openalex.org/W2135553413,https://doi.org/10.1086/208647,1976,article,87
Journal of Consumer Research,Willingness to Supply Human Body Parts: Some Empirical Results,https://openalex.org/W2039525819,https://doi.org/10.1086/208688,1977,article,86
Journal of Consumer Research,Consumer Segmentation via Latent Class Analysis,https://openalex.org/W2009776501,https://doi.org/10.1086/208664,1976,article,85
Journal of Consumer Research,A Programming Model of Consumer Choice among Multi-Attributed Brands,https://openalex.org/W2015701429,https://doi.org/10.1086/208686,1977,article,84
Journal of Consumer Research,Public Policy and Consumer Information: Impact of the New Energy Labels,https://openalex.org/W1989183905,https://doi.org/10.1086/208743,1979,article,81
Journal of Consumer Research,Self-Monitoring as a Moderating Variable in Consumer Behavior,https://openalex.org/W2071847668,https://doi.org/10.1086/208726,1978,article,81
Journal of Consumer Research,Consumer Responses to Socially Questionable Corporate Behavior: An Empirical Test,https://openalex.org/W2011569025,https://doi.org/10.1086/208673,1977,article,80
Journal of Consumer Research,A Multivariate Analysis of Media Exposure and Vacation Behavior with Life Style Covariates,https://openalex.org/W2144104379,https://doi.org/10.1086/208620,1975,article,78
Journal of Consumer Research,Separating Perceptual Dimensions from Affective Overtones: An Application to Consumer Aesthetics,https://openalex.org/W2058155622,https://doi.org/10.1086/208739,1979,article,76
Journal of Consumer Research,Patterns of Information Acquisition in New Product Purchases,https://openalex.org/W2049896890,https://doi.org/10.1086/208586,1974,article,75
Journal of Consumer Research,Cognitive Maps of Retail Locations: An Investigation of Some Basic Issues,https://openalex.org/W2112595339,https://doi.org/10.1086/208632,1975,article,74
Journal of Consumer Research,Promotional Effects on a High-versus Low-Involvement Electorate,https://openalex.org/W2061009144,https://doi.org/10.1086/208712,1978,article,73
Journal of Consumer Research,Operationalizing Economic Models of Demand for Product Characteristics,https://openalex.org/W1978578183,https://doi.org/10.1086/208750,1979,article,72
Journal of Consumer Research,Additive Decomposition of Perceptions Data Via Conjoint Analysis,https://openalex.org/W2003394625,https://doi.org/10.1086/208714,1978,article,70
Journal of Consumer Research,Consumer Acquistion Patterns for Durable Goods,https://openalex.org/W2031185240,https://doi.org/10.1086/208747,1979,article,70
Journal of Consumer Research,Primary and Secondary Validity of Consumer Purchase Probabilities,https://openalex.org/W2068634072,https://doi.org/10.1086/208605,1975,article,69
Journal of Consumer Research,Consumer Initial Processing in a Difficult Media Environment,https://openalex.org/W1979155411,https://doi.org/10.1086/208764,1979,article,65
Journal of Consumer Research,Changing Sex Roles and Emerging Directions in Family Decision Making,https://openalex.org/W1991325633,https://doi.org/10.1086/208698,1977,article,64
Journal of Consumer Research,A Conflict Resolution Choice Model,https://openalex.org/W2002378253,https://doi.org/10.1086/208722,1978,article,64
Journal of Consumer Research,Model of Consumer Reaction to Product Characteristics,https://openalex.org/W2068409318,https://doi.org/10.1086/208684,1977,article,64
Journal of Consumer Research,Measurement and Estimation of Conjoint Utility Functions,https://openalex.org/W2044742030,https://doi.org/10.1086/208738,1979,article,61
Journal of Consumer Research,A Factor Analytic Comparison of U.S. and German Information Seekers,https://openalex.org/W2006443345,https://doi.org/10.1086/208667,1977,article,60
Journal of Consumer Research,"Federal Programs to Measure Consumer Purchase Expectations, 1946-1973: A Post-Mortem",https://openalex.org/W2086528616,https://doi.org/10.1086/208594,1974,article,60
Journal of Consumer Research,Detecting and Correcting Deceptive Advertising,https://openalex.org/W2137099017,https://doi.org/10.1086/208765,1979,article,60
Journal of Consumer Research,Consumer Choice and Use of Bank Credit Cards: A Model and Cross-Section Results,https://openalex.org/W1968986932,https://doi.org/10.1086/208611,1975,article,59
Journal of Consumer Research,Concrete Action Plans in TV Messages to Increase Reading of Drug Warnings,https://openalex.org/W2168051029,https://doi.org/10.1086/208767,1979,article,58
Journal of Consumer Research,Consumer Research and the Evaluation of Information Disclosure Requirements: The Case of Truth in Lending,https://openalex.org/W2045649738,https://doi.org/10.1086/208578,1974,article,56
Journal of Consumer Research,Behavioral Changes in the Trial of New Products,https://openalex.org/W2059769272,https://doi.org/10.1086/208621,1975,article,56
Journal of Consumer Research,Incorporating Group-Level Similarity Judgments in Conjoint Analysis,https://openalex.org/W2066397645,https://doi.org/10.1086/208730,1978,article,54
Journal of Consumer Research,An Experimental Test of the Harmful Effects of Premium-Oriented Commercials on Children,https://openalex.org/W2119696082,https://doi.org/10.1086/208645,1976,article,54
Journal of Consumer Research,The Prediction of Individual Probabilities of Brand Choice,https://openalex.org/W2165821462,https://doi.org/10.1086/208727,1978,article,53
Journal of Consumer Research,The Impact of Television Advertising on Children from Low Income Families,https://openalex.org/W2014267706,https://doi.org/10.1086/208683,1977,article,52
Journal of Consumer Research,Prevention of Accidental Poisoning Through Package and Label Design,https://openalex.org/W2052358795,https://doi.org/10.1086/208681,1977,article,51
Journal of Consumer Research,Attitude Models Revisited: An Individual Level Analysis,https://openalex.org/W2008745693,https://doi.org/10.1086/208596,1974,article,50
Journal of Consumer Research,Consumer Dynamics in Nonprofit Organizations,https://openalex.org/W2141735488,https://doi.org/10.1086/208719,1978,article,49
Journal of Consumer Research,Purchasing Strategies across Product Categories,https://openalex.org/W2006029077,https://doi.org/10.1086/208661,1976,article,48
Journal of Consumer Research,A Complementarity Model of Consumer Utility for Item Collections,https://openalex.org/W2141709179,https://doi.org/10.1086/208600,1974,article,47
Journal of Consumer Research,"Preference, Search, and Choice: An Integrative Approach",https://openalex.org/W1989572450,https://doi.org/10.1086/208759,1979,article,46
Journal of Consumer Research,Retrospective Self-Insight on Factors Considered in Product Evaluation,https://openalex.org/W1970976932,https://doi.org/10.1086/208769,1979,article,45
Journal of Consumer Research,Fertility as Consumption: Theories from the Behavioral Sciences,https://openalex.org/W1999009275,https://doi.org/10.1086/208700,1978,article,43
Journal of Consumer Research,Preference of Relevant Others and Individual Choice Models,https://openalex.org/W2025616570,https://doi.org/10.1086/208650,1976,article,42
Journal of Consumer Research,"On the Usage of ""Modified"" Personality Trait Measures in Consumer Research",https://openalex.org/W1971514734,https://doi.org/10.1086/208635,1975,article,41
Journal of Consumer Research,An Interaction Model of Consumer Utility,https://openalex.org/W2007041400,https://doi.org/10.1086/208625,1975,article,41
Journal of Consumer Research,Toward a Statistics for Consumer Decision Net Models,https://openalex.org/W2011450458,https://doi.org/10.1086/208583,1974,article,41
Journal of Consumer Research,The Socially Conscious Consumer-Another Look at the Data,https://openalex.org/W2071814825,https://doi.org/10.1086/208659,1976,article,41
Journal of Consumer Research,A Threshold Model of Attribute Satisfaction Decisions,https://openalex.org/W2091445805,https://doi.org/10.1086/208588,1974,article,40
Journal of Consumer Research,Viability and Profile of the Consumerist Segment,https://openalex.org/W2082099419,https://doi.org/10.1086/208734,1979,article,39
Journal of Consumer Research,Impact of Different Comparison Sets on Evaluation of a New Subcompact Car Brand,https://openalex.org/W2028461556,https://doi.org/10.1086/208723,1978,article,38
Journal of Consumer Research,Family Member Influence in Household Decision Making,https://openalex.org/W1967262852,https://doi.org/10.1086/208773,1979,article,37
Journal of Consumer Research,Some Effects of Differing Information Processing Strategies on Husband-Wife Joint Decisions,https://openalex.org/W2119233785,https://doi.org/10.1086/208761,1979,article,37
Journal of Consumer Research,The Effects of Consumer Education on Consumer Product Safety Behavior,https://openalex.org/W2148845350,https://doi.org/10.1086/208711,1978,article,37
Journal of Consumer Research,Decision Making Under Uncertainty: A Direct Measurement Approach,https://openalex.org/W2094735604,https://doi.org/10.1086/208760,1979,article,36
Journal of Consumer Research,Bridging the Information Gap,https://openalex.org/W2033286538,https://doi.org/10.1086/208703,1978,article,35
Journal of Consumer Research,Segment Congruence Analysis: A Method for Analyzing Association Among Alternative Bases for Market Segmentation,https://openalex.org/W2065944893,https://doi.org/10.1086/208670,1977,article,35
Journal of Consumer Research,Comparing Multiattribute Attitude Models by Optimal Scaling,https://openalex.org/W2068454991,https://doi.org/10.1086/208692,1977,article,35
Journal of Consumer Research,Psychographics for Social Policy Decisions: Welfare Assistance,https://openalex.org/W2157603664,https://doi.org/10.1086/208735,1979,article,35
Journal of Consumer Research,An Experimental Investigation of Consumer Behavior in a Controlled Environment,https://openalex.org/W2167918976,https://doi.org/10.1086/208591,1974,article,32
Journal of Consumer Research,Children's Receptivity to Proprietary Medicine Advertising,https://openalex.org/W2072930294,https://doi.org/10.1086/208766,1979,article,34
Journal of Consumer Research,More on Content Analysis in Consumer Research,https://openalex.org/W2159083146,https://doi.org/10.1086/208694,1977,article,33
Journal of Consumer Research,An Hedonic Index for Breakfast Cereals,https://openalex.org/W1996605948,https://doi.org/10.1086/208749,1979,article,32
Journal of Consumer Research,Model Testing Techniques and Price-Quality Tradeoffs,https://openalex.org/W1985194277,https://doi.org/10.1086/208731,1978,article,31
Journal of Consumer Research,Evaluation of Consumer Education Programs,https://openalex.org/W2018661342,https://doi.org/10.1086/208768,1979,article,31
Journal of Consumer Research,"Commentaries on Ward, ""Consumer Socialization""",https://openalex.org/W2156412667,https://doi.org/10.1086/208585,1974,article,30
Journal of Consumer Research,When Eating Begets Buying: The Effects of Food Samples on Obese and Nonobese Shoppers,https://openalex.org/W2002338670,https://doi.org/10.1086/208702,1978,article,28
Journal of Consumer Research,Preferences between Product Consultants: Choices vs. Preference Functions,https://openalex.org/W2027912845,https://doi.org/10.1086/208677,1977,article,27
Journal of Consumer Research,Educational and Occupational Choice: A Synthesis of Literature from Sociology and Psychology,https://openalex.org/W2121402059,https://doi.org/10.1086/208641,1976,article,27
Journal of Consumer Research,Social Factors in Consumer Choice: Replication and Extension,https://openalex.org/W2049128433,https://doi.org/10.1086/208616,1975,article,25
Journal of Consumer Research,"Commentary on ""The Neglected Variety Drive""",https://openalex.org/W1975566236,https://doi.org/10.1086/208752,1979,article,24
Journal of Consumer Research,The Effect of Informed Consent Procedures on Respondents' Reactions to Surveys,https://openalex.org/W2040989757,https://doi.org/10.1086/208713,1978,article,24
Journal of Consumer Research,Some Empirical Contributions to Buyer Behavior Theory,https://openalex.org/W1999705633,https://doi.org/10.1086/208599,1974,article,22
Journal of Consumer Research,Family Income Effects on Measurement of Children's Attitudes Toward Television Commercials,https://openalex.org/W2066604526,https://doi.org/10.1086/208772,1979,article,23
Journal of Consumer Research,"Commentaries on Belk, ""Situational Variables and Consumer Behavior""",https://openalex.org/W1975478040,https://doi.org/10.1086/208628,1975,article,21
Journal of Consumer Research,Constructive Criticism and Programmatic Research: Reply to Russo,https://openalex.org/W2139610940,https://doi.org/10.1086/208626,1975,article,21
Journal of Consumer Research,Situating the Situation: A Reply to Barker and Wicker,https://openalex.org/W2056081250,https://doi.org/10.1086/208637,1975,article,19
Journal of Consumer Research,Bootstrapping of Data and Decisions,https://openalex.org/W2036765080,https://doi.org/10.1086/208636,1975,article,18
Journal of Consumer Research,"Commentaries on McNeil, ""Federal Programs to Measure Consumer Purchase Expectations""",https://openalex.org/W2103326284,https://doi.org/10.1086/208595,1974,article,18
Journal of Consumer Research,Toward Understanding Attitude Structure: A Study of the Complimentarity of Multi-Attribute Attitude Models,https://openalex.org/W2104905821,https://doi.org/10.1086/208624,1975,article,18
Journal of Consumer Research,A Study of the Role of Beliefs and Intentions in Consistency Restoration,https://openalex.org/W2112411733,https://doi.org/10.1086/208582,1974,article,17
Journal of Consumer Research,The Effect of Promotional Techniques on Purchase of Preventive Dental Care,https://openalex.org/W2004761988,https://doi.org/10.1086/208771,1979,article,18
Journal of Consumer Research,"How New is the ""New Home Economics""?",https://openalex.org/W2061917478,https://doi.org/10.1086/208696,1977,article,18
Journal of Consumer Research,Consumer Decision Making: The Technical Efficiency Approach,https://openalex.org/W2143443679,https://doi.org/10.1086/208678,1977,article,18
Journal of Consumer Research,Patterns of Marriage and Family Formation and Dissolution,https://openalex.org/W2004522726,https://doi.org/10.1086/208640,1976,article,17
Journal of Consumer Research,The Pain-Pill-Pleasure Model and Illicit Drug Consumption,https://openalex.org/W2149546044,https://doi.org/10.1086/208746,1979,article,17
Journal of Consumer Research,Use of Binary Attributes in the Multiplicative Competitive Interactive Choice Model,https://openalex.org/W1976632854,https://doi.org/10.1086/208733,1978,article,16
Journal of Consumer Research,An Alternate Interpretation of the Linear Learning Model of Brand Choice,https://openalex.org/W2092239531,https://doi.org/10.1086/208654,1976,article,13
Journal of Consumer Research,Automobile Repair: Does Regulation or Consumer Information Matter?,https://openalex.org/W1980213547,https://doi.org/10.1086/208732,1978,article,13
Journal of Consumer Research,Are Highly Credible Sources Persuasive?,https://openalex.org/W1988253041,https://doi.org/10.1086/208715,1978,article,13
Journal of Consumer Research,A Further Examination of Two Laboratory Tests of the Extended Fishbein Attitude Model,https://openalex.org/W2102552710,https://doi.org/10.1086/208705,1978,article,13
Journal of Consumer Research,Situational Mediation and Consumer Behavior: A Reply,https://openalex.org/W1767407564,https://doi.org/10.1086/208665,1976,article,11
Journal of Consumer Research,"The ""New Home Economics"": Sexist, Unrealistic, or Simply Irrelevant?",https://openalex.org/W2146127122,https://doi.org/10.1086/208695,1977,article,11
Journal of Consumer Research,Can Consumer Research be Interdisciplinary?,https://openalex.org/W1992902207,https://doi.org/10.1086/208699,1977,article,10
Journal of Consumer Research,Socioeconomic and Social-Psychological Influences on Reasons Wives Work,https://openalex.org/W2042481295,https://doi.org/10.1086/208728,1978,article,10
Journal of Consumer Research,A Method for Investigating and Representing Implicit Social Class Theory,https://openalex.org/W2111900864,https://doi.org/10.1086/208615,1975,article,10
Journal of Consumer Research,Attitude Change or Attitude Formation? An Unanswered Question,https://openalex.org/W2937738828,https://doi.org/10.1086/208707,1978,article,10
Journal of Consumer Research,Identifying Relevant Psychographic Segments: How Specifying Product Functions Can Help,https://openalex.org/W2106571579,https://doi.org/10.1086/208663,1976,article,9
Journal of Consumer Research,"On ""A Programming Model of Consumer Choice Among Multiattributed Brands"": Rejoinder",https://openalex.org/W1496056939,https://doi.org/10.1086/208775,1979,article,8
Journal of Consumer Research,"Commentaries on Ratchford, ""The New Economic Theory of Consumer Behavior: An Interpretive Essay""",https://openalex.org/W2033449057,https://doi.org/10.1086/208618,1975,article,8
Journal of Consumer Research,An Index of the Economic Welfare of Rural Families,https://openalex.org/W2050295987,https://doi.org/10.1086/208630,1975,article,7
Journal of Consumer Research,Attitude Change or Attitude Formation? An Unanswered Question: Rejoinder,https://openalex.org/W1999697700,https://doi.org/10.1086/208708,1978,article,7
Journal of Consumer Research,Psychology and Consumer Economics: Comment,https://openalex.org/W1563510724,None,1974,article,6
Journal of Consumer Research,"Commentaries on Bettman, Capon, and Lutz",https://openalex.org/W1981456700,https://doi.org/10.1086/208603,1975,article,6
Journal of Consumer Research,"Federal Programs to Measure Consumer Purchase Expectations, 1946-1973: A Post-Mortem: Comment",https://openalex.org/W2128043713,None,1974,article,6
Journal of Consumer Research,Are Highly Credible Sources Persuasive?: Rejoinder,https://openalex.org/W2065614744,https://doi.org/10.1086/208716,1978,article,6
Journal of Consumer Research,New Directions for JCR,https://openalex.org/W2150288811,https://doi.org/10.1086/208680,1977,article,6
Journal of Consumer Research,Children and Commercial Persuasion: Some Comments,https://openalex.org/W1981026571,https://doi.org/10.1086/208638,1975,article,4
Journal of Consumer Research,A Further Examination of Two Laboratory Tests of the Extended Fishbein Attitude Model: Rejoinder,https://openalex.org/W1997868270,https://doi.org/10.1086/208706,1978,article,4
Journal of Consumer Research,How Not to Write a Prize-Winning Article,https://openalex.org/W2091459311,https://doi.org/10.1086/208742,1979,article,4
Journal of Consumer Research,Children and Commercial Persuasion: A Reply to Ryans and Deutscher,https://openalex.org/W2001218065,https://doi.org/10.1086/208651,1976,article,3
Journal of Consumer Research,"Comments on ""Fertility as Consumption: Theories from the Behavioral: Rejoinder",https://openalex.org/W1524751984,https://doi.org/10.1086/208741,1979,article,3
Journal of Consumer Research,"Comments on ""Fertility as Consumption: Theories from the Behavioral Sciences""",https://openalex.org/W1998133877,https://doi.org/10.1086/208740,1979,article,3
Journal of Consumer Research,"Commentaries on Katona, ""Psychology and Consumer Economics""",https://openalex.org/W1522702985,https://doi.org/10.1086/208576,1974,article,2
Journal of Consumer Research,"On ""A Programming Model of Consumer Choice Among Multiattributed Brands""",https://openalex.org/W1978712295,https://doi.org/10.1086/208774,1979,article,2
Journal of Consumer Research,Multiattribute Measurement Models and Multiattribute Attitude Theory: A Test of Construct Validity: Comment,https://openalex.org/W1492876345,None,1975,article,1
Journal of Consumer Research,"How New is the ""New Home Economics""?: Rejoinder",https://openalex.org/W2065645293,https://doi.org/10.1086/208697,1977,article,1
Journal of Consumer Research,Representativeness of Shortened Personality Measures,https://openalex.org/W1988350492,https://doi.org/10.1086/208724,1978,article,1
Journal of Consumer Research,The 1980 Census of Population: Content and Coverage Improvement Plans,https://openalex.org/W2060276348,https://doi.org/10.1086/208762,1979,article,1
Journal of Consumer Research,"Federal Programs to Measure Consumer Purchase Expectations, 1946-1973: A Post-Mortem: Comment",https://openalex.org/W1559077011,None,1974,article,0
Journal of Consumer Research,Psychology and Consumer Economics: Comment,https://openalex.org/W1607109878,None,1974,article,0
Journal of Consumer Research,Reply to Juster's Commentary on McNeil,https://openalex.org/W2002538873,https://doi.org/10.1086/208609,1975,article,0
Journal of Consumer Research,Multiattribute Measurement Models and Multiattribute Attitude Theory: A Test of Construct Validity: Comment,https://openalex.org/W2992455781,None,1975,article,0
Journal of Consumer Research,Forthcoming Articles,https://openalex.org/W4243209004,https://doi.org/10.1093/jcr/1.3.backcover,1974,article,0
Journal of Consumer Research,Forthcoming Articles,https://openalex.org/W4247248432,https://doi.org/10.1093/jcr/1.2.backcover,1974,article,0
Journal of Consumer Research,Forthcoming Articles and Communication Notes,https://openalex.org/W4252541567,https://doi.org/10.1093/jcr/2.1.backcover,1975,article,0
Journal of Consumer Research,Forthcoming Articles in JCR,https://openalex.org/W4213317246,https://doi.org/10.1093/jcr/2.4.backcover,1976,article,0
Journal of Consumer Research,Forthcoming Articles,https://openalex.org/W4237340059,https://doi.org/10.1093/jcr/3.3.backcover,1976,article,0
Journal of Consumer Research,Forthcoming Articles and Communication Notes,https://openalex.org/W4242193737,https://doi.org/10.1093/jcr/3.2.backcover,1976,article,0
Journal of Consumer Research,Forthcoming Articles and Communication Notes,https://openalex.org/W4251185145,https://doi.org/10.1093/jcr/3.1.backcover,1976,article,0
Journal of Consumer Research,Forthcoming Articles in JCR,https://openalex.org/W4253198356,https://doi.org/10.1093/jcr/3.4.backcover,1977,article,0
Journal of Consumer Research,"Rejoinder [An Experimental Investigation of Causal Relations among Cognition, Affect, and Behavioral Intention]",https://openalex.org/W1533371220,None,1978,article,0
Journal of Consumer Research,"Rejoinder [Changing Brand Attitudes through Modification of Cognitive Structure] [An Experimental Investigation of Causal Relations among Cognition, Affect, and Behavioral Intention]",https://openalex.org/W1572056040,None,1978,article,0
Journal of Consumer Research,[Operationalizing Economic Models of Demand for Product Characteristics]: Comment,https://openalex.org/W2025106105,https://doi.org/10.1086/208751,1979,article,0
Journal of Consumer Research,Forthcoming in JCR,https://openalex.org/W4210901257,https://doi.org/10.1093/jcr/5.3.backcover,1978,article,0
Journal of Consumer Research,JCR Forthcoming Issue March 1980,https://openalex.org/W4234021039,https://doi.org/10.1093/jcr/6.3.backcover,1979,article,0
Journal of Consumer Research,JCR Forthcoming Issue December 1978,https://openalex.org/W4241078788,https://doi.org/10.1093/jcr/5.2.backcover,1978,article,0
Journal of Consumer Research,JCR Forthcoming Issue September 1978,https://openalex.org/W4244514714,https://doi.org/10.1093/jcr/5.1.backcover,1978,article,0
Journal of Consumer Research,JCR Forthcoming Issue December 1979,https://openalex.org/W4244922120,https://doi.org/10.1093/jcr/6.2.backcover,1979,article,0
