source_journal,work_title,work_oaid,DOI,pub_year,work_type,all_cited_by_count
Journal of Retailing,"Assessing the effects of quality, value, and customer satisfaction on consumer behavioral intentions in service environments",https://openalex.org/W2036063909,https://doi.org/10.1016/s0022-4359(00)00028-2,2000,article,6098
Journal of Retailing,Consumer perceived value: The development of a multiple item scale,https://openalex.org/W2086642814,https://doi.org/10.1016/s0022-4359(01)00041-0,2001,article,5444
Journal of Retailing,Hedonic and utilitarian motivations for online retail shopping behavior,https://openalex.org/W2005215882,https://doi.org/10.1016/s0022-4359(01)00056-2,2001,article,2955
Journal of Retailing,"Customer Experience Creation: Determinants, Dynamics and Management Strategies",https://openalex.org/W2144336601,https://doi.org/10.1016/j.jretai.2008.11.001,2009,article,2603
Journal of Retailing,Customer loyalty in e-commerce: an exploration of its antecedents and consequences,https://openalex.org/W1975694814,https://doi.org/10.1016/s0022-4359(01)00065-3,2002,article,2253
Journal of Retailing,"eTailQ: dimensionalizing, measuring and predicting etail quality",https://openalex.org/W2055077282,https://doi.org/10.1016/s0022-4359(03)00034-4,2003,article,2174
Journal of Retailing,Hedonic shopping motivations,https://openalex.org/W1990079969,https://doi.org/10.1016/s0022-4359(03)00007-1,2003,article,2067
Journal of Retailing,E-satisfaction: an initial examination,https://openalex.org/W2022727669,https://doi.org/10.1016/s0022-4359(00)00035-x,2000,article,1980
Journal of Retailing,"Experiential value: conceptualization, measurement and application in the catalog and Internet shopping environment☆11☆This article is based upon the first author’s doctoral dissertation completed while at Georgia Institute of Technology.",https://openalex.org/W1584883541,https://doi.org/10.1016/s0022-4359(00)00045-2,2001,article,1955
Journal of Retailing,Competing through service: Insights from service-dominant logic,https://openalex.org/W2078854905,https://doi.org/10.1016/j.jretai.2006.10.002,2006,article,1636
Journal of Retailing,Switching barriers and repurchase intentions in services,https://openalex.org/W2025618885,https://doi.org/10.1016/s0022-4359(00)00024-5,2000,article,1529
Journal of Retailing,The influence of online product recommendations on consumers’ online choices,https://openalex.org/W2118898598,https://doi.org/10.1016/j.jretai.2004.04.001,2004,article,1525
Journal of Retailing,A comprehensive framework for service quality: an investigation of critical conceptual and measurement issues through a longitudinal study,https://openalex.org/W2073462901,https://doi.org/10.1016/s0022-4359(00)00029-4,2000,article,1400
Journal of Retailing,The four levels of loyalty and the pivotal role of trust: a study of online service dynamics,https://openalex.org/W2071535931,https://doi.org/10.1016/j.jretai.2004.04.002,2004,article,1374
Journal of Retailing,The dynamics of online word-of-mouth and product sales—An empirical investigation of the movie industry,https://openalex.org/W3123252799,https://doi.org/10.1016/j.jretai.2008.04.005,2008,article,1141
Journal of Retailing,Understanding retail branding: conceptual insights and research priorities,https://openalex.org/W1996743441,https://doi.org/10.1016/j.jretai.2004.10.008,2004,article,1065
Journal of Retailing,Congruency of scent and music as a driver of in-store evaluations and behavior,https://openalex.org/W2055951938,https://doi.org/10.1016/s0022-4359(01)00042-2,2001,article,1053
Journal of Retailing,Customer Experience Management in Retailing: An Organizing Framework,https://openalex.org/W2153942071,https://doi.org/10.1016/j.jretai.2009.01.001,2009,article,909
Journal of Retailing,Modeling customer perceptions of complaint handling over time: the effects of perceived justice on satisfaction and intent,https://openalex.org/W2065517342,https://doi.org/10.1016/s0022-4359(02)00100-8,2002,article,903
Journal of Retailing,Customer Experience Management in Retailing: Understanding the Buying Process,https://openalex.org/W2074153595,https://doi.org/10.1016/j.jretai.2008.11.003,2009,article,880
Journal of Retailing,Co-production and customer loyalty in financial services,https://openalex.org/W1992200950,https://doi.org/10.1016/j.jretai.2007.03.001,2007,article,874
Journal of Retailing,An assessment of value creation in mobile service delivery and the moderating role of time consciousness,https://openalex.org/W2068438332,https://doi.org/10.1016/j.jretai.2006.10.004,2006,article,834
Journal of Retailing,Charitable programs and the retailer: do they mix?,https://openalex.org/W2079192694,https://doi.org/10.1016/s0022-4359(00)00032-4,2000,article,773
Journal of Retailing,An online prepurchase intentions model,https://openalex.org/W2086838148,https://doi.org/10.1016/s0022-4359(01)00051-3,2001,article,760
Journal of Retailing,Determinants of retail patronage: A meta-analytical perspective,https://openalex.org/W2066096070,https://doi.org/10.1016/j.jretai.2005.11.008,2006,article,709
Journal of Retailing,Building and sustaining profitable customer loyalty for the 21st century,https://openalex.org/W2115026942,https://doi.org/10.1016/j.jretai.2004.10.007,2004,article,680
Journal of Retailing,Cross-category effects of induced arousal and pleasure on the internet shopping experience,https://openalex.org/W2042206066,https://doi.org/10.1016/s0022-4359(01)00064-1,2002,article,672
Journal of Retailing,The nature of interfirm partnering in supply chain management,https://openalex.org/W2014129864,https://doi.org/10.1016/s0022-4359(00)00040-3,2000,article,629
Journal of Retailing,Convergence and divergence in consumer behavior: implications for international retailing,https://openalex.org/W2171933695,https://doi.org/10.1016/s0022-4359(01)00067-7,2002,article,628
Journal of Retailing,Customer retailer loyalty in the context of multiple channel strategies,https://openalex.org/W2063978692,https://doi.org/10.1016/j.jretai.2004.10.002,2004,article,594
Journal of Retailing,The effects of wait expectations and store atmosphere evaluations on patronage intentions in service-intensive retail stores,https://openalex.org/W1991885326,https://doi.org/10.1016/j.jretai.2003.09.006,2003,article,592
Journal of Retailing,Consumer-level factors moderating the success of private label brands,https://openalex.org/W2032880686,https://doi.org/10.1016/s0022-4359(00)00027-0,2000,article,582
Journal of Retailing,Multichannel Shopper Segments and Their Covariates☆,https://openalex.org/W2164667192,https://doi.org/10.1016/j.jretai.2008.09.002,2008,article,550
Journal of Retailing,"Share of wallet in retailing: the effects of customer satisfaction, loyalty cards and shopper characteristics",https://openalex.org/W1997335181,https://doi.org/10.1016/s0022-4359(03)00008-3,2003,article,533
Journal of Retailing,A cross-cultural study of switching barriers and propensity to stay with service providers,https://openalex.org/W1980355260,https://doi.org/10.1016/s0022-4359(03)00009-5,2003,article,499
Journal of Retailing,The effect of dynamic retail experiences on experiential perceptions of value: an internet and catalog comparison☆ ☆Charla Mathwick is Assistant Professor of Marketing at Portland State University. Naresh Malhotra is Regents’ Professor at Georgia Institute of Technology. Edward Rigdon is Associate Professor of Marketing at Georgia State University. This article is based on the first author’s doctoral dissertation at Georgia Institute of Technology. 1 1We want to thank three anonymous reviewers …,https://openalex.org/W1569050516,https://doi.org/10.1016/s0022-4359(01)00066-5,2002,article,488
Journal of Retailing,"The employee-organization relationship, organizational citizenship behaviors, and superior service quality",https://openalex.org/W2005553846,https://doi.org/10.1016/s0022-4359(02)00069-6,2002,article,477
Journal of Retailing,Economic and social satisfaction: measurement and relevance to marketing channel relationships,https://openalex.org/W2112596332,https://doi.org/10.1016/s0022-4359(99)00021-4,2000,article,433
Journal of Retailing,Consumer response to retailer use of cause-related marketing: Is more fit better?,https://openalex.org/W2154076196,https://doi.org/10.1016/j.jretai.2007.03.006,2007,article,428
Journal of Retailing,"Situational price sensitivity: the role of consumption occasion, social context and income",https://openalex.org/W1983307815,https://doi.org/10.1016/j.jretai.2003.09.004,2003,article,404
Journal of Retailing,Shopping with friends and teens’ susceptibility to peer influence,https://openalex.org/W2073757295,https://doi.org/10.1016/j.jretai.2004.04.005,2004,article,398
Journal of Retailing,Antecedents of private label attitude and national brand promotion attitude: similarities and differences,https://openalex.org/W1974464572,https://doi.org/10.1016/s0022-4359(02)00071-4,2002,article,391
Journal of Retailing,The mechanism of trust and distrust formation and their relational outcomes,https://openalex.org/W2092511216,https://doi.org/10.1016/j.jretai.2005.11.002,2006,article,386
Journal of Retailing,Effects of online communication practices on consumer perceptions of performance uncertainty for search and experience goods,https://openalex.org/W1973788569,https://doi.org/10.1016/j.jretai.2007.03.009,2007,article,385
Journal of Retailing,A Meta-Analysis of Relationships Linking Employee Satisfaction to Customer Responses,https://openalex.org/W2017855460,https://doi.org/10.1016/j.jretai.2008.06.001,2008,article,384
Journal of Retailing,Themed flagship brand stores in the new millennium,https://openalex.org/W1525115419,https://doi.org/10.1016/s0022-4359(01)00063-x,2002,article,383
Journal of Retailing,"Removing the contextual lens: A multinational, multi-setting comparison of service evaluation models",https://openalex.org/W2125852772,https://doi.org/10.1016/j.jretai.2005.07.005,2005,article,375
Journal of Retailing,Internet versus bricks-and-mortar retailers: An investigation into intangibility and its consequences,https://openalex.org/W3124247817,https://doi.org/10.1016/j.jretai.2004.11.002,2005,article,372
Journal of Retailing,Customer satisfaction and retail sales performance: an empirical investigation,https://openalex.org/W2052560151,https://doi.org/10.1016/j.jretai.2004.10.003,2004,article,358
Journal of Retailing,Rapport-Building Behaviors Used by Retail Employees,https://openalex.org/W1969854667,https://doi.org/10.1016/j.jretai.2008.07.001,2008,article,355
Journal of Retailing,The effects of loyalty programs on customer lifetime duration and share of wallet,https://openalex.org/W2046530054,https://doi.org/10.1016/j.jretai.2007.01.002,2007,article,333
Journal of Retailing,"Supply Chain Management and Retailer Performance: Emerging Trends, Issues, and Implications for Research and Practice",https://openalex.org/W2095501063,https://doi.org/10.1016/j.jretai.2008.12.001,2009,article,332
Journal of Retailing,Dysfunctional Customer Behavior Severity: An Empirical Examination,https://openalex.org/W1996051380,https://doi.org/10.1016/j.jretai.2009.05.005,2009,article,276
Journal of Retailing,The Role of Customer Orientation as a Moderator of the Job Demand–Burnout–Performance Relationship: A Surface-Level Trait Perspective,https://openalex.org/W2155361596,https://doi.org/10.1016/j.jretai.2009.07.001,2009,article,271
Journal of Retailing,"Customer Rage Episodes: Emotions, Expressions and Behaviors",https://openalex.org/W2036678259,https://doi.org/10.1016/j.jretai.2009.04.002,2009,article,257
Journal of Retailing,E-satisfaction: a re-examination,https://openalex.org/W2141410691,https://doi.org/10.1016/j.jretai.2004.08.002,2004,article,341
Journal of Retailing,Effective category management depends on the role of the category☆,https://openalex.org/W1993732525,https://doi.org/10.1016/s0022-4359(01)00045-8,2001,article,324
Journal of Retailing,Towards understanding consumer response to stock-outs,https://openalex.org/W2034425090,https://doi.org/10.1016/s0022-4359(00)00026-9,2000,article,323
Journal of Retailing,Perceptions and realities of male shopping behavior,https://openalex.org/W1989099798,https://doi.org/10.1016/s0022-4359(00)00047-6,2001,article,317
Journal of Retailing,Maintaining a committed online customer: A study across search-experience-credence products,https://openalex.org/W1990200894,https://doi.org/10.1016/j.jretai.2005.01.006,2005,article,312
Journal of Retailing,The moderating role of target-arousal on the impact of affect on satisfaction—an examination in the context of service experiences,https://openalex.org/W2156770791,https://doi.org/10.1016/s0022-4359(00)00031-2,2000,article,310
Journal of Retailing,Effects of pricing and promotion on consumer perceptions: it depends on how you frame it,https://openalex.org/W2078034182,https://doi.org/10.1016/j.jretai.2005.01.002,2005,article,306
Journal of Retailing,Analysis of cross category dependence in market basket selection,https://openalex.org/W2026230535,https://doi.org/10.1016/s0022-4359(00)00030-0,2000,article,303
Journal of Retailing,Drivers of local merchant loyalty: Understanding the influence of gender and shopping motives,https://openalex.org/W2068264669,https://doi.org/10.1016/j.jretai.2006.05.002,2006,article,297
Journal of Retailing,Virtual store layout: an experimental comparison in the context of grocery retail,https://openalex.org/W2115031694,https://doi.org/10.1016/j.jretai.2004.01.006,2004,article,289
Journal of Retailing,"Consumer price sensitivity and price thresholds14 14Sangman Han is Associate Professor, School of Business Administration Sungkyunkwan University, 53 3-ga, Myongnyun-dong, Chongno-gu, Seoul (phone: 82-2-760-0456, email: smhan@yurim.skku.ac.kr). Sunil Gupta is Meyer Feldberg Professor of Business (phone: 212-854-3467, email: sg37@columbia.edu) and Donald R. Lehmann is George E. Warren Professor (phone: 212-854-3465, email: drl2@columbia.edu), both at the Graduate School of Business, Columbia …",https://openalex.org/W1506150025,https://doi.org/10.1016/s0022-4359(01)00057-4,2001,article,283
Journal of Retailing,Ensuring greater satisfaction by engineering salesperson response to customer emotions,https://openalex.org/W1973703330,https://doi.org/10.1016/s0022-4359(00)00034-8,2000,article,283
Journal of Retailing,Private label positioning: Quality versus feature differentiation from the national brand,https://openalex.org/W2108374737,https://doi.org/10.1016/j.jretai.2006.02.005,2006,article,280
Journal of Retailing,The influence of tactile input on the evaluation of retail product offerings,https://openalex.org/W2106321664,https://doi.org/10.1016/j.jretai.2006.09.001,2007,article,275
Journal of Retailing,The impact of satisfaction and payment equity on cross-buying,https://openalex.org/W2109807800,https://doi.org/10.1016/s0022-4359(01)00052-5,2001,article,271
Journal of Retailing,Developing parsimonious retailer equity indexes using partial least squares analysis: a method and applications,https://openalex.org/W1976161988,https://doi.org/10.1016/s0022-4359(03)00036-8,2003,article,270
Journal of Retailing,Exploring the impact of online privacy disclosures on consumer trust,https://openalex.org/W2013358199,https://doi.org/10.1016/j.jretai.2006.08.006,2006,article,270
Journal of Retailing,A meta-analysis of the impact of price presentation on perceived savings,https://openalex.org/W3123790146,https://doi.org/10.1016/s0022-4359(02)00072-6,2002,article,267
Journal of Retailing,The impact of brand equity and the hedonic level of products on consumer stock-out reactions,https://openalex.org/W2133964469,https://doi.org/10.1016/j.jretai.2005.01.001,2005,article,263
Journal of Retailing,It’s all at the mall: exploring adolescent girls’ experiences,https://openalex.org/W2005649001,https://doi.org/10.1016/j.jretai.2004.01.005,2004,article,262
Journal of Retailing,"Retailing research: Past, present, and future",https://openalex.org/W2145804171,https://doi.org/10.1016/j.jretai.2007.09.003,2007,article,260
Journal of Retailing,The current and future sales impact of a retail frequency reward program,https://openalex.org/W2031621208,https://doi.org/10.1016/j.jretai.2004.11.004,2005,article,256
Journal of Retailing,Dynamic cooperative advertising in a channel,https://openalex.org/W2006745029,https://doi.org/10.1016/s0022-4359(99)00024-x,2000,article,251
Journal of Retailing,Why is Assortment Planning so Difficult for Retailers? A Framework and Research Agenda,https://openalex.org/W2000560850,https://doi.org/10.1016/j.jretai.2008.11.006,2009,article,245
Journal of Retailing,Do reward programs build loyalty for services?The moderating effect of satisfaction on type and timing of rewards,https://openalex.org/W2042164826,https://doi.org/10.1016/j.jretai.2006.02.004,2006,article,244
Journal of Retailing,Change-oriented organizational citizenship behaviors: the direct and moderating influence of goal orientation,https://openalex.org/W2043209101,https://doi.org/10.1016/j.jretai.2003.12.001,2004,article,241
Journal of Retailing,The effect of sales promotion on post-promotion brand preference: A meta-analysis,https://openalex.org/W2084113165,https://doi.org/10.1016/j.jretai.2005.10.001,2006,article,240
Journal of Retailing,Can culture affect prices? A cross-cultural study of shopping and retail prices,https://openalex.org/W3125064418,https://doi.org/10.1016/s0022-4359(00)00046-4,2001,article,240
Journal of Retailing,Consumer evaluations of different promotion types and price presentations: the moderating role of promotional benefit level,https://openalex.org/W1965202160,https://doi.org/10.1016/s0022-4359(03)00004-6,2003,article,238
Journal of Retailing,The Effect of Compensation on Repurchase Intentions in Service Recovery☆,https://openalex.org/W2164361990,https://doi.org/10.1016/j.jretai.2008.06.002,2008,article,238
Journal of Retailing,Will the growth of multi-channel retailing diminish the pricing efficiency of the web?,https://openalex.org/W2074694716,https://doi.org/10.1016/s0022-4359(01)00049-5,2001,article,236
Journal of Retailing,The inter-store mobility of supermarket shoppers,https://openalex.org/W1966980081,https://doi.org/10.1016/s0022-4359(02)00099-4,2002,article,235
Journal of Retailing,The retail power-performance conundrum,https://openalex.org/W1970240532,https://doi.org/10.1016/s0022-4359(01)00047-1,2001,article,234
Journal of Retailing,The Relationship Between Consumers’ Tendencies to Buy Compulsively and Their Motivations to Shop and Buy on the Internet,https://openalex.org/W2010476888,https://doi.org/10.1016/j.jretai.2009.05.002,2009,article,230
Journal of Retailing,Retailer power and supplier welfare,https://openalex.org/W2027536113,https://doi.org/10.1016/s0022-4359(01)00048-3,2001,article,228
Journal of Retailing,Protecting children's privacy online: How parental mediation strategies affect website safeguard effectiveness,https://openalex.org/W2160430568,https://doi.org/10.1016/j.jretai.2008.04.004,2008,article,228
Journal of Retailing,Structural and strategic dynamics in franchising,https://openalex.org/W2016583410,https://doi.org/10.1016/s0022-4359(03)00011-3,2003,article,227
Journal of Retailing,Why Are Themed Brandstores So Powerful? Retail Brand Ideology at American Girl Place,https://openalex.org/W2134879642,https://doi.org/10.1016/j.jretai.2009.05.003,2009,article,226
Journal of Retailing,Shopping values of russian consumers: the impact of habituation in a developing economy,https://openalex.org/W1980887000,https://doi.org/10.1016/s0022-4359(99)00025-1,2000,article,223
Journal of Retailing,A decision support system for vendor managed inventory,https://openalex.org/W2018415532,https://doi.org/10.1016/s0022-4359(00)00037-3,2000,article,223
Journal of Retailing,The transfer of retail formats into developing economies: The example of China,https://openalex.org/W2003934830,https://doi.org/10.1016/s0022-4359(01)00044-6,2001,article,220
Journal of Retailing,Reciprocal Effects Between Multichannel Retailers’ Offline and Online Brand Images,https://openalex.org/W2004718079,https://doi.org/10.1016/j.jretai.2009.05.011,2009,article,219
Journal of Retailing,The role of pleasant music in servicescapes: A test of the dual model of environmental perception,https://openalex.org/W2074997425,https://doi.org/10.1016/j.jretai.2006.10.006,2006,article,219
Journal of Retailing,The impact of culture on consumers? perceptions of service recovery efforts,https://openalex.org/W1995586026,https://doi.org/10.1016/j.jretai.2004.08.001,2004,article,217
Journal of Retailing,Risk sensitivity in distribution channel partnerships: implications for manufacturer return policies,https://openalex.org/W2050324619,https://doi.org/10.1016/s0022-4359(02)00070-2,2002,article,215
Journal of Retailing,Customer-oriented boundary-spanning behaviors: Test of a social exchange model of antecedents,https://openalex.org/W1996514369,https://doi.org/10.1016/j.jretai.2005.03.004,2005,article,209
Journal of Retailing,Barriers to the advancement of modern food retail formats: theory and measurement,https://openalex.org/W2023202107,https://doi.org/10.1016/s0022-4359(02)00098-2,2002,article,209
Journal of Retailing,Strategies to offset performance failures: The role of brand equity,https://openalex.org/W2074322106,https://doi.org/10.1016/j.jretai.2008.04.002,2008,article,202
Journal of Retailing,Multi-channel service retailing: The effects of channel performance satisfaction on behavioral intentions,https://openalex.org/W2150769815,https://doi.org/10.1016/j.jretai.2006.08.010,2006,article,202
Journal of Retailing,Managing retail channel overstock: markdown money and return policies,https://openalex.org/W2064967389,https://doi.org/10.1016/s0022-4359(01)00055-0,2001,article,197
Journal of Retailing,Using product sampling to augment the perceived quality of store brands,https://openalex.org/W1999851107,https://doi.org/10.1016/j.jretai.2004.10.006,2004,article,196
Journal of Retailing,Affect and Retail Shopping Behavior: Understanding the Role of Mood Regulation and Regulatory Focus,https://openalex.org/W2058161069,https://doi.org/10.1016/j.jretai.2009.05.004,2009,article,195
Journal of Retailing,"Satisfaction with Online Commercial Group Chat: The Influence of Perceived Technology Attributes, Chat Group Characteristics, and Advisor Communication Style",https://openalex.org/W2010591119,https://doi.org/10.1016/j.jretai.2007.03.004,2007,article,193
Journal of Retailing,The effect of multi-purpose shopping on pricing and location strategy for grocery stores,https://openalex.org/W1972064606,https://doi.org/10.1016/j.jretai.2004.04.006,2004,article,192
Journal of Retailing,Perceptions of assortment variety: The effects of congruency between consumers’ internal and retailers’ external organization,https://openalex.org/W2034933845,https://doi.org/10.1016/j.jretai.2005.03.007,2005,article,191
Journal of Retailing,Consumer normalcy: Understanding the value of shopping through narratives of consumers with visual impairments,https://openalex.org/W2117680945,https://doi.org/10.1016/j.jretai.2005.11.003,2006,article,188
Journal of Retailing,Retail Branding and Customer Loyalty: an overview,https://openalex.org/W2046518527,https://doi.org/10.1016/j.jretai.2004.10.001,2004,article,185
Journal of Retailing,Customer complaining: The role of tie strength and information control,https://openalex.org/W3121415431,https://doi.org/10.1016/j.jretai.2008.01.006,2008,article,185
Journal of Retailing,Emerging trends in retail pricing practice: implications for research,https://openalex.org/W2018589795,https://doi.org/10.1016/j.jretai.2004.08.003,2004,article,183
Journal of Retailing,Retail Spectacles and Brand Meaning: Insights from a Brand Museum Case Study,https://openalex.org/W1994724433,https://doi.org/10.1016/j.jretai.2008.05.003,2008,article,181
Journal of Retailing,Managing retailer profitability—one customer at a time!,https://openalex.org/W2097880494,https://doi.org/10.1016/j.jretai.2006.08.002,2006,article,181
Journal of Retailing,Relationship hindrance: why would consumers not want a relationship with a retailer?,https://openalex.org/W2008529651,https://doi.org/10.1016/j.jretai.2004.10.005,2004,article,179
Journal of Retailing,Understanding brand and dealer retention in the new car market: The moderating role of brand tier,https://openalex.org/W2157929638,https://doi.org/10.1016/j.jretai.2006.10.007,2006,article,178
Journal of Retailing,Online information search termination patterns across product categories and consumer demographics,https://openalex.org/W2027784123,https://doi.org/10.1016/j.jretai.2003.10.001,2004,article,177
Journal of Retailing,Understanding brand and dealer retention in the new car market: The moderating role of brand tier,https://openalex.org/W2157929638,https://doi.org/10.1016/j.jretai.2006.10.007,2007,article,176
Journal of Retailing,"Effects of relationship climate, control mechanism, and communications on conflict resolution behavior and performance outcomes",https://openalex.org/W1998096864,https://doi.org/10.1016/j.jretai.2007.03.002,2007,article,172
Journal of Retailing,Cross-buying in retailing: Drivers and consequences,https://openalex.org/W2163718798,https://doi.org/10.1016/j.jretai.2008.01.007,2008,article,169
Journal of Retailing,Consumers’ perceptions of the fairness of price-matching refund policies,https://openalex.org/W1974338139,https://doi.org/10.1016/j.jretai.2007.03.005,2007,article,168
Journal of Retailing,Asymmetric competition in retail store formats: Evaluating inter- and intra-format spatial effects,https://openalex.org/W2119904254,https://doi.org/10.1016/j.jretai.2005.01.004,2005,article,168
Journal of Retailing,The role of retailer interest on shopping behavior,https://openalex.org/W2014794834,https://doi.org/10.1016/j.jretai.2005.05.001,2006,article,164
Journal of Retailing,"Power, satisfaction, and relationship commitment in Chinese store–tenant relationship and their impact on performance",https://openalex.org/W2151763667,https://doi.org/10.1016/j.jretai.2005.11.004,2006,article,162
Journal of Retailing,The effects of polychronic-orientation upon retail employee satisfaction and turnover,https://openalex.org/W2049960124,https://doi.org/10.1016/j.jretai.2006.08.005,2006,article,160
Journal of Retailing,Emerging Issues in Retailing Research,https://openalex.org/W2129277960,https://doi.org/10.1016/j.jretai.2009.09.007,2009,article,159
Journal of Retailing,The WOW factor: Creating value through win-back offers to reacquire lost customers,https://openalex.org/W1965387548,https://doi.org/10.1016/j.jretai.2006.10.005,2006,article,156
Journal of Retailing,"Food for Thought: How Will the Nutrition Labeling of Quick Service Restaurant Menu Items Influence Consumers’ Product Evaluations, Purchase Intentions, and Choices?",https://openalex.org/W2077044205,https://doi.org/10.1016/j.jretai.2009.04.007,2009,article,153
Journal of Retailing,Choosing the Right Metrics to Maximize Profitability and Shareholder Value,https://openalex.org/W2096321101,https://doi.org/10.1016/j.jretai.2008.11.004,2009,article,152
Journal of Retailing,The Impact of Product-Country Image and Marketing Efforts on Retailer-Perceived Brand Equity: An Empirical Analysis☆,https://openalex.org/W2065799381,https://doi.org/10.1016/j.jretai.2009.04.004,2009,article,145
Journal of Retailing,Retailer Pricing and Competitive Effects,https://openalex.org/W1972113055,https://doi.org/10.1016/j.jretai.2008.11.005,2009,article,131
Journal of Retailing,Consumer store choice dynamics: an analysis of the competitive market structure for grocery stores,https://openalex.org/W1989785514,https://doi.org/10.1016/s0022-4359(00)00033-6,2000,article,190
Journal of Retailing,The impact of store flyers on store traffic and store sales: a geo-marketing approach,https://openalex.org/W1981304903,https://doi.org/10.1016/s0022-4359(03)00006-x,2003,article,173
Journal of Retailing,Customer-sales employee encounters: a dyadic perspective,https://openalex.org/W2112883678,https://doi.org/10.1016/s0022-4359(02)00067-2,2002,article,163
Journal of Retailing,Hometown ideology and retailer legitimation: The institutional semiotics of Wal-Mart flyers,https://openalex.org/W2015046768,https://doi.org/10.1016/s0022-4359(01)00046-x,2001,article,162
Journal of Retailing,Employee versus supervisor ratings of performance in the retail customer service sector: Differences in predictive validity for customer outcomes,https://openalex.org/W1997284402,https://doi.org/10.1016/j.jretai.2006.10.009,2006,article,151
Journal of Retailing,"The effect of shipping fees on customer acquisition, customer retention, and purchase quantities",https://openalex.org/W2105245236,https://doi.org/10.1016/j.jretai.2005.11.005,2006,article,150
Journal of Retailing,The performance implications of entrepreneurial proclivity: A dynamic capabilties approach,https://openalex.org/W2160217529,https://doi.org/10.1016/j.jretai.2005.11.007,2006,article,149
Journal of Retailing,The stability of retail shopping choices over time and across countries,https://openalex.org/W1971601571,https://doi.org/10.1016/s0022-4359(01)00043-4,2001,article,147
Journal of Retailing,Assimilation of advertised reference prices: the moderating role of involvement,https://openalex.org/W2000171724,https://doi.org/10.1016/s0022-4359(03)00002-2,2003,article,147
Journal of Retailing,Multiple reference effects in service evaluations: Roles of alternative attractiveness and self-image congruity,https://openalex.org/W2038621128,https://doi.org/10.1016/j.jretai.2006.10.011,2006,article,147
Journal of Retailing,Teenagers’ use of alternative shopping channels: A consumer socialization perspective,https://openalex.org/W2006865346,https://doi.org/10.1016/j.jretai.2005.08.002,2006,article,146
Journal of Retailing,Determinants and outcomes of plan objectivity and implementation in category management relationships,https://openalex.org/W1987075297,https://doi.org/10.1016/s0022-4359(00)00041-5,2000,article,142
Journal of Retailing,Contractibility and ownership redirection in franchising: A property rights view,https://openalex.org/W3122604297,https://doi.org/10.1016/j.jretai.2006.06.001,2006,article,136
Journal of Retailing,Animating the big middle,https://openalex.org/W2076128332,https://doi.org/10.1016/j.jretai.2005.03.001,2005,article,135
Journal of Retailing,Persuasion knowledge and consumer reactions to pricing tactics,https://openalex.org/W2067917127,https://doi.org/10.1016/j.jretai.2006.06.003,2007,article,134
Journal of Retailing,An empirically derived taxonomy of retailer pricing and promotion strategies,https://openalex.org/W2034715831,https://doi.org/10.1016/j.jretai.2003.09.005,2003,article,132
Journal of Retailing,The impact of external reference price on consumer price expectations,https://openalex.org/W2022261539,https://doi.org/10.1016/j.jretai.2003.09.002,2003,article,131
Journal of Retailing,Six strategies for competing through service: An agenda for future research,https://openalex.org/W1995350770,https://doi.org/10.1016/j.jretai.2006.11.001,2007,article,129
Journal of Retailing,Effects of Consumers’ Efforts on Price and Promotion Fairness Perceptions,https://openalex.org/W2051665137,https://doi.org/10.1016/j.jretai.2009.10.003,2009,article,127
Journal of Retailing,Understanding product migration to the electronic marketplace: A conceptual framework,https://openalex.org/W2018156461,https://doi.org/10.1016/j.jretai.2005.03.006,2005,article,125
Journal of Retailing,Managing conflict to improve the effectiveness of retail networks,https://openalex.org/W2125151445,https://doi.org/10.1016/j.jretai.2003.12.002,2004,article,125
Journal of Retailing,Consequences of Value in Retail Markets,https://openalex.org/W1975844337,https://doi.org/10.1016/j.jretai.2009.05.006,2009,article,123
Journal of Retailing,When a few minutes sound like a lifetime: Does atmospheric music expand or contract perceived time?,https://openalex.org/W1966796010,https://doi.org/10.1016/j.jretai.2006.05.003,2006,article,122
Journal of Retailing,Can bottles speak volumes? The effect of package shape on how much to buy,https://openalex.org/W2039454777,https://doi.org/10.1016/j.jretai.2004.11.003,2005,article,122
Journal of Retailing,"Service provider responses to anxious and angry customers: different challenges, different payoffs",https://openalex.org/W2070353832,https://doi.org/10.1016/j.jretai.2003.11.002,2004,article,122
Journal of Retailing,Price-matching guarantees as signals of low store prices: survey and experimental evidence,https://openalex.org/W2031926824,https://doi.org/10.1016/j.jretai.2004.04.004,2004,article,119
Journal of Retailing,Drivers of Customers’ Adoption and Adoption Timing of a New Loyalty Card in the Grocery Retail Market,https://openalex.org/W2024233261,https://doi.org/10.1016/j.jretai.2009.05.007,2009,article,118
Journal of Retailing,Selling an opaque product through an intermediary: The case of disguising one's product,https://openalex.org/W2115481925,https://doi.org/10.1016/j.jretai.2008.01.005,2008,article,117
Journal of Retailing,The Impact of Brand Delisting on Store Switching and Brand Switching Intentions,https://openalex.org/W2128589777,https://doi.org/10.1016/j.jretai.2008.06.005,2008,article,114
Journal of Retailing,Fraudulent Return Proclivity: An Empirical Analysis,https://openalex.org/W2031713952,https://doi.org/10.1016/j.jretai.2008.09.003,2008,article,111
Journal of Retailing,A categorization of small retailer research streams: What does it portend for future research?,https://openalex.org/W2152879307,https://doi.org/10.1016/j.jretai.2008.01.003,2008,article,111
Journal of Retailing,Understanding the Determinants of Retail Strategy: An Empirical Analysis,https://openalex.org/W2137058510,https://doi.org/10.1016/j.jretai.2008.06.004,2008,article,110
Journal of Retailing,Interactional service failures in a pseudorelationship: The role of organizational attributions,https://openalex.org/W2051226867,https://doi.org/10.1016/j.jretai.2006.10.010,2006,article,109
Journal of Retailing,Consumer Responses to Vertical Service Line Extensions,https://openalex.org/W2167005376,https://doi.org/10.1016/j.jretai.2008.05.001,2008,article,103
Journal of Retailing,Role Stressors and Retail Performance: The Role of Perceived Competitive Climate,https://openalex.org/W2126871138,https://doi.org/10.1016/j.jretai.2009.02.002,2009,article,98
Journal of Retailing,Using transformational appeals to enhance the retail experience,https://openalex.org/W1964752998,https://doi.org/10.1016/j.jretai.2008.01.001,2008,article,97
Journal of Retailing,How Task-Facilitative Interactive Tools Foster Buyers’ Trust in Online Retailers: A Process View of Trust Development in the Electronic Marketplace,https://openalex.org/W1995780063,https://doi.org/10.1016/j.jretai.2009.02.001,2009,article,93
Journal of Retailing,Insights into cross- and within-store price search: retailer estimates vs. consumer self-reports,https://openalex.org/W2013367261,https://doi.org/10.1016/s0022-4359(00)00025-7,2000,article,117
Journal of Retailing,The concept of the “Big Middle”,https://openalex.org/W2165352511,https://doi.org/10.1016/j.jretai.2005.04.001,2005,article,112
Journal of Retailing,Retailing in the 21st century: reflections and prologue to research,https://openalex.org/W2030594899,https://doi.org/10.1016/s0022-4359(01)00062-8,2002,article,104
Journal of Retailing,Category-specific coupon proneness: The impact of individual characteristics and category-specific variables,https://openalex.org/W2036249182,https://doi.org/10.1016/j.jretai.2005.07.004,2005,article,104
Journal of Retailing,How category characteristics affect the number of store brands offered by the retailer: a model and empirical analysis,https://openalex.org/W2070012150,https://doi.org/10.1016/j.jretai.2004.10.004,2004,article,99
Journal of Retailing,Coupons in context: discounting prices or decreasing profits?,https://openalex.org/W2171735901,https://doi.org/10.1016/j.jretai.2004.01.001,2004,article,98
Journal of Retailing,The influence of redundant comparison prices and other price presentation formats on consumers’ evaluations and purchase intentions,https://openalex.org/W1975635363,https://doi.org/10.1016/j.jretai.2004.01.004,2004,article,95
Journal of Retailing,Profiling the reference price consumer,https://openalex.org/W2044484504,https://doi.org/10.1016/j.jretai.2005.11.006,2006,article,95
Journal of Retailing,Maximizing earnings and price fairness perceptions in online consumer-to-consumer auctions,https://openalex.org/W1992745568,https://doi.org/10.1016/j.jretai.2005.01.007,2005,article,93
Journal of Retailing,Opportunities for active stock-out management in online stores: The impact of the stock-out policy on online stock-out reactions,https://openalex.org/W2090501920,https://doi.org/10.1016/j.jretai.2006.05.001,2006,article,92
Journal of Retailing,Store inventory can affect demand: Empirical evidence from magazine retailing,https://openalex.org/W2095251280,https://doi.org/10.1016/j.jretai.2008.04.003,2008,article,91
Journal of Retailing,Franchising as a plural system: A risk-based explanation☆,https://openalex.org/W2140263209,https://doi.org/10.1016/j.jretai.2008.01.004,2008,article,90
Journal of Retailing,Shopping context and consumers’ mental representation of complex shopping trip decision problems,https://openalex.org/W2148756433,https://doi.org/10.1016/j.jretai.2008.02.001,2008,article,89
Journal of Retailing,Consumer responses to characteristics of price-matching guarantees: The moderating role of price consciousness,https://openalex.org/W2091379726,https://doi.org/10.1016/j.jretai.2006.01.001,2007,article,87
Journal of Retailing,Understanding Retail Managers’ Role in the Sales of Products and Services,https://openalex.org/W2036532435,https://doi.org/10.1016/j.jretai.2008.09.006,2008,article,86
Journal of Retailing,Scientific method and retailing research: A retrospective,https://openalex.org/W2055075712,https://doi.org/10.1016/j.jretai.2008.03.001,2008,article,86
Journal of Retailing,Relational Resources in Interorganizational Exchange: The Effects of Trade Equity and Brand Equity,https://openalex.org/W2025369104,https://doi.org/10.1016/j.jretai.2008.08.002,2008,article,85
Journal of Retailing,Effects of service setting and other consumers’ age on the service perceptions of young consumers,https://openalex.org/W2114626237,https://doi.org/10.1016/j.jretai.2008.01.002,2008,article,85
Journal of Retailing,How retailer and competitor decisions drive the long-term effectiveness of manufacturer promotions for fast moving consumer goods,https://openalex.org/W2151230943,https://doi.org/10.1016/j.jretai.2006.03.001,2007,article,85
Journal of Retailing,Retailer–buyer supplier relationships: The Japanese difference,https://openalex.org/W2032954086,https://doi.org/10.1016/j.jretai.2006.08.008,2006,article,84
Journal of Retailing,Do Shoppers Like Electronic Coupons?,https://openalex.org/W72442292,https://doi.org/10.1016/j.jretai.2008.07.003,2008,article,84
Journal of Retailing,Influence of Soldout Products on Consumer Choice,https://openalex.org/W1999829650,https://doi.org/10.1016/j.jretai.2009.05.009,2009,article,83
Journal of Retailing,How call center location impacts expectations of service from reputable versus lesser known firms,https://openalex.org/W2005146848,https://doi.org/10.1016/j.jretai.2007.03.008,2007,article,83
Journal of Retailing,Memory-Based Store Price Judgments: The Role of Knowledge and Shopping Experience,https://openalex.org/W2170302675,https://doi.org/10.1016/j.jretai.2008.08.001,2008,article,83
Journal of Retailing,Multiple unit price promotions and their effects on quantity purchase intentions,https://openalex.org/W1999082440,https://doi.org/10.1016/j.jretai.2007.03.011,2007,article,81
Journal of Retailing,Differentiation Via Technology: Strategic Positioning of Services Following the Introduction of Disruptive Technology,https://openalex.org/W2032258604,https://doi.org/10.1016/j.jretai.2007.03.010,2007,article,81
Journal of Retailing,Partitioned pricing: Can we always divide and prosper?,https://openalex.org/W2000788866,https://doi.org/10.1016/j.jretai.2007.03.007,2007,article,77
Journal of Retailing,When Do Relationships Pay Off for Small Retailers? Exploring Targets and Contexts to Understand the Value of Relationship Marketing☆,https://openalex.org/W2051121977,https://doi.org/10.1016/j.jretai.2009.09.001,2009,article,74
Journal of Retailing,When Do Large Product Assortments Benefit Consumers? An Information-Processing Perspective,https://openalex.org/W1978886593,https://doi.org/10.1016/j.jretai.2009.05.008,2009,article,71
Journal of Retailing,Spatial diffusion of a new loyalty program through a retail market,https://openalex.org/W2010203570,https://doi.org/10.1016/s0022-4359(03)00037-x,2003,article,92
Journal of Retailing,Do models of vertical strategic interaction for national and store brands meet the market test?,https://openalex.org/W2163167948,https://doi.org/10.1016/s0022-4359(00)00038-5,2001,article,92
Journal of Retailing,Valuation and management of money-back guarantee options,https://openalex.org/W2019932115,https://doi.org/10.1016/s0022-4359(02)00065-9,2002,article,89
Journal of Retailing,Consumer perceptions of refund depth and competitive scope in price-matching guarantees: effects on store patronage,https://openalex.org/W1973721799,https://doi.org/10.1016/s0022-4359(03)00038-1,2003,article,88
Journal of Retailing,Effects of low price guarantees on consumer post-purchase search intention: The moderating roles of value consciousness and penalty level,https://openalex.org/W1992484773,https://doi.org/10.1016/j.jretai.2005.08.001,2005,article,84
Journal of Retailing,Consumers’ store-level price knowledge: Why are some consumers more knowledgeable than others?,https://openalex.org/W1966226051,https://doi.org/10.1016/j.jretai.2005.02.001,2005,article,83
Journal of Retailing,Low price guarantees as signals of lowest price: The moderating role of perceived price dispersion,https://openalex.org/W2068597517,https://doi.org/10.1016/j.jretai.2005.07.007,2006,article,78
Journal of Retailing,Liquidity implications of reverse logistics for retailers: A Markov chain approach,https://openalex.org/W2164773270,https://doi.org/10.1016/j.jretai.2005.07.003,2005,article,77
Journal of Retailing,The impact of code switching on service encounters,https://openalex.org/W2091911685,https://doi.org/10.1016/j.jretai.2006.10.008,2006,article,75
Journal of Retailing,Succeeding in the Big Middle through technology,https://openalex.org/W2067909717,https://doi.org/10.1016/j.jretai.2005.03.003,2005,article,73
Journal of Retailing,The effects of merchandise coordination and juxtaposition on consumers’ product evaluation and purchase intention in store-based retailing,https://openalex.org/W3122964568,https://doi.org/10.1016/j.jretai.2005.07.006,2005,article,71
Journal of Retailing,Supply chain management and the evolution of the “Big Middle”,https://openalex.org/W3123348019,https://doi.org/10.1016/j.jretai.2005.03.002,2005,article,71
Journal of Retailing,Search regret: Antecedents and consequences,https://openalex.org/W1971692671,https://doi.org/10.1016/j.jretai.2006.08.007,2006,article,68
Journal of Retailing,Chain-wide and store-level analysis for cross-category management,https://openalex.org/W3122919567,https://doi.org/10.1016/j.jretai.2006.02.006,2007,article,66
Journal of Retailing,Computer-Mediated Customization Tendency (CMCT) and the Adaptive e-Service Experience,https://openalex.org/W2065339154,https://doi.org/10.1016/j.jretai.2009.11.001,2009,article,65
Journal of Retailing,Using Lexical Semantic Analysis to Derive Online Brand Positions: An Application to Retail Marketing Research,https://openalex.org/W2096267701,https://doi.org/10.1016/j.jretai.2009.03.001,2009,article,65
Journal of Retailing,"Perceived Discrimination, Cashier Metaperceptions, Embarrassment, and Confidence as Influencers of Coupon Use: An Ethnoracial–Socioeconomic Analysis",https://openalex.org/W1995874106,https://doi.org/10.1016/j.jretai.2009.04.008,2009,article,61
Journal of Retailing,Retail environment and manufacturer competitive intensity,https://openalex.org/W3125816625,https://doi.org/10.1016/j.jretai.2007.01.001,2007,article,61
Journal of Retailing,The Use of Persuasion Management Strategies by Identity-Vulnerable Consumers: The Case of Urban Heterosexual Male Shoppers,https://openalex.org/W2028342054,https://doi.org/10.1016/j.jretai.2008.09.004,2008,article,60
Journal of Retailing,The Theoretical Domains of Retailing Research: A Retrospective,https://openalex.org/W2070632188,https://doi.org/10.1016/j.jretai.2009.04.003,2009,article,60
Journal of Retailing,Experimental choice analysis of shopping strategies,https://openalex.org/W1976510303,https://doi.org/10.1016/s0022-4359(01)00054-9,2001,article,80
Journal of Retailing,Is channel coordination all it is cracked up to be?,https://openalex.org/W3121840119,https://doi.org/10.1016/s0022-4359(00)00039-7,2000,article,80
Journal of Retailing,Supply chain management in a networked economy,https://openalex.org/W2084877741,https://doi.org/10.1016/s0022-4359(00)00043-9,2000,article,79
Journal of Retailing,Unit prices on retail shelf labels: an assessment of information prominence,https://openalex.org/W1993957125,https://doi.org/10.1016/s0022-4359(99)00022-6,2000,article,78
Journal of Retailing,The pricing of franchise rights,https://openalex.org/W2033335854,https://doi.org/10.1016/s0022-4359(01)00053-7,2001,article,75
Journal of Retailing,Has the productivity of retail food stores really declined?,https://openalex.org/W2037441464,https://doi.org/10.1016/s0022-4359(03)00035-6,2003,article,74
Journal of Retailing,The effect of concentration and market power on food prices: evidence from Finland,https://openalex.org/W1988428356,https://doi.org/10.1016/s0022-4359(02)00073-8,2002,article,73
Journal of Retailing,Scale modification: alternative approaches and their consequences,https://openalex.org/W2001472104,https://doi.org/10.1016/j.jretai.2004.01.003,2004,article,72
Journal of Retailing,"Future fantasies: a social change perspective of retailing in the 21st century☆ ☆Stacy L. Wood is assistant professor of marketing at The Moore School of Business, University of South Carolina, Columbia, SC, 29208; Phone (803) 777-4920; Email wood@darla.badm.sc.edu. The author would like to thank Bruce Money, Sherry Roberts, Danny Wadden, and Georgiana Craciun for their assistance with this research.",https://openalex.org/W1499147616,https://doi.org/10.1016/s0022-4359(01)00069-0,2002,article,71
Journal of Retailing,Product category determinants of price knowledge for durable consumer goods,https://openalex.org/W2035766250,https://doi.org/10.1016/j.jretai.2004.04.003,2004,article,71
Journal of Retailing,The effect of customer service on retailers’ shareholder wealth: The role of availability and reputation cues,https://openalex.org/W2067056308,https://doi.org/10.1016/j.jretai.2006.10.003,2006,article,66
Journal of Retailing,Antecedents of satisfaction in a marketing channel,https://openalex.org/W2073508992,https://doi.org/10.1016/j.jretai.2003.09.001,2003,article,66
Journal of Retailing,Consumer price awareness in food shopping: the case of quantity surcharges,https://openalex.org/W2112348123,https://doi.org/10.1016/s0022-4359(03)00005-8,2003,article,65
Journal of Retailing,Offering low price guarantees to improve customer retention,https://openalex.org/W2024105582,https://doi.org/10.1016/j.jretai.2006.02.001,2006,article,60
Journal of Retailing,Consumer and Retailer Promotions: Who is Better Off?,https://openalex.org/W1991934458,https://doi.org/10.1016/j.jretai.2008.09.001,2008,article,58
Journal of Retailing,Product form bundling: Implications for marketing digital products,https://openalex.org/W2078861632,https://doi.org/10.1016/j.jretai.2008.04.001,2008,article,57
Journal of Retailing,Effects of prior brand usage and promotion on consumer promotional response,https://openalex.org/W1987508328,https://doi.org/10.1016/j.jretai.2006.08.003,2006,article,56
Journal of Retailing,Empirical Testing of the Reference-Price Effect of Buy-Now Prices in Internet Auctions,https://openalex.org/W3121509691,https://doi.org/10.1016/j.jretai.2009.02.003,2009,article,54
Journal of Retailing,Do market characteristics impact the relationship between retailer characteristics and online prices?,https://openalex.org/W3122288957,https://doi.org/10.1016/j.jretai.2006.04.002,2007,article,52
Journal of Retailing,Competitive and Cooperative Behavior in Embedded Markets: Developing an Institutional Perspective on Bazaars,https://openalex.org/W2002203181,https://doi.org/10.1016/j.jretai.2009.04.006,2009,article,51
Journal of Retailing,On what makes a significant contribution to the retailing literature,https://openalex.org/W2025424632,https://doi.org/10.1016/j.jretai.2008.05.002,2008,article,51
Journal of Retailing,Performance Implications of Online Entry Timing by Store-Based Retailers: A Longitudinal Investigation,https://openalex.org/W2071125220,https://doi.org/10.1016/j.jretai.2009.04.001,2009,article,49
Journal of Retailing,Order Effect and Vendor Inspection in Online Comparison Shopping☆,https://openalex.org/W2138876428,https://doi.org/10.1016/j.jretai.2008.09.007,2008,article,49
Journal of Retailing,Exploring the effect of retail sector and firm characteristics on retail price promotion strategy,https://openalex.org/W2145849927,https://doi.org/10.1016/s0022-4359(03)00003-4,2003,article,64
Journal of Retailing,Coupon response in services,https://openalex.org/W2064682357,https://doi.org/10.1016/s0022-4359(00)00042-7,2001,article,63
Journal of Retailing,Franchiser influence strategy use and franchisee experience and dependence,https://openalex.org/W1988137515,https://doi.org/10.1016/s0022-4359(02)00064-7,2002,article,62
Journal of Retailing,The critical role of trust in obtaining retailer support for a supplier’s strategic organizational change,https://openalex.org/W2090127545,https://doi.org/10.1016/j.jretai.2003.09.003,2003,article,62
Journal of Retailing,"New product introductions, slotting allowances, and retailer discretion",https://openalex.org/W1964952730,https://doi.org/10.1016/s0022-4359(01)00050-1,2001,article,60
Journal of Retailing,Knowledge structures and retail sales performance: an empirical examination,https://openalex.org/W2028786943,https://doi.org/10.1016/s0022-4359(99)00023-8,2000,article,59
Journal of Retailing,Multi-unit retail site selection processes: incorporating opening delays and unidentified competition,https://openalex.org/W2079403926,https://doi.org/10.1016/s0022-4359(99)00026-3,2000,article,58
Journal of Retailing,Accounting for heterogeneity and dynamics in the loyalty–price sensitivity relationship,https://openalex.org/W2059685570,https://doi.org/10.1016/s0022-4359(03)00010-1,2003,article,57
Journal of Retailing,Adding consumer behavior insights to category management: Improving item placement decisions,https://openalex.org/W2065940065,https://doi.org/10.1016/j.jretai.2006.08.009,2006,article,51
Journal of Retailing,Paying before consuming: Examining the robustness of consumers’ preference for prepayment,https://openalex.org/W3122156755,https://doi.org/10.1016/j.jretai.2006.06.002,2006,article,48
Journal of Retailing,Consumers’ responses to price presentation formats in rebate advertisements,https://openalex.org/W2013569542,https://doi.org/10.1016/j.jretai.2006.08.004,2006,article,47
Journal of Retailing,Bridging the B2C and B2B Research Divide: The Domain of Retailing Literature,https://openalex.org/W2030597412,https://doi.org/10.1016/j.jretai.2008.09.005,2008,article,44
Journal of Retailing,Trip chaining behavior in multi-destination shopping trips: A field experiment and laboratory replication,https://openalex.org/W2033895796,https://doi.org/10.1016/j.jretai.2008.01.009,2008,article,44
Journal of Retailing,Valuing Exclusivity from Encroachment in Franchising,https://openalex.org/W2062820218,https://doi.org/10.1016/j.jretai.2008.07.004,2008,article,43
Journal of Retailing,The Effects of Discount Location and Frame on Consumers’ Price Estimates,https://openalex.org/W2128107650,https://doi.org/10.1016/j.jretai.2009.05.010,2009,article,40
Journal of Retailing,Currency of Search: How Spending Time on Search is Not the Same as Spending Money,https://openalex.org/W3121168847,https://doi.org/10.1016/j.jretai.2009.04.005,2009,article,38
Journal of Retailing,The effectiveness of automatic inventory replenishment in supply chain operations: antecedents and outcomes,https://openalex.org/W2042191168,https://doi.org/10.1016/s0022-4359(00)00036-1,2000,article,56
Journal of Retailing,Retailing as a career: a comparative study of marketers,https://openalex.org/W1969445531,https://doi.org/10.1016/s0022-4359(01)00068-9,2002,article,53
Journal of Retailing,Does manufacturer advertising suppress or stimulate retail price promotions? Analytical model and empirical analysis,https://openalex.org/W2095130245,https://doi.org/10.1016/s0022-4359(02)00066-0,2002,article,49
Journal of Retailing,The competitive impact of service process improvement: Examining customers’ waiting experiences in retail markets,https://openalex.org/W2055629875,https://doi.org/10.1016/j.jretai.2005.07.002,2005,article,48
Journal of Retailing,The impact of ethical cues on customer satisfaction with service,https://openalex.org/W2077447859,https://doi.org/10.1016/s0022-4359(02)00062-3,2002,article,48
Journal of Retailing,The dimensional stability of the standards used in the disconfirmation paradigm,https://openalex.org/W2026611124,https://doi.org/10.1016/j.jretai.2005.01.005,2005,article,44
Journal of Retailing,From Fatwallet to eBay: An investigation of online deal-forums and sales promotions,https://openalex.org/W1982642617,https://doi.org/10.1016/j.jretai.2006.02.002,2006,article,40
Journal of Retailing,“Surprise Gift” Purchases: Customer Insights from the Small Electrical Appliances Market,https://openalex.org/W2000282765,https://doi.org/10.1016/j.jretai.2008.06.003,2008,article,39
Journal of Retailing,Optimal Guaranteed Profit Margins for Both Vendors and Retailers in the Fashion Apparel Industry,https://openalex.org/W2015475582,https://doi.org/10.1016/j.jretai.2008.07.002,2008,article,38
Journal of Retailing,Efficient replenishment in the distribution channel,https://openalex.org/W1991369220,https://doi.org/10.1016/j.jretai.2007.03.003,2007,article,36
Journal of Retailing,The manufacturer-retailer-consumer triad: differing perceptions regarding price promotions,https://openalex.org/W3123576038,https://doi.org/10.1016/s0022-4359(01)00059-8,2001,article,46
Journal of Retailing,The different faces of coupon elasticity,https://openalex.org/W2009745020,https://doi.org/10.1016/j.jretai.2005.01.003,2005,article,38
Journal of Retailing,Semantic cues in reference price advertisements: The moderating role of cue concreteness,https://openalex.org/W1993089053,https://doi.org/10.1016/j.jretai.2006.02.003,2006,article,36
Journal of Retailing,The role of warehouse club membership fee in retail competition,https://openalex.org/W2086305650,https://doi.org/10.1016/j.jretai.2006.04.001,2007,article,32
Journal of Retailing,Retail product-line pricing strategy when costs and products change,https://openalex.org/W2027377529,https://doi.org/10.1016/s0022-4359(00)00048-8,2001,article,41
Journal of Retailing,The 99 price ending as a signal of a low-price appeal,https://openalex.org/W2409849800,https://doi.org/10.1016/j.jretai.2005.11.001,2006,article,30
Journal of Retailing,"A Dynamic Model of Cross-Category Competition: Theory, Tests and Applications",https://openalex.org/W1990915801,https://doi.org/10.1016/j.jretai.2009.05.001,2009,article,25
Journal of Retailing,Consumer Behavior and Retailing,https://openalex.org/W2088702069,https://doi.org/10.1016/j.jretai.2009.07.002,2009,article,25
Journal of Retailing,The organizational ecology of retailing: A historical perspective,https://openalex.org/W2045689856,https://doi.org/10.1016/j.jretai.2005.03.005,2005,article,30
Journal of Retailing,"Global media, local metaphor: Television shopping and marketing-as-relationship in America, Japan, and Taiwan",https://openalex.org/W1967398826,https://doi.org/10.1016/j.jretai.2007.09.002,2007,article,25
Journal of Retailing,Closing the books…,https://openalex.org/W2058110840,https://doi.org/10.1016/s0022-4359(01)00060-4,2001,article,31
Journal of Retailing,Can retailers get higher prices for “end-of-life” inventory through online auctions?,https://openalex.org/W1998852623,https://doi.org/10.1016/j.jretai.2005.07.001,2005,article,27
Journal of Retailing,Publishing perspectives from the editors,https://openalex.org/W2080530652,https://doi.org/10.1016/j.jretai.2007.06.001,2007,article,22
Journal of Retailing,Managing price expectations through product overlap,https://openalex.org/W2042321778,https://doi.org/10.1016/j.jretai.2004.01.002,2004,article,24
Journal of Retailing,Pricing of mall services in the presence of sales leakage,https://openalex.org/W3123617303,https://doi.org/10.1016/j.jretai.2008.01.008,2008,article,17
Journal of Retailing,A Basket-mix Model to Identify Cherry-picked Brands,https://openalex.org/W1977510444,https://doi.org/10.1016/j.jretai.2009.09.002,2009,article,16
Journal of Retailing,The role of e-tailer inventory policy on e-tailer pricing and profitability,https://openalex.org/W2008672258,https://doi.org/10.1016/j.jretai.2003.11.001,2004,article,21
Journal of Retailing,On assuming the helm of the Journal of Retailing,https://openalex.org/W1996874903,https://doi.org/10.1016/j.jretai.2006.10.001,2006,article,17
Journal of Retailing,"Journal of Retailing, Volume 77, 2001",https://openalex.org/W2166995294,https://doi.org/10.1016/s0022-4359(01)00040-9,2001,article,18
Journal of Retailing,Effects of shopping information on consumers’ responses to comparative price claims,https://openalex.org/W2041260332,https://doi.org/10.1016/s0022-4359(02)00063-5,2002,article,17
Journal of Retailing,"Passing the Baton, Journal of Retailing 2001–2007",https://openalex.org/W2027507131,https://doi.org/10.1016/j.jretai.2007.09.001,2007,article,11
Journal of Retailing,The relationship between purchase regularity and propensity to accelerate,https://openalex.org/W2002482543,https://doi.org/10.1016/s0022-4359(02)00068-4,2002,article,14
Journal of Retailing,A Journal of Retailing Retrospective Based on ISI Web of Knowledge,https://openalex.org/W1996805400,https://doi.org/10.1016/j.jretai.2009.10.004,2009,article,6
Journal of Retailing,"From Before the Beginning … to Beyond the Ending: Reflections on the Past, Present and Future of the Journal of Retailing",https://openalex.org/W2034077231,https://doi.org/10.1016/j.jretai.2009.09.005,2009,article,6
Journal of Retailing,Leading the Way: Reflections on the Editors of the Journal of Retailing,https://openalex.org/W2010775256,https://doi.org/10.1016/j.jretai.2009.09.003,2009,article,3
Journal of Retailing,Transition and Transformation: Journal of Retailing 1985–1991,https://openalex.org/W2082261019,https://doi.org/10.1016/j.jretai.2009.09.004,2009,article,3
Journal of Retailing,Passing the baton,https://openalex.org/W1987671034,https://doi.org/10.1016/s0022-4359(01)00058-6,2001,article,5
Journal of Retailing,Grewal and Levy to be next editors of Journal of Retailing,https://openalex.org/W1985115059,https://doi.org/10.1016/s0022-4359(01)00039-2,2001,article,3
Journal of Retailing,The Journal of Retailing in 2009: Year in Review,https://openalex.org/W2047120510,https://doi.org/10.1016/j.jretai.2009.10.002,2009,article,1
Journal of Retailing,Through the Looking Glass,https://openalex.org/W4241231055,https://doi.org/10.1016/j.jretai.2009.09.006,2009,article,1
Journal of Retailing,Executive Summaries,https://openalex.org/W4233841012,https://doi.org/10.1016/s0022-4359(07)00071-1,2007,article,1
Journal of Retailing,In memoriun Stanley C Hollander ( 1919-2004),https://openalex.org/W4247929594,https://doi.org/10.1016/j.jretai.2005.04.002,2005,article,1
Journal of Retailing,Reflections from the Past Quarter Century: Introduction,https://openalex.org/W2032734701,https://doi.org/10.1016/j.jretai.2009.10.001,2009,article,0
Journal of Retailing,Executive Summaries,https://openalex.org/W4231633647,https://doi.org/10.1016/s0022-4359(09)00079-7,2009,article,0
Journal of Retailing,Executive Summaries,https://openalex.org/W4236367383,https://doi.org/10.1016/s0022-4359(09)00036-0,2009,article,0
Journal of Retailing,Executive Summaries,https://openalex.org/W4240071820,https://doi.org/10.1016/s0022-4359(09)00055-4,2009,article,0
Journal of Retailing,Executive Summaries,https://openalex.org/W4250284960,https://doi.org/10.1016/s0022-4359(09)00009-8,2009,article,0
Journal of Retailing,Executive Summaries,https://openalex.org/W4229680895,https://doi.org/10.1016/s0022-4359(08)00060-2,2008,article,0
Journal of Retailing,Cover showing the Contents,https://openalex.org/W4237277976,https://doi.org/10.1016/s0022-4359(08)00034-1,2008,article,0
Journal of Retailing,Table of Contents,https://openalex.org/W4239779196,https://doi.org/10.1016/s0022-4359(07)00070-x,2007,article,0
Journal of Retailing,Table of Contents,https://openalex.org/W4246360104,https://doi.org/10.1016/s0022-4359(08)00023-7,2008,article,0
Journal of Retailing,Executive Summaries,https://openalex.org/W4248251988,https://doi.org/10.1016/s0022-4359(08)00079-1,2008,article,0
Journal of Retailing,Executive Summaries,https://openalex.org/W4249714735,https://doi.org/10.1016/s0022-4359(08)00024-9,2008,article,0
Journal of Retailing,Table of Contents,https://openalex.org/W4250398957,https://doi.org/10.1016/s0022-4359(08)00038-9,2008,article,0
Journal of Retailing,Executive Summaries,https://openalex.org/W4255808575,https://doi.org/10.1016/s0022-4359(08)00039-0,2008,article,0
Journal of Retailing,FMii-Editorial Board-p/u,https://openalex.org/W4205447310,https://doi.org/10.1016/s0022-4359(05)00056-4,2005,article,0
Journal of Retailing,FMii-Editorial Board-p/u,https://openalex.org/W4230765093,https://doi.org/10.1016/s0022-4359(04)00072-7,2004,article,0
Journal of Retailing,Title Index Volume 80,https://openalex.org/W4231242815,https://doi.org/10.1016/s0022-4359(04)00068-5,2004,article,0
Journal of Retailing,New Editors at Journal of Retailing,https://openalex.org/W4231895956,https://doi.org/10.1016/j.jretai.2006.08.011,2006,article,0
Journal of Retailing,FMii-Editorial Board-p/u,https://openalex.org/W4232699573,https://doi.org/10.1016/s0022-4359(05)00032-1,2005,article,0
Journal of Retailing,FMii-Editorial Board-p/u,https://openalex.org/W4235235061,https://doi.org/10.1016/s0022-4359(05)00011-4,2005,article,0
Journal of Retailing,FMii-Editorial Board-p/u,https://openalex.org/W4236123518,https://doi.org/10.1016/s0022-4359(04)00047-8,2004,article,0
Journal of Retailing,FMii-Editorial Board - p/u,https://openalex.org/W4238486061,https://doi.org/10.1016/s0022-4359(04)00028-4,2004,article,0
Journal of Retailing,FMii-Editorial Board-p/u,https://openalex.org/W4239225562,https://doi.org/10.1016/s0022-4359(05)00073-4,2005,article,0
Journal of Retailing,Adhoc Reviewers,https://openalex.org/W4240889531,https://doi.org/10.1016/j.jretai.2004.11.001,2004,article,0
Journal of Retailing,Title Index,https://openalex.org/W4240932196,https://doi.org/10.1016/s0022-4359(05)00080-1,2005,article,0
Journal of Retailing,Author Index Volume 80,https://openalex.org/W4243277461,https://doi.org/10.1016/s0022-4359(04)00067-3,2004,article,0
Journal of Retailing,FMii-Editorial Board-p/u,https://openalex.org/W4244025261,https://doi.org/10.1016/s0022-4359(06)00005-4,2006,article,0
Journal of Retailing,Adhoc Reviewers,https://openalex.org/W4250539049,https://doi.org/10.1016/j.jretai.2006.08.001,2006,article,0
Journal of Retailing,Title Index,https://openalex.org/W4251454144,https://doi.org/10.1016/s0022-4359(06)00086-8,2006,article,0
Journal of Retailing,The William R. Davidson Awards,https://openalex.org/W4205405223,https://doi.org/10.1016/s0022-4359(03)00072-1,2003,article,0
Journal of Retailing,Executive Summaries,https://openalex.org/W4235635701,https://doi.org/10.1016/s0022-4359(03)00021-6,2003,article,0
Journal of Retailing,FM ii-Editorial Board-p/u,https://openalex.org/W4240204846,https://doi.org/10.1016/s0022-4359(03)00042-3,2003,article,0
Journal of Retailing,The Outstanding Review Award,https://openalex.org/W4242053167,https://doi.org/10.1016/s0022-4359(03)00073-3,2003,article,0
Journal of Retailing,Title Index,https://openalex.org/W4242845612,https://doi.org/10.1016/s0022-4359(03)00071-x,2003,article,0
Journal of Retailing,Title &amp; author index,https://openalex.org/W4245555157,https://doi.org/10.1016/s0022-4359(01)00061-6,2001,article,0
Journal of Retailing,FMii-Editorial Board-p/u,https://openalex.org/W4246005682,https://doi.org/10.1016/s0022-4359(03)00061-7,2003,article,0
Journal of Retailing,Executive Summeries,https://openalex.org/W4252973538,https://doi.org/10.1016/s0022-4359(03)00064-2,2003,article,0
Journal of Retailing,Ad Hoc Reviewers,https://openalex.org/W4254326649,https://doi.org/10.1016/s0022-4359(03)00069-1,2003,article,0
Journal of Retailing,Executive Summaries,https://openalex.org/W4255118713,https://doi.org/10.1016/s0022-4359(03)00045-9,2003,article,0
Journal of Retailing,Davidson Award winners,https://openalex.org/W4237991430,https://doi.org/10.1016/s0022-4359(02)00114-8,2002,article,0
Journal of Retailing,Title index,https://openalex.org/W4242918511,https://doi.org/10.1016/s0022-4359(02)00113-6,2002,article,0
Journal of Retailing,Ad hoc reviewers,https://openalex.org/W4251434726,https://doi.org/10.1016/s0022-4359(02)00115-x,2002,article,0
