source_journal,work_title,work_oaid,DOI,pub_year,work_type,all_cited_by_count
Journal of Retailing,SERVQUAL: A multiple-item scale for measuring consumer perceptions of service quality.,https://openalex.org/W1689771227,None,1988,article,19993
Journal of Retailing,A motivation-based shopper typology.,https://openalex.org/W3216916726,None,1985,article,672
Journal of Retailing,Exploring the Development of Store Images,https://openalex.org/W2292885896,None,1986,article,561
Journal of Retailing,The effects of color in store design.,https://openalex.org/W2910086590,None,1983,article,545
Journal of Retailing,Postpurchase communications by consumers,https://openalex.org/W2336645398,None,1989,article,497
Journal of Retailing,Disconfirmation of expectations and satisfaction with a retail service.,https://openalex.org/W1757770768,None,1981,article,437
Journal of Retailing,Self-service consumer: An exploratory study.,https://openalex.org/W3199526393,None,1985,article,387
Journal of Retailing,Sources of consumer satisfaction with retail outlets.,https://openalex.org/W3025783328,None,1981,article,375
Journal of Retailing,Planned versus impulse purchase behavior.,https://openalex.org/W3214320069,None,1986,article,368
Journal of Retailing,Unplanned purchasing: Knowledge of shopping environment and time pressure.,https://openalex.org/W3211901152,None,1989,article,333
Journal of Retailing,"The sources, meaning, and validity of consumer complaint behavior: A psychological analysis",https://openalex.org/W3038083903,None,1981,article,254
Journal of Retailing,The hidden agenda of consumer complaining.,https://openalex.org/W2975824187,None,1981,article,223
Journal of Retailing,In-home shopping: Are there consumer segments?,https://openalex.org/W2953635426,None,1987,article,216
Journal of Retailing,Retail crowding: Theoretical and strategic implications.,https://openalex.org/W3124636205,None,1986,article,196
Journal of Retailing,Antecedents of turnover intentions among retail management personnel.,https://openalex.org/W2914901249,None,1988,article,147
Journal of Retailing,Research note: The influence of perceived risk on brand preference for supermarket products.,https://openalex.org/W3107463918,None,1986,article,111
Journal of Retailing,Impact of job characteristics on retail salespeople's reactions to their jobs.,https://openalex.org/W2975313860,None,1984,article,83
Journal of Retailing,Hierarchical moderated regression analysis: A useful tool for retail management decisions.,https://openalex.org/W3214894495,None,1986,article,58
Journal of Retailing,"The relationships between job attitudes, personal characteristics, and job outcomes: A study of retail store managers.",https://openalex.org/W2948528939,None,1985,article,52
Journal of Retailing,"An ethnography of a gift store: Trappings, wrappings, and rapture.",https://openalex.org/W2994854361,None,1989,article,51
Journal of Retailing,The effect of nutrition P-O-P signs on consumer attitudes and behavior.,https://openalex.org/W2996986416,None,1987,article,33
Journal of Retailing,The wardrobe consultant: Exploring the role of a new retailing partner.,https://openalex.org/W2978833152,None,1987,article,31
Journal of Retailing,"The many meanings (and implications) of ""satisfaction guaranteed.""",https://openalex.org/W2977081695,None,1985,article,27
Journal of Retailing,Part-time labour in retailing,https://openalex.org/W1778900919,None,1984,article,16
Journal of Retailing,On Storekeepers' Pricing Behavior.,https://openalex.org/W137398823,None,1986,article,7
Journal of Retailing,Modelling Retail Floorspace Productivity,https://openalex.org/W1571405605,None,1986,article,6
Journal of Retailing,Managing the esthetics of outdoor recreation sites: some analogies with problems in retailing.,https://openalex.org/W1455869129,None,1982,article,0
