source_journal,work_title,work_oaid,DOI,pub_year,work_type,all_cited_by_count
Journal of the Academy of Marketing Science,A strategic framework for artificial intelligence in marketing,https://openalex.org/W3094793347,https://doi.org/10.1007/s11747-020-00749-9,2020,article,624
Journal of the Academy of Marketing Science,Customer experience: fundamental premises and implications for research,https://openalex.org/W2999534076,https://doi.org/10.1007/s11747-019-00718-x,2020,article,536
Journal of the Academy of Marketing Science,"Social media marketing strategy: definition, conceptualization, taxonomy, validation, and future agenda",https://openalex.org/W3035290171,https://doi.org/10.1007/s11747-020-00733-3,2020,article,469
Journal of the Academy of Marketing Science,"Understanding anthropomorphism in service provision: a meta-analysis of physical robots, chatbots, and other AI",https://openalex.org/W3119676664,https://doi.org/10.1007/s11747-020-00762-y,2021,article,465
Journal of the Academy of Marketing Science,Customer engagement in social media: a framework and meta-analysis,https://openalex.org/W3031134325,https://doi.org/10.1007/s11747-020-00731-5,2020,article,301
Journal of the Academy of Marketing Science,Online influencer marketing,https://openalex.org/W4205764945,https://doi.org/10.1007/s11747-021-00829-4,2022,article,246
Journal of the Academy of Marketing Science,Digital technologies: tensions in privacy and data,https://openalex.org/W4221040597,https://doi.org/10.1007/s11747-022-00845-y,2022,article,195
Journal of the Academy of Marketing Science,Why systematic review papers and meta-analyses matter: an introduction to the special issue on generalizations in marketing,https://openalex.org/W3006760577,https://doi.org/10.1007/s11747-020-00721-7,2020,article,172
Journal of the Academy of Marketing Science,Effects of front-of-pack labels on the nutritional quality of supermarket food purchases: evidence from a large-scale randomized controlled trial,https://openalex.org/W3017602555,https://doi.org/10.1007/s11747-020-00723-5,2020,article,156
Journal of the Academy of Marketing Science,"Social interactions in the metaverse: Framework, initial evidence, and research roadmap",https://openalex.org/W4311702767,https://doi.org/10.1007/s11747-022-00908-0,2022,article,135
Journal of the Academy of Marketing Science,The biasing effect of common method variance: some clarifications,https://openalex.org/W3119013004,https://doi.org/10.1007/s11747-020-00766-8,2021,article,130
Journal of the Academy of Marketing Science,How and when do big data investments pay off? The role of marketing affordances and service innovation,https://openalex.org/W3047392324,https://doi.org/10.1007/s11747-020-00739-x,2020,article,121
Journal of the Academy of Marketing Science,Artificial empathy in marketing interactions: Bridging the human-AI gap in affective and social customer experience,https://openalex.org/W4284966012,https://doi.org/10.1007/s11747-022-00892-5,2022,article,119
Journal of the Academy of Marketing Science,Revisiting Gaussian copulas to handle endogenous regressors,https://openalex.org/W3205284412,https://doi.org/10.1007/s11747-021-00805-y,2021,article,111
Journal of the Academy of Marketing Science,Digital business capability: its impact on firm and customer performance,https://openalex.org/W3161727145,https://doi.org/10.1007/s11747-021-00771-5,2021,article,95
Journal of the Academy of Marketing Science,Robots do not judge: service robots can alleviate embarrassment in service encounters,https://openalex.org/W4224218751,https://doi.org/10.1007/s11747-022-00862-x,2022,article,84
Journal of the Academy of Marketing Science,Trust in blockchain-enabled exchanges: Future directions in blockchain marketing,https://openalex.org/W4285589279,https://doi.org/10.1007/s11747-022-00889-0,2022,article,82
Journal of the Academy of Marketing Science,Emergence in marketing: an institutional and ecosystem framework,https://openalex.org/W4225729224,https://doi.org/10.1007/s11747-022-00849-8,2022,article,74
Journal of the Academy of Marketing Science,A self-determination theory-based meta-analysis on the differential effects of intrinsic and extrinsic motivation on salesperson performance,https://openalex.org/W4210572619,https://doi.org/10.1007/s11747-021-00827-6,2022,article,71
Journal of the Academy of Marketing Science,The value relevance of digital marketing capabilities to firm performance,https://openalex.org/W4224228646,https://doi.org/10.1007/s11747-022-00858-7,2022,article,60
Journal of the Academy of Marketing Science,Consumer resource integration and service innovation in social commerce: the role of social media influencers,https://openalex.org/W4210472206,https://doi.org/10.1007/s11747-022-00837-y,2022,article,58
Journal of the Academy of Marketing Science,How consumer digital signals are reshaping the customer journey,https://openalex.org/W4212943061,https://doi.org/10.1007/s11747-022-00839-w,2022,article,58
Journal of the Academy of Marketing Science,Trojan horse or useful helper? A relationship perspective on artificial intelligence assistants with humanlike features,https://openalex.org/W4220969689,https://doi.org/10.1007/s11747-022-00856-9,2022,article,56
Journal of the Academy of Marketing Science,"Conversational robo advisors as surrogates of trust: onboarding experience, firm perception, and consumer financial decision making",https://openalex.org/W3102980059,https://doi.org/10.1007/s11747-020-00753-z,2020,article,118
Journal of the Academy of Marketing Science,The use of Net Promoter Score (NPS) to predict sales growth: insights from an empirical investigation,https://openalex.org/W3183774399,https://doi.org/10.1007/s11747-021-00790-2,2021,article,83
Journal of the Academy of Marketing Science,Salesperson social media use in business-to-business relationships: An empirical test of an integrative framework linking antecedents and consequences,https://openalex.org/W2998885312,https://doi.org/10.1007/s11747-019-00708-z,2020,article,79
Journal of the Academy of Marketing Science,How CEO/CMO characteristics affect innovation and stock returns: findings and future directions,https://openalex.org/W3039126109,https://doi.org/10.1007/s11747-020-00732-4,2020,article,79
Journal of the Academy of Marketing Science,Disentangling the meanings of brand authenticity: The entity-referent correspondence framework of authenticity,https://openalex.org/W3046781422,https://doi.org/10.1007/s11747-020-00735-1,2020,article,77
Journal of the Academy of Marketing Science,The importance of behavioral outcomes,https://openalex.org/W3120935326,https://doi.org/10.1007/s11747-020-00764-w,2021,article,74
Journal of the Academy of Marketing Science,An emerging theory of loyalty program dynamics,https://openalex.org/W3010309645,https://doi.org/10.1007/s11747-020-00719-1,2020,article,73
Journal of the Academy of Marketing Science,The future of buyer–seller interactions: a conceptual framework and research agenda,https://openalex.org/W3202952641,https://doi.org/10.1007/s11747-021-00803-0,2021,article,72
Journal of the Academy of Marketing Science,"Operationalizing salesperson performance with secondary data: aligning practice, scholarship, and theory",https://openalex.org/W3120057640,https://doi.org/10.1007/s11747-020-00752-0,2021,article,61
Journal of the Academy of Marketing Science,"Innovation in the digital economy: a broader view of its scope, antecedents, and consequences",https://openalex.org/W3171326152,https://doi.org/10.1007/s11747-021-00793-z,2021,article,60
Journal of the Academy of Marketing Science,How does consumer engagement evolve when brands post across multiple social media?,https://openalex.org/W3165470990,https://doi.org/10.1007/s11747-021-00785-z,2021,article,55
Journal of the Academy of Marketing Science,The impact of voluntary sustainability reporting on firm value: Insights from signaling theory,https://openalex.org/W4282981589,https://doi.org/10.1007/s11747-022-00879-2,2022,article,51
Journal of the Academy of Marketing Science,Artificial intelligence focus and firm performance,https://openalex.org/W4293079011,https://doi.org/10.1007/s11747-022-00876-5,2022,article,45
Journal of the Academy of Marketing Science,The effect of implementing chatbot customer service on stock returns: an event study analysis,https://openalex.org/W4221039286,https://doi.org/10.1007/s11747-022-00841-2,2022,article,40
Journal of the Academy of Marketing Science,How artificiality and intelligence affect voice assistant evaluations,https://openalex.org/W4283639707,https://doi.org/10.1007/s11747-022-00874-7,2022,article,40
Journal of the Academy of Marketing Science,What drives digital engagement with sponsored videos? An investigation of video influencers’ authenticity management strategies,https://openalex.org/W4283787725,https://doi.org/10.1007/s11747-022-00887-2,2022,article,38
Journal of the Academy of Marketing Science,An overview and empirical comparison of natural language processing (NLP) models and an introduction to and empirical application of autoencoder models in marketing,https://openalex.org/W4214867578,https://doi.org/10.1007/s11747-022-00840-3,2022,article,37
Journal of the Academy of Marketing Science,The future of digital technologies in marketing: A conceptual framework and an overview,https://openalex.org/W4307298221,https://doi.org/10.1007/s11747-022-00906-2,2022,article,37
Journal of the Academy of Marketing Science,AI increases unethical consumer behavior due to reduced anticipatory guilt,https://openalex.org/W4214866453,https://doi.org/10.1007/s11747-021-00832-9,2022,article,33
Journal of the Academy of Marketing Science,Digital selling: organizational and managerial influences for frontline readiness and effectiveness,https://openalex.org/W4206387956,https://doi.org/10.1007/s11747-021-00836-5,2022,article,31
Journal of the Academy of Marketing Science,Feeling the values: How pride and awe differentially enhance consumers’ sustainable behavioral intentions,https://openalex.org/W4327723573,https://doi.org/10.1007/s11747-023-00928-4,2023,article,16
Journal of the Academy of Marketing Science,An updated paradigm for evaluating measurement invariance incorporating common method variance and its assessment,https://openalex.org/W3096463469,https://doi.org/10.1007/s11747-020-00745-z,2020,article,60
Journal of the Academy of Marketing Science,"Pay attention, please! Person brand building in organized online attention economies",https://openalex.org/W3036873086,https://doi.org/10.1007/s11747-020-00736-0,2020,article,52
Journal of the Academy of Marketing Science,How value co-creation and co-destruction unfolds: a longitudinal perspective on dialogic engagement in health services interactions,https://openalex.org/W3039336331,https://doi.org/10.1007/s11747-020-00737-z,2020,article,50
Journal of the Academy of Marketing Science,Upper echelons research in marketing,https://openalex.org/W3036320215,https://doi.org/10.1007/s11747-020-00724-4,2020,article,49
Journal of the Academy of Marketing Science,"Consumer dynamics: theories, methods, and emerging directions",https://openalex.org/W3010222260,https://doi.org/10.1007/s11747-020-00720-8,2020,article,47
Journal of the Academy of Marketing Science,Engaging a product-focused sales force in solution selling: interplay of individual- and organizational-level conditions,https://openalex.org/W3033148948,https://doi.org/10.1007/s11747-020-00729-z,2020,article,46
Journal of the Academy of Marketing Science,Chief marketing officer presence and firm performance: assessing conditions under which the presence of other C-level functional executives matters,https://openalex.org/W3000444634,https://doi.org/10.1007/s11747-019-00714-1,2020,article,45
Journal of the Academy of Marketing Science,Behaviorally targeted location-based mobile marketing,https://openalex.org/W3172891610,https://doi.org/10.1007/s11747-021-00784-0,2021,article,44
Journal of the Academy of Marketing Science,More than money: establishing the importance of a sense of purpose for salespeople,https://openalex.org/W3192565651,https://doi.org/10.1007/s11747-021-00795-x,2021,article,39
Journal of the Academy of Marketing Science,Knowledge structure in product- and brand origin–related research,https://openalex.org/W3122313930,https://doi.org/10.1007/s11747-020-00767-7,2021,article,35
Journal of the Academy of Marketing Science,The value of context-specific studies for marketing,https://openalex.org/W4283782678,https://doi.org/10.1007/s11747-022-00872-9,2022,article,29
Journal of the Academy of Marketing Science,Unrestricted factor analysis: A powerful alternative to confirmatory factor analysis,https://openalex.org/W4285092641,https://doi.org/10.1007/s11747-022-00888-1,2022,article,29
Journal of the Academy of Marketing Science,Marketing experience of CEOs and corporate social performance,https://openalex.org/W4205203849,https://doi.org/10.1007/s11747-021-00824-9,2022,article,28
Journal of the Academy of Marketing Science,Moving the stakeholder journey forward,https://openalex.org/W4283278068,https://doi.org/10.1007/s11747-022-00878-3,2022,article,28
Journal of the Academy of Marketing Science,Practice co-evolution: Collaboratively embedding artificial intelligence in retail practices,https://openalex.org/W4292348470,https://doi.org/10.1007/s11747-022-00896-1,2022,article,27
Journal of the Academy of Marketing Science,Augmented reality-delivered product information at the point of sale: when information controllability backfires,https://openalex.org/W4223460586,https://doi.org/10.1007/s11747-022-00855-w,2022,article,26
Journal of the Academy of Marketing Science,Technology devalues luxury? Exploring consumer responses to AI-designed luxury products,https://openalex.org/W4221129729,https://doi.org/10.1007/s11747-022-00854-x,2022,article,24
Journal of the Academy of Marketing Science,"Advancing customer diversity, equity, and inclusion: Measurement, stakeholder influence, and the role of marketing",https://openalex.org/W4283713598,https://doi.org/10.1007/s11747-022-00883-6,2022,article,24
Journal of the Academy of Marketing Science,A model of online shopping cart abandonment: evidence from e-tail clickstream data,https://openalex.org/W4220710181,https://doi.org/10.1007/s11747-022-00857-8,2022,article,22
Journal of the Academy of Marketing Science,Customer journey management capability in business-to-business markets: Its bright and dark sides and overall impact on firm performance,https://openalex.org/W4323044496,https://doi.org/10.1007/s11747-023-00923-9,2023,article,13
Journal of the Academy of Marketing Science,"Non-face emojis in digital marketing: Effects, contingencies, and strategic recommendations",https://openalex.org/W4317566577,https://doi.org/10.1007/s11747-022-00917-z,2023,article,11
Journal of the Academy of Marketing Science,The time-varying effects of rhetorical signals in crowdfunding campaigns,https://openalex.org/W4378375362,https://doi.org/10.1007/s11747-023-00943-5,2023,article,11
Journal of the Academy of Marketing Science,How lack of knowledge on emissions and psychological biases deter consumers from taking effective action to mitigate climate change,https://openalex.org/W4387879133,https://doi.org/10.1007/s11747-023-00981-z,2023,article,11
Journal of the Academy of Marketing Science,Access-based customer journeys,https://openalex.org/W4377238356,https://doi.org/10.1007/s11747-023-00942-6,2023,article,10
Journal of the Academy of Marketing Science,A theory of sales system shocks,https://openalex.org/W4383604729,https://doi.org/10.1007/s11747-023-00953-3,2023,article,10
Journal of the Academy of Marketing Science,Deploying artificial intelligence in services to AID vulnerable consumers,https://openalex.org/W4388600663,https://doi.org/10.1007/s11747-023-00986-8,2023,article,10
Journal of the Academy of Marketing Science,The dynamic nature of marketing constructs,https://openalex.org/W3109901175,https://doi.org/10.1007/s11747-020-00756-w,2020,article,43
Journal of the Academy of Marketing Science,Corporate social responsibility in luxury contexts: potential pitfalls and how to overcome them,https://openalex.org/W3112878162,https://doi.org/10.1007/s11747-020-00755-x,2020,article,43
Journal of the Academy of Marketing Science,How young companies can effectively manage their slack resources over time to ensure sales growth: the contingent role of value-based selling,https://openalex.org/W3096251050,https://doi.org/10.1007/s11747-020-00746-y,2020,article,40
Journal of the Academy of Marketing Science,Toward a theory of spirals: the dynamic relationship between organizational pride and customer-oriented behavior,https://openalex.org/W3008279028,https://doi.org/10.1007/s11747-019-00715-0,2020,article,37
Journal of the Academy of Marketing Science,Customer inertia marketing,https://openalex.org/W3083240935,https://doi.org/10.1007/s11747-020-00744-0,2020,article,37
Journal of the Academy of Marketing Science,Sales enablement: conceptualizing and developing a dynamic capability,https://openalex.org/W3096153359,https://doi.org/10.1007/s11747-020-00754-y,2020,article,35
Journal of the Academy of Marketing Science,"A theory of multiformat communication: mechanisms, dynamics, and strategies",https://openalex.org/W3101356622,https://doi.org/10.1007/s11747-020-00750-2,2020,article,35
Journal of the Academy of Marketing Science,"Seller marketing capability, brand reputation, and consumer journeys on e-commerce platforms",https://openalex.org/W3140662684,https://doi.org/10.1007/s11747-021-00773-3,2021,article,34
Journal of the Academy of Marketing Science,Show it or say it: how brand familiarity influences the effectiveness of image-based versus text-based logos,https://openalex.org/W3131644386,https://doi.org/10.1007/s11747-020-00760-0,2021,article,29
Journal of the Academy of Marketing Science,Designing satisfying service encounters: website versus store touchpoints,https://openalex.org/W3202807106,https://doi.org/10.1007/s11747-021-00808-9,2021,article,29
Journal of the Academy of Marketing Science,How does the adoption of digital payment technologies influence unorganized retailers’ performance? An investigation in an emerging market,https://openalex.org/W3143449845,https://doi.org/10.1007/s11747-021-00778-y,2021,article,27
Journal of the Academy of Marketing Science,Voice bots on the frontline: Voice-based interfaces enhance flow-like consumer experiences &amp; boost service outcomes,https://openalex.org/W4283398683,https://doi.org/10.1007/s11747-022-00868-5,2022,article,21
Journal of the Academy of Marketing Science,Winning your customers’ minds and hearts: Disentangling the effects of lock-in and affective customer experience on retention,https://openalex.org/W4302425203,https://doi.org/10.1007/s11747-022-00898-z,2022,article,21
Journal of the Academy of Marketing Science,From tablet to table: How augmented reality influences food desirability,https://openalex.org/W4313255705,https://doi.org/10.1007/s11747-022-00919-x,2022,article,20
Journal of the Academy of Marketing Science,Let’s face it: When and how facial emojis increase the persuasiveness of electronic word of mouth,https://openalex.org/W4361007660,https://doi.org/10.1007/s11747-023-00932-8,2023,article,9
Journal of the Academy of Marketing Science,The interplay between business and personal trust on relationship performance in conditions of market turbulence,https://openalex.org/W3023644036,https://doi.org/10.1007/s11747-020-00722-6,2020,article,34
Journal of the Academy of Marketing Science,Consumer arrogance and word-of-mouth,https://openalex.org/W3035033976,https://doi.org/10.1007/s11747-020-00725-3,2020,article,29
Journal of the Academy of Marketing Science,"Exploring embeddedness, centrality, and social influence on backer behavior: the role of backer networks in crowdfunding",https://openalex.org/W3146459689,https://doi.org/10.1007/s11747-021-00779-x,2021,article,27
Journal of the Academy of Marketing Science,When imperfect is preferred: the differential effect of aesthetic imperfections on choice of processed and unprocessed foods,https://openalex.org/W3164770962,https://doi.org/10.1007/s11747-021-00783-1,2021,article,26
Journal of the Academy of Marketing Science,40 years of loyalty programs: how effective are they? Generalizations from a meta-analysis,https://openalex.org/W3198346679,https://doi.org/10.1007/s11747-021-00804-z,2021,article,26
Journal of the Academy of Marketing Science,"Managing customer satisfaction after a product recall: the joint role of remedy, brand equity, and severity",https://openalex.org/W3196347521,https://doi.org/10.1007/s11747-021-00802-1,2021,article,24
Journal of the Academy of Marketing Science,When drivers become inhibitors of organic consumption: the need for a multistage view,https://openalex.org/W3176441760,https://doi.org/10.1007/s11747-021-00787-x,2021,article,23
Journal of the Academy of Marketing Science,Going healthy: how product characteristics influence the sales impact of front-of-pack health symbols,https://openalex.org/W3197586065,https://doi.org/10.1007/s11747-021-00796-w,2021,article,23
Journal of the Academy of Marketing Science,Consequences of platforms' remuneration models for digital content: initial evidence and a research agenda for streaming services,https://openalex.org/W4280537769,https://doi.org/10.1007/s11747-022-00875-6,2022,article,17
Journal of the Academy of Marketing Science,Information search behavior at the post-purchase stage of the customer journey,https://openalex.org/W4281837868,https://doi.org/10.1007/s11747-022-00864-9,2022,article,17
Journal of the Academy of Marketing Science,Brand-generated social media content and its differential impact on loyalty program members,https://openalex.org/W4229058979,https://doi.org/10.1007/s11747-022-00869-4,2022,article,16
Journal of the Academy of Marketing Science,An extended health belief model for COVID-19: understanding the media-based processes leading to social distancing and panic buying,https://openalex.org/W4280620765,https://doi.org/10.1007/s11747-022-00865-8,2022,article,16
Journal of the Academy of Marketing Science,Boundary spanner corruption: a potential dark side of multi-level trust in marketing relationships,https://openalex.org/W4214870279,https://doi.org/10.1007/s11747-022-00844-z,2022,article,15
Journal of the Academy of Marketing Science,Brand loyalty in the face of stockouts,https://openalex.org/W4360979876,https://doi.org/10.1007/s11747-023-00924-8,2023,article,7
Journal of the Academy of Marketing Science,How product complexity affects consumer adoption of new products: The role of feature heterogeneity and interrelatedness,https://openalex.org/W4366209068,https://doi.org/10.1007/s11747-023-00933-7,2023,article,7
Journal of the Academy of Marketing Science,"No conversion, no conversation: consequences of retail salespeople disengaging from unpromising prospects",https://openalex.org/W3119705939,https://doi.org/10.1007/s11747-020-00763-x,2021,article,21
Journal of the Academy of Marketing Science,Self-oriented competitiveness in salespeople: sales management implications,https://openalex.org/W3195279998,https://doi.org/10.1007/s11747-021-00792-0,2021,article,20
Journal of the Academy of Marketing Science,Can advertising benefit women’s development? Preliminary insights from a multi-method investigation,https://openalex.org/W4211130217,https://doi.org/10.1007/s11747-021-00823-w,2022,article,14
Journal of the Academy of Marketing Science,The effect of disease anthropomorphism on compliance with health recommendations,https://openalex.org/W4285386596,https://doi.org/10.1007/s11747-022-00891-6,2022,article,14
Journal of the Academy of Marketing Science,Customer-oriented salespeople’s value creation and claiming in price negotiations,https://openalex.org/W4220954851,https://doi.org/10.1007/s11747-022-00846-x,2022,article,13
Journal of the Academy of Marketing Science,Busy or poor: How time or money scarcity cues differentially impact purchase decisions regarding service firms,https://openalex.org/W4321242955,https://doi.org/10.1007/s11747-022-00922-2,2023,article,6
Journal of the Academy of Marketing Science,The impact of scarcity cues on purchase likelihood of art-infused products,https://openalex.org/W4377822602,https://doi.org/10.1007/s11747-023-00945-3,2023,article,6
Journal of the Academy of Marketing Science,Research on sales and ethics: Mapping the past and charting the future,https://openalex.org/W4384927088,https://doi.org/10.1007/s11747-023-00961-3,2023,article,6
Journal of the Academy of Marketing Science,Service strategy’s effect on firm performance: A meta-analysis of the servitization literature,https://openalex.org/W4386460306,https://doi.org/10.1007/s11747-023-00971-1,2023,article,6
Journal of the Academy of Marketing Science,On the strategic use of product scarcity in marketing,https://openalex.org/W4387101752,https://doi.org/10.1007/s11747-023-00976-w,2023,article,6
Journal of the Academy of Marketing Science,"Women’s underrepresentation in business-to-business sales: Reasons, contingencies, and solutions",https://openalex.org/W4389439530,https://doi.org/10.1007/s11747-023-00988-6,2023,article,6
Journal of the Academy of Marketing Science,Retail service innovations and their impact on retailer shareholder value: evidence from an event study,https://openalex.org/W3142963552,https://doi.org/10.1007/s11747-021-00777-z,2021,article,18
Journal of the Academy of Marketing Science,"The influence of the online community, professional critics, and location similarity on review ratings for niche and mainstream brands",https://openalex.org/W3153927139,https://doi.org/10.1007/s11747-021-00780-4,2021,article,17
Journal of the Academy of Marketing Science,The cost of looking natural: Why the no-makeup movement may fail to discourage cosmetic use,https://openalex.org/W3194094731,https://doi.org/10.1007/s11747-021-00801-2,2021,article,17
Journal of the Academy of Marketing Science,Did clickbait crack the code on virality?,https://openalex.org/W4213014772,https://doi.org/10.1007/s11747-021-00830-x,2022,article,12
Journal of the Academy of Marketing Science,Family responses to resource scarcity,https://openalex.org/W4283730839,https://doi.org/10.1007/s11747-022-00882-7,2022,article,12
Journal of the Academy of Marketing Science,How has the effect of brand personality on customer-based brand equity changed over time? Longitudinal evidence from a panel data set spanning 18 years,https://openalex.org/W4291115438,https://doi.org/10.1007/s11747-022-00895-2,2022,article,12
Journal of the Academy of Marketing Science,"A brand (new) experience: art, aesthetics, and sensory effects",https://openalex.org/W4207035945,https://doi.org/10.1007/s11747-021-00833-8,2022,article,11
Journal of the Academy of Marketing Science,"Hey, Alexa! What attributes of Skills affect firm value?",https://openalex.org/W4221052143,https://doi.org/10.1007/s11747-022-00851-0,2022,article,11
Journal of the Academy of Marketing Science,"Economic policy uncertainty and shareholder wealth: the role of marketing, operations, and R&amp;D capabilities",https://openalex.org/W4221073861,https://doi.org/10.1007/s11747-022-00838-x,2022,article,11
Journal of the Academy of Marketing Science,The role of marketing in new ventures: How marketing activities should be organized in firms’ infancy,https://openalex.org/W4318376806,https://doi.org/10.1007/s11747-022-00920-4,2023,article,5
Journal of the Academy of Marketing Science,Personalized email marketing in loyalty programs: The role of multidimensional construal levels,https://openalex.org/W4321851557,https://doi.org/10.1007/s11747-023-00927-5,2023,article,5
Journal of the Academy of Marketing Science,Investigating the disruptiveness of the sharing economy at the individual consumer level: How consumer reflexivity drives re-engagement in sharing,https://openalex.org/W4323924023,https://doi.org/10.1007/s11747-023-00926-6,2023,article,5
Journal of the Academy of Marketing Science,How marketers and consumers synchronize temporal modes to cocreate ritual vitality,https://openalex.org/W4361003259,https://doi.org/10.1007/s11747-023-00935-5,2023,article,5
Journal of the Academy of Marketing Science,“Coopetition” in the presence of team and individual incentives: Evidence from the advice network of a sales organization,https://openalex.org/W4368377708,https://doi.org/10.1007/s11747-023-00939-1,2023,article,5
Journal of the Academy of Marketing Science,Co-creating educational consumer journeys: A sensemaking perspective,https://openalex.org/W4379229128,https://doi.org/10.1007/s11747-023-00951-5,2023,article,5
Journal of the Academy of Marketing Science,Dynamic and global drivers of salesperson effectiveness,https://openalex.org/W4385632452,https://doi.org/10.1007/s11747-023-00954-2,2023,article,5
Journal of the Academy of Marketing Science,Cheaper and smaller or more expensive and larger: how consumers respond to unit price increase tactics that simultaneously change product price and package size,https://openalex.org/W2995953293,https://doi.org/10.1007/s11747-019-00716-z,2020,article,20
Journal of the Academy of Marketing Science,Brand relevance and the effects of product proliferation across product categories,https://openalex.org/W3035025919,https://doi.org/10.1007/s11747-020-00727-1,2020,article,18
Journal of the Academy of Marketing Science,Should firms invest more in marketing or R&amp;D to maintain sales leadership? An empirical analysis of sales leader firms,https://openalex.org/W3138015549,https://doi.org/10.1007/s11747-021-00774-2,2021,article,15
Journal of the Academy of Marketing Science,"Once they’ve been there, they like to share: capitalizing on ephemerality and need for uniqueness to drive word of mouth for brands with pop-up stores",https://openalex.org/W4224235656,https://doi.org/10.1007/s11747-022-00861-y,2022,article,10
Journal of the Academy of Marketing Science,How attributions of coproduction motives shape customer relationships over time,https://openalex.org/W4316020261,https://doi.org/10.1007/s11747-022-00910-6,2023,article,4
Journal of the Academy of Marketing Science,Conflict and performance in channels: a meta-analysis,https://openalex.org/W3100664118,https://doi.org/10.1007/s11747-020-00751-1,2020,article,16
Journal of the Academy of Marketing Science,Possessive brand names in brand preferences and choice: the role of inferred control,https://openalex.org/W4212905924,https://doi.org/10.1007/s11747-022-00843-0,2022,article,9
Journal of the Academy of Marketing Science,The boomerang effect of zero pricing: when and why a zero price is less effective than a low price for enhancing consumer demand,https://openalex.org/W4212932351,https://doi.org/10.1007/s11747-022-00842-1,2022,article,9
Journal of the Academy of Marketing Science,Corporate lobbying and product recalls: an investigation in the U.S. medical device industry,https://openalex.org/W4229082181,https://doi.org/10.1007/s11747-022-00860-z,2022,article,9
Journal of the Academy of Marketing Science,Marvelous advertising returns? A meta-analysis of advertising elasticities in the entertainment industry,https://openalex.org/W4313829112,https://doi.org/10.1007/s11747-022-00916-0,2023,article,4
Journal of the Academy of Marketing Science,Franchising structure changes and shareholder value: Evidence from store buybacks and refranchising,https://openalex.org/W4315927491,https://doi.org/10.1007/s11747-022-00921-3,2023,article,4
Journal of the Academy of Marketing Science,Immunizing customers against negative brand-related information,https://openalex.org/W4323925179,https://doi.org/10.1007/s11747-023-00929-3,2023,article,4
Journal of the Academy of Marketing Science,Does your demonstration tell the whole story? How a process mindset and social presence impact the effectiveness of product demonstrations,https://openalex.org/W4364378671,https://doi.org/10.1007/s11747-023-00934-6,2023,article,4
Journal of the Academy of Marketing Science,Uncertainty marketing tactics: An overview and a unifying framework,https://openalex.org/W4378651844,https://doi.org/10.1007/s11747-023-00941-7,2023,article,4
Journal of the Academy of Marketing Science,"Defining, and understanding commitment to, activity streaks",https://openalex.org/W4379137362,https://doi.org/10.1007/s11747-023-00944-4,2023,article,4
Journal of the Academy of Marketing Science,Direct mail to prospects and email to current customers? Modeling and field-testing multichannel marketing,https://openalex.org/W4385609486,https://doi.org/10.1007/s11747-023-00962-2,2023,article,4
Journal of the Academy of Marketing Science,Disposal-based scarcity: How overstock reduction methods influence consumer brand perceptions and evaluations,https://openalex.org/W4386396853,https://doi.org/10.1007/s11747-023-00969-9,2023,article,4
Journal of the Academy of Marketing Science,“Sorry about my manager”: Mitigating customer-facing adverse manager behaviors,https://openalex.org/W4386838115,https://doi.org/10.1007/s11747-023-00974-y,2023,article,4
Journal of the Academy of Marketing Science,"The positive effects of integrated advertising, featuring diverse ensembles, on societal identification and mainstream brand value",https://openalex.org/W4387370569,https://doi.org/10.1007/s11747-023-00977-9,2023,article,4
Journal of the Academy of Marketing Science,How speaking versus writing to conversational agents shapes consumers’ choice and choice satisfaction,https://openalex.org/W4389200521,https://doi.org/10.1007/s11747-023-00987-7,2023,article,4
Journal of the Academy of Marketing Science,Diversity representation in advertising,https://openalex.org/W4390234189,https://doi.org/10.1007/s11747-023-00994-8,2023,article,4
Journal of the Academy of Marketing Science,We can fix this! Donor activism for nonprofit supply generation,https://openalex.org/W3049148891,https://doi.org/10.1007/s11747-020-00742-2,2020,article,13
Journal of the Academy of Marketing Science,Does your skin color matter in buyer–seller negotiations? The implications of being a Black salesperson,https://openalex.org/W3126925048,https://doi.org/10.1007/s11747-021-00768-0,2021,article,13
Journal of the Academy of Marketing Science,Online program engagement and audience size during television ads,https://openalex.org/W3134871291,https://doi.org/10.1007/s11747-021-00769-z,2021,article,13
Journal of the Academy of Marketing Science,Online reviews generated through product testing: can more favorable reviews be enticed with free products?,https://openalex.org/W3139215697,https://doi.org/10.1007/s11747-021-00770-6,2021,article,13
Journal of the Academy of Marketing Science,Customer-focused voice and rule-breaking in the frontlines,https://openalex.org/W3192857890,https://doi.org/10.1007/s11747-021-00798-8,2021,article,13
Journal of the Academy of Marketing Science,"Consumer authenticity seeking: conceptualization, measurement, and contingent effects",https://openalex.org/W3201515408,https://doi.org/10.1007/s11747-021-00813-y,2021,article,13
Journal of the Academy of Marketing Science,Sample-based longitudinal discrete choice experiments: preferences for electric vehicles over time,https://openalex.org/W3130866645,https://doi.org/10.1007/s11747-020-00758-8,2021,article,12
Journal of the Academy of Marketing Science,To exploit or explore? The impact of crowdfunding project descriptions and backers’ power states on funding decisions,https://openalex.org/W4280617044,https://doi.org/10.1007/s11747-022-00871-w,2022,article,8
Journal of the Academy of Marketing Science,The effect of marketing department power on investor responses to announcements of AI-embedded new product innovations,https://openalex.org/W4281294318,https://doi.org/10.1007/s11747-022-00873-8,2022,article,8
Journal of the Academy of Marketing Science,Critics’ conformity to consumers in movie evaluation,https://openalex.org/W4205223610,https://doi.org/10.1007/s11747-021-00816-9,2022,article,7
Journal of the Academy of Marketing Science,Shareholder wealth implications of software firms’ transition to cloud computing: a marketing perspective,https://openalex.org/W4205299693,https://doi.org/10.1007/s11747-021-00818-7,2022,article,7
Journal of the Academy of Marketing Science,Collect them all! Increasing product category cross-selling using the incompleteness effect,https://openalex.org/W4220666130,https://doi.org/10.1007/s11747-021-00835-6,2022,article,7
Journal of the Academy of Marketing Science,Influence of pull marketing actions on marketing action effectiveness of multichannel firms: A meta-analysis,https://openalex.org/W4282019716,https://doi.org/10.1007/s11747-022-00877-4,2022,article,7
Journal of the Academy of Marketing Science,What’s not to like? Negations in brand messages increase consumer engagement,https://openalex.org/W4288723196,https://doi.org/10.1007/s11747-022-00894-3,2022,article,7
Journal of the Academy of Marketing Science,Friend or foe? Can anthropomorphizing self-tracking devices backfire on marketers and consumers?,https://openalex.org/W4312204902,https://doi.org/10.1007/s11747-022-00915-1,2022,article,7
Journal of the Academy of Marketing Science,Weathering the crash: Do customer-company relationships pay off during economic crises?,https://openalex.org/W4378652971,https://doi.org/10.1007/s11747-023-00947-1,2023,article,3
Journal of the Academy of Marketing Science,What is happening to my nearby stores? The own- and cross-effect of a radical store transformation on existing customers,https://openalex.org/W4381282466,https://doi.org/10.1007/s11747-023-00946-2,2023,article,3
Journal of the Academy of Marketing Science,Do consumers benefit from national-brand listings by hard discounters?,https://openalex.org/W4382130532,https://doi.org/10.1007/s11747-023-00937-3,2023,article,3
Journal of the Academy of Marketing Science,"Avengers, assemble! A network-based contingency analysis of spillover effects in multi-brand alliances",https://openalex.org/W4385197629,https://doi.org/10.1007/s11747-023-00957-z,2023,article,3
Journal of the Academy of Marketing Science,Product recall effectiveness and consumers’ participation in corrective actions,https://openalex.org/W4386001291,https://doi.org/10.1007/s11747-023-00967-x,2023,article,3
Journal of the Academy of Marketing Science,Achieving social and economic sustainability through innovations in transformative services: A case of healthcare organizations in an emerging market,https://openalex.org/W4386029722,https://doi.org/10.1007/s11747-023-00968-w,2023,article,3
Journal of the Academy of Marketing Science,"Mindful consumption: Its conception, measurement, and implications",https://openalex.org/W4386690900,https://doi.org/10.1007/s11747-023-00970-2,2023,article,3
Journal of the Academy of Marketing Science,How an ethos of repair shapes material sustainability in services,https://openalex.org/W4390114012,https://doi.org/10.1007/s11747-023-00993-9,2023,article,3
Journal of the Academy of Marketing Science,Synergistic and cannibalization effects in a partnership loyalty program,https://openalex.org/W3128752346,https://doi.org/10.1007/s11747-020-00759-7,2021,article,10
Journal of the Academy of Marketing Science,The Effect of Air Pollution on Food Preferences,https://openalex.org/W3205482516,https://doi.org/10.1007/s11747-021-00809-8,2021,article,10
Journal of the Academy of Marketing Science,Search modality effects: merely changing product search modality alters purchase intentions,https://openalex.org/W3215254179,https://doi.org/10.1007/s11747-021-00820-z,2021,article,10
Journal of the Academy of Marketing Science,How does power distance belief impact consumers’ responses to demotion in hierarchical loyalty programs? The dual processes of monetary and psychological losses,https://openalex.org/W4210548083,https://doi.org/10.1007/s11747-021-00825-8,2022,article,6
Journal of the Academy of Marketing Science,Discovering heterogeneous consumer journeys in online platforms: implications for networking investment,https://openalex.org/W3083889101,https://doi.org/10.1007/s11747-020-00741-3,2020,article,11
Journal of the Academy of Marketing Science,How and when weather boosts consumer product valuation,https://openalex.org/W3002990142,https://doi.org/10.1007/s11747-019-00717-y,2020,article,10
Journal of the Academy of Marketing Science,From franchisee experience to customer experience: their effects on franchisee performance,https://openalex.org/W3166598973,https://doi.org/10.1007/s11747-021-00788-w,2021,article,9
Journal of the Academy of Marketing Science,Relating entertainment features in screenplays to movie performance: an empirical investigation,https://openalex.org/W3170626804,https://doi.org/10.1007/s11747-021-00794-y,2021,article,9
Journal of the Academy of Marketing Science,Contained: why it’s better to display some products without a package,https://openalex.org/W3198383972,https://doi.org/10.1007/s11747-021-00800-3,2021,article,9
Journal of the Academy of Marketing Science,Perceived financial constraints and normative influence: discretionary purchase decisions across cultures,https://openalex.org/W3205507715,https://doi.org/10.1007/s11747-021-00814-x,2021,article,9
Journal of the Academy of Marketing Science,How does ambivalence affect young consumers’ response to risky products?,https://openalex.org/W4221009887,https://doi.org/10.1007/s11747-021-00834-7,2022,article,6
Journal of the Academy of Marketing Science,Not the relationship type? Loyalty propensity as a reason to maintain marketing relationships,https://openalex.org/W4221023269,https://doi.org/10.1007/s11747-022-00847-w,2022,article,6
Journal of the Academy of Marketing Science,The effect of incentive structure on referral: the determining role of self-construal,https://openalex.org/W4221038403,https://doi.org/10.1007/s11747-022-00852-z,2022,article,6
Journal of the Academy of Marketing Science,Healthy in the wrong way: Mismatching of marketers’ food claim use and consumers’ preferences in the United States but not France,https://openalex.org/W4283325773,https://doi.org/10.1007/s11747-022-00885-4,2022,article,6
Journal of the Academy of Marketing Science,You want to sell this to me twice!? How perceptions of betrayal may undermine internal product upgrades,https://openalex.org/W4285589719,https://doi.org/10.1007/s11747-022-00881-8,2022,article,6
Journal of the Academy of Marketing Science,The Journal of the Academy of Marketing Science at 50: A historical analysis,https://openalex.org/W4309896382,https://doi.org/10.1007/s11747-022-00905-3,2022,article,6
Journal of the Academy of Marketing Science,Hideous but worth it: Distinctive ugliness as a signal of luxury,https://openalex.org/W4311129419,https://doi.org/10.1007/s11747-022-00913-3,2022,article,6
Journal of the Academy of Marketing Science,A taxonomy of marketing organizations,https://openalex.org/W4312095464,https://doi.org/10.1007/s11747-022-00911-5,2022,article,6
Journal of the Academy of Marketing Science,A customer portfolio management model that relates company’s marketing to its long-term survival,https://openalex.org/W3122640847,https://doi.org/10.1007/s11747-020-00765-9,2021,article,8
Journal of the Academy of Marketing Science,Space between products on display: the impact of interspace on consumer estimation of product size,https://openalex.org/W3146782383,https://doi.org/10.1007/s11747-021-00772-4,2021,article,8
Journal of the Academy of Marketing Science,"Separating customer heterogeneity, points pressure and rewarded behavior to assess a retail loyalty program",https://openalex.org/W3155691296,https://doi.org/10.1007/s11747-021-00782-2,2021,article,8
Journal of the Academy of Marketing Science,The effect of positive anticipatory utility on product pre‑order evaluations and choices,https://openalex.org/W3199349361,https://doi.org/10.1007/s11747-021-00810-1,2021,article,8
Journal of the Academy of Marketing Science,Choreographing salesperson face-to-face visits with a buyer organization: a social network perspective,https://openalex.org/W4205864187,https://doi.org/10.1007/s11747-021-00826-7,2022,article,5
Journal of the Academy of Marketing Science,The performance impact of marketing dualities: a response surface approach to resolving empirical challenges,https://openalex.org/W4220962808,https://doi.org/10.1007/s11747-022-00848-9,2022,article,5
Journal of the Academy of Marketing Science,"CEO narcissism, brand acquisition and disposal, and stock returns",https://openalex.org/W4224010992,https://doi.org/10.1007/s11747-022-00850-1,2022,article,5
Journal of the Academy of Marketing Science,Consumer preference for pay-per-use service tariffs: the roles of mental accounting,https://openalex.org/W4225893668,https://doi.org/10.1007/s11747-022-00853-y,2022,article,5
Journal of the Academy of Marketing Science,A multi-system organizing framework for inter-firm control: a comprehensive perspective on control,https://openalex.org/W4229009445,https://doi.org/10.1007/s11747-022-00870-x,2022,article,5
Journal of the Academy of Marketing Science,Software multihoming to distal markets: Evidence of cannibalization and complementarity in the video game console industry,https://openalex.org/W4287377379,https://doi.org/10.1007/s11747-022-00893-4,2022,article,5
Journal of the Academy of Marketing Science,Exclusivity strategies for digital products across digital and physical markets,https://openalex.org/W4295222607,https://doi.org/10.1007/s11747-022-00897-0,2022,article,5
Journal of the Academy of Marketing Science,Narrative curation and stewardship in contested marketspaces,https://openalex.org/W4309866174,https://doi.org/10.1007/s11747-022-00904-4,2022,article,5
Journal of the Academy of Marketing Science,What is the impact of a conflict delisting on firm value? An investigation of the role of conflict and firm characteristics,https://openalex.org/W4324382606,https://doi.org/10.1007/s11747-023-00930-w,2023,article,2
Journal of the Academy of Marketing Science,Why and when to launch new products during a recession: An empirical investigation of the U.K. FMCG industry and the U.S. automobile industry,https://openalex.org/W4365453408,https://doi.org/10.1007/s11747-023-00936-4,2023,article,2
Journal of the Academy of Marketing Science,From homo sapiens to homo superior? Wearable robotics as the platform for transhumanist marketing,https://openalex.org/W4379141627,https://doi.org/10.1007/s11747-023-00949-z,2023,article,2
Journal of the Academy of Marketing Science,How do firms value sales career paths?,https://openalex.org/W4381095036,https://doi.org/10.1007/s11747-023-00952-4,2023,article,2
Journal of the Academy of Marketing Science,Building effective inside-outside sales rep dyads: A collaboration perspective,https://openalex.org/W4383619967,https://doi.org/10.1007/s11747-023-00960-4,2023,article,2
Journal of the Academy of Marketing Science,Customer behavior across competitive loyalty programs,https://openalex.org/W4385658719,https://doi.org/10.1007/s11747-023-00965-z,2023,article,2
Journal of the Academy of Marketing Science,Leveraging B2B field service technicians as a “second sales force”: How service situations affect selling activity and success,https://openalex.org/W4386001100,https://doi.org/10.1007/s11747-023-00964-0,2023,article,2
Journal of the Academy of Marketing Science,The local environment matters: Evidence from digital healthcare services for patient engagement,https://openalex.org/W4386888133,https://doi.org/10.1007/s11747-023-00972-0,2023,article,2
Journal of the Academy of Marketing Science,How within-person research can extend marketing knowledge,https://openalex.org/W4388300059,https://doi.org/10.1007/s11747-023-00978-8,2023,article,2
Journal of the Academy of Marketing Science,"When feeling powerless, we crave nostalgia: The impact of powerlessness on the preference for nostalgic products",https://openalex.org/W4389242407,https://doi.org/10.1007/s11747-023-00990-y,2023,article,2
Journal of the Academy of Marketing Science,Digital customization of consumer investments in multiple funds: virtual integration improves risk–return decisions,https://openalex.org/W3048424499,https://doi.org/10.1007/s11747-020-00740-4,2020,article,8
Journal of the Academy of Marketing Science,What brand do I use for my new product? The impact of new product branding decisions on firm value,https://openalex.org/W3213910011,https://doi.org/10.1007/s11747-021-00817-8,2021,article,7
Journal of the Academy of Marketing Science,Using product development information to spur the adoption of continuous improvement products,https://openalex.org/W3035672367,https://doi.org/10.1007/s11747-020-00730-6,2020,article,7
Journal of the Academy of Marketing Science,"The effect of financial scarcity on discretionary spending, borrowing, and investing",https://openalex.org/W3207836671,https://doi.org/10.1007/s11747-021-00811-0,2021,article,6
Journal of the Academy of Marketing Science,The scarcity of beauty: how and why product aesthetics mobilize consumer acquisition effort,https://openalex.org/W4220928790,https://doi.org/10.1007/s11747-021-00831-w,2022,article,4
Journal of the Academy of Marketing Science,The opportunities and costs of highly involved organizational buyers,https://openalex.org/W4229077473,https://doi.org/10.1007/s11747-022-00859-6,2022,article,4
Journal of the Academy of Marketing Science,Examining post-purchase consumer responses to product automation,https://openalex.org/W4296929496,https://doi.org/10.1007/s11747-022-00900-8,2022,article,4
Journal of the Academy of Marketing Science,Reviewers as developmental coaches,https://openalex.org/W3089367915,https://doi.org/10.1007/s11747-020-00747-x,2020,article,6
Journal of the Academy of Marketing Science,Governance implications of modularity in sourcing relationships,https://openalex.org/W3104946660,https://doi.org/10.1007/s11747-020-00748-w,2020,article,6
Journal of the Academy of Marketing Science,"Advertising, incentives, and the upsell: how advertising differentially moderates customer- vs. retailer-directed price incentives’ impact on consumers’ preferences for premium products",https://openalex.org/W3170926067,https://doi.org/10.1007/s11747-021-00791-1,2021,article,5
Journal of the Academy of Marketing Science,Effects of advertising and R&amp;D on spillovers from a rival’s bankruptcy,https://openalex.org/W4364354898,https://doi.org/10.1007/s11747-023-00931-9,2023,article,1
Journal of the Academy of Marketing Science,Using a strobelight analysis to examine relationship inconsistency,https://openalex.org/W4365510945,https://doi.org/10.1007/s11747-023-00940-8,2023,article,1
Journal of the Academy of Marketing Science,Does scarcity increase or decrease donation behaviors? An investigation considering resource-specific scarcity and individual person-thing orientation,https://openalex.org/W4367843933,https://doi.org/10.1007/s11747-023-00938-2,2023,article,1
Journal of the Academy of Marketing Science,Marketers on board: The influence of marketing-experienced board members (MEBMs) on firm innovativeness inputs and the moderating roles of CEO job characteristics,https://openalex.org/W4382698591,https://doi.org/10.1007/s11747-023-00950-6,2023,article,1
Journal of the Academy of Marketing Science,The effect of customer asset strategies on acquisition performance in business-to-government markets,https://openalex.org/W4384558159,https://doi.org/10.1007/s11747-023-00955-1,2023,article,1
Journal of the Academy of Marketing Science,Short-Asking with Long-Encouraging (SALE): A simple method to increase purchase quantity,https://openalex.org/W4387389309,https://doi.org/10.1007/s11747-023-00975-x,2023,article,1
Journal of the Academy of Marketing Science,Marketing capability and the turnaround of financially distressed firms,https://openalex.org/W4388085331,https://doi.org/10.1007/s11747-023-00985-9,2023,article,1
Journal of the Academy of Marketing Science,Toward a theory of consumer digital trust: Meta-analytic evidence of its role in the effectiveness of user-generated content,https://openalex.org/W4388797316,https://doi.org/10.1007/s11747-023-00982-y,2023,article,1
Journal of the Academy of Marketing Science,The greenguard effect: When and why consumers react less negatively following green product failures,https://openalex.org/W4389268953,https://doi.org/10.1007/s11747-023-00991-x,2023,article,1
Journal of the Academy of Marketing Science,Introducing the ARTS framework: A tool for constructive re-inquiry,https://openalex.org/W4390144172,https://doi.org/10.1007/s11747-023-00996-6,2023,article,1
Journal of the Academy of Marketing Science,An empirical study of scarcity marketing strategies: Limited-time products with umbrella branding in the beer market,https://openalex.org/W4307210683,https://doi.org/10.1007/s11747-022-00899-y,2022,article,3
Journal of the Academy of Marketing Science,Executive confidence and myopic marketing management,https://openalex.org/W4311045488,https://doi.org/10.1007/s11747-022-00909-z,2022,article,3
Journal of the Academy of Marketing Science,Making new enemies: How suppliers’ digital disintermediation strategy shifts consumers’ use of incumbent offerings,https://openalex.org/W4386029954,https://doi.org/10.1007/s11747-023-00963-1,2023,article,1
Journal of the Academy of Marketing Science,Salient knowledge that others are also evaluating reduces judgment extremity,https://openalex.org/W3202707393,https://doi.org/10.1007/s11747-021-00807-w,2021,article,4
Journal of the Academy of Marketing Science,To boldly go…,https://openalex.org/W3212603301,https://doi.org/10.1007/s11747-021-00822-x,2021,article,4
Journal of the Academy of Marketing Science,Managing differential effects of salespersons’ regulatory foci–a dual process model of dominant and supplemental pathways,https://openalex.org/W3213849006,https://doi.org/10.1007/s11747-021-00821-y,2021,article,4
Journal of the Academy of Marketing Science,The design of B2B customer references: A signaling theory perspective,https://openalex.org/W4306291147,https://doi.org/10.1007/s11747-022-00902-6,2022,article,2
Journal of the Academy of Marketing Science,Projecting lower competence to boost apology effectiveness: Underlying mechanism and boundary conditions,https://openalex.org/W4306699553,https://doi.org/10.1007/s11747-022-00903-5,2022,article,2
Journal of the Academy of Marketing Science,The differing impacts of brand-line breadth and depth on customers’ repurchasing behavior of frequently purchased packaged goods,https://openalex.org/W3194988241,https://doi.org/10.1007/s11747-021-00797-9,2021,article,3
Journal of the Academy of Marketing Science,Correction to: Beyond valence: a meta-analysis of discrete emotions in firm-customer encounters,https://openalex.org/W3021603722,https://doi.org/10.1007/s11747-020-00726-2,2020,article,2
Journal of the Academy of Marketing Science,Introduction to the business model innovations in emerging markets special issue,https://openalex.org/W3034333909,https://doi.org/10.1007/s11747-020-00734-2,2020,article,2
Journal of the Academy of Marketing Science,Correction to: Engaging a product-focused sales force in solution selling: interplay of individual- and organizational-level conditions,https://openalex.org/W3038609330,https://doi.org/10.1007/s11747-020-00738-y,2020,article,2
Journal of the Academy of Marketing Science,"A structural model of purchases, returns, and return-based targeting strategies",https://openalex.org/W3137463054,https://doi.org/10.1007/s11747-020-00761-z,2021,article,2
Journal of the Academy of Marketing Science,"Correction to: Operationalizing salesperson performance with secondary data: aligning practice, scholarship, and theory",https://openalex.org/W3165085190,https://doi.org/10.1007/s11747-021-00789-9,2021,article,2
Journal of the Academy of Marketing Science,Income inequality and consumer preference for private labels versus national brands,https://openalex.org/W4284964580,https://doi.org/10.1007/s11747-022-00890-7,2022,article,1
Journal of the Academy of Marketing Science,The brand that wasn’t there: The impact of brand displacement on viewer engagement and brand attitude,https://openalex.org/W4303453564,https://doi.org/10.1007/s11747-022-00901-7,2022,article,1
Journal of the Academy of Marketing Science,Unintended effects of price promotions: Forgoing competitors’ price promotions strengthens incumbent brand loyalty,https://openalex.org/W4309729118,https://doi.org/10.1007/s11747-022-00907-1,2022,article,1
Journal of the Academy of Marketing Science,Drivers and outcomes of smallholder market participation in Sub-Saharan Africa,https://openalex.org/W4311616676,https://doi.org/10.1007/s11747-022-00914-2,2022,article,1
Journal of the Academy of Marketing Science,Correction to: What is happening to my nearby stores? The own- and cross-effect of a radical store transformation on existing customers,https://openalex.org/W4382404416,https://doi.org/10.1007/s11747-023-00958-y,2023,article,0
Journal of the Academy of Marketing Science,Correction to: Uncertainty marketing tactics: An overview and a unifying framework,https://openalex.org/W4382771518,https://doi.org/10.1007/s11747-023-00959-x,2023,article,0
Journal of the Academy of Marketing Science,Stick to my guns: The impact of crowding on consumers’ responsiveness to sale promotions,https://openalex.org/W4385691042,https://doi.org/10.1007/s11747-023-00966-y,2023,article,0
Journal of the Academy of Marketing Science,Multichannel discount spillover in B2B markets,https://openalex.org/W4387187219,https://doi.org/10.1007/s11747-023-00973-z,2023,article,0
Journal of the Academy of Marketing Science,Get the picture? Using visuals to represent theory,https://openalex.org/W4387775869,https://doi.org/10.1007/s11747-023-00980-0,2023,article,0
Journal of the Academy of Marketing Science,The ubiquity of scarcity,https://openalex.org/W4388179712,https://doi.org/10.1007/s11747-023-00984-w,2023,article,0
Journal of the Academy of Marketing Science,Recall environment and post-recall stock market response,https://openalex.org/W4388599336,https://doi.org/10.1007/s11747-023-00979-7,2023,article,0
Journal of the Academy of Marketing Science,Highlighting Discrepancies in Brand Messaging Increases Social Media Engagement,https://openalex.org/W4388637526,https://doi.org/10.1007/s11747-023-00983-x,2023,article,0
Journal of the Academy of Marketing Science,Correction: How within-person research can extend marketing knowledge,https://openalex.org/W4390025586,https://doi.org/10.1007/s11747-023-00998-4,2023,article,0
Journal of the Academy of Marketing Science,"Correction to: Consumer dynamics: theories, methods, and emerging directions",https://openalex.org/W3019807925,https://doi.org/10.1007/s11747-020-00728-0,2020,article,1
Journal of the Academy of Marketing Science,How could anyone forget Harold W. Berkman?,https://openalex.org/W3209296148,https://doi.org/10.1007/s11747-021-00819-6,2021,article,1
Journal of the Academy of Marketing Science,Correction to: Collect them all! Increasing product category cross-selling using the incompleteness effect,https://openalex.org/W4224287534,https://doi.org/10.1007/s11747-022-00867-6,2022,article,0
Journal of the Academy of Marketing Science,Correction to: Contained: Why it’s better to display some products without a package,https://openalex.org/W4225726601,https://doi.org/10.1007/s11747-022-00863-w,2022,article,0
Journal of the Academy of Marketing Science,Correction to: A multi-system organizing framework for inter-firm control: a comprehensive perspective on control,https://openalex.org/W4282941873,https://doi.org/10.1007/s11747-022-00884-5,2022,article,0
Journal of the Academy of Marketing Science,Introducing another new JAMS Co-Editor,https://openalex.org/W4309349329,https://doi.org/10.1007/s11747-022-00912-4,2022,article,0
Journal of the Academy of Marketing Science,Advancing Theory in Buyer-Supplier Relationship Dynamics,https://openalex.org/W3044223860,None,2020,article,0
Journal of the Academy of Marketing Science,Correction to: Sample-based longitudinal discrete choice experiments: preferences for electric vehicles over time,https://openalex.org/W3154098841,https://doi.org/10.1007/s11747-021-00781-3,2021,article,0
Journal of the Academy of Marketing Science,Correction to: Relating entertainment features in screenplays to movie performance: an empirical investigation,https://openalex.org/W3183556941,https://doi.org/10.1007/s11747-021-00799-7,2021,article,0
Journal of the Academy of Marketing Science,"Correction to: The effect of financial scarcity on discretionary spending, borrowing, and investing",https://openalex.org/W3215741800,https://doi.org/10.1007/s11747-021-00828-5,2021,article,0
