source_journal,work_title,work_oaid,DOI,pub_year,work_type,all_cited_by_count
Journal of Retailing,"Common Method Bias in Marketing: Causes, Mechanisms, and Procedural Remedies",https://openalex.org/W2052194544,https://doi.org/10.1016/j.jretai.2012.08.001,2012,article,2056
Journal of Retailing,From Multi-Channel Retailing to Omni-Channel Retailing,https://openalex.org/W2104212223,https://doi.org/10.1016/j.jretai.2015.02.005,2015,article,1854
Journal of Retailing,Online Customer Experience in e-Retailing: An empirical model of Antecedents and Outcomes,https://openalex.org/W2100043458,https://doi.org/10.1016/j.jretai.2012.03.001,2012,article,949
Journal of Retailing,The Future of Retailing,https://openalex.org/W2578287714,https://doi.org/10.1016/j.jretai.2016.12.008,2017,article,792
Journal of Retailing,Against the Green: A Multi-method Examination of the Barriers to Green Consumption,https://openalex.org/W2062479713,https://doi.org/10.1016/j.jretai.2012.10.001,2012,article,698
Journal of Retailing,Channel Selection and Coordination in Dual-Channel Supply Chains,https://openalex.org/W3121318218,https://doi.org/10.1016/j.jretai.2009.11.002,2010,article,606
Journal of Retailing,Integrating Bricks with Clicks: Retailer-Level and Channel-Level Outcomes of Online–Offline Channel Integration,https://openalex.org/W1999062425,https://doi.org/10.1016/j.jretai.2014.12.009,2015,article,571
Journal of Retailing,Born Unequal: A Study of the Helpfulness of User-Generated Product Reviews,https://openalex.org/W2035102161,https://doi.org/10.1016/j.jretai.2011.05.002,2011,article,551
Journal of Retailing,Unraveling the Personalization Paradox: The Effect of Information Collection and Trust-Building Strategies on Online Advertisement Effectiveness,https://openalex.org/W2097118035,https://doi.org/10.1016/j.jretai.2014.09.005,2014,article,518
Journal of Retailing,How Online Product Reviews Affect Retail Sales: A Meta-analysis,https://openalex.org/W2028538363,https://doi.org/10.1016/j.jretai.2014.04.004,2014,article,500
Journal of Retailing,On the Go: How Mobile Shopping Affects Customer Purchase Behavior,https://openalex.org/W2054109710,https://doi.org/10.1016/j.jretai.2015.01.002,2015,article,493
Journal of Retailing,Innovations in Retail Business Models,https://openalex.org/W3123902703,https://doi.org/10.1016/j.jretai.2011.04.005,2011,article,488
Journal of Retailing,Revisiting the Satisfaction–Loyalty Relationship: Empirical Generalizations and Directions for Future Research,https://openalex.org/W2023895512,https://doi.org/10.1016/j.jretai.2013.02.001,2013,article,471
Journal of Retailing,The Impact of Cross-Channel Integration on Retailers’ Sales Growth,https://openalex.org/W2017167557,https://doi.org/10.1016/j.jretai.2014.12.005,2015,article,467
Journal of Retailing,Shopper-Facing Retail Technology: A Retailer Adoption Decision Framework Incorporating Shopper Attitudes and Privacy Concerns,https://openalex.org/W2561824495,https://doi.org/10.1016/j.jretai.2016.12.006,2017,article,467
Journal of Retailing,The Role of Big Data and Predictive Analytics in Retailing,https://openalex.org/W2599766447,https://doi.org/10.1016/j.jretai.2016.12.004,2017,article,385
Journal of Retailing,Innovations in Shopper Marketing: Current Insights and Future Research Issues,https://openalex.org/W3125655541,https://doi.org/10.1016/j.jretai.2011.04.007,2011,article,381
Journal of Retailing,Retail Luxury Strategy: Assembling Charisma through Art and Magic,https://openalex.org/W2132449196,https://doi.org/10.1016/j.jretai.2011.09.001,2011,article,363
Journal of Retailing,"A Second-hand Shoppers’ Motivation Scale: Antecedents, Consequences, and Implications for Retailers",https://openalex.org/W2040030233,https://doi.org/10.1016/j.jretai.2010.08.002,2010,article,348
Journal of Retailing,Managing Multi- and Omni-Channel Distribution: Metrics and Research Directions,https://openalex.org/W2574459737,https://doi.org/10.1016/j.jretai.2016.12.003,2017,article,342
Journal of Retailing,Aesthetics and the online shopping environment: Understanding consumer responses,https://openalex.org/W2000997123,https://doi.org/10.1016/j.jretai.2010.09.002,2010,article,338
Journal of Retailing,Perceived customer showrooming behavior and the effect on retail salesperson self-efficacy and performance,https://openalex.org/W2056199105,https://doi.org/10.1016/j.jretai.2014.12.007,2015,article,338
Journal of Retailing,Understanding the Influence of Cues from Other Customers in the Service Experience: A Scale Development and Validation,https://openalex.org/W2153303381,https://doi.org/10.1016/j.jretai.2012.01.006,2012,article,336
Journal of Retailing,The Importance of Trust for Personalized Online Advertising,https://openalex.org/W317100620,https://doi.org/10.1016/j.jretai.2015.04.001,2015,article,328
Journal of Retailing,The Impact of Different Touchpoints on Brand Consideration,https://openalex.org/W1979101439,https://doi.org/10.1016/j.jretai.2014.12.008,2015,article,314
Journal of Retailing,"Online Shopper Motivations, and e-Store Attributes: An Examination of Online Patronage Behavior and Shopper Typologies",https://openalex.org/W1988681221,https://doi.org/10.1016/j.jretai.2010.01.003,2010,article,313
Journal of Retailing,Contextual Factors and the Creativity of Frontline Employees: The Mediating Effects of Role Stress and Intrinsic Motivation,https://openalex.org/W2108249843,https://doi.org/10.1016/j.jretai.2010.11.004,2011,article,292
Journal of Retailing,The Impact of the Multi-channel Retail Mix on Online Store Choice: Does Online Experience Matter?,https://openalex.org/W1977742349,https://doi.org/10.1016/j.jretai.2014.12.004,2015,article,277
Journal of Retailing,Building With Bricks and Mortar: The Revenue Impact of Opening Physical Stores in a Multichannel Environment,https://openalex.org/W2014153742,https://doi.org/10.1016/j.jretai.2015.02.001,2015,article,272
Journal of Retailing,Innovations in Retail Pricing and Promotions,https://openalex.org/W2102626394,https://doi.org/10.1016/j.jretai.2011.04.008,2011,article,271
Journal of Retailing,Assessing the Self-service Technology Encounters: Development and Validation of SSTQUAL Scale,https://openalex.org/W1974866703,https://doi.org/10.1016/j.jretai.2011.02.006,2011,article,270
Journal of Retailing,Antecedents and Consequences of Customer Satisfaction: Do They Differ Across Online and Offline Purchases?,https://openalex.org/W2901240514,https://doi.org/10.1016/j.jretai.2018.10.003,2018,article,256
Journal of Retailing,How Artificial Intelligence (AI) is Reshaping Retailing,https://openalex.org/W2912297199,https://doi.org/10.1016/s0022-4359(18)30076-9,2018,article,245
Journal of Retailing,Antecedents and Consequences of Customer Satisfaction: Do They Differ Across Online and Offline Purchases?,https://openalex.org/W2901240514,https://doi.org/10.1016/j.jretai.2018.10.003,2019,article,241
Journal of Retailing,Drivers of and Barriers to Organic Purchase Behavior,https://openalex.org/W2102951652,https://doi.org/10.1016/j.jretai.2015.02.003,2015,article,237
Journal of Retailing,"The Impact of a Flagship vs. a Brand Store on Brand Attitude, Brand Attachment and Brand Equity",https://openalex.org/W1971231093,https://doi.org/10.1016/j.jretai.2013.06.003,2013,article,234
Journal of Retailing,The Role of the Beneficiary in Willingness to Pay for Socially Responsible Products: A Meta-analysis,https://openalex.org/W3124477382,https://doi.org/10.1016/j.jretai.2014.03.004,2014,article,234
Journal of Retailing,When do customers offer firms a “second chance” following a double deviation? The impact of inferred firm motives on customer revenge and reconciliation,https://openalex.org/W2092419373,https://doi.org/10.1016/j.jretai.2013.03.002,2013,article,227
Journal of Retailing,E-Service Quality: Development of a Hierarchical Model,https://openalex.org/W2523365064,https://doi.org/10.1016/j.jretai.2016.09.002,2016,article,227
Journal of Retailing,How Does Corporate Social Responsibility Affect Consumer Response to Service Failure in Buyer–Seller Relationships?,https://openalex.org/W1974891381,https://doi.org/10.1016/j.jretai.2014.10.001,2014,article,221
Journal of Retailing,The Role of Marketing Channels in Supply Chain Management,https://openalex.org/W257298140,https://doi.org/10.1016/j.jretai.2015.03.003,2015,article,213
Journal of Retailing,Sensory Aspects of Package Design,https://openalex.org/W2569396023,https://doi.org/10.1016/j.jretai.2016.12.002,2017,article,209
Journal of Retailing,"Calibrating 30 Years of Experimental Research: A Meta-Analysis of the Atmospheric Effects of Music, Scent, and Color",https://openalex.org/W2539916477,https://doi.org/10.1016/j.jretai.2016.10.001,2016,article,199
Journal of Retailing,Let Me Imagine That for You: Transforming the Retail Frontline Through Augmenting Customer Mental Imagery Ability,https://openalex.org/W2939587492,https://doi.org/10.1016/j.jretai.2019.03.005,2019,article,198
Journal of Retailing,The DAST Framework for Retail Atmospherics: The Impact of In- and Out-of-Store Retail Journey Touchpoints on the Customer Experience,https://openalex.org/W2991326444,https://doi.org/10.1016/j.jretai.2019.11.002,2019,article,180
Journal of Retailing,Loyalty Formation for Different Customer Journey Segments,https://openalex.org/W2949855834,https://doi.org/10.1016/j.jretai.2019.05.001,2019,article,178
Journal of Retailing,Feeling Close From Afar: The Role of Psychological Distance in Offsetting Distrust in Unfamiliar Online Retailers,https://openalex.org/W2340324752,https://doi.org/10.1016/j.jretai.2016.02.001,2016,article,173
Journal of Retailing,Future of Retailer Profitability: An Organizing Framework,https://openalex.org/W2560493618,https://doi.org/10.1016/j.jretai.2016.11.003,2016,article,167
Journal of Retailing,Touching the Untouchable: Exploring Multi-Sensory Augmented Reality in the Context of Online Retailing,https://openalex.org/W2990119673,https://doi.org/10.1016/j.jretai.2019.10.008,2019,article,162
Journal of Retailing,Testing Retail Marketing-Mix Effects on Patronage: A Meta-Analysis,https://openalex.org/W2794737728,https://doi.org/10.1016/j.jretai.2018.03.001,2018,article,160
Journal of Retailing,Fix It or Leave It? Customer Recovery from Self-service Technology Failures,https://openalex.org/W1991347750,https://doi.org/10.1016/j.jretai.2012.10.004,2012,article,201
Journal of Retailing,Does Online Information Drive Offline Revenues?,https://openalex.org/W2150801344,https://doi.org/10.1016/j.jretai.2010.10.001,2010,article,201
Journal of Retailing,The Assimilative and Contrastive Effects of Word-of-Mouth Volume: An Experimental Examination of Online Consumer Ratings,https://openalex.org/W2107894013,https://doi.org/10.1016/j.jretai.2011.01.005,2011,article,197
Journal of Retailing,Retailing Innovations in a Globalizing Retail Market Environment,https://openalex.org/W2163547695,https://doi.org/10.1016/j.jretai.2011.04.009,2011,article,196
Journal of Retailing,Cause-Relating Marketing: The Effects of Purchase Quantity and Firm Donation Amount on Consumer Inferences and Participation Intentions,https://openalex.org/W1996945645,https://doi.org/10.1016/j.jretai.2010.02.005,2010,article,186
Journal of Retailing,"Conveying Trustworthiness to Online Consumers: Reactions to Consensus, Physical Store Presence, Brand Familiarity, and Generalized Suspicion",https://openalex.org/W2081089760,https://doi.org/10.1016/j.jretai.2010.04.002,2010,article,182
Journal of Retailing,How to Align your Brand Stories with Your Products,https://openalex.org/W2080413749,https://doi.org/10.1016/j.jretai.2012.02.001,2012,article,177
Journal of Retailing,Franchising Research Frontiers for the Twenty-First Century,https://openalex.org/W2158581511,https://doi.org/10.1016/j.jretai.2011.08.002,2011,article,177
Journal of Retailing,The Role of Price in the Behavior and Purchase Decisions of Compulsive Buyers,https://openalex.org/W2021119014,https://doi.org/10.1016/j.jretai.2011.02.004,2011,article,174
Journal of Retailing,Service-Dominant Orientation: Measurement and Impact on Performance Outcomes,https://openalex.org/W2112584744,https://doi.org/10.1016/j.jretai.2014.10.002,2014,article,169
Journal of Retailing,When Shelf-Based Scarcity Impacts Consumer Preferences,https://openalex.org/W2102869625,https://doi.org/10.1016/j.jretai.2011.02.001,2011,article,168
Journal of Retailing,Approach and Avoidance Motivation: Investigating Hedonic Consumption in a Retail Setting,https://openalex.org/W2090810040,https://doi.org/10.1016/j.jretai.2011.12.004,2012,article,166
Journal of Retailing,The Evolution of Marketing Channels: Trends and Research Directions,https://openalex.org/W565283424,https://doi.org/10.1016/j.jretai.2015.04.002,2015,article,157
Journal of Retailing,Using Visual Design to Improve Customer Perceptions of Online Assortments,https://openalex.org/W2563972077,https://doi.org/10.1016/j.jretai.2016.11.004,2016,article,156
Journal of Retailing,Light and Pale Colors in Food Packaging: When Does This Package Cue Signal Superior Healthiness or Inferior Tastiness?,https://openalex.org/W2521682498,https://doi.org/10.1016/j.jretai.2016.08.002,2016,article,155
Journal of Retailing,M(Art)Worlds: Consumer Perceptions of How Luxury Brand Stores Become Art Institutions,https://openalex.org/W2043934060,https://doi.org/10.1016/j.jretai.2014.01.002,2014,article,154
Journal of Retailing,What Drives Household Choice of Organic Products in Grocery Stores?,https://openalex.org/W2030649282,https://doi.org/10.1016/j.jretai.2010.08.001,2010,article,153
Journal of Retailing,Determinants of Store Brand Share,https://openalex.org/W1979514432,https://doi.org/10.1016/j.jretai.2014.04.002,2014,article,152
Journal of Retailing,Shopping Benefits of Multichannel Assortment Integration and the Moderating Role of Retailer Type,https://openalex.org/W2122115020,https://doi.org/10.1016/j.jretai.2014.12.003,2015,article,137
Journal of Retailing,To Keep or Not to Keep: Effects of Online Customer Reviews on Product Returns,https://openalex.org/W2340695878,https://doi.org/10.1016/j.jretai.2016.03.001,2016,article,133
Journal of Retailing,The Power of Simplicity: Processing Fluency and the Effects of Olfactory Cues on Retail Sales,https://openalex.org/W2136043986,https://doi.org/10.1016/j.jretai.2012.08.002,2012,article,132
Journal of Retailing,Culture and the Consumer Journey,https://openalex.org/W2996696566,https://doi.org/10.1016/j.jretai.2019.11.009,2019,article,128
Journal of Retailing,The Impact of Service Characteristics on the Switching Costs–Customer Loyalty Link,https://openalex.org/W2003146859,https://doi.org/10.1016/j.jretai.2014.04.003,2014,article,127
Journal of Retailing,Role of Retailer Positioning and Product Category on the Relationship Between Store Brand Consumption and Store Loyalty,https://openalex.org/W2049962708,https://doi.org/10.1016/j.jretai.2011.05.003,2011,article,123
Journal of Retailing,Are Men Seduced by Red? The Effect of Red Versus Black Prices on Price Perceptions,https://openalex.org/W1964169498,https://doi.org/10.1016/j.jretai.2013.01.002,2013,article,121
Journal of Retailing,Enhancing Customer Engagement Through Consciousness,https://openalex.org/W2575422498,https://doi.org/10.1016/j.jretai.2016.12.001,2017,article,120
Journal of Retailing,Limited Edition for Me and Best Seller for You: The Impact of Scarcity versus Popularity Cues on Self versus Other-Purchase Behavior,https://openalex.org/W2517109836,https://doi.org/10.1016/j.jretai.2016.08.001,2016,article,116
Journal of Retailing,Is Beauty in the Aisles of the Retailer? Package Processing in Visually Complex Contexts,https://openalex.org/W2054191430,https://doi.org/10.1016/j.jretai.2014.05.004,2014,article,112
Journal of Retailing,Taking private labels upmarket: Empirical generalizations on category drivers of premium private label introductions,https://openalex.org/W2000071086,https://doi.org/10.1016/j.jretai.2014.01.003,2014,article,110
Journal of Retailing,"Music Congruity Effects on Product Memory, Perception, and Choice",https://openalex.org/W774661089,https://doi.org/10.1016/j.jretai.2015.06.001,2015,article,107
Journal of Retailing,"User Reviews Variance, Critic Reviews Variance, and Product Sales: An Exploration of Customer Breadth and Depth Effects",https://openalex.org/W998499328,https://doi.org/10.1016/j.jretai.2015.04.007,2015,article,104
Journal of Retailing,Helping Firms Reduce Complexity in Multichannel Online Data: A New Taxonomy-Based Approach for Customer Journeys,https://openalex.org/W2186252516,https://doi.org/10.1016/j.jretai.2015.10.001,2015,article,101
Journal of Retailing,The Evolution of Marketing Channel Research Domains and Methodologies: An Integrative Review and Future Directions,https://openalex.org/W831936627,https://doi.org/10.1016/j.jretai.2015.05.001,2015,article,101
Journal of Retailing,Affect versus Cognition in the Chain from Perceived Quality to Customer Loyalty: The Roles of Product Beliefs and Experience,https://openalex.org/W1986315441,https://doi.org/10.1016/j.jretai.2014.08.001,2014,article,97
Journal of Retailing,Do Digital Displays Enhance Sales? Role of Retail Format and Message Content,https://openalex.org/W1618638303,https://doi.org/10.1016/j.jretai.2015.08.001,2015,article,96
Journal of Retailing,A Bigger Slice of the Multichannel Grocery Pie: When Does Consumers’ Online Channel Use Expand Retailers’ Share of Wallet?,https://openalex.org/W2415245528,https://doi.org/10.1016/j.jretai.2016.05.001,2016,article,93
Journal of Retailing,Auction Fever! How Time Pressure and Social Competition Affect Bidders’ Arousal and Bids in Retail Auctions,https://openalex.org/W2005424525,https://doi.org/10.1016/j.jretai.2015.01.003,2015,article,91
Journal of Retailing,Cross-Channel Effects of Price Promotions: An Empirical Analysis of the Multi-Channel Grocery Retail Sector,https://openalex.org/W2286211937,https://doi.org/10.1016/j.jretai.2016.02.003,2016,article,90
Journal of Retailing,Product Touch and Consumers’ Online and Offline Buying: The Role of Mental Representation,https://openalex.org/W2730363186,https://doi.org/10.1016/j.jretai.2017.06.003,2017,article,89
Journal of Retailing,A COOL Effect: The Direct and Indirect Impact of Country-of-Origin Disclosures on Purchase Intentions for Retail Food Products,https://openalex.org/W2017299520,https://doi.org/10.1016/j.jretai.2015.04.004,2015,article,87
Journal of Retailing,Creating Ultimate Customer Loyalty Through Loyalty Conviction and Customer-Company Identification,https://openalex.org/W2762511664,https://doi.org/10.1016/j.jretai.2017.08.004,2017,article,87
Journal of Retailing,Social Contagion and Customer Adoption of New Sales Channels,https://openalex.org/W1984888878,https://doi.org/10.1016/j.jretai.2014.12.006,2015,article,86
Journal of Retailing,The Perfect Fit: The Moderating Role of Selling Cues on Hedonic and Utilitarian Product Types,https://openalex.org/W2791593525,https://doi.org/10.1016/j.jretai.2017.12.002,2018,article,79
Journal of Retailing,Consequences of Perceived Crowding: A Meta-Analytical Perspective,https://openalex.org/W2994383145,https://doi.org/10.1016/j.jretai.2019.11.007,2019,article,71
Journal of Retailing,A Packaging Visual-Gustatory Correspondence Effect: Using Visual Packaging Design to Influence Flavor Perception and Healthy Eating Decisions,https://openalex.org/W2991085677,https://doi.org/10.1016/j.jretai.2019.11.001,2019,article,69
Journal of Retailing,"Joint Optimization of Product Price, Display Orientation and Shelf-Space Allocation in Retail Category Management",https://openalex.org/W2023318702,https://doi.org/10.1016/j.jretai.2010.02.008,2010,article,115
Journal of Retailing,Transaction Cost Theory and International Business,https://openalex.org/W2008357740,https://doi.org/10.1016/j.jretai.2010.07.009,2010,article,109
Journal of Retailing,Effects of Expiration Date-Based Pricing on Brand Image Perceptions,https://openalex.org/W2060567903,https://doi.org/10.1016/j.jretai.2011.06.003,2011,article,109
Journal of Retailing,I Have Paid Less Than You! The Emotional and Behavioral Consequences of Advantaged Price Inequality,https://openalex.org/W2055177858,https://doi.org/10.1016/j.jretai.2011.03.003,2011,article,108
Journal of Retailing,"Understanding Money-Back Guarantees: Cognitive, Affective, and Behavioral Outcomes",https://openalex.org/W2031747054,https://doi.org/10.1016/j.jretai.2011.09.002,2011,article,103
Journal of Retailing,What to Expect After the Honeymoon: Testing a Lifecycle Theory of Franchise Relationships,https://openalex.org/W2040506270,https://doi.org/10.1016/j.jretai.2010.06.003,2010,article,102
Journal of Retailing,"An Empirical Analysis of Franchisee Value-in-Use, Investment Risk and Relational Satisfaction",https://openalex.org/W2046757144,https://doi.org/10.1016/j.jretai.2010.06.001,2010,article,102
Journal of Retailing,Shopper Response to Front-of-Package Nutrition Labeling Programs: Potential Consumer and Retail Store Benefits,https://openalex.org/W2058742781,https://doi.org/10.1016/j.jretai.2013.11.001,2013,article,97
Journal of Retailing,Retail Shelf Allocation: A Comparative Analysis of Heuristic and Meta-Heuristic Approaches,https://openalex.org/W2085308669,https://doi.org/10.1016/j.jretai.2010.01.004,2010,article,97
Journal of Retailing,Internationalization and Performance of Retail Firms: A Bayesian Dynamic Model,https://openalex.org/W1964099248,https://doi.org/10.1016/j.jretai.2011.11.005,2012,article,96
Journal of Retailing,The Role of Customer Factors in Multiple Store Patronage: A Cost–Benefit Approach,https://openalex.org/W2031256462,https://doi.org/10.1016/j.jretai.2010.01.005,2010,article,96
Journal of Retailing,"The Relationships Among Manager-, Employee-, and Customer-Company Identification: Implications For Retail Store Financial Performance",https://openalex.org/W2102307684,https://doi.org/10.1016/j.jretai.2010.01.001,2010,article,95
Journal of Retailing,Customer Rage Back-Story: Linking Needs-Based Cognitive Appraisal to Service Failure Type,https://openalex.org/W1963688740,https://doi.org/10.1016/j.jretai.2012.06.001,2012,article,92
Journal of Retailing,Towards a Strategic Model of Global Franchise Expansion,https://openalex.org/W2043742154,https://doi.org/10.1016/j.jretai.2011.01.004,2011,article,89
Journal of Retailing,"Surprise, Surprise. Ambient Media as Promotion Tool for Retailers",https://openalex.org/W2040842533,https://doi.org/10.1016/j.jretai.2013.08.001,2013,article,88
Journal of Retailing,Do Retailers Benefit from Deploying Customer Analytics?,https://openalex.org/W2092317123,https://doi.org/10.1016/j.jretai.2014.08.002,2014,article,88
Journal of Retailing,Trust during retail encounters: A touchy proposition,https://openalex.org/W2013419919,https://doi.org/10.1016/j.jretai.2013.02.002,2013,article,87
Journal of Retailing,Shelf space elasticity: A meta-analysis,https://openalex.org/W2030931843,https://doi.org/10.1016/j.jretai.2013.03.003,2013,article,87
Journal of Retailing,"Retail Value-Based Pricing Strategies: New Times, New Technologies, New Consumers",https://openalex.org/W2040258527,https://doi.org/10.1016/j.jretai.2011.12.001,2012,article,87
Journal of Retailing,Brand Loyalty and Price Promotion Strategies: An Empirical Analysis,https://openalex.org/W2040842196,https://doi.org/10.1016/j.jretai.2012.01.001,2012,article,87
Journal of Retailing,Transaction Cost Economics: The Natural Progression☆,https://openalex.org/W3125228465,https://doi.org/10.1016/j.jretai.2010.07.005,2010,article,86
Journal of Retailing,Gilt and Guilt: Should Luxury and Charity Partner at the Point of Sale?,https://openalex.org/W1656825845,https://doi.org/10.1016/j.jretai.2015.07.004,2015,article,84
Journal of Retailing,Utilitarian and Hedonic Motivators of Shoppers’ Decision to Consult with Salespeople,https://openalex.org/W1971246497,https://doi.org/10.1016/j.jretai.2014.05.003,2014,article,84
Journal of Retailing,Substitution or Promotion? The Impact of Price Discounts on Cross-Channel Sales of Digital Movies,https://openalex.org/W2053061683,https://doi.org/10.1016/j.jretai.2015.02.002,2015,article,84
Journal of Retailing,Shaping Retail Brand Personality Perceptions by Bodily Experiences,https://openalex.org/W1985183808,https://doi.org/10.1016/j.jretai.2013.05.004,2013,article,80
Journal of Retailing,To Justify or Not to Justify: The Role of Anticipated Regret on Consumers’ Decisions to Upgrade Technological Innovations,https://openalex.org/W2091633200,https://doi.org/10.1016/j.jretai.2011.01.006,2011,article,78
Journal of Retailing,New Insights in the Moderating Effect of Switching Costs on the Satisfaction–Repurchase Behavior Link,https://openalex.org/W2035855621,https://doi.org/10.1016/j.jretai.2014.04.001,2014,article,74
Journal of Retailing,Staff Word-of-Mouth (SWOM) and retail employee recruitment,https://openalex.org/W2130869588,https://doi.org/10.1016/j.jretai.2012.11.003,2013,article,74
Journal of Retailing,A Meta-analysis of Loss Aversion in Product Choice,https://openalex.org/W1986765024,https://doi.org/10.1016/j.jretai.2014.02.002,2014,article,72
Journal of Retailing,The Language of Marketplace Rituals: Implications for Customer Experience Management,https://openalex.org/W1993849417,https://doi.org/10.1016/j.jretai.2012.02.002,2012,article,72
Journal of Retailing,Store Brand Quality and Retailer’s Product Line Design,https://openalex.org/W1593515170,https://doi.org/10.1016/j.jretai.2017.09.002,2017,article,70
Journal of Retailing,Contrasting the Drivers of Switching Intent and Switching Behavior in Contractual Service Settings,https://openalex.org/W3125425199,https://doi.org/10.1016/j.jretai.2014.07.002,2014,article,70
Journal of Retailing,Managing Complaints to Improve Customer Profitability,https://openalex.org/W2011283347,https://doi.org/10.1016/j.jretai.2014.09.004,2014,article,69
Journal of Retailing,Spillover Effects of Service Failures in Coalition Loyalty Programs: The Buffering Effect of Special Treatment Benefits,https://openalex.org/W2014257952,https://doi.org/10.1016/j.jretai.2013.06.005,2013,article,69
Journal of Retailing,Spillover Effects of Service Failures in Coalition Loyalty Programs: The Buffering Effect of Special Treatment Benefits,https://openalex.org/W2014257952,https://doi.org/10.1016/j.jretai.2013.06.005,2014,article,69
Journal of Retailing,Managing Complaints to Improve Customer Profitability,https://openalex.org/W2011283347,https://doi.org/10.1016/j.jretai.2014.09.004,2015,article,68
Journal of Retailing,Sensory Aspects of Retailing: Theoretical and Practical Implications,https://openalex.org/W2995055221,https://doi.org/10.1016/j.jretai.2019.12.001,2019,article,68
Journal of Retailing,When Plentiful Platforms Pay Off: Assessment Orientation Moderates the Effect of Assortment Size on Choice Engagement and Product Valuation,https://openalex.org/W2589605747,https://doi.org/10.1016/j.jretai.2017.02.001,2017,article,67
Journal of Retailing,Why is Price Dispersion Higher Online than Offline? The Impact of Retailer Type and Shopping Risk on Price Dispersion,https://openalex.org/W2789865802,https://doi.org/10.1016/j.jretai.2018.01.003,2018,article,67
Journal of Retailing,Compete in Price or Service?—A Study of Personalized Pricing and Money Back Guarantees,https://openalex.org/W2577647648,https://doi.org/10.1016/j.jretai.2016.12.005,2017,article,66
Journal of Retailing,Leveraging Distribution to Maximize Firm Performance in Emerging Markets,https://openalex.org/W2035300061,https://doi.org/10.1016/j.jretai.2014.08.005,2014,article,64
Journal of Retailing,The Influence of Trait and State Narcissism on the Uniqueness of Mass-Customized Products,https://openalex.org/W2196389135,https://doi.org/10.1016/j.jretai.2015.11.003,2015,article,63
Journal of Retailing,An Empirical Analysis of the Impact of Promotional Discounts on Store Performance,https://openalex.org/W2639468803,https://doi.org/10.1016/j.jretai.2017.06.001,2017,article,62
Journal of Retailing,Strategic Choice of Sales Channel and Business Model for the Hotel Supply Chain,https://openalex.org/W2746305268,https://doi.org/10.1016/j.jretai.2017.07.001,2017,article,62
Journal of Retailing,An Upbeat Crowd: Fast In-store Music Alleviates Negative Effects of High Social Density on Customers’ Spending,https://openalex.org/W2737109479,https://doi.org/10.1016/j.jretai.2017.06.004,2017,article,60
Journal of Retailing,"The Effect of Online Shopping Platform Strategies on Search, Display, and Membership Revenues",https://openalex.org/W2887427936,https://doi.org/10.1016/j.jretai.2018.06.002,2018,article,58
Journal of Retailing,Driving In-Role and Extra-Role Brand Performance among Retail Frontline Salespeople: Antecedents and the Moderating Role of Customer Orientation,https://openalex.org/W2931838652,https://doi.org/10.1016/j.jretai.2019.03.003,2019,article,50
Journal of Retailing,Managing Service Expectations in Online Markets: A Signaling Theory of E-tailer Pricing and Empirical Tests,https://openalex.org/W2071683370,https://doi.org/10.1016/j.jretai.2010.02.003,2010,article,82
Journal of Retailing,Extranet Use and Building Relationship Capital in Interfirm Distribution Networks: The Role of Extranet Capability,https://openalex.org/W2069743203,https://doi.org/10.1016/j.jretai.2010.09.001,2010,article,77
Journal of Retailing,Price as an Indicator of Quality: Implications for Utility and Demand Functions,https://openalex.org/W2140188304,https://doi.org/10.1016/j.jretai.2010.01.002,2010,article,77
Journal of Retailing,Testing the Negative Effects of Time Pressure in Retail Supply Chain Relationships,https://openalex.org/W1986509557,https://doi.org/10.1016/j.jretai.2010.07.011,2010,article,73
Journal of Retailing,Effectiveness of In-Store Displays in a Virtual Store Environment,https://openalex.org/W3123880799,https://doi.org/10.1016/j.jretai.2010.09.003,2010,article,68
Journal of Retailing,Group Buying: A Strategic Form of Consumer Collective,https://openalex.org/W2079521691,https://doi.org/10.1016/j.jretai.2013.03.001,2013,article,66
Journal of Retailing,The Effects of Perceived Fairness on Customer Responses to Retailer SST Push Policies,https://openalex.org/W2085090634,https://doi.org/10.1016/j.jretai.2012.01.005,2012,article,65
Journal of Retailing,Franchising and firm financial performance among U.S. restaurants,https://openalex.org/W2039101003,https://doi.org/10.1016/j.jretai.2011.02.003,2011,article,63
Journal of Retailing,Organizing Products with Complements versus Substitutes: Effects on Store Preferences as a Function of Effort and Assortment Perceptions,https://openalex.org/W3124162129,https://doi.org/10.1016/j.jretai.2014.10.003,2014,article,63
Journal of Retailing,Why Do We Care What Others Pay? The Effect of Other Consumers’ Prices on Inferences of Seller (Dis)Respect and Perceptions of Deservingness Violation,https://openalex.org/W1977319631,https://doi.org/10.1016/j.jretai.2011.10.004,2011,article,62
Journal of Retailing,The Impact and Determinants of Nine-Ending Pricing in Grocery Retailing,https://openalex.org/W2071880012,https://doi.org/10.1016/j.jretai.2011.07.002,2011,article,62
Journal of Retailing,Two-Tier Store Brands: The Benefic Impact of a Value Brand on Perceptions of a Premium Brand,https://openalex.org/W2028111363,https://doi.org/10.1016/j.jretai.2011.09.004,2011,article,61
Journal of Retailing,Online Price Search: Impact of Price Comparison Sites on Offline Price Evaluations,https://openalex.org/W1987547845,https://doi.org/10.1016/j.jretai.2014.09.003,2014,article,59
Journal of Retailing,The Antecedents and Moderators of Offline Information Search: A Meta-Analysis,https://openalex.org/W2030160480,https://doi.org/10.1016/j.jretai.2014.03.001,2014,article,59
Journal of Retailing,Socialization Tactics of New Retail Employees: A Pathway to Organizational Commitment,https://openalex.org/W2066939220,https://doi.org/10.1016/j.jretai.2013.11.002,2013,article,58
Journal of Retailing,Consumer Response to Package Downsizing: Evidence from the Chicago Ice Cream Market,https://openalex.org/W2016405730,https://doi.org/10.1016/j.jretai.2013.06.002,2013,article,57
Journal of Retailing,Perils of Managing the Service Profit Chain: The Role of Time Lags and Feedback Loops,https://openalex.org/W2067794539,https://doi.org/10.1016/j.jretai.2012.01.003,2012,article,57
Journal of Retailing,Differential Effects of Value Consciousness and Coupon Proneness on Consumers’ Persuasion Knowledge of Pricing Tactics,https://openalex.org/W2040233350,https://doi.org/10.1016/j.jretai.2011.03.002,2012,article,56
Journal of Retailing,The Impact of Key Retail Accounts on Supplier Performance: A Collaborative Perspective of Resource Dependency Theory,https://openalex.org/W3123089525,https://doi.org/10.1016/j.jretai.2011.12.003,2012,article,56
Journal of Retailing,The Impact of Consumer Confidence on Store Satisfaction and Share of Wallet Formation,https://openalex.org/W2031465735,https://doi.org/10.1016/j.jretai.2015.02.004,2015,article,55
Journal of Retailing,Identifying Demand Effects in a Large Network of Product Categories,https://openalex.org/W1859880334,https://doi.org/10.1016/j.jretai.2015.05.005,2015,article,53
Journal of Retailing,Reciprocal Effects of the Corporate Reputation and Store Equity of Retailers,https://openalex.org/W4254665936,https://doi.org/10.1016/j.jretai.2013.06.006,2013,article,53
Journal of Retailing,Mandatory Calorie Disclosure: A Comprehensive Analysis of Its Effect on Consumers and Retailers,https://openalex.org/W2767531726,https://doi.org/10.1016/j.jretai.2017.09.007,2017,article,52
Journal of Retailing,See How Much We’ve Sold Already! Effects of Displaying Sales and Stock Level Information on Consumers’ Online Product Choices,https://openalex.org/W2766729082,https://doi.org/10.1016/j.jretai.2017.10.002,2017,article,50
Journal of Retailing,I’ll Be Watching You: Shoppers’ Reactions to Perceptions of Being Watched by Employees,https://openalex.org/W2615080910,https://doi.org/10.1016/j.jretai.2017.04.005,2017,article,48
Journal of Retailing,How Does Web Personalization Create Value for Online Retailers? Lower Cash Flow Volatility or Enhanced Cash Flows,https://openalex.org/W2805946624,https://doi.org/10.1016/j.jretai.2018.05.001,2018,article,48
Journal of Retailing,Feel the Music! Exploring the Cross-modal Correspondence between Music and Haptic Perceptions of Softness,https://openalex.org/W2992062991,https://doi.org/10.1016/j.jretai.2019.10.004,2019,article,48
Journal of Retailing,How Product–Environment Brightness Contrast and Product Disarray Impact Consumer Choice in Retail Environments,https://openalex.org/W2609440298,https://doi.org/10.1016/j.jretai.2017.03.003,2017,article,47
Journal of Retailing,Small but Sincere: How Firm Size and Gratitude Determine the Effectiveness of Cause Marketing Campaigns,https://openalex.org/W2888254902,https://doi.org/10.1016/j.jretai.2018.08.002,2018,article,46
Journal of Retailing,The Role of Numbers in the Customer Journey,https://openalex.org/W2979644994,https://doi.org/10.1016/j.jretai.2019.09.005,2019,article,46
Journal of Retailing,"On the Experience and Engineering of Consumer Pride, Consumer Excitement, and Consumer Relaxation in the Marketplace",https://openalex.org/W2991919305,https://doi.org/10.1016/j.jretai.2019.11.003,2019,article,46
Journal of Retailing,Retail Apocalypse or Golden Opportunity for Retail Frontline Management?,https://openalex.org/W2954943064,https://doi.org/10.1016/j.jretai.2019.06.002,2019,article,44
Journal of Retailing,New Hidden Persuaders: An Investigation of Attribute-Level Anchoring Effects of Product Recommendations,https://openalex.org/W2900627946,https://doi.org/10.1016/j.jretai.2018.10.004,2018,article,43
Journal of Retailing,Couponing Strategies in Competition Between a National Brand and a Private Label Product,https://openalex.org/W2917472142,https://doi.org/10.1016/j.jretai.2018.11.002,2019,article,43
Journal of Retailing,Counterfeiters in Online Marketplaces: Stealing Your Sales or Sharing Your Costs,https://openalex.org/W2995909919,https://doi.org/10.1016/j.jretai.2019.07.002,2019,article,41
Journal of Retailing,The Role of Hedonic and Utilitarian Motives on the Effectiveness of Partitioned Pricing,https://openalex.org/W2991560162,https://doi.org/10.1016/j.jretai.2019.10.003,2019,article,40
Journal of Retailing,Strategic information management in a distribution channel,https://openalex.org/W2916692622,https://doi.org/10.1016/j.jretai.2019.01.001,2019,article,39
Journal of Retailing,Identity in Franchise Systems: The Role of Franchisee Associations,https://openalex.org/W1975659535,https://doi.org/10.1016/j.jretai.2010.11.003,2010,article,62
Journal of Retailing,Forward Integration and Innovation: Transaction Costs and Beyond,https://openalex.org/W2023347368,https://doi.org/10.1016/j.jretai.2010.07.013,2010,article,61
Journal of Retailing,How Does the Franchisor's Choice of Different Control Mechanisms Affect Franchisees’ and Employee-Managers’ Satisfaction?,https://openalex.org/W2027688798,https://doi.org/10.1016/j.jretai.2011.01.001,2011,article,57
Journal of Retailing,Differential Effects of Value Consciousness and Coupon Proneness on Consumers’ Persuasion Knowledge of Pricing Tactics,https://openalex.org/W2040233350,https://doi.org/10.1016/j.jretai.2011.03.002,2011,article,57
Journal of Retailing,The impact of household level heterogeneity in reference price effects on optimal retailer pricing policies,https://openalex.org/W3121617448,https://doi.org/10.1016/j.jretai.2011.10.002,2011,article,57
Journal of Retailing,Strategic Assortment Decisions in Information-Intensive and Turbulent Environments,https://openalex.org/W1976757656,https://doi.org/10.1016/j.jretai.2011.04.006,2011,article,56
Journal of Retailing,An Empirical Analysis of the Extreme Cherry Picking Behavior of Consumers in the Frequently Purchased Goods Market,https://openalex.org/W2048319631,https://doi.org/10.1016/j.jretai.2010.06.002,2010,article,56
Journal of Retailing,Private Label Vendor Selection in a Supply Chain: Quality and Clientele Effects,https://openalex.org/W2055454473,https://doi.org/10.1016/j.jretai.2010.02.007,2010,article,56
Journal of Retailing,The Dilemma of Pull and Push-Price Promotions☆,https://openalex.org/W1996154832,https://doi.org/10.1016/j.jretai.2009.12.001,2010,article,53
Journal of Retailing,"Commentary on “Common Method Bias in Marketing: Causes, Mechanisms, and Procedural Remedies”",https://openalex.org/W2105536367,https://doi.org/10.1016/j.jretai.2012.10.002,2012,article,53
Journal of Retailing,Retailer Dynamic Pricing and Ordering Decisions: Category Management versus Brand-by-Brand Approaches,https://openalex.org/W3125557119,https://doi.org/10.1016/j.jretai.2010.02.006,2010,article,53
Journal of Retailing,Transaction Cost Economics: The Origins,https://openalex.org/W2094178688,https://doi.org/10.1016/j.jretai.2010.07.006,2010,article,52
Journal of Retailing,Reduce Content or Raise Price? The Impact of Persuasion Knowledge and Unit Price Increase Tactics on Retailer and Product Brand Attitudes,https://openalex.org/W1982593187,https://doi.org/10.1016/j.jretai.2011.08.001,2011,article,50
Journal of Retailing,Commitment in Marketing Channels: Mitigator or Aggravator of the Effects of Destructive Acts?,https://openalex.org/W3122218358,https://doi.org/10.1016/j.jretai.2011.09.006,2011,article,50
Journal of Retailing,An Analysis of Assortment Choice in Grocery Retailing,https://openalex.org/W1970380545,https://doi.org/10.1016/j.jretai.2014.10.004,2014,article,49
Journal of Retailing,The Recent versus The Out-Dated: An Experimental Examination of the Time-Variant Effects of Online Consumer Reviews,https://openalex.org/W2006896447,https://doi.org/10.1016/j.jretai.2014.05.002,2014,article,49
Journal of Retailing,“One-deal-fits-all?” On Category Sales Promotion Effectiveness in Smaller versus Larger Supermarkets,https://openalex.org/W2164246459,https://doi.org/10.1016/j.jretai.2011.05.001,2011,article,49
Journal of Retailing,Strategic Role of Retailer Bundling in a Distribution Channel,https://openalex.org/W2091246967,https://doi.org/10.1016/j.jretai.2014.10.005,2014,article,48
Journal of Retailing,When Out-of-Stock Products DO Backfire: Managing Disclosure Time and Justification Wording,https://openalex.org/W1990812657,https://doi.org/10.1016/j.jretai.2012.12.003,2013,article,47
Journal of Retailing,Benchmarking Retail Productivity Considering Retail Pricing and Format Strategy,https://openalex.org/W2087988675,https://doi.org/10.1016/j.jretai.2012.09.001,2012,article,47
Journal of Retailing,Why Quality May Not Always Win: The Impact of Product Generation Life Cycles on Quality and Network Effects in High-tech Markets,https://openalex.org/W2011682547,https://doi.org/10.1016/j.jretai.2013.05.002,2013,article,46
Journal of Retailing,Pure Components versus Pure Bundling in a Marketing Channel,https://openalex.org/W2061588447,https://doi.org/10.1016/j.jretai.2013.06.001,2013,article,46
Journal of Retailing,Distribution and Market Share,https://openalex.org/W3124434915,https://doi.org/10.1016/j.jretai.2013.08.003,2013,article,45
Journal of Retailing,Effectiveness of Exaggerated Advertised Reference Prices: The Role of Decision Time Pressure,https://openalex.org/W2030786618,https://doi.org/10.1016/j.jretai.2012.11.001,2013,article,44
Journal of Retailing,It's Closing Time: Territorial Behaviors from Customers in Response to Front Line Employees,https://openalex.org/W2080587895,https://doi.org/10.1016/j.jretai.2013.10.001,2013,article,43
Journal of Retailing,Which Categories and Brands to Promote with Targeted Coupons to Reward and to Develop Customers in Supermarkets,https://openalex.org/W2236196440,https://doi.org/10.1016/j.jretai.2015.12.002,2016,article,42
Journal of Retailing,Retail Market Power in a Shopping Basket Model of Supermarket Competition,https://openalex.org/W2241940058,https://doi.org/10.1016/j.jretai.2018.04.004,2018,article,42
Journal of Retailing,When Should Private Label Brands Endorse Ethical Attributes?,https://openalex.org/W2299663299,https://doi.org/10.1016/j.jretai.2015.11.001,2015,article,42
Journal of Retailing,Success Factors in Product Seeding: The Role of Homophily,https://openalex.org/W3125516709,https://doi.org/10.1016/j.jretai.2014.11.002,2014,article,42
Journal of Retailing,The Out-of-Stock (OOS) Effect on Choice Shares of Available Options,https://openalex.org/W1415699395,https://doi.org/10.1016/j.jretai.2015.07.001,2015,article,41
Journal of Retailing,The Roles of Cultural Elements in International Retailing of Cultural Products: An Application to the Motion Picture Industry,https://openalex.org/W2098101485,https://doi.org/10.1016/j.jretai.2014.12.002,2014,article,41
Journal of Retailing,When Should Private Label Brands Endorse Ethical Attributes?,https://openalex.org/W2299663299,https://doi.org/10.1016/j.jretai.2015.11.001,2016,article,41
Journal of Retailing,Saving on Discounts through Accurate Sensing – Salespeople's Estimations of Customer Price Importance and Their Effects on Negotiation Success,https://openalex.org/W1707392729,https://doi.org/10.1016/j.jretai.2015.08.002,2015,article,40
Journal of Retailing,Price Knowledge During Grocery Shopping: What We Learn and What We Forget,https://openalex.org/W2003496349,https://doi.org/10.1016/j.jretai.2014.01.001,2014,article,40
Journal of Retailing,B2B Channel Partner Programs: Disentangling Indebtedness from Gratitude,https://openalex.org/W797975987,https://doi.org/10.1016/j.jretai.2015.05.006,2015,article,40
Journal of Retailing,The Hare and the Tortoise: Do Earlier Adopters of Online Channels Purchase More?,https://openalex.org/W2012118322,https://doi.org/10.1016/j.jretai.2015.01.001,2015,article,39
Journal of Retailing,The Effect of Probabilistic Selling on the Optimal Product Mix,https://openalex.org/W2074921234,https://doi.org/10.1016/j.jretai.2015.01.004,2015,article,39
Journal of Retailing,Why Museological Merchandise Displays Enhance Luxury Product Evaluations: An Extended Art Infusion Effect,https://openalex.org/W2902054708,https://doi.org/10.1016/j.jretai.2018.11.001,2018,article,38
Journal of Retailing,Shape Matters: Package Shape Informs Brand Status Categorization and Brand Choice,https://openalex.org/W2972378671,https://doi.org/10.1016/j.jretai.2019.08.003,2019,article,38
Journal of Retailing,Competitive Package Size Decisions,https://openalex.org/W2291428346,https://doi.org/10.1016/j.jretai.2016.06.001,2016,article,37
Journal of Retailing,Does Greater Online Assortment Pay? An Empirical Study Using Matched Online and Catalog Shoppers,https://openalex.org/W2418543997,https://doi.org/10.1016/j.jretai.2016.05.004,2016,article,36
Journal of Retailing,Luxury Single- versus Multi-Brand Stores: The Effect of Consumers’ Hedonic Goals on Brand Comparisons,https://openalex.org/W2978586795,https://doi.org/10.1016/j.jretai.2019.09.002,2019,article,35
Journal of Retailing,Getting Personal in Public!? How Consumers Respond to Public Personalized Advertising in Retail Stores,https://openalex.org/W2996736832,https://doi.org/10.1016/j.jretai.2019.11.005,2019,article,35
Journal of Retailing,Do Mystery Shoppers Really Predict Customer Satisfaction and Sales Performance?,https://openalex.org/W2945476818,https://doi.org/10.1016/j.jretai.2019.04.001,2019,article,32
Journal of Retailing,Synergies at the Intersection of Retailing and Organizational Frontlines Research,https://openalex.org/W2953514782,https://doi.org/10.1016/j.jretai.2019.06.003,2019,article,32
Journal of Retailing,Journeying Together: Aligning Retailer and Service Provider Roles with Collective Consumer Practices,https://openalex.org/W2996867703,https://doi.org/10.1016/j.jretai.2019.11.008,2019,article,32
Journal of Retailing,Country-of-Origin Premiums for Retailers in International Trades: Evidence from eBay's International Markets,https://openalex.org/W2119998873,https://doi.org/10.1016/j.jretai.2010.02.002,2010,article,49
Journal of Retailing,Price Awareness and Consumers’ Use of Deals in Brand Choice,https://openalex.org/W1996958349,https://doi.org/10.1016/j.jretai.2011.07.001,2011,article,47
Journal of Retailing,Performance Implications of a Retail Purchasing Network: The Role of Social Capital,https://openalex.org/W2081952468,https://doi.org/10.1016/j.jretai.2010.07.002,2010,article,45
Journal of Retailing,Analysis of free gift card program effectiveness,https://openalex.org/W2036502414,https://doi.org/10.1016/j.jretai.2011.06.002,2011,article,43
Journal of Retailing,How Retailers’ Recommendation and Return Policies Alter Product Evaluations,https://openalex.org/W2030663252,https://doi.org/10.1016/j.jretai.2012.04.004,2012,article,41
Journal of Retailing,Examining the Role of Franchisee Normative Expectations in Relationship Evaluation,https://openalex.org/W1998981734,https://doi.org/10.1016/j.jretai.2012.12.002,2013,article,40
Journal of Retailing,Engaging Dissatisfied Retail Employees to Voice Promotive Ideas: The Role of Continuance Commitment,https://openalex.org/W3123795973,https://doi.org/10.1016/j.jretai.2013.01.001,2013,article,40
Journal of Retailing,Effects of opening and closing stores on chain retailer performance,https://openalex.org/W2021254212,https://doi.org/10.1016/j.jretai.2012.12.001,2013,article,39
Journal of Retailing,On the Value Relevance of Retailer Advertising Spending and Same-store Sales Growth,https://openalex.org/W1970742757,https://doi.org/10.1016/j.jretai.2012.07.001,2012,article,38
Journal of Retailing,Positive affect moderates the impact of assortment size on choice satisfaction,https://openalex.org/W2148068069,https://doi.org/10.1016/j.jretai.2013.05.003,2013,article,38
Journal of Retailing,"To Whom, When, and How Much to Discount? A Constrained Optimization of Customized Temporal Discounts",https://openalex.org/W3124587326,https://doi.org/10.1016/j.jretai.2013.08.002,2013,article,38
Journal of Retailing,Pleasantly Plump: Offsetting Negative Obesity Stereotypes for Frontline Service Employees,https://openalex.org/W1971540327,https://doi.org/10.1016/j.jretai.2014.03.003,2014,article,35
Journal of Retailing,Offline and Online Search in Used Durables Markets,https://openalex.org/W2014973463,https://doi.org/10.1016/j.jretai.2014.03.005,2014,article,34
Journal of Retailing,When Sales Managers and Salespeople Disagree in the Appreciation for Their Firm: The Phenomenon of Organizational Identification Tension,https://openalex.org/W1570271331,https://doi.org/10.1016/j.jretai.2015.03.001,2015,article,32
Journal of Retailing,Consumer Brand Marketing through Full- and Self-Service Channels in an Emerging Economy,https://openalex.org/W2081845570,https://doi.org/10.1016/j.jretai.2015.04.003,2015,article,32
Journal of Retailing,Appreciating Anonymity: An Exploration of Embarrassing Products and the Power of Blending In,https://openalex.org/W2793884159,https://doi.org/10.1016/j.jretai.2018.01.001,2018,article,31
Journal of Retailing,Increasing Shopper Trust in Retailer Technological Interfaces via Auditory Confirmation,https://openalex.org/W2990786169,https://doi.org/10.1016/j.jretai.2019.10.006,2019,article,28
Journal of Retailing,"Transaction Cost Analysis in Marketing: Looking Back, Moving Forward",https://openalex.org/W2124839321,https://doi.org/10.1016/j.jretai.2010.07.012,2010,article,38
Journal of Retailing,Reducing the Size of Internal Hierarchy: The Case of Multi-Unit Franchising,https://openalex.org/W3123816122,https://doi.org/10.1016/j.jretai.2011.07.003,2011,article,37
Journal of Retailing,The Retailing Literature as a Basis for Franchising Research: Using Intellectual Structure to Advance Theory,https://openalex.org/W2060111466,https://doi.org/10.1016/j.jretai.2011.04.001,2011,article,36
Journal of Retailing,Does Travel Time to Stores Matter? The Role of Merchandise Availability,https://openalex.org/W1977028800,https://doi.org/10.1016/j.jretai.2012.03.002,2012,article,35
Journal of Retailing,Orchestrating rituals through retailers: An examination of gift registry,https://openalex.org/W1979767737,https://doi.org/10.1016/j.jretai.2013.01.005,2013,article,35
Journal of Retailing,Towards a Further Understanding of the Antecedents of Retailer New Product Adoption,https://openalex.org/W2014673580,https://doi.org/10.1016/j.jretai.2011.09.003,2011,article,35
Journal of Retailing,Modeling Dependencies in Brand Choice Outcomes Across Complementary Categories,https://openalex.org/W2075373984,https://doi.org/10.1016/j.jretai.2011.04.003,2011,article,34
Journal of Retailing,Maximizing Profits for a Multi-Category Catalog Retailer,https://openalex.org/W2141085630,https://doi.org/10.1016/j.jretai.2013.05.001,2013,article,34
Journal of Retailing,An Incomplete Contracting Model of Dual Distribution in Franchising,https://openalex.org/W2155486942,https://doi.org/10.1016/j.jretai.2011.01.003,2011,article,34
Journal of Retailing,Vulnerability to Low-Price Signals: An Experimental Study of the Effectiveness of Genuine and Deceptive Signals,https://openalex.org/W2034490360,https://doi.org/10.1016/j.jretai.2011.08.003,2011,article,33
Journal of Retailing,A Multiple-discrete/Continuous Model of Price Promotion,https://openalex.org/W1985360642,https://doi.org/10.1016/j.jretai.2012.01.002,2012,article,32
Journal of Retailing,Improving the Effect of Guarantees: The Role of a Retailer's Reputation,https://openalex.org/W2008170308,https://doi.org/10.1016/j.jretai.2013.11.003,2014,article,32
Journal of Retailing,Customer Relationship Stage and the Use of Picture-Dominant versus Text-Dominant Advertising: A Field Study,https://openalex.org/W2064317283,https://doi.org/10.1016/j.jretai.2013.01.003,2013,article,32
Journal of Retailing,Coupon Trading and its Impacts on Consumer Purchase and Firm Profits,https://openalex.org/W2133366098,https://doi.org/10.1016/j.jretai.2013.06.004,2013,article,32
Journal of Retailing,Unit Pricing Increases Price Sensitivity Even When Products are of Identical Size,https://openalex.org/W1886429626,https://doi.org/10.1016/j.jretai.2015.09.002,2015,article,31
Journal of Retailing,Alliteration Alters: Phonetic Overlap in Promotional Messages Influences Evaluations and Choice,https://openalex.org/W1144102453,https://doi.org/10.1016/j.jretai.2015.06.002,2015,article,30
Journal of Retailing,To Choose or to Reject: The Effect of Decision Frame on Food Customization Decisions,https://openalex.org/W2033961170,https://doi.org/10.1016/j.jretai.2014.12.001,2015,article,30
Journal of Retailing,Capturing the Evolution of Customer–Firm Relationships: How Customers Become More (or Less) Valuable Over Time,https://openalex.org/W2052835589,https://doi.org/10.1016/j.jretai.2013.04.001,2013,article,30
Journal of Retailing,Pricing Strategies for Hybrid Bundles: Analytical Model and Insights,https://openalex.org/W2233478963,https://doi.org/10.1016/j.jretai.2015.12.001,2016,article,29
Journal of Retailing,"Advertising Effects Under Consumer Heterogeneity – The Moderating Role of Brand Experience, Advertising Recall and Attitude",https://openalex.org/W2310982020,https://doi.org/10.1016/j.jretai.2016.02.004,2016,article,29
Journal of Retailing,Healthy Profits: An Interdisciplinary Retail Framework that Increases the Sales of Healthy Foods,https://openalex.org/W2588726950,https://doi.org/10.1016/j.jretai.2016.12.007,2017,article,29
Journal of Retailing,Gift Cards and Gifted Cash: The Impact of Fit between Gift Type and Message Construal,https://openalex.org/W2070530263,https://doi.org/10.1016/j.jretai.2014.07.001,2014,article,28
Journal of Retailing,When the Music Stops Playing: Post-litigation Relationship Dissolution in Franchising,https://openalex.org/W2547039039,https://doi.org/10.1016/j.jretai.2016.10.002,2016,article,28
Journal of Retailing,Effect of Store Brand Introduction on Channel Price Leadership: An Empirical Investigation,https://openalex.org/W2766634467,https://doi.org/10.1016/j.jretai.2017.10.001,2017,article,28
Journal of Retailing,Something Free or Something Off? A Comparative Study of the Purchase Effects of Premiums and Price Cuts,https://openalex.org/W3124561072,https://doi.org/10.1016/j.jretai.2017.11.001,2017,article,28
Journal of Retailing,Battling for the Household's Category Buck: Can Economy Private Labels Defend Supermarkets Against the Hard-Discounter Threat?,https://openalex.org/W2394781677,https://doi.org/10.1016/j.jretai.2016.05.003,2016,article,27
Journal of Retailing,An Empirical Investigation of Online Gray Markets,https://openalex.org/W2407295763,https://doi.org/10.1016/j.jretai.2016.05.002,2016,article,27
Journal of Retailing,Breathing Down Your Neck!,https://openalex.org/W2647519059,https://doi.org/10.1016/j.jretai.2018.04.002,2018,article,27
Journal of Retailing,Something Free or Something Off? A Comparative Study of the Purchase Effects of Premiums and Price Cuts,https://openalex.org/W3124561072,https://doi.org/10.1016/j.jretai.2017.11.001,2018,article,27
Journal of Retailing,Regular Price $299; Pre-order Price $199: Price Promotion for a Pre-ordered Product and the Moderating Role of Temporal Orientation,https://openalex.org/W2559568290,https://doi.org/10.1016/j.jretai.2016.11.001,2016,article,26
Journal of Retailing,The Color of Choice: The Influence of Presenting Product Information in Color on the Compromise Effect,https://openalex.org/W2793825859,https://doi.org/10.1016/j.jretai.2018.01.002,2018,article,26
Journal of Retailing,Responsible Research in Retailing: Is Your Research Really Useful?,https://openalex.org/W2970388551,https://doi.org/10.1016/j.jretai.2019.08.005,2019,article,24
Journal of Retailing,Look but Don’t Touch! The Impact of Active Interpersonal Haptic Blocking on Compensatory Touch and Purchase Behavior,https://openalex.org/W2990069970,https://doi.org/10.1016/j.jretai.2019.10.007,2019,article,24
Journal of Retailing,Exploring the post-termination stage of consumer–brand relationships: An empirical investigation of the premium car market,https://openalex.org/W2145946037,https://doi.org/10.1016/j.jretai.2010.09.004,2010,article,34
Journal of Retailing,Optimal Returns Policy under Demand Uncertainty,https://openalex.org/W1984165980,https://doi.org/10.1016/j.jretai.2010.02.001,2010,article,31
Journal of Retailing,Brand-Pack Size Cannibalization Arising from Temporary Price Promotions,https://openalex.org/W2003829603,https://doi.org/10.1016/j.jretai.2012.01.004,2012,article,31
Journal of Retailing,Optimizing and Evaluating Retail Assortments for Infrequently Purchased Products,https://openalex.org/W2042675251,https://doi.org/10.1016/j.jretai.2010.02.004,2010,article,31
Journal of Retailing,Dynamics of Customer Response to Promotional and Relational Direct Mailings from an Apparel Retailer: The Moderating Role of Relationship Strength,https://openalex.org/W2043679667,https://doi.org/10.1016/j.jretai.2011.03.001,2011,article,31
Journal of Retailing,"Commentary on “Common Method Bias in Marketing: Causes, Mechanisms, and Procedural Remedies”",https://openalex.org/W2093987529,https://doi.org/10.1016/j.jretai.2012.10.003,2012,article,31
Journal of Retailing,It's Not All Relative: The Effects of Mental and Physical Positioning of Comparative Prices on Absolute versus Relative Discount Assessment,https://openalex.org/W1981054898,https://doi.org/10.1016/j.jretai.2012.04.001,2012,article,30
Journal of Retailing,Bidding Strategies and Consumer Savings in NYOP Auctions,https://openalex.org/W2083138929,https://doi.org/10.1016/j.jretai.2011.07.004,2011,article,28
Journal of Retailing,Bid-Elicitation Interfaces and Bidding Behavior in Retail Interactive Pricing,https://openalex.org/W2115522263,https://doi.org/10.1016/j.jretai.2011.06.001,2011,article,28
Journal of Retailing,Now that's a Bright Idea: The Influence of Consumer Elaboration and Distance Perceptions on Sustainable Choices,https://openalex.org/W426301710,https://doi.org/10.1016/j.jretai.2015.05.002,2015,article,26
Journal of Retailing,Retailer Categorization: How Store-Format Price Image Influences Expected Prices and Consumer Choices,https://openalex.org/W2888024263,https://doi.org/10.1016/j.jretai.2018.08.001,2018,article,25
Journal of Retailing,The Case for Compatibility: Product Attitudes and Purchase Intentions for Upper versus Lowercase Brand Names,https://openalex.org/W2901952405,https://doi.org/10.1016/j.jretai.2018.10.002,2018,article,25
Journal of Retailing,Competitive Effects of Wal-Mart Supercenter Entry: Moderating Roles of Category and Brand Characteristics,https://openalex.org/W1885141864,https://doi.org/10.1016/j.jretai.2015.09.003,2015,article,23
Journal of Retailing,Sometimes “Fee” Is Better Than “Free”: Token Promotional Pricing and Consumer Reactions to Price Promotion Offering Product Upgrades,https://openalex.org/W2176465863,https://doi.org/10.1016/j.jretai.2015.09.001,2015,article,23
Journal of Retailing,Online Purchase Paths and Conversion Dynamics across Multiple Websites,https://openalex.org/W2611668996,https://doi.org/10.1016/j.jretai.2017.04.001,2017,article,23
Journal of Retailing,Price Font Disfluency: Anchoring Effects on Future Price Expectations,https://openalex.org/W2761658869,https://doi.org/10.1016/j.jretai.2017.09.003,2017,article,23
Journal of Retailing,"The Effects of Search-Related and Purchase-Related Mobile App Additions on Retailers’ Shareholder Wealth: The Roles of Firm Size, Product Category, and Customer Segment",https://openalex.org/W2890565498,https://doi.org/10.1016/j.jretai.2018.08.003,2018,article,23
Journal of Retailing,The Language Backfire Effect: How Frontline Employees Decrease Customer Satisfaction through Language Use,https://openalex.org/W2936970866,https://doi.org/10.1016/j.jretai.2019.03.004,2019,article,23
Journal of Retailing,Premiums Paid for What You Believe In: The Interactive Roles of Price Promotion and Cause Involvement on Consumer Response,https://openalex.org/W2989777679,https://doi.org/10.1016/j.jretai.2019.10.001,2019,article,23
Journal of Retailing,When and How Multitasking Impacts Consumer Shopping Decisions,https://openalex.org/W2540240280,https://doi.org/10.1016/j.jretai.2016.09.001,2016,article,22
Journal of Retailing,The Effects of Voluntary Versus Mandatory Menu Calorie Labeling On Consumers’ Retailer-Related Responses,https://openalex.org/W2763654162,https://doi.org/10.1016/j.jretai.2017.09.004,2018,article,22
Journal of Retailing,Store Manager–Store Performance Relationship: A Research Note,https://openalex.org/W2931456299,https://doi.org/10.1016/j.jretai.2019.03.002,2019,article,22
Journal of Retailing,The Price of Power: How Firm’s Market Power Affects Perceived Fairness of Price Increases,https://openalex.org/W2981658285,https://doi.org/10.1016/j.jretai.2019.09.004,2019,article,22
Journal of Retailing,Self-Control and Touch: When Does Direct Versus Indirect Touch Increase Hedonic Evaluations and Consumption of Food,https://openalex.org/W2992120266,https://doi.org/10.1016/j.jretai.2019.10.009,2019,article,22
Journal of Retailing,Regional and Categorical Patterns in Consumer Behavior: Revealing Trends,https://openalex.org/W2023581814,https://doi.org/10.1016/j.jretai.2010.11.002,2010,article,30
Journal of Retailing,The Impact of Store-Price Signals on Consumer Search and Store Evaluation,https://openalex.org/W1993468022,https://doi.org/10.1016/j.jretai.2011.01.007,2011,article,27
Journal of Retailing,Innovations in Retailing,https://openalex.org/W2052886321,https://doi.org/10.1016/j.jretai.2011.04.004,2011,article,25
Journal of Retailing,Quality-based Price Discrimination: Evidence from Internet Retailers’ Shipping Options,https://openalex.org/W2069304465,https://doi.org/10.1016/j.jretai.2011.12.002,2012,article,25
Journal of Retailing,Empirical Generalizations in Search Engine Advertising,https://openalex.org/W2092991955,https://doi.org/10.1016/j.jretai.2014.03.002,2014,article,22
Journal of Retailing,The Role of Service Operations Management in New Retail Venture Survival,https://openalex.org/W2599495993,https://doi.org/10.1016/j.jretai.2017.03.001,2017,article,22
Journal of Retailing,The Effects of Voluntary Versus Mandatory Menu Calorie Labeling On Consumers’ Retailer-Related Responses,https://openalex.org/W2763654162,https://doi.org/10.1016/j.jretai.2017.09.004,2017,article,22
Journal of Retailing,Reimagining Society Through Retail Practice,https://openalex.org/W2472559870,https://doi.org/10.1016/j.jretai.2016.05.005,2016,article,20
Journal of Retailing,Retailing Research in Rapidly Changing Times: On the Danger of Being Leapfrogged by Practice,https://openalex.org/W2936542305,https://doi.org/10.1016/j.jretai.2019.02.001,2019,article,18
Journal of Retailing,Second-Hand Markets and Intrasupply Chain Competition,https://openalex.org/W1965094391,https://doi.org/10.1016/j.jretai.2011.10.001,2011,article,22
Journal of Retailing,The Accuracy of Design-based Judgments: A Constructivist Approach,https://openalex.org/W2006898011,https://doi.org/10.1016/j.jretai.2011.11.004,2011,article,22
Journal of Retailing,Why are Consumers Less Loss Averse in Internal than External Reference Prices?,https://openalex.org/W2047313857,https://doi.org/10.1016/j.jretai.2012.08.003,2012,article,22
Journal of Retailing,Temporal Reframing of Prices: When Is It Beneficial?,https://openalex.org/W1980556898,https://doi.org/10.1016/j.jretai.2011.02.002,2011,article,21
Journal of Retailing,The Impact of a New Retail Brand In-Store Boutique and its Perceived Fit with the Parent Retail Brand on Store Performance and Customer Spending,https://openalex.org/W2051394354,https://doi.org/10.1016/j.jretai.2012.06.002,2012,article,21
Journal of Retailing,An Examination of Frontline Cross-functional Integration during Retail Transactions,https://openalex.org/W2091411852,https://doi.org/10.1016/j.jretai.2011.01.002,2011,article,21
Journal of Retailing,The Contingent Effects of Semantic Price Cues,https://openalex.org/W1987491846,https://doi.org/10.1016/j.jretai.2014.01.005,2014,article,19
Journal of Retailing,"Competitive Retailer Strategies for New Market Research, Entry and Positioning Decisions",https://openalex.org/W2607502556,https://doi.org/10.1016/j.jretai.2017.03.002,2017,article,19
Journal of Retailing,"An Assessment of When, Where and Under What Conditions In-Store Sampling is Most Effective",https://openalex.org/W2752687481,https://doi.org/10.1016/j.jretai.2017.07.002,2017,article,19
Journal of Retailing,"Understanding the JR Heritage, Publishing in JR , and the Evolving Retail Field",https://openalex.org/W2792716764,https://doi.org/10.1016/j.jretai.2018.02.001,2018,article,19
Journal of Retailing,When Beauty Backfires: The Effects of Server Attractiveness on Consumer Taste Perceptions,https://openalex.org/W2805185977,https://doi.org/10.1016/j.jretai.2018.04.003,2018,article,19
Journal of Retailing,Identifying Sales Performance Gaps with Internal Benchmarking,https://openalex.org/W2751303431,https://doi.org/10.1016/j.jretai.2017.08.001,2017,article,18
Journal of Retailing,Perceived Product Sizes in Visually Complex Environments,https://openalex.org/W2801483536,https://doi.org/10.1016/j.jretai.2018.04.001,2018,article,18
Journal of Retailing,Innovation Cloning: The Introduction and Performance of Private Label Innovation Copycats,https://openalex.org/W2882998824,https://doi.org/10.1016/j.jretai.2018.06.001,2018,article,18
Journal of Retailing,The Economic Benefits to Retailers from Customer Participation in Proprietary Web Panels,https://openalex.org/W3124580019,https://doi.org/10.1016/j.jretai.2015.12.003,2016,article,18
Journal of Retailing,The Effectiveness of E-tailers’ Communication Practices in Stimulating Sales of Niche versus Popular Products,https://openalex.org/W2277459246,https://doi.org/10.1016/j.jretai.2016.02.002,2016,article,17
Journal of Retailing,More Than Aesthetic: Visual Boundaries and Perceived Variety,https://openalex.org/W2935664205,https://doi.org/10.1016/j.jretai.2019.03.001,2019,article,17
Journal of Retailing,The power of consumption-imagery in communicating retail-store deals,https://openalex.org/W2994224728,https://doi.org/10.1016/j.jretai.2019.10.010,2019,article,17
Journal of Retailing,By-Brand or By-Category? The Effect of Display Format on Brand Extension Evaluation,https://openalex.org/W2944041605,https://doi.org/10.1016/j.jretai.2019.04.003,2019,article,16
Journal of Retailing,Modeling Retail Phenomena,https://openalex.org/W2061411656,https://doi.org/10.1016/j.jretai.2010.04.001,2010,article,20
Journal of Retailing,Europoly Money: How Do Tourists Convert Foreign Currencies to Make Spending Decisions?,https://openalex.org/W1964610105,https://doi.org/10.1016/j.jretai.2011.11.001,2011,article,19
Journal of Retailing,Mythic Agency and Retail Conquest,https://openalex.org/W2046124725,https://doi.org/10.1016/j.jretai.2011.11.002,2011,article,19
Journal of Retailing,In-Store Referrals on the Internet,https://openalex.org/W3121340667,https://doi.org/10.1016/j.jretai.2011.09.005,2011,article,19
Journal of Retailing,Retailers’ Merchandise Organization and Price Perceptions,https://openalex.org/W1975825596,https://doi.org/10.1016/j.jretai.2011.02.005,2011,article,18
Journal of Retailing,Promoting Interactive Decision Aids on Retail Websites: A Message Framing Perspective with New versus Traditional Focal Actions,https://openalex.org/W2139329296,https://doi.org/10.1016/j.jretai.2011.10.003,2011,article,18
Journal of Retailing,Retailers’ Merchandise Organization and Price Perceptions,https://openalex.org/W1975825596,https://doi.org/10.1016/j.jretai.2011.02.005,2012,article,17
Journal of Retailing,Building-Up versus Paring-Down: Consumer Responses to Recommendations When Customizing,https://openalex.org/W2007378327,https://doi.org/10.1016/j.jretai.2012.11.002,2013,article,17
Journal of Retailing,Product Category Pricing and Future Price Attractiveness: 99-Ending Pricing in a Memory-Based Context,https://openalex.org/W2012173296,https://doi.org/10.1016/j.jretai.2012.05.001,2012,article,17
Journal of Retailing,Trademark Strategy in the Internet Age: Customer Hijacking and the Doctrine of Initial Interest Confusion,https://openalex.org/W2082764670,https://doi.org/10.1016/j.jretai.2012.11.004,2013,article,17
Journal of Retailing,Empirical Generalizations in Retailing,https://openalex.org/W2086451804,https://doi.org/10.1016/j.jretai.2014.05.005,2014,article,17
Journal of Retailing,How Do Franchise Ownership Structure and Strategic Investment Emphasis Influence Stock Returns and Risks?,https://openalex.org/W2618295782,https://doi.org/10.1016/j.jretai.2017.04.004,2017,article,17
Journal of Retailing,Price Adjustment Policy with Partial Refunds,https://openalex.org/W3122720666,https://doi.org/10.1016/j.jretai.2017.08.002,2017,article,17
Journal of Retailing,The Impact of Category Captainship on the Breadth and Appeal of a Retailer's Assortment,https://openalex.org/W2030047175,https://doi.org/10.1016/j.jretai.2014.02.001,2014,article,16
Journal of Retailing,On the Edge of Buying: A Targeting Approach for Indecisive Buyers Based on Willingness-to-Pay Ranges,https://openalex.org/W2076827015,https://doi.org/10.1016/j.jretai.2014.03.007,2014,article,16
Journal of Retailing,Survival of The Fittest: How Competitive Service Overlap and Retail Format Impact Incumbents’ Vulnerability to New Entrants,https://openalex.org/W2490028838,https://doi.org/10.1016/j.jretai.2016.07.001,2016,article,16
Journal of Retailing,Family Ties that B(l)ind: Do Family-Owned Franchisees Have Lower Financial Performance than Nonfamily-Owned Franchisees?,https://openalex.org/W2773310965,https://doi.org/10.1016/j.jretai.2017.12.001,2017,article,16
Journal of Retailing,Family Ties that B(l)ind: Do Family-Owned Franchisees Have Lower Financial Performance than Nonfamily-Owned Franchisees?,https://openalex.org/W2773310965,https://doi.org/10.1016/j.jretai.2017.12.001,2018,article,15
Journal of Retailing,The Influence of Payment Mechanisms on Pricing: When Mental Imagery Stimulates Desire for Money,https://openalex.org/W2969356409,https://doi.org/10.1016/j.jretai.2019.08.002,2019,article,15
Journal of Retailing,The Way the Wind Blows: Direction of Airflow Energizes Consumers and Fuels Creative Engagement,https://openalex.org/W2991727250,https://doi.org/10.1016/j.jretai.2019.10.005,2019,article,15
Journal of Retailing,Is $0 Better than Free? Consumer Response to “$0” versus “Free” Framing of a Free Promotion,https://openalex.org/W2996403940,https://doi.org/10.1016/j.jretai.2019.11.006,2019,article,15
Journal of Retailing,Impact of Healthy Alternatives on Consumer Choice: A Balancing Act,https://openalex.org/W888530103,https://doi.org/10.1016/j.jretai.2015.05.003,2015,article,15
Journal of Retailing,The Effects of Retail Banner Standardization on the Performance of Global Retailers,https://openalex.org/W2943865356,https://doi.org/10.1016/j.jretai.2019.04.002,2019,article,14
Journal of Retailing,The Indirect Impact of Price Deals on Households’ Purchase Decisions Through the Formation of Expected Future Prices,https://openalex.org/W3122796486,https://doi.org/10.1016/j.jretai.2011.08.004,2011,article,16
Journal of Retailing,Polygamous Store Loyalties: An Empirical Investigation,https://openalex.org/W2763988804,https://doi.org/10.1016/j.jretai.2017.09.001,2017,article,15
Journal of Retailing,Price-Matching Guarantees with Endogenous Search: A Market Experiment Approach,https://openalex.org/W3122558620,https://doi.org/10.1016/j.jretai.2011.04.002,2011,article,15
Journal of Retailing,An Empirical Investigation of Composite Product Choice,https://openalex.org/W2003178060,https://doi.org/10.1016/j.jretai.2014.09.002,2014,article,13
Journal of Retailing,Simple Decision Aids and Consumer Decision Making,https://openalex.org/W2009597098,https://doi.org/10.1016/j.jretai.2014.08.004,2014,article,13
Journal of Retailing,Are Low Price and Price Matching Guarantees Equivalent? The Effects of Different Price Guarantees on Consumers’ Evaluations,https://openalex.org/W2968103341,https://doi.org/10.1016/j.jretai.2019.07.001,2019,article,13
Journal of Retailing,Intellectual Property Securitization and Growth Capital in Retail Franchising,https://openalex.org/W2073966316,https://doi.org/10.1016/j.jretai.2010.12.001,2011,article,13
Journal of Retailing,Epic Aspects of Retail Encounters: The Iliad of Hollister,https://openalex.org/W2763684327,https://doi.org/10.1016/j.jretai.2017.09.006,2017,article,13
Journal of Retailing,The Cake Looks Yummy on the Shelf up There: The Interactive Effect of Retail Shelf Position and Consumers’ Personal Sense of Power on Indulgent Choice,https://openalex.org/W2887675492,https://doi.org/10.1016/j.jretai.2018.07.001,2018,article,13
Journal of Retailing,Is a $200 Nordstrom Gift Card Worth More or Less Than a $200 Gap Gift Card? The Asymmetric Valuations of Luxury Gift Cards,https://openalex.org/W2888608980,https://doi.org/10.1016/j.jretai.2018.07.002,2018,article,13
Journal of Retailing,Measuring the Impact of Price Guarantees on Bidding in Consumer Online Auctions,https://openalex.org/W1137621498,https://doi.org/10.1016/j.jretai.2015.07.003,2015,article,12
Journal of Retailing,Epilogue: Popperian Perspectives on Transaction Cost Economics and Future Directions of Empirical Research☆,https://openalex.org/W2073281306,https://doi.org/10.1016/j.jretai.2010.07.010,2010,article,14
Journal of Retailing,Loss leaders and cross-category retailer pass-through: A Bayesian multilevel analysis,https://openalex.org/W2029613613,https://doi.org/10.1016/j.jretai.2013.01.004,2013,article,12
Journal of Retailing,Game-Theoretic Coordination Mechanisms in Distribution Channels: Integration and Extensions for Models Without Competition,https://openalex.org/W2741760850,https://doi.org/10.1016/j.jretai.2012.04.002,2012,article,12
Journal of Retailing,The Magnitude of Change Effect in Store Remodeling,https://openalex.org/W2754642156,https://doi.org/10.1016/j.jretai.2017.08.003,2017,article,11
Journal of Retailing,Asymmetric Perception of Sparse Shelves in Retail Displays,https://openalex.org/W2008839415,https://doi.org/10.1016/j.jretai.2014.05.001,2014,article,10
Journal of Retailing,A Model for Inferring Market Preferences from Online Retail Product Information Matrices,https://openalex.org/W2512539162,https://doi.org/10.1016/j.jretai.2016.07.002,2016,article,10
Journal of Retailing,The Choice of Exclusive Dealing: Economic Rationales and Evidence from French Retail Chains,https://openalex.org/W2613788429,https://doi.org/10.1016/j.jretai.2017.04.002,2017,article,10
Journal of Retailing,The Accuracy of Scanned Prices,https://openalex.org/W2107447540,https://doi.org/10.1016/j.jretai.2014.03.006,2014,article,9
Journal of Retailing,When Ethical Transgressions of Customers Have Beneficial Long-Term Effects in Retailing: An Empirical Investigation,https://openalex.org/W2762089778,https://doi.org/10.1016/j.jretai.2017.09.005,2017,article,9
Journal of Retailing,A Network Bidder Behavior Model in Online Auctions: A Case of Fine Art Auctions,https://openalex.org/W3123819305,https://doi.org/10.1016/j.jretai.2014.08.003,2014,article,9
Journal of Retailing,A Decision Model for E-commerce-enabled Partial Market Exit,https://openalex.org/W2092271982,https://doi.org/10.1016/j.jretai.2010.05.001,2010,article,10
Journal of Retailing,Mitigating the Negative Effects of Regional Clustering in Franchising: The Roles of Governance Mechanisms,https://openalex.org/W2992836088,https://doi.org/10.1016/j.jretai.2019.11.004,2019,article,8
Journal of Retailing,Integrating Production Costs in Channel Decisions,https://openalex.org/W2166883165,https://doi.org/10.1016/j.jretai.2010.07.001,2010,article,9
Journal of Retailing,Oliver Williamson and His Impact on the Field of Strategic Management,https://openalex.org/W2030422473,https://doi.org/10.1016/j.jretai.2010.07.007,2010,article,8
Journal of Retailing,Erin Anderson and the Path Breaking Work of TCE in New Areas of Business Research: Transaction Costs in Action,https://openalex.org/W2165578837,https://doi.org/10.1016/j.jretai.2010.07.008,2010,article,8
Journal of Retailing,Copyright/ ID Statement,https://openalex.org/W4242758447,https://doi.org/10.1016/s0022-4359(15)00063-9,2015,article,7
Journal of Retailing,From the editor – Journal of Retailing in the global marketplace,https://openalex.org/W2036146159,https://doi.org/10.1016/j.jretai.2012.04.003,2012,article,6
Journal of Retailing,The Journal of Retailing 2006–2011: A Nostalgic Retrospective,https://openalex.org/W2060783526,https://doi.org/10.1016/j.jretai.2011.11.003,2011,article,6
Journal of Retailing,Strategic Implications of Keeping Product Value Secret from Competitor’s Customers,https://openalex.org/W3121325400,https://doi.org/10.1016/j.jretai.2017.06.002,2017,article,6
Journal of Retailing,The 2009 Nobel Prize in Economics to Oliver E. Williamson: Recognition of the Influence of Transaction Cost Economics on Business Research☆,https://openalex.org/W2038227818,https://doi.org/10.1016/j.jretai.2010.07.003,2010,article,5
Journal of Retailing,Strategic Debt in Vertical Relations: Evidence from Franchising,https://openalex.org/W2115564985,https://doi.org/10.1016/j.jretai.2010.12.002,2011,article,5
Journal of Retailing,Copyright/ ID Statement,https://openalex.org/W4243768179,https://doi.org/10.1016/s0022-4359(11)00097-2,2011,article,5
Journal of Retailing,Dual Control of Salesforce in Partially Integrated Channels,https://openalex.org/W2612163231,https://doi.org/10.1016/j.jretai.2017.04.003,2017,article,4
Journal of Retailing,Evaluating and Managing Brand Repurchase Across Multiple Geographic Retail Markets,https://openalex.org/W3122802015,https://doi.org/10.1016/j.jretai.2013.05.005,2013,article,4
Journal of Retailing,Retailer Dominance and Quality Variation: Observations and a Theoretical Explanation,https://openalex.org/W2900988712,https://doi.org/10.1016/j.jretai.2018.10.001,2018,article,4
Journal of Retailing,Sensitivity to Ulterior Motives in Retail Settings: The Moderating Role of Dual-Identity versus Sole-Identity Consumers,https://openalex.org/W2959436828,https://doi.org/10.1016/j.jretai.2019.06.004,2019,article,4
Journal of Retailing,Selling Vertically Differentiated Products under One Roof or Two? A Signaling Model of a Retailer's Roof Policies,https://openalex.org/W2055527091,https://doi.org/10.1016/j.jretai.2014.09.001,2014,article,3
Journal of Retailing,Copyright/ ID Statement,https://openalex.org/W4230519826,https://doi.org/10.1016/s0022-4359(16)30008-2,2016,article,3
Journal of Retailing,Copyright/ ID Statement,https://openalex.org/W4242854772,https://doi.org/10.1016/s0022-4359(15)00007-x,2015,article,3
Journal of Retailing,Copyright/ ID Statement,https://openalex.org/W4250460280,https://doi.org/10.1016/s0022-4359(14)00077-3,2014,article,3
Journal of Retailing,Copyright/ ID Statement,https://openalex.org/W4248699148,https://doi.org/10.1016/s0022-4359(13)00028-6,2013,article,3
Journal of Retailing,Diversity in Publication and Award Winners!,https://openalex.org/W2982118773,https://doi.org/10.1016/j.jretai.2019.09.001,2019,article,3
Journal of Retailing,Scientific Background: Oliver E. Williamson's Contributions to Transaction Cost Economics☆,https://openalex.org/W4237874295,https://doi.org/10.1016/j.jretai.2010.07.004,2010,article,3
Journal of Retailing,An introduction to the special issue,https://openalex.org/W271982183,https://doi.org/10.1016/j.jretai.2015.03.004,2015,article,2
Journal of Retailing,Copyright/ ID Statement,https://openalex.org/W4210589040,https://doi.org/10.1016/s0022-4359(12)00034-6,2012,article,2
Journal of Retailing,Copyright/ ID Statement,https://openalex.org/W4232290433,https://doi.org/10.1016/s0022-4359(12)00011-5,2012,article,2
Journal of Retailing,Copyright/ID Statement,https://openalex.org/W4244582450,https://doi.org/10.1016/s0022-4359(12)00054-1,2012,article,2
Journal of Retailing,"Looking Back, Looking Forward: The State of the Journal",https://openalex.org/W2038544486,https://doi.org/10.1016/j.jretai.2010.11.001,2010,article,2
Journal of Retailing,Copyright/ ID Statement,https://openalex.org/W4235054103,https://doi.org/10.1016/s0022-4359(16)00009-9,2016,article,1
Journal of Retailing,Copyright/ ID Statement,https://openalex.org/W4243008102,https://doi.org/10.1016/s0022-4359(15)00042-1,2015,article,1
Journal of Retailing,Copyright/ ID Statement,https://openalex.org/W4243172053,https://doi.org/10.1016/s0022-4359(14)00009-8,2014,article,1
Journal of Retailing,Copyright/ ID Statement,https://openalex.org/W4255395003,https://doi.org/10.1016/s0022-4359(15)00087-1,2015,article,1
Journal of Retailing,The impact of control mechanisms of franchisee and employee-manager satisfaction: does one type of control fit all?,https://openalex.org/W2493206035,None,2011,article,1
Journal of Retailing,Copyright/ ID Statement,https://openalex.org/W4232803773,https://doi.org/10.1016/s0022-4359(12)00079-6,2012,article,1
Journal of Retailing,Executive Summaries,https://openalex.org/W4251285876,https://doi.org/10.1016/s0022-4359(12)00013-9,2012,article,1
Journal of Retailing,Farewell Editorial,https://openalex.org/W4238822001,https://doi.org/10.1016/s0022-4359(17)30091-x,2017,article,1
Journal of Retailing,"Using Commentaries, Special Sections, and Special Issues to Enhance Research into Important and Cutting Edge Topics in this Dynamic Field of Retailing",https://openalex.org/W2992201250,https://doi.org/10.1016/j.jretai.2019.12.002,2019,article,1
Journal of Retailing,FM ii: Copyright/ ID Statement,https://openalex.org/W4243076269,https://doi.org/10.1016/s0022-4359(18)30009-5,2018,article,1
Journal of Retailing,Call for papers,https://openalex.org/W4246757406,https://doi.org/10.1016/s0022-4359(19)30013-2,2019,article,1
Journal of Retailing,From the Editor: Reflections on the 2012–2014 period,https://openalex.org/W2062933009,https://doi.org/10.1016/j.jretai.2014.11.001,2014,article,0
Journal of Retailing,"“A Gentle Giant: He was Taken from Us Too Young, Too Early”",https://openalex.org/W2509839868,https://doi.org/10.1016/j.jretai.2015.07.002,2015,article,0
Journal of Retailing,FM ii: Copyright/ ID Statement,https://openalex.org/W4206560473,https://doi.org/10.1016/s0022-4359(16)30027-6,2016,article,0
Journal of Retailing,Executive Summaries,https://openalex.org/W4229693032,https://doi.org/10.1016/s0022-4359(15)00089-5,2015,article,0
Journal of Retailing,FM ii: Copyright/ ID Statement,https://openalex.org/W4230038263,https://doi.org/10.1016/s0022-4359(16)30067-7,2016,article,0
Journal of Retailing,2015 William R. Davidson Awards,https://openalex.org/W4230303508,https://doi.org/10.1016/j.jretai.2015.03.002,2015,article,0
Journal of Retailing,Executive Summaries,https://openalex.org/W4230503848,https://doi.org/10.1016/s0022-4359(16)00011-7,2016,article,0
Journal of Retailing,Executive Summaries,https://openalex.org/W4231268078,https://doi.org/10.1016/s0022-4359(16)30029-x,2016,article,0
Journal of Retailing,2014 William R. Davidson Awards,https://openalex.org/W4232286016,https://doi.org/10.1016/j.jretai.2014.01.004,2014,article,0
Journal of Retailing,Executive Summaries,https://openalex.org/W4233370320,https://doi.org/10.1016/s0022-4359(16)30010-0,2016,article,0
Journal of Retailing,Executive Summaries,https://openalex.org/W4236135945,https://doi.org/10.1016/s0022-4359(14)00051-7,2014,article,0
Journal of Retailing,Copyright/ ID Statement,https://openalex.org/W4241505510,https://doi.org/10.1016/s0022-4359(14)00049-9,2014,article,0
Journal of Retailing,Executive Summaries,https://openalex.org/W4242705366,https://doi.org/10.1016/s0022-4359(15)00065-2,2015,article,0
Journal of Retailing,Executive Summaries,https://openalex.org/W4243675565,https://doi.org/10.1016/s0022-4359(16)30069-0,2016,article,0
Journal of Retailing,Executive Summaries,https://openalex.org/W4247152461,https://doi.org/10.1016/s0022-4359(14)00041-4,2014,article,0
Journal of Retailing,Executive Summaries,https://openalex.org/W4251031745,https://doi.org/10.1016/s0022-4359(15)00009-3,2015,article,0
Journal of Retailing,Executive Summaries,https://openalex.org/W4252990860,https://doi.org/10.1016/s0022-4359(14)00079-7,2014,article,0
Journal of Retailing,Executive Summaries,https://openalex.org/W4254555150,https://doi.org/10.1016/s0022-4359(15)00044-5,2015,article,0
Journal of Retailing,Executive Summaries,https://openalex.org/W4256514667,https://doi.org/10.1016/s0022-4359(14)00011-6,2014,article,0
Journal of Retailing,Acknowledgment to 2015-2016 Reviewers,https://openalex.org/W4300619999,https://doi.org/10.1016/j.jretai.2016.11.002,2016,article,0
Journal of Retailing,Executive Summaries,https://openalex.org/W4206339595,https://doi.org/10.1016/s0022-4359(11)00079-0,2011,article,0
Journal of Retailing,Executive Summaries,https://openalex.org/W4206541036,https://doi.org/10.1016/s0022-4359(11)00048-0,2011,article,0
Journal of Retailing,Executive Summaries,https://openalex.org/W4231986311,https://doi.org/10.1016/s0022-4359(13)00012-2,2013,article,0
Journal of Retailing,Executive Summaries,https://openalex.org/W4232997441,https://doi.org/10.1016/s0022-4359(12)00056-5,2012,article,0
Journal of Retailing,Executive Summaries,https://openalex.org/W4233486419,https://doi.org/10.1016/s0022-4359(11)00059-5,2011,article,0
Journal of Retailing,Executive Summaries,https://openalex.org/W4235752584,https://doi.org/10.1016/s0022-4359(13)00055-9,2013,article,0
Journal of Retailing,Executive Summaries,https://openalex.org/W4237172749,https://doi.org/10.1016/s0022-4359(12)00081-4,2012,article,0
Journal of Retailing,Executive Summaries,https://openalex.org/W4237630180,https://doi.org/10.1016/s0022-4359(13)00072-9,2013,article,0
Journal of Retailing,Executive Summaries,https://openalex.org/W4237872977,https://doi.org/10.1016/s0022-4359(12)00036-x,2012,article,0
Journal of Retailing,Copyright,https://openalex.org/W4238154215,https://doi.org/10.1016/s0022-4359(11)00077-7,2011,article,0
Journal of Retailing,Executive Summaries,https://openalex.org/W4238375427,https://doi.org/10.1016/s0022-4359(11)00099-6,2011,article,0
Journal of Retailing,Executive Summaries,https://openalex.org/W4249216372,https://doi.org/10.1016/s0022-4359(11)00022-4,2011,article,0
Journal of Retailing,Executive Summaries,https://openalex.org/W4250062537,https://doi.org/10.1016/s0022-4359(13)00030-4,2013,article,0
Journal of Retailing,Journal of Retailing Special Issue – Empirical Generalizations in Retailing,https://openalex.org/W4254480823,https://doi.org/10.1016/s0022-4359(12)00065-6,2012,article,0
Journal of Retailing,Born Unequal: A Study of Perceived Persuasiveness of Online Consumer Product Reviews,https://openalex.org/W979981210,None,2011,article,0
Journal of Retailing,Executive Summaries,https://openalex.org/W4205607761,https://doi.org/10.1016/s0022-4359(10)00024-2,2010,article,0
Journal of Retailing,Executive Summaries,https://openalex.org/W4231863092,https://doi.org/10.1016/s0022-4359(10)00086-2,2010,article,0
Journal of Retailing,Executive Summaries,https://openalex.org/W4232804764,https://doi.org/10.1016/s0022-4359(17)30085-4,2017,article,0
Journal of Retailing,FM ii: Copyright/ ID Statement,https://openalex.org/W4233431298,https://doi.org/10.1016/s0022-4359(17)30039-8,2017,article,0
Journal of Retailing,Executive Summaries,https://openalex.org/W4234953964,https://doi.org/10.1016/s0022-4359(17)30007-6,2017,article,0
Journal of Retailing,Executive Summaries,https://openalex.org/W4235764424,https://doi.org/10.1016/s0022-4359(17)30060-x,2017,article,0
Journal of Retailing,FM ii: Copyright/ ID Statement,https://openalex.org/W4238486375,https://doi.org/10.1016/s0022-4359(17)30005-2,2017,article,0
Journal of Retailing,Executive Summaries,https://openalex.org/W4239198530,https://doi.org/10.1016/s0022-4359(17)30041-6,2017,article,0
Journal of Retailing,Executive Summaries,https://openalex.org/W4247067330,https://doi.org/10.1016/s0022-4359(10)00039-4,2010,article,0
Journal of Retailing,FM ii: Copyright/ ID Statement,https://openalex.org/W4248031611,https://doi.org/10.1016/s0022-4359(17)30083-0,2017,article,0
Journal of Retailing,2017 William R. Davidson Awards,https://openalex.org/W4250674208,https://doi.org/10.1016/j.jretai.2017.05.001,2017,article,0
Journal of Retailing,Special Issue Reviewer Acknowledgment,https://openalex.org/W4250807589,https://doi.org/10.1016/j.jretai.2017.01.001,2017,article,0
Journal of Retailing,FM ii: Copyright/ ID Statement,https://openalex.org/W4255254931,https://doi.org/10.1016/s0022-4359(17)30058-1,2017,article,0
Journal of Retailing,Acknowledgment to 2017 reviewers,https://openalex.org/W4300515071,https://doi.org/10.1016/s0022-4359(17)30095-7,2017,article,0
Journal of Retailing,In Memoriam of Barton A. Weitz,https://openalex.org/W2912569785,https://doi.org/10.1016/s0022-4359(18)30048-4,2018,article,0
Journal of Retailing,Reflections from the co-editors,https://openalex.org/W2912785795,https://doi.org/10.1016/s0022-4359(18)30033-2,2018,article,0
Journal of Retailing,"Gratitude, Homage, and Reflections from the Co-editors",https://openalex.org/W2914553111,https://doi.org/10.1016/s0022-4359(18)30047-2,2018,article,0
Journal of Retailing,WITHDRAWN: Responsible Research in Retailing: Is Your Research Really Useful?,https://openalex.org/W3014172568,https://doi.org/10.1016/j.jretai.2019.08.001,2019,article,0
Journal of Retailing,FM ii: Copyright/ ID Statement,https://openalex.org/W4229847103,https://doi.org/10.1016/s0022-4359(19)30028-4,2019,article,0
Journal of Retailing,Executive Summaries,https://openalex.org/W4234697517,https://doi.org/10.1016/s0022-4359(19)30050-8,2019,article,0
Journal of Retailing,Call for papers,https://openalex.org/W4235048488,https://doi.org/10.1016/s0022-4359(19)30036-3,2019,article,0
Journal of Retailing,Executive Summaries,https://openalex.org/W4235802203,https://doi.org/10.1016/s0022-4359(18)30073-3,2018,article,0
Journal of Retailing,FM ii: Copyright/ ID Statement,https://openalex.org/W4236529205,https://doi.org/10.1016/s0022-4359(18)30071-x,2018,article,0
Journal of Retailing,FM ii: Copyright/ ID Statement,https://openalex.org/W4239882893,https://doi.org/10.1016/s0022-4359(19)30048-x,2019,article,0
Journal of Retailing,Executive Summaries,https://openalex.org/W4242321056,https://doi.org/10.1016/s0022-4359(19)30007-7,2019,article,0
Journal of Retailing,FM ii: Copyright/ ID Statement,https://openalex.org/W4245987029,https://doi.org/10.1016/s0022-4359(18)30025-3,2018,article,0
Journal of Retailing,Foreword,https://openalex.org/W4246589404,https://doi.org/10.1016/j.jretai.2019.06.001,2019,article,0
Journal of Retailing,FM ii: Copyright/ ID Statement,https://openalex.org/W4247712150,https://doi.org/10.1016/s0022-4359(19)30075-2,2019,article,0
Journal of Retailing,Journal of Retailing: New Initiatives and News Updates,https://openalex.org/W4248929514,https://doi.org/10.1016/j.jretai.2019.02.002,2019,article,0
Journal of Retailing,Executive Summaries,https://openalex.org/W4249808702,https://doi.org/10.1016/s0022-4359(18)30011-3,2018,article,0
Journal of Retailing,FM ii: Copyright/ ID Statement,https://openalex.org/W4249814690,https://doi.org/10.1016/s0022-4359(19)30005-3,2019,article,0
Journal of Retailing,Executive Summaries,https://openalex.org/W4250512825,https://doi.org/10.1016/s0022-4359(18)30027-7,2018,article,0
Journal of Retailing,FM ii: Copyright/ ID Statement,https://openalex.org/W4251333631,https://doi.org/10.1016/s0022-4359(18)30042-3,2018,article,0
Journal of Retailing,Executive Summaries,https://openalex.org/W4251674561,https://doi.org/10.1016/s0022-4359(19)30030-2,2019,article,0
Journal of Retailing,Executive Summaries,https://openalex.org/W4253908079,https://doi.org/10.1016/s0022-4359(18)30044-7,2018,article,0
Journal of Retailing,Executive Summaries,https://openalex.org/W4255094848,https://doi.org/10.1016/s0022-4359(19)30077-6,2019,article,0
