source_journal,work_title,work_oaid,DOI,pub_year,work_type,all_cited_by_count
Journal of Retailing,How the COVID-19 Pandemic May Change the World of Retailing,https://openalex.org/W3018608005,https://doi.org/10.1016/j.jretai.2020.04.002,2020,article,398
Journal of Retailing,How Technology is Changing Retail,https://openalex.org/W3099093076,https://doi.org/10.1016/j.jretai.2020.10.006,2020,article,256
Journal of Retailing,Understanding Retail Experiences and Customer Journey Management,https://openalex.org/W3009370047,https://doi.org/10.1016/j.jretai.2020.02.002,2020,article,200
Journal of Retailing,How artificial intelligence will affect the future of retailing,https://openalex.org/W3128077503,https://doi.org/10.1016/j.jretai.2021.01.005,2021,article,162
Journal of Retailing,A Framework for Collaborative Artificial Intelligence in Marketing,https://openalex.org/W3135335171,https://doi.org/10.1016/j.jretai.2021.03.001,2021,article,158
Journal of Retailing,Autonomous Shopping Systems: Identifying and Overcoming Barriers to Consumer Adoption,https://openalex.org/W3004208143,https://doi.org/10.1016/j.jretai.2019.12.004,2020,article,155
Journal of Retailing,Customer-Interfacing Retail Technologies in 2020 &amp; Beyond: An Integrative Framework and Research Directions,https://openalex.org/W3080673917,https://doi.org/10.1016/j.jretai.2020.08.001,2020,article,126
Journal of Retailing,"Evolution of retail formats: Past, present, and future",https://openalex.org/W3106708107,https://doi.org/10.1016/j.jretai.2020.11.002,2020,article,123
Journal of Retailing,Strategizing Retailing in the New Technology Era,https://openalex.org/W3133943625,https://doi.org/10.1016/j.jretai.2021.02.004,2021,article,113
Journal of Retailing,The merchants of meta: A research agenda to understand the future of retailing in the metaverse,https://openalex.org/W4322493955,https://doi.org/10.1016/j.jretai.2023.02.002,2023,article,100
Journal of Retailing,The Future of Private Labels: Towards a Smart Private Label Strategy,https://openalex.org/W3120004593,https://doi.org/10.1016/j.jretai.2020.10.007,2021,article,97
Journal of Retailing,The Fifth Industrial Revolution: How Harmonious Human–Machine Collaboration is Triggering a Retail and Service [R]evolution,https://openalex.org/W4229368174,https://doi.org/10.1016/j.jretai.2022.04.003,2022,article,97
Journal of Retailing,We Eat First with Our (Digital) Eyes: Enhancing Mental Simulation of Eating Experiences via Visual-Enabling Technologies,https://openalex.org/W3158754119,https://doi.org/10.1016/j.jretai.2021.04.003,2022,article,75
Journal of Retailing,The omnichannel continuum: Integrating online and offline channels along the customer journey,https://openalex.org/W4213227337,https://doi.org/10.1016/j.jretai.2022.02.003,2022,article,72
Journal of Retailing,Online and offline retailing: What we know and directions for future research,https://openalex.org/W4212812394,https://doi.org/10.1016/j.jretai.2022.02.007,2022,article,67
Journal of Retailing,"Perceived Omnichannel Customer Experience (OCX): Concept, measurement, and impact",https://openalex.org/W4226208323,https://doi.org/10.1016/j.jretai.2022.03.003,2022,article,66
Journal of Retailing,Sustainable Retailing,https://openalex.org/W4236845474,https://doi.org/10.1016/j.jretai.2020.10.008,2020,article,117
Journal of Retailing,Emerging Market Retail: Transitioning from a Product-Centric to a Customer-Centric Approach,https://openalex.org/W3136509112,https://doi.org/10.1016/j.jretai.2021.01.008,2021,article,75
Journal of Retailing,We Eat First with Our (Digital) Eyes: Enhancing Mental Simulation of Eating Experiences via Visual-Enabling Technologies,https://openalex.org/W3158754119,https://doi.org/10.1016/j.jretai.2021.04.003,2021,article,75
Journal of Retailing,Customers’ Willingness to Disclose Personal Information throughout the Customer Purchase Journey in Retailing: The Role of Perceived Warmth,https://openalex.org/W3045616852,https://doi.org/10.1016/j.jretai.2020.07.001,2020,article,74
Journal of Retailing,Forging meaningful consumer-brand relationships through creative merchandise offerings and innovative merchandising strategies,https://openalex.org/W3111024827,https://doi.org/10.1016/j.jretai.2020.11.006,2020,article,69
Journal of Retailing,Automated Product Recommendations with Preference-Based Explanations,https://openalex.org/W3002041203,https://doi.org/10.1016/j.jretai.2020.01.001,2020,article,67
Journal of Retailing,The Future of Digital Communication Research: Considering Dynamics and Multimodality,https://openalex.org/W3132322259,https://doi.org/10.1016/j.jretai.2021.01.007,2021,article,63
Journal of Retailing,What drives consumers to shop on mobile devices? Insights from a Meta-Analysis,https://openalex.org/W4213346563,https://doi.org/10.1016/j.jretai.2022.02.002,2022,article,40
Journal of Retailing,Scarcity tactics in marketing: A meta-analysis of product scarcity effects on consumer purchase intentions,https://openalex.org/W4284967436,https://doi.org/10.1016/j.jretai.2022.06.003,2022,article,39
Journal of Retailing,Can you smell the (virtual) roses? The influence of olfactory cues in virtual reality on immersion and positive brand responses,https://openalex.org/W4385803993,https://doi.org/10.1016/j.jretai.2023.07.004,2023,article,18
Journal of Retailing,I might try it: Marketing actions to reduce consumer disgust toward insect-based food,https://openalex.org/W4313887106,https://doi.org/10.1016/j.jretai.2022.12.003,2023,article,15
Journal of Retailing,Leveraging In-Store Technology and AI: Increasing Customer and Employee Efficiency and Enhancing their Experiences,https://openalex.org/W4388785148,https://doi.org/10.1016/j.jretai.2023.10.002,2023,article,15
Journal of Retailing,Data Privacy in Retail,https://openalex.org/W3089288061,https://doi.org/10.1016/j.jretai.2020.08.003,2020,article,57
Journal of Retailing,"Identifying omnichannel deal prone segments, their antecedents, and their consequences",https://openalex.org/W3011541653,https://doi.org/10.1016/j.jretai.2020.01.003,2020,article,50
Journal of Retailing,Many (Un)happy Returns? The Changing Nature of Retail Product Returns and Future Research Directions,https://openalex.org/W3022958555,https://doi.org/10.1016/j.jretai.2020.04.001,2020,article,50
Journal of Retailing,Insight is power: Understanding the terms of the consumer-firm data exchange,https://openalex.org/W3107396745,https://doi.org/10.1016/j.jretai.2020.11.001,2020,article,50
Journal of Retailing,Data Privacy in Retail: Navigating Tensions and Directing Future Research,https://openalex.org/W3097646009,https://doi.org/10.1016/j.jretai.2020.10.002,2020,article,45
Journal of Retailing,Keyword Selection Strategies in Search Engine Optimization: How Relevant is Relevance?,https://openalex.org/W3116714104,https://doi.org/10.1016/j.jretai.2020.12.002,2020,article,45
Journal of Retailing,Retailer Marketing Communications in the Digital Age: Getting the Right Message to the Right Shopper at the Right Time,https://openalex.org/W3129509609,https://doi.org/10.1016/j.jretai.2021.02.001,2021,article,45
Journal of Retailing,Keyword Selection Strategies in Search Engine Optimization: How Relevant is Relevance?,https://openalex.org/W3116714104,https://doi.org/10.1016/j.jretai.2020.12.002,2021,article,43
Journal of Retailing,"The effect of retail assortment size on perceptions, choice, and sales: Review and research directions",https://openalex.org/W4210566615,https://doi.org/10.1016/j.jretai.2022.01.001,2022,article,29
Journal of Retailing,"What drives retailer loyalty? A meta-analysis of the role of cognitive, affective, and social factors across five decades",https://openalex.org/W4214479416,https://doi.org/10.1016/j.jretai.2022.02.005,2022,article,29
Journal of Retailing,"Retailing in times of soaring inflation: What we know, what we don't know, and a research agenda",https://openalex.org/W4385256659,https://doi.org/10.1016/j.jretai.2023.07.002,2023,article,13
Journal of Retailing,More than Machines: The Role of the Future Retail Salesperson in Enhancing the Customer Experience,https://openalex.org/W4388596670,https://doi.org/10.1016/j.jretai.2023.10.004,2023,article,12
Journal of Retailing,Co-creating affective atmospheres in retail experience,https://openalex.org/W4378418080,https://doi.org/10.1016/j.jretai.2023.05.002,2023,article,11
Journal of Retailing,"Dynamic pricing: Definition, implications for managers, and future research directions",https://openalex.org/W4388979845,https://doi.org/10.1016/j.jretai.2023.11.003,2023,article,11
Journal of Retailing,Immersive retailing: The in-store experience,https://openalex.org/W4388573658,https://doi.org/10.1016/j.jretai.2023.10.003,2023,article,10
Journal of Retailing,Which Products are More Responsive to In-Store Displays: Utilitarian or Hedonic?,https://openalex.org/W3107444497,https://doi.org/10.1016/j.jretai.2020.10.005,2020,article,36
Journal of Retailing,Joint In-Season and Out-of-Season Promotion Demand Forecasting in a Retail Environment,https://openalex.org/W3127286969,https://doi.org/10.1016/j.jretai.2021.01.003,2021,article,30
Journal of Retailing,The impact of mobile app adoption on physical and online channels,https://openalex.org/W3210855532,https://doi.org/10.1016/j.jretai.2021.10.001,2021,article,28
Journal of Retailing,The clock is ticking—Or is it? Customer satisfaction response to waiting shorter vs. longer than expected during a service encounter,https://openalex.org/W4361222547,https://doi.org/10.1016/j.jretai.2023.03.003,2023,article,8
Journal of Retailing,Dynamic Right-Slanted Fonts Increase the Effectiveness of Promotional Retail Advertising,https://openalex.org/W3008019103,https://doi.org/10.1016/j.jretai.2019.10.002,2020,article,34
Journal of Retailing,The Effects of Environmental Haptic Cues on Consumer Perceptions of Retailer Warmth and Competence,https://openalex.org/W3029419745,https://doi.org/10.1016/j.jretai.2020.04.003,2020,article,34
Journal of Retailing,Expertise Makes Perfect: How the Variance of a Reviewer's Historical Ratings Influences the Persuasiveness of Online Reviews,https://openalex.org/W3037158721,https://doi.org/10.1016/j.jretai.2020.05.006,2020,article,33
Journal of Retailing,Store Closings and Retailer Profitability: A Contingency Perspective,https://openalex.org/W3000410499,https://doi.org/10.1016/j.jretai.2020.01.002,2020,article,32
Journal of Retailing,The role of machine learning analytics and metrics in retailing research,https://openalex.org/W3115832142,https://doi.org/10.1016/j.jretai.2020.12.001,2020,article,32
Journal of Retailing,All or Nothing in Sensory Marketing: Must All or Only Some Sensory Attributes Be Congruent With a Product’s Primary Function?,https://openalex.org/W3102000265,https://doi.org/10.1016/j.jretai.2020.09.006,2020,article,31
Journal of Retailing,The Power of Personal,https://openalex.org/W2999093761,https://doi.org/10.1016/j.jretai.2019.12.006,2020,article,30
Journal of Retailing,"What Information Do Shoppers Share? The Effect of Personnel-, Retailer-, and Country-Trust on Willingness to Share Information",https://openalex.org/W3086371548,https://doi.org/10.1016/j.jretai.2020.08.002,2020,article,30
Journal of Retailing,Retail price discount depth and perceived quality uncertainty,https://openalex.org/W4200056929,https://doi.org/10.1016/j.jretai.2021.12.001,2021,article,24
Journal of Retailing,"Adding budget and premium private labels to standard private labels: Established empirical generalizations, emerging empirical insights, and future research",https://openalex.org/W4214721441,https://doi.org/10.1016/j.jretai.2022.02.004,2022,article,17
Journal of Retailing,Will he buy a surprise? Gender differences in the purchase of surprise offerings,https://openalex.org/W4280578886,https://doi.org/10.1016/j.jretai.2022.04.002,2022,article,16
Journal of Retailing,"Powerlessness, variety-seeking, and the mediating role of need for autonomy",https://openalex.org/W4280652407,https://doi.org/10.1016/j.jretai.2022.04.004,2022,article,15
Journal of Retailing,"Retailing Groundedness: How to improve customer experience, brand perceptions, and customer loyalty through feelings of groundedness",https://openalex.org/W4388835649,https://doi.org/10.1016/j.jretai.2023.11.004,2023,article,7
Journal of Retailing,"The store of the future: Engaging customers through sensory elements, personalized atmospherics, and interpersonal interaction",https://openalex.org/W4388979847,https://doi.org/10.1016/j.jretai.2023.11.005,2023,article,7
Journal of Retailing,How Do Customers Alter Their Basket Composition When They Perceive the Retail Store to Be Crowded? An Empirical Study,https://openalex.org/W3015823877,https://doi.org/10.1016/j.jretai.2020.05.004,2020,article,28
Journal of Retailing,Consumer Reactance to Promotional Favors,https://openalex.org/W3022737142,https://doi.org/10.1016/j.jretai.2020.03.002,2020,article,25
Journal of Retailing,Drown or Blossom? The Impact of Perceived Chronic Time Pressure on Retail Salespeople's Performance and Customer–Salesperson Relationships,https://openalex.org/W3037544569,https://doi.org/10.1016/j.jretai.2020.05.005,2020,article,25
Journal of Retailing,Brand Building on the Doorstep: The Importance of the First (Physical) Impression,https://openalex.org/W2997869386,https://doi.org/10.1016/j.jretai.2019.12.003,2020,article,24
Journal of Retailing,Building A Sustainable Shelf: The Role of Firm Sustainability Reputation,https://openalex.org/W3159661821,https://doi.org/10.1016/j.jretai.2021.03.003,2021,article,20
Journal of Retailing,The strategic drivers of drop-shipping and retail store sales for seasonal products,https://openalex.org/W3200981357,https://doi.org/10.1016/j.jretai.2021.09.001,2021,article,20
Journal of Retailing,Behavioral response to price: Data-based insights and future research for retailing,https://openalex.org/W4221039589,https://doi.org/10.1016/j.jretai.2022.02.009,2022,article,14
Journal of Retailing,Relative persuasiveness of repurchase intentions versus recommendations in online reviews,https://openalex.org/W4283700980,https://doi.org/10.1016/j.jretai.2022.06.001,2022,article,14
Journal of Retailing,Multichannel customer purchase behavior and long tail effects in the fashion goods market,https://openalex.org/W4285601298,https://doi.org/10.1016/j.jretai.2022.06.007,2022,article,13
Journal of Retailing,Internationalization and digitalization: Their differing role on grocer and non-grocer retailer performance,https://openalex.org/W4385723671,https://doi.org/10.1016/j.jretai.2023.07.005,2023,article,6
Journal of Retailing,The Future of Physical Stores: Creating Reasons for Customers to Visit,https://openalex.org/W4388600416,https://doi.org/10.1016/j.jretai.2023.10.005,2023,article,6
Journal of Retailing,The Price of Power: How Firm’s Market Power Affects Perceived Fairness of Price Increases,https://openalex.org/W2981658285,https://doi.org/10.1016/j.jretai.2019.09.004,2020,article,22
Journal of Retailing,Going Online for Groceries: Drivers of Category-Level Share of Wallet Expansion,https://openalex.org/W3042754033,https://doi.org/10.1016/j.jretai.2020.05.003,2020,article,22
Journal of Retailing,Increasing Consumers’ Willingness to Engage in Data Disclosure Processes through Relevance-Illustrating Game Elements,https://openalex.org/W3108251455,https://doi.org/10.1016/j.jretai.2020.10.001,2020,article,22
Journal of Retailing,An Investigation of Consumer Subjective Knowledge in Frontline Interactions,https://openalex.org/W3123063598,https://doi.org/10.1016/j.jretai.2020.10.003,2021,article,18
Journal of Retailing,Impact of different types of in-store displays on consumer purchase behavior,https://openalex.org/W3210991137,https://doi.org/10.1016/j.jretai.2021.10.002,2021,article,18
Journal of Retailing,Transformation of Metrics and Analytics in Retailing: The Way Forward,https://openalex.org/W4200091315,https://doi.org/10.1016/j.jretai.2021.11.004,2021,article,18
Journal of Retailing,The Impact of Mobile App Adoption on Cross-buying: The Moderating Roles of Product Category Characteristics and Adoption Timing,https://openalex.org/W3134241956,https://doi.org/10.1016/j.jretai.2021.02.002,2021,article,17
Journal of Retailing,Information Search and Product Returns Across Mobile and Traditional Online Channels,https://openalex.org/W3177279685,https://doi.org/10.1016/j.jretai.2021.05.001,2021,article,17
Journal of Retailing,Innovations in retail delivery: Current trends and future directions,https://openalex.org/W4388714044,https://doi.org/10.1016/j.jretai.2023.10.006,2023,article,5
Journal of Retailing,Reimagining personalization in the physical store,https://openalex.org/W4388935069,https://doi.org/10.1016/j.jretai.2023.11.001,2023,article,5
Journal of Retailing,The Cosmopolitan Servicescape,https://openalex.org/W3092304965,https://doi.org/10.1016/j.jretai.2020.09.001,2020,article,20
Journal of Retailing,Picking Gifts for Picky People,https://openalex.org/W3080439704,https://doi.org/10.1016/j.jretai.2020.07.003,2020,article,19
Journal of Retailing,Channel Intermediaries and Manufacturer Performance: An Exploratory Investigation in an Emerging Market,https://openalex.org/W3100270783,https://doi.org/10.1016/j.jretai.2020.09.005,2020,article,19
Journal of Retailing,Managing a Global Retail Brand in Different Markets: Meta-Analyses of Customer Responses to Service Encounters,https://openalex.org/W3159427759,https://doi.org/10.1016/j.jretai.2021.03.004,2021,article,16
Journal of Retailing,"It's not only what they buy, it's also what they keep: Linking marketing instruments to product returns",https://openalex.org/W4211151838,https://doi.org/10.1016/j.jretai.2022.01.002,2022,article,10
Journal of Retailing,An empirical investigation of forward-looking retailer performance using parking lot traffic data derived from satellite imagery,https://openalex.org/W4223590388,https://doi.org/10.1016/j.jretai.2022.03.004,2022,article,10
Journal of Retailing,"“Sorry, the product you ordered is out of stock”: Effects of substitution policy in online grocery retailing",https://openalex.org/W4284971897,https://doi.org/10.1016/j.jretai.2022.06.006,2022,article,10
Journal of Retailing,How Do Social Norms Influence Parents’ Food Choices for Their Children? The Role of Social Comparison and Implicit Self-Theories,https://openalex.org/W3036728065,https://doi.org/10.1016/j.jretai.2020.05.002,2020,article,17
Journal of Retailing,"The effect of permanent product discounts and order coupons on purchase incidence, purchase quantity, and spending",https://openalex.org/W3111834236,https://doi.org/10.1016/j.jretai.2020.11.007,2020,article,16
Journal of Retailing,Navigating contradictory logics in the field of luxury retailing,https://openalex.org/W4200340817,https://doi.org/10.1016/j.jretai.2021.11.002,2021,article,14
Journal of Retailing,International retailer performance: Disentangling the interplay between rule of law and culture,https://openalex.org/W4319442130,https://doi.org/10.1016/j.jretai.2023.01.001,2023,article,4
Journal of Retailing,A meta-analytic investigation of the organizational identification – Job performance relationship in the frontlines,https://openalex.org/W4385761464,https://doi.org/10.1016/j.jretai.2023.07.003,2023,article,4
Journal of Retailing,Highlighting supply-abundance increases attraction to small-assortment retailers,https://openalex.org/W4386192617,https://doi.org/10.1016/j.jretai.2023.08.002,2023,article,4
Journal of Retailing,Conflict Aftermath: Dispute Resolution and Financial Performance in Franchising,https://openalex.org/W3011091691,https://doi.org/10.1016/j.jretai.2020.03.001,2020,article,15
Journal of Retailing,The Power of Consequential Product Sounds,https://openalex.org/W3090784166,https://doi.org/10.1016/j.jretai.2020.09.002,2021,article,12
Journal of Retailing,Capturing Retailers’ Brand and Customer Focus,https://openalex.org/W3128097922,https://doi.org/10.1016/j.jretai.2021.01.001,2021,article,12
Journal of Retailing,Predicting Under- and Overperforming SKUs within the Distribution–Market Share Relationship,https://openalex.org/W3158101331,https://doi.org/10.1016/j.jretai.2021.04.002,2021,article,12
Journal of Retailing,Comparing the effectiveness of rewards and individually targeted coupons in loyalty programs,https://openalex.org/W3201245419,https://doi.org/10.1016/j.jretai.2021.08.001,2021,article,12
Journal of Retailing,From one disruption to the next: How to navigate chaos?,https://openalex.org/W4297200804,https://doi.org/10.1016/j.jretai.2022.09.001,2022,article,8
Journal of Retailing,The impact of supply disruption risk on a retailer’s pricing and procurement strategies in the presence of a substitute product,https://openalex.org/W3110028855,https://doi.org/10.1016/j.jretai.2020.11.005,2020,article,14
Journal of Retailing,The Power of Consequential Product Sounds,https://openalex.org/W3090784166,https://doi.org/10.1016/j.jretai.2020.09.002,2020,article,13
Journal of Retailing,Valuation of brand equity and retailer growth strategies using real options,https://openalex.org/W3130575401,https://doi.org/10.1016/j.jretai.2021.01.002,2021,article,11
Journal of Retailing,Uppercase Premium Effect: The Role of Brand Letter Case in Brand Premiumness,https://openalex.org/W3151043773,https://doi.org/10.1016/j.jretai.2021.03.002,2021,article,11
Journal of Retailing,Disorder in secondhand retail spaces: The countervailing forces of hidden treasure and risk,https://openalex.org/W4312083204,https://doi.org/10.1016/j.jretai.2022.12.002,2022,article,7
Journal of Retailing,How and why (imagined) online reviews impact frontline retail encounters,https://openalex.org/W4362639715,https://doi.org/10.1016/j.jretai.2023.03.004,2023,article,3
Journal of Retailing,Should service firms introduce algorithmic advice to their existing customers? The moderating effect of service relationships,https://openalex.org/W4377292562,https://doi.org/10.1016/j.jretai.2023.05.001,2023,article,3
Journal of Retailing,Effects of online and offline advertising and their synergy on direct telephone sales,https://openalex.org/W4381056929,https://doi.org/10.1016/j.jretai.2023.06.001,2023,article,3
Journal of Retailing,Where you live matters: The impact of offline retail density on mobile shopping app usage,https://openalex.org/W4388069537,https://doi.org/10.1016/j.jretai.2023.10.001,2023,article,3
Journal of Retailing,What is holding private label back in the United States and in emerging markets?,https://openalex.org/W4388999502,https://doi.org/10.1016/j.jretai.2023.11.002,2023,article,3
Journal of Retailing,Proximity-store introductions: A new route to big-box retailer success?,https://openalex.org/W4389003192,https://doi.org/10.1016/j.jretai.2023.11.006,2023,article,3
Journal of Retailing,Re-imagining the physical store,https://openalex.org/W4389003426,https://doi.org/10.1016/j.jretai.2023.11.008,2023,article,3
Journal of Retailing,Customized Targeting Strategies for Category Coupons to Maximize CLV and Minimize Cost,https://openalex.org/W3129412881,https://doi.org/10.1016/j.jretai.2021.01.004,2021,article,10
Journal of Retailing,A Comparison of Return Rate Calculation Methods: Evidence from 16 Retailers,https://openalex.org/W3163609607,https://doi.org/10.1016/j.jretai.2021.04.001,2021,article,10
Journal of Retailing,Spoiled Rotten: How and When Discontinuation of Repetitive and Regular Delight Offers Increases Customer Desire for Revenge,https://openalex.org/W3196499168,https://doi.org/10.1016/j.jretai.2021.08.002,2021,article,10
Journal of Retailing,The value of making producers personal,https://openalex.org/W4200524044,https://doi.org/10.1016/j.jretai.2021.10.004,2021,article,10
Journal of Retailing,Matching the Personal Initiative Capabilities of FLEs to Their Self-Regulatory Processes and the Firm's Initiative Climate,https://openalex.org/W3111932932,https://doi.org/10.1016/j.jretai.2020.11.010,2020,article,11
Journal of Retailing,The Upside of Down: Presenting a Price in a Low or High Location Influences How Consumers Evaluate It,https://openalex.org/W3014557227,https://doi.org/10.1016/j.jretai.2020.02.003,2020,article,10
Journal of Retailing,How Customer Requests Influence Frontline Employee Job Outcomes: The Role of Personal Appraisal Tendencies and Situational Customer Demandingness,https://openalex.org/W3153691835,https://doi.org/10.1016/j.jretai.2021.03.005,2021,article,9
Journal of Retailing,Distribution effectiveness through full- and self-service channels under economic fluctuations in an emerging market,https://openalex.org/W3171850835,https://doi.org/10.1016/j.jretai.2021.05.002,2021,article,9
Journal of Retailing,Do shoppers choose the same brand on the next trip when facing the same context? An empirical investigation in FMCG retailing,https://openalex.org/W4210287042,https://doi.org/10.1016/j.jretai.2022.01.003,2022,article,6
Journal of Retailing,"Children's Perceived Value: Conceptualization, Scale Development, and Validation",https://openalex.org/W3036994335,https://doi.org/10.1016/j.jretai.2020.05.008,2020,article,9
Journal of Retailing,Perceptual differences regarding leadership between the store manager and employees and its impact on frontline sales performance: A research note,https://openalex.org/W3110446369,https://doi.org/10.1016/j.jretai.2020.11.004,2020,article,9
Journal of Retailing,A score-driven model of short-term demand forecasting for retail distribution centers,https://openalex.org/W3176909394,https://doi.org/10.1016/j.jretai.2021.05.003,2021,article,8
Journal of Retailing,Chronological cues and consumers’ preference for mere newness,https://openalex.org/W4210485737,https://doi.org/10.1016/j.jretai.2021.11.003,2022,article,5
Journal of Retailing,The dark side of up-selling promotions: Evidence from an analysis of cross-brand purchase behavior☆,https://openalex.org/W4223911297,https://doi.org/10.1016/j.jretai.2022.03.005,2022,article,5
Journal of Retailing,Ideally human-ish: How anthropomorphized do you have to be in shopper-facing retail technology?,https://openalex.org/W4229042103,https://doi.org/10.1016/j.jretai.2022.04.001,2022,article,5
Journal of Retailing,In-store endcap projections and their effect on sales,https://openalex.org/W4285023724,https://doi.org/10.1016/j.jretai.2022.06.004,2022,article,5
Journal of Retailing,The influence of corporate social responsibility appeals (CSRAs) on product sales: Which appeal types perform better?,https://openalex.org/W4312193520,https://doi.org/10.1016/j.jretai.2022.12.001,2022,article,5
Journal of Retailing,A comparison of online recommendation methods: Simultaneous versus sequential approaches,https://openalex.org/W4322763378,https://doi.org/10.1016/j.jretai.2023.02.001,2023,article,2
Journal of Retailing,Multiple psychological climates and employee self-regulatory focus: Implications for frontline employee work behavior and service performance,https://openalex.org/W4360992625,https://doi.org/10.1016/j.jretai.2023.03.002,2023,article,2
Journal of Retailing,Testing the performance of online recommendation agents: A meta-analysis,https://openalex.org/W4386002980,https://doi.org/10.1016/j.jretai.2023.08.001,2023,article,2
Journal of Retailing,Understanding consumers in-store behavior: The dual role of episode-specific motive adjustment and motive selection,https://openalex.org/W4386424354,https://doi.org/10.1016/j.jretai.2023.08.004,2023,article,2
Journal of Retailing,Localized globalization through structures of common difference and the in-store curation of a glocal retailscape,https://openalex.org/W4389606723,https://doi.org/10.1016/j.jretai.2023.11.007,2023,article,2
Journal of Retailing,Mitigating the Negative Effects of Regional Clustering in Franchising: The Roles of Governance Mechanisms,https://openalex.org/W2992836088,https://doi.org/10.1016/j.jretai.2019.11.004,2020,article,8
Journal of Retailing,Intermediate Choice Lists: How Product Attributes Influence Purchase Likelihood in a Self-Imposed Delay,https://openalex.org/W3048416991,https://doi.org/10.1016/j.jretai.2020.07.002,2020,article,8
Journal of Retailing,Contractual Discrimination in Franchise Relationships,https://openalex.org/W3112098743,https://doi.org/10.1016/j.jretai.2020.11.008,2020,article,8
Journal of Retailing,Navigating the Retailing Frontier through Academic and Practitioner Collaboration,https://openalex.org/W3133619917,https://doi.org/10.1016/j.jretai.2021.02.005,2021,article,7
Journal of Retailing,Influencing Consumer Responses to Highly Aesthetic Products: The Role of Mindsets,https://openalex.org/W3098768769,https://doi.org/10.1016/j.jretai.2020.10.004,2020,article,7
Journal of Retailing,The Ostrich effect: Feeling hidden amidst the ambient sound of human voices,https://openalex.org/W4214540849,https://doi.org/10.1016/j.jretai.2022.02.001,2022,article,4
Journal of Retailing,Resale Price Maintenance: Customer Service Without Free Riding,https://openalex.org/W3036935438,https://doi.org/10.1016/j.jretai.2020.05.001,2020,article,6
Journal of Retailing,Customizing calories: How rejecting (vs. selecting) ingredients leads to lower calorie estimation and unhealthier food choices,https://openalex.org/W3110049750,https://doi.org/10.1016/j.jretai.2020.11.003,2020,article,5
Journal of Retailing,How Dispersive Opinions Affect Consumer Decisions: Endowment Effect Guides Attributional Inferences,https://openalex.org/W3159432763,https://doi.org/10.1016/j.jretai.2021.03.006,2021,article,5
Journal of Retailing,"Fulfillment, The New Retailer Battlefield",https://openalex.org/W4323074062,https://doi.org/10.1016/j.jretai.2023.03.001,2023,article,1
Journal of Retailing,Should firms display the sale price using larger font?,https://openalex.org/W4284993310,https://doi.org/10.1016/j.jretai.2022.06.005,2022,article,3
Journal of Retailing,“If you loved our product”: Do conditional review requests harm retailer loyalty?,https://openalex.org/W4304163480,https://doi.org/10.1016/j.jretai.2022.09.002,2022,article,3
Journal of Retailing,Conveying product weight in digital media using a hand image,https://openalex.org/W4383499123,https://doi.org/10.1016/j.jretai.2023.07.001,2023,article,1
Journal of Retailing,Brand presentation order in voice shopping: Understanding the effects of sequential product presentation,https://openalex.org/W4284961836,https://doi.org/10.1016/j.jretai.2022.06.002,2022,article,2
Journal of Retailing,Evaluating strategies for promoting retail mobile channel using a hidden Markov model,https://openalex.org/W4293353048,https://doi.org/10.1016/j.jretai.2022.07.001,2022,article,2
Journal of Retailing,Optimal checkout strategies for online retailers,https://openalex.org/W3185335672,https://doi.org/10.1016/j.jretai.2021.06.001,2021,article,3
Journal of Retailing,On The Reference Point Effect of Reserve and Buy It Now Prices,https://openalex.org/W3134321749,https://doi.org/10.1016/j.jretai.2021.01.006,2021,article,2
Journal of Retailing,Internal reference price response across store formats,https://openalex.org/W4200507566,https://doi.org/10.1016/j.jretai.2021.11.001,2021,article,2
Journal of Retailing,FM ii: Copyright/ ID Statement,https://openalex.org/W4327923038,https://doi.org/10.1016/s0022-4359(23)00008-8,2023,article,0
Journal of Retailing,Executive Summaries,https://openalex.org/W4327923891,https://doi.org/10.1016/s0022-4359(23)00010-6,2023,article,0
Journal of Retailing,FM ii: Copyright/ ID Statement,https://openalex.org/W4379381050,https://doi.org/10.1016/s0022-4359(23)00023-4,2023,article,0
Journal of Retailing,Executive Summaries,https://openalex.org/W4379381097,https://doi.org/10.1016/s0022-4359(23)00025-8,2023,article,0
Journal of Retailing,Healthy shopping dynamics: The healthiness of sequential grocery choices,https://openalex.org/W4387458970,https://doi.org/10.1016/j.jretai.2023.09.002,2023,article,0
Journal of Retailing,Executive Summaries,https://openalex.org/W4387478524,https://doi.org/10.1016/s0022-4359(23)00045-3,2023,article,0
Journal of Retailing,FM ii: Copyright/ ID Statement,https://openalex.org/W4387505526,https://doi.org/10.1016/s0022-4359(23)00043-x,2023,article,0
Journal of Retailing,FM ii: Copyright/ ID Statement,https://openalex.org/W4389743789,https://doi.org/10.1016/s0022-4359(23)00065-9,2023,article,0
Journal of Retailing,Executive Summaries,https://openalex.org/W4389743874,https://doi.org/10.1016/s0022-4359(23)00067-2,2023,article,0
Journal of Retailing,Dynamic relationship changes between reviewers and consumers in online product reviews,https://openalex.org/W4390049480,https://doi.org/10.1016/j.jretai.2023.12.001,2023,article,0
Journal of Retailing,Journal of Retailing Updates,https://openalex.org/W3009548945,https://doi.org/10.1016/j.jretai.2020.02.001,2020,article,1
Journal of Retailing,On the Extendibility of Brands with Subordinate versus Basic Category Concepts,https://openalex.org/W3097948357,https://doi.org/10.1016/j.jretai.2020.09.004,2020,article,1
Journal of Retailing,Showcasing articles that focus on metrics and analytics in retailing,https://openalex.org/W3207855151,https://doi.org/10.1016/j.jretai.2021.09.002,2021,article,1
Journal of Retailing,Executive Summaries,https://openalex.org/W4220668263,https://doi.org/10.1016/s0022-4359(22)00020-3,2022,article,0
Journal of Retailing,Contributions of Scholarly Empirical Literature to Retail Thought and Practice,https://openalex.org/W4220887805,https://doi.org/10.1016/j.jretai.2022.03.001,2022,article,0
Journal of Retailing,FM ii: Copyright/ ID Statement,https://openalex.org/W4220964417,https://doi.org/10.1016/s0022-4359(22)00018-5,2022,article,0
Journal of Retailing,Sharing JR 2021 Statistics and Recapping Special Issues,https://openalex.org/W4220991501,https://doi.org/10.1016/j.jretai.2022.03.002,2022,article,0
Journal of Retailing,Bidding Goodbye as JR Editors and Saying Thanks,https://openalex.org/W4283155694,https://doi.org/10.1016/j.jretai.2022.05.001,2022,article,0
Journal of Retailing,Executive Summaries,https://openalex.org/W4283157791,https://doi.org/10.1016/s0022-4359(22)00035-5,2022,article,0
Journal of Retailing,FM ii: Copyright/ ID Statement,https://openalex.org/W4283165866,https://doi.org/10.1016/s0022-4359(22)00033-1,2022,article,0
Journal of Retailing,FM ii: Copyright/ ID Statement,https://openalex.org/W4297199236,https://doi.org/10.1016/s0022-4359(22)00053-7,2022,article,0
Journal of Retailing,Executive Summaries,https://openalex.org/W4297199751,https://doi.org/10.1016/s0022-4359(22)00055-0,2022,article,0
Journal of Retailing,Who owns the brand in the digital retailscape? Revisiting the power balance,https://openalex.org/W4309575461,https://doi.org/10.1016/j.jretai.2022.11.001,2022,article,0
Journal of Retailing,FM ii: Copyright/ ID Statement,https://openalex.org/W4310792023,https://doi.org/10.1016/s0022-4359(22)00064-1,2022,article,0
Journal of Retailing,Sustaining shopping momentum in retail malls using real-time messaging,https://openalex.org/W4310908731,https://doi.org/10.1016/j.jretai.2022.11.002,2022,article,0
Journal of Retailing,Executive Summaries,https://openalex.org/W4311035467,https://doi.org/10.1016/s0022-4359(22)00066-5,2022,article,0
Journal of Retailing,"Journal of Retailing – Status, Awards, and Outlook",https://openalex.org/W3087036778,https://doi.org/10.1016/j.jretai.2020.09.003,2020,article,0
Journal of Retailing,Overview of the issue,https://openalex.org/W3113231178,https://doi.org/10.1016/j.jretai.2020.11.009,2020,article,0
Journal of Retailing,Executive Summaries,https://openalex.org/W4232973566,https://doi.org/10.1016/s0022-4359(20)30033-6,2020,article,0
Journal of Retailing,FM ii: Copyright/ ID Statement,https://openalex.org/W4235504463,https://doi.org/10.1016/s0022-4359(20)30048-8,2020,article,0
Journal of Retailing,Executive Summaries,https://openalex.org/W4236618717,https://doi.org/10.1016/s0022-4359(20)30050-6,2020,article,0
Journal of Retailing,FM ii: Copyright/ ID Statement,https://openalex.org/W4237267852,https://doi.org/10.1016/s0022-4359(20)30082-8,2020,article,0
Journal of Retailing,Executive Summaries,https://openalex.org/W4238831832,https://doi.org/10.1016/s0022-4359(20)30084-1,2020,article,0
Journal of Retailing,FM ii: Copyright/ ID Statement,https://openalex.org/W4241354231,https://doi.org/10.1016/s0022-4359(20)30009-9,2020,article,0
Journal of Retailing,FM ii: Copyright/ ID Statement,https://openalex.org/W4253264465,https://doi.org/10.1016/s0022-4359(20)30031-2,2020,article,0
Journal of Retailing,The Year That Was!,https://openalex.org/W3134318224,https://doi.org/10.1016/j.jretai.2021.02.003,2021,article,0
Journal of Retailing,Showcasing the Diversity of the Journal of Retailing Publications and Celebrating the Davidson Award Winners,https://openalex.org/W3176241882,https://doi.org/10.1016/j.jretai.2021.05.004,2021,article,0
Journal of Retailing,FM ii: Copyright/ ID Statement,https://openalex.org/W4200315164,https://doi.org/10.1016/s0022-4359(21)00073-7,2021,article,0
Journal of Retailing,Executive Summaries,https://openalex.org/W4200464571,https://doi.org/10.1016/s0022-4359(21)00075-0,2021,article,0
Journal of Retailing,Journal of Retailing Status Report 2021,https://openalex.org/W4235896319,https://doi.org/10.1016/j.jretai.2021.08.003,2021,article,0
Journal of Retailing,FM ii: Copyright/ ID Statement,https://openalex.org/W4236804379,https://doi.org/10.1016/s0022-4359(21)00018-x,2021,article,0
Journal of Retailing,Executive Summaries,https://openalex.org/W4239785990,https://doi.org/10.1016/s0022-4359(21)00042-7,2021,article,0
Journal of Retailing,FM,https://openalex.org/W4248132297,https://doi.org/10.1016/s0022-4359(21)00040-3,2021,article,0
Journal of Retailing,FM ii: Copyright/ ID Statement,https://openalex.org/W4248388884,https://doi.org/10.1016/s0022-4359(21)00055-5,2021,article,0
Journal of Retailing,Executive Summaries,https://openalex.org/W4253243142,https://doi.org/10.1016/s0022-4359(21)00057-9,2021,article,0
