source_journal,work_title,work_oaid,DOI,pub_year,work_type,all_cited_by_count
Marketing Science,The Effect of Home-Sharing on House Prices and Rents: Evidence from Airbnb,https://openalex.org/W3121369075,https://doi.org/10.1287/mksc.2020.1227,2020,article,198
Marketing Science,Visual Listening In: Extracting Brand Image Portrayed on Social Media,https://openalex.org/W3040692926,https://doi.org/10.1287/mksc.2020.1226,2020,article,140
Marketing Science,Consumer Privacy Choice in Online Advertising: Who Opts Out and at What Cost to Industry?,https://openalex.org/W2752737288,https://doi.org/10.1287/mksc.2019.1198,2020,article,138
Marketing Science,Targeting and Privacy in Mobile Advertising,https://openalex.org/W2801092864,https://doi.org/10.1287/mksc.2020.1235,2020,article,136
Marketing Science,Do Larger Audiences Generate Greater Revenues Under Pay What You Want? Evidence from a Live Streaming Platform,https://openalex.org/W3193549051,https://doi.org/10.1287/mksc.2021.1292,2021,article,114
Marketing Science,Regulatory Spillovers and Data Governance: Evidence from the GDPR,https://openalex.org/W4220692215,https://doi.org/10.1287/mksc.2021.1339,2022,article,112
Marketing Science,The Market for Fake Reviews,https://openalex.org/W4214612011,https://doi.org/10.1287/mksc.2022.1353,2022,article,77
Marketing Science,Valuing Intrinsic and Instrumental Preferences for Privacy,https://openalex.org/W4280639040,https://doi.org/10.1287/mksc.2022.1368,2022,article,59
Marketing Science,Strategic Information Sharing of Online Platforms as Resellers or Marketplaces,https://openalex.org/W4306698484,https://doi.org/10.1287/mksc.2022.1397,2022,article,53
Marketing Science,Frontiers: Spilling the Beans on Political Consumerism: Do Social Media Boycotts and Buycotts Translate to Real Sales Impact?,https://openalex.org/W4292790920,https://doi.org/10.1287/mksc.2022.1386,2023,article,40
Marketing Science,Managing Churn to Maximize Profits,https://openalex.org/W2115769109,https://doi.org/10.1287/mksc.2020.1229,2020,article,85
Marketing Science,The Short-Run Effects of the General Data Protection Regulation on Technology Venture Investment,https://openalex.org/W3133890872,https://doi.org/10.1287/mksc.2020.1271,2021,article,74
Marketing Science,Frontiers: Algorithmic Collusion: Supra-competitive Prices via Independent Algorithms,https://openalex.org/W3119821659,https://doi.org/10.1287/mksc.2020.1276,2021,article,70
Marketing Science,Curation Algorithms and Filter Bubbles in Social Networks,https://openalex.org/W3010481888,https://doi.org/10.1287/mksc.2019.1208,2020,article,62
Marketing Science,Reciprocity and Unveiling in Two-Sided Reputation Systems: Evidence from an Experiment on Airbnb,https://openalex.org/W3201725591,https://doi.org/10.1287/mksc.2021.1311,2021,article,61
Marketing Science,The Effect of Individual Online Reviews on Purchase Likelihood,https://openalex.org/W3161680113,https://doi.org/10.1287/mksc.2020.1278,2021,article,53
Marketing Science,Frontiers: The Persuasive Effect of Fox News: Noncompliance with Social Distancing During the COVID-19 Pandemic,https://openalex.org/W4205270822,https://doi.org/10.1287/mksc.2021.1328,2021,article,49
Marketing Science,Frontiers: Supporting Content Marketing with Natural Language Generation,https://openalex.org/W4214632820,https://doi.org/10.1287/mksc.2022.1354,2022,article,49
Marketing Science,Targeted Advertising and Consumer Inference,https://openalex.org/W3112421631,https://doi.org/10.1287/mksc.2021.1284,2021,article,48
Marketing Science,Frontiers: Can an Artificial Intelligence Algorithm Mitigate Racial Economic Inequality? An Analysis in the Context of Airbnb,https://openalex.org/W3184694980,https://doi.org/10.1287/mksc.2021.1295,2021,article,48
Marketing Science,The Value of Descriptive Analytics: Evidence from Online Retailers,https://openalex.org/W4220770955,https://doi.org/10.1287/mksc.2022.1352,2022,article,43
Marketing Science,Close Enough? A Large-Scale Exploration of Non-Experimental Approaches to Advertising Measurement,https://openalex.org/W4309046271,https://doi.org/10.1287/mksc.2022.1413,2022,article,43
Marketing Science,Frontiers: Spilling the Beans on Political Consumerism: Do Social Media Boycotts and Buycotts Translate to Real Sales Impact?,https://openalex.org/W4292790920,https://doi.org/10.1287/mksc.2022.1386,2022,article,40
Marketing Science,Implications of Revenue Models and Technology for Content Moderation Strategies,https://openalex.org/W4220805205,https://doi.org/10.1287/mksc.2022.1361,2022,article,34
Marketing Science,Visibility and Peer Influence in Durable Good Adoption,https://openalex.org/W4212877102,https://doi.org/10.1287/mksc.2021.1306,2022,article,32
Marketing Science,Identifying Food Labeling Effects on Consumer Behavior,https://openalex.org/W3124187224,https://doi.org/10.1287/mksc.2022.1356,2022,article,30
Marketing Science,Frontiers: How Support for Black Lives Matter Impacts Consumer Responses on Social Media,https://openalex.org/W4289766643,https://doi.org/10.1287/mksc.2022.1372,2022,article,30
Marketing Science,Dynamic Coupon Targeting Using Batch Deep Reinforcement Learning: An Application to Livestream Shopping,https://openalex.org/W4306950982,https://doi.org/10.1287/mksc.2022.1403,2022,article,29
Marketing Science,Product Aesthetic Design: A Machine Learning Augmentation,https://openalex.org/W4362577905,https://doi.org/10.1287/mksc.2022.1429,2023,article,25
Marketing Science,Leveraging the Power of Images in Managing Product Return Rates,https://openalex.org/W3125286374,https://doi.org/10.1287/mksc.2023.1451,2023,article,24
Marketing Science,Competing for Recommendations: The Strategic Impact of Personalized Product Recommendations in Online Marketplaces,https://openalex.org/W4292059660,https://doi.org/10.1287/mksc.2022.1388,2023,article,23
Marketing Science,I Hear You: Does Quality Improve with Customer Voice?,https://openalex.org/W4362666414,https://doi.org/10.1287/mksc.2023.1437,2023,article,20
Marketing Science,Can AI Help in Ideation? A Theory-Based Model for Idea Screening in Crowdsourcing Contests,https://openalex.org/W4366487778,https://doi.org/10.1287/mksc.2023.1434,2023,article,18
Marketing Science,Do Incentives to Review Help the Market? Evidence from a Field Experiment on Airbnb,https://openalex.org/W4362697170,https://doi.org/10.1287/mksc.2023.1439,2023,article,16
Marketing Science,Welfare Effects of Personalized Rankings,https://openalex.org/W4376617052,https://doi.org/10.1287/mksc.2023.1441,2023,article,16
Marketing Science,Consumer Fairness Concerns and Dynamic Pricing in a Channel,https://openalex.org/W4295925019,https://doi.org/10.1287/mksc.2022.1395,2023,article,15
Marketing Science,Lifting the Veil: The Benefits of Cost Transparency,https://openalex.org/W3017771203,https://doi.org/10.1287/mksc.2019.1200,2020,article,60
Marketing Science,What Do News Aggregators Do? Evidence from Google News in Spain and Germany,https://openalex.org/W3123976429,https://doi.org/10.1287/mksc.2019.1150,2020,article,54
Marketing Science,Two-Sided Price Discrimination by Media Platforms,https://openalex.org/W3010461309,https://doi.org/10.1287/mksc.2019.1211,2020,article,52
Marketing Science,Capturing Changes in Social Media Content: A Multiple Latent Changepoint Topic Model,https://openalex.org/W3010210256,https://doi.org/10.1287/mksc.2019.1212,2020,article,49
Marketing Science,Frontiers: In-Consumption Social Listening with Moment-to-Moment Unstructured Data: The Case of Movie Appreciation and Live Comments,https://openalex.org/W3010513420,https://doi.org/10.1287/mksc.2019.1215,2020,article,47
Marketing Science,Profiting from the Decoy Effect: A Case Study of an Online Diamond Retailer,https://openalex.org/W3046925189,https://doi.org/10.1287/mksc.2020.1231,2020,article,47
Marketing Science,Social Advertising Effectiveness Across Products: A Large-Scale Field Experiment,https://openalex.org/W3081371606,https://doi.org/10.1287/mksc.2020.1240,2020,article,46
Marketing Science,“Let the Sunshine In”: The Impact of Industry Payment Disclosure on Physician Prescription Behavior,https://openalex.org/W3123014060,https://doi.org/10.1287/mksc.2019.1181,2020,article,46
Marketing Science,Media Platforms’ Content Provision Strategies and Sources of Profits,https://openalex.org/W2988645618,https://doi.org/10.1287/mksc.2020.1248,2021,article,44
Marketing Science,Competitive Imperfect Price Discrimination and Market Power,https://openalex.org/W3039397861,https://doi.org/10.1287/mksc.2020.1234,2020,article,44
Marketing Science,Consumer Search and Purchase: An Empirical Investigation of Retargeting Based on Consumer Online Behaviors,https://openalex.org/W3120557670,https://doi.org/10.1287/mksc.2020.1255,2021,article,42
Marketing Science,Frontiers: Virus Shook the Streaming Star: Estimating the COVID-19 Impact on Music Consumption,https://openalex.org/W3216620175,https://doi.org/10.1287/mksc.2021.1321,2021,article,41
Marketing Science,Influencing Social Media Influencers Through Affiliation,https://openalex.org/W4200078262,https://doi.org/10.1287/mksc.2021.1322,2021,article,40
Marketing Science,Letting Logos Speak: Leveraging Multiview Representation Learning for Data-Driven Branding and Logo Design,https://openalex.org/W4225582302,https://doi.org/10.1287/mksc.2021.1326,2021,article,36
Marketing Science,Beyond Consumer Switching: Supply Responses to Food Packaging and Advertising Regulations,https://openalex.org/W4226146693,https://doi.org/10.1287/mksc.2021.1315,2022,article,28
Marketing Science,Competing for Recommendations: The Strategic Impact of Personalized Product Recommendations in Online Marketplaces,https://openalex.org/W4292059660,https://doi.org/10.1287/mksc.2022.1388,2022,article,25
Marketing Science,Network Formation and Bargaining in Vertical Markets: The Case of Narrow Networks in Health Insurance,https://openalex.org/W4225676818,https://doi.org/10.1287/mksc.2021.1331,2022,article,24
Marketing Science,Frontiers: Polarized America: From Political Polarization to Preference Polarization,https://openalex.org/W4311861511,https://doi.org/10.1287/mksc.2022.1408,2022,article,24
Marketing Science,Skippable Ads: Interactive Advertising on Digital Media Platforms,https://openalex.org/W4226030606,https://doi.org/10.1287/mksc.2021.1324,2022,article,23
Marketing Science,Design of Platform Reputation Systems: Optimal Information Disclosure,https://openalex.org/W4296613432,https://doi.org/10.1287/mksc.2022.1392,2022,article,23
Marketing Science,Search Gaps and Consumer Fatigue,https://openalex.org/W4220833915,https://doi.org/10.1287/mksc.2022.1359,2022,article,22
Marketing Science,GMO and Non-GMO Labeling Effects: Evidence from a Quasi-Natural Experiment,https://openalex.org/W4293660518,https://doi.org/10.1287/mksc.2022.1375,2023,article,12
Marketing Science,Frontiers: Estimating the Long-Term Impact of Major Events on Consumption Patterns: Evidence from COVID-19,https://openalex.org/W4382539648,https://doi.org/10.1287/mksc.2023.1443,2023,article,12
Marketing Science,Gender-Based Pricing in Consumer Packaged Goods: A Pink Tax?,https://openalex.org/W4384697632,https://doi.org/10.1287/mksc.2023.1452,2023,article,11
Marketing Science,Browsing the Aisles or Browsing the App? How Online Grocery Shopping is Changing What We Buy,https://openalex.org/W4388032187,https://doi.org/10.1287/mksc.2022.0292,2023,article,10
Marketing Science,Dynamic Pricing and Organic Waste Bans: A Study of Grocery Retailers’ Incentives to Reduce Food Waste,https://openalex.org/W4389733286,https://doi.org/10.1287/mksc.2020.0214,2023,article,10
Marketing Science,Search Duration,https://openalex.org/W4214743059,https://doi.org/10.1287/mksc.2020.1225,2020,article,41
Marketing Science,Price Fairness and Strategic Obfuscation,https://openalex.org/W3091741951,https://doi.org/10.1287/mksc.2020.1244,2020,article,40
Marketing Science,Consumer Misinformation and the Brand Premium: A Private Label Blind Taste Test,https://openalex.org/W2899553109,https://doi.org/10.1287/mksc.2019.1189,2020,article,39
Marketing Science,"Rankings of Online Travel Agents, Channel Pricing, and Consumer Protection",https://openalex.org/W2899302442,https://doi.org/10.1287/mksc.2019.1167,2020,article,38
Marketing Science,Identification and Estimation of Forward-Looking Behavior: The Case of Consumer Stockpiling,https://openalex.org/W3123184503,https://doi.org/10.1287/mksc.2019.1193,2020,article,38
Marketing Science,Name Similarity Encourages Generosity: A Field Experiment in Email Personalization,https://openalex.org/W2919694399,https://doi.org/10.1287/mksc.2019.1220,2020,article,37
Marketing Science,Consumer Protection on Kickstarter,https://openalex.org/W3000546774,https://doi.org/10.1287/mksc.2019.1203,2020,article,37
Marketing Science,Referral Reward Size and New Customer Profitability,https://openalex.org/W3089794748,https://doi.org/10.1287/mksc.2020.1242,2020,article,35
Marketing Science,Price Salience and Product Choice,https://openalex.org/W2898806675,https://doi.org/10.1287/mksc.2020.1261,2021,article,32
Marketing Science,Designing an Online Retail Marketplace: Leveraging Information from Sponsored Advertising,https://openalex.org/W3214685177,https://doi.org/10.1287/mksc.2021.1307,2021,article,32
Marketing Science,Frontiers: The Impact of Ad-Blockers on Online Consumer Behavior,https://openalex.org/W3205317107,https://doi.org/10.1287/mksc.2021.1309,2021,article,31
Marketing Science,The Fateful First Consumer Review,https://openalex.org/W3128058776,https://doi.org/10.1287/mksc.2020.1264,2021,article,29
Marketing Science,Estimation of Preference Heterogeneity in Markets with Costly Search,https://openalex.org/W3189043304,https://doi.org/10.1287/mksc.2021.1287,2021,article,28
Marketing Science,Frontiers: The Identity Fragmentation Bias,https://openalex.org/W4221052919,https://doi.org/10.1287/mksc.2022.1360,2022,article,21
Marketing Science,"How Viewer Tuning, Presence, and Attention Respond to Ad Content and Predict Brand Search Lift",https://openalex.org/W4210929366,https://doi.org/10.1287/mksc.2021.1344,2022,article,19
Marketing Science,Reputation Inflation,https://openalex.org/W4225326233,https://doi.org/10.1287/mksc.2022.1350,2022,article,19
Marketing Science,Frontiers: Impact of Stay-at-Home-Orders and Cost-of-Living on Stimulus Response: Evidence from the CARES Act,https://openalex.org/W4205791218,https://doi.org/10.1287/mksc.2021.1329,2022,article,18
Marketing Science,When the Data Are Out: Measuring Behavioral Changes Following a Data Breach,https://openalex.org/W4385873982,https://doi.org/10.1287/mksc.2019.0208,2023,article,9
Marketing Science,Pricing Strategy of Competing Media Platforms,https://openalex.org/W4386031787,https://doi.org/10.1287/mksc.2021.0092,2023,article,9
Marketing Science,Automating the B2B Salesperson Pricing Decisions: A Human-Machine Hybrid Approach,https://openalex.org/W4378981551,https://doi.org/10.1287/mksc.2023.1449,2023,article,8
Marketing Science,Modeling Dynamics in Crowdfunding,https://openalex.org/W3009803536,https://doi.org/10.1287/mksc.2019.1209,2020,article,34
Marketing Science,Temporal Reframing and Participation in a Savings Program: A Field Experiment,https://openalex.org/W2808805078,https://doi.org/10.1287/mksc.2019.1177,2020,article,33
Marketing Science,Price Bargaining and Competition in Online Platforms: An Empirical Analysis of the Daily Deal Market,https://openalex.org/W2796335455,https://doi.org/10.1287/mksc.2019.1213,2020,article,32
Marketing Science,"When Consumers Learn, Money Burns: Signaling Quality via Advertising with Observational Learning and Word of Mouth",https://openalex.org/W3088600709,https://doi.org/10.1287/mksc.2020.1246,2020,article,32
Marketing Science,Service Product Design and Consumer Refund Policies,https://openalex.org/W3010416066,https://doi.org/10.1287/mksc.2019.1204,2020,article,30
Marketing Science,Conspicuous by Its Absence: Diagnostic Expert Testing Under Uncertainty,https://openalex.org/W2969208445,https://doi.org/10.1287/mksc.2019.1201,2020,article,29
Marketing Science,Cryptocurrency Adoption with Speculative Price Bubbles,https://openalex.org/W3092108414,https://doi.org/10.1287/mksc.2020.1247,2020,article,29
Marketing Science,The Impact of Increase in Minimum Wages on Consumer Perceptions of Service: A Transformer Model of Online Restaurant Reviews,https://openalex.org/W3194399335,https://doi.org/10.1287/mksc.2021.1294,2021,article,27
Marketing Science,Understanding Large-Scale Dynamic Purchase Behavior,https://openalex.org/W3149213291,https://doi.org/10.1287/mksc.2020.1279,2021,article,25
Marketing Science,The Impact of Coupons on the Visit-to-Purchase Funnel,https://openalex.org/W2980340437,https://doi.org/10.1287/mksc.2020.1232,2021,article,24
Marketing Science,Skippable Ads: Interactive Advertising on Digital Media Platforms,https://openalex.org/W4226030606,https://doi.org/10.1287/mksc.2021.1324,2021,article,24
Marketing Science,The Effect of Over-the-Top Media Services on Piracy Search: Evidence from a Natural Experiment,https://openalex.org/W3128754471,https://doi.org/10.1287/mksc.2020.1256,2021,article,23
Marketing Science,Optimal Price Targeting,https://openalex.org/W4293575985,https://doi.org/10.1287/mksc.2022.1387,2022,article,17
Marketing Science,Consumer Fairness Concerns and Dynamic Pricing in a Channel,https://openalex.org/W4295925019,https://doi.org/10.1287/mksc.2022.1395,2022,article,16
Marketing Science,Platform Search Design: The Roles of Precision and Price,https://openalex.org/W4282010828,https://doi.org/10.1287/mksc.2022.1370,2022,article,15
Marketing Science,The Effect of Short-Term Rentals on Residential Investment,https://openalex.org/W4304944435,https://doi.org/10.1287/mksc.2022.1409,2022,article,15
Marketing Science,Advertising as a Reminder: Evidence from the Dutch State Lottery,https://openalex.org/W3140738765,https://doi.org/10.1287/mksc.2022.1405,2023,article,8
Marketing Science,"Search, Showrooming, and Retailer Variety",https://openalex.org/W3161629954,https://doi.org/10.1287/mksc.2022.1376,2023,article,8
Marketing Science,Frontiers: Which Firms Gain from Digital Advertising? Evidence from a Field Experiment,https://openalex.org/W4362666349,https://doi.org/10.1287/mksc.2023.1436,2023,article,7
Marketing Science,Platform Manipulation in Online Retail Marketplace with Sponsored Advertising,https://openalex.org/W4376135525,https://doi.org/10.1287/mksc.2023.1446,2023,article,7
Marketing Science,Manufacturer–Retailer Relationships and the Distribution of New Products,https://openalex.org/W4376612621,https://doi.org/10.1287/mksc.2023.1445,2023,article,7
Marketing Science,Regulating Deceptive Advertising: False Claims and Skeptical Consumers,https://openalex.org/W3031559343,https://doi.org/10.1287/mksc.2020.1221,2020,article,28
Marketing Science,The Impact of Coupons on the Visit-to-Purchase Funnel,https://openalex.org/W2980340437,https://doi.org/10.1287/mksc.2020.1232,2020,article,24
Marketing Science,"Digital Piracy, Creative Productivity, and Customer Care Effort: Evidence from the Digital Publishing Industry",https://openalex.org/W3116060182,https://doi.org/10.1287/mksc.2020.1275,2021,article,22
Marketing Science,Reaching for Gold: Frequent-Flyer Status Incentives and Moral Hazard,https://openalex.org/W4221128290,https://doi.org/10.1287/mksc.2021.1341,2022,article,14
Marketing Science,Using Deep Learning to Overcome Privacy and Scalability Issues in Customer Data Transfer,https://openalex.org/W4289544819,https://doi.org/10.1287/mksc.2022.1365,2022,article,13
Marketing Science,GMO and Non-GMO Labeling Effects: Evidence from a Quasi-Natural Experiment,https://openalex.org/W4293660518,https://doi.org/10.1287/mksc.2022.1375,2022,article,13
Marketing Science,History and Country-of-Origin Effects,https://openalex.org/W4362554697,https://doi.org/10.1287/mksc.2023.1440,2023,article,6
Marketing Science,Endogenous Consumption and Metered Paywalls,https://openalex.org/W4376862733,https://doi.org/10.1287/mksc.2023.1444,2023,article,6
Marketing Science,Put Your Mouth Where Your Money Is: A Field Experiment Encouraging Donors to Share About Charity,https://openalex.org/W4385666654,https://doi.org/10.1287/mksc.2023.1450,2023,article,6
Marketing Science,"Frontiers: The Interplay of User-Generated Content, Content Industry Revenues, and Platform Regulation: Quasi-Experimental Evidence from YouTube",https://openalex.org/W4387975453,https://doi.org/10.1287/mksc.2022.0080,2023,article,6
Marketing Science,Virtual Collaboration Technology and International Business Coaching: Examining the Impact on Marketing Strategies and Sales,https://openalex.org/W4388568520,https://doi.org/10.1287/mksc.2019.0121,2023,article,6
Marketing Science,Advertising in Health Insurance Markets,https://openalex.org/W3124042003,https://doi.org/10.1287/mksc.2018.1086,2020,article,23
Marketing Science,Consumer Reactions to Drip Pricing,https://openalex.org/W2795000143,https://doi.org/10.1287/mksc.2019.1207,2020,article,22
Marketing Science,Preference Learning and Demand Forecast,https://openalex.org/W3086290744,https://doi.org/10.1287/mksc.2020.1238,2020,article,21
Marketing Science,List Price and Discount in a Stochastic Selling Process,https://openalex.org/W3127265587,https://doi.org/10.1287/mksc.2020.1257,2021,article,19
Marketing Science,Can Non-tiered Customer Loyalty Programs Be Profitable?,https://openalex.org/W3138439436,https://doi.org/10.1287/mksc.2020.1268,2021,article,19
Marketing Science,The Role of Time-Varying Contextual Factors in Latent Attrition Models for Customer Base Analysis,https://openalex.org/W3121265029,https://doi.org/10.1287/mksc.2020.1254,2021,article,17
Marketing Science,Morphing for Consumer Dynamics: Bandits Meet Hidden Markov Models,https://openalex.org/W4211153006,https://doi.org/10.1287/mksc.2021.1346,2022,article,12
Marketing Science,Estimating Marketing Component Effects: Double Machine Learning from Targeted Digital Promotions,https://openalex.org/W4298042940,https://doi.org/10.1287/mksc.2022.1401,2022,article,12
Marketing Science,Optimizing User Engagement Through Adaptive Ad Sequencing,https://openalex.org/W4313242248,https://doi.org/10.1287/mksc.2022.1423,2022,article,12
Marketing Science,Look the Part? The Role of Profile Pictures in Online Labor Markets,https://openalex.org/W4313242284,https://doi.org/10.1287/mksc.2022.1425,2022,article,12
Marketing Science,Integrating Textual Information into Models of Choice and Scaled Response Data,https://openalex.org/W4206161077,https://doi.org/10.1287/mksc.2021.1337,2022,article,11
Marketing Science,Millennials and the Takeoff of Craft Brands: Preference Formation in the U.S. Beer Industry,https://openalex.org/W4281768622,https://doi.org/10.1287/mksc.2022.1371,2022,article,11
Marketing Science,The Persistence of Healthy Behaviors in Food Purchasing,https://openalex.org/W4294225772,https://doi.org/10.1287/mksc.2022.1396,2022,article,11
Marketing Science,Cashing Out Retirement Savings at Job Separation,https://openalex.org/W4308595621,https://doi.org/10.1287/mksc.2022.1404,2022,article,11
Marketing Science,Collaborate to Compete: An Empirical Matching Game Under Incomplete Information in Rank-Order Tournaments,https://openalex.org/W4312179094,https://doi.org/10.1287/mksc.2022.1417,2023,article,5
Marketing Science,A Bias Correction Approach for Interference in Ranking Experiments,https://openalex.org/W4387495865,https://doi.org/10.1287/mksc.2022.0046,2023,article,5
Marketing Science,Quality Information Disclosure and Patient Reallocation in the Healthcare Industry: Evidence from Cardiac Surgery Report Cards,https://openalex.org/W2965670749,https://doi.org/10.1287/mksc.2018.1146,2020,article,20
Marketing Science,Improving Text Analysis Using Sentence Conjunctions and Punctuation,https://openalex.org/W2587517108,https://doi.org/10.1287/mksc.2019.1214,2020,article,19
Marketing Science,The End of the Express Road for Hybrid Vehicles: Can Governments’ Green Product Incentives Backfire?,https://openalex.org/W3092147617,https://doi.org/10.1287/mksc.2020.1239,2020,article,19
Marketing Science,The Path to Click: Are You on It?,https://openalex.org/W2182192623,https://doi.org/10.1287/mksc.2020.1253,2020,article,18
Marketing Science,A Theoretical Analysis of the Lean Start-up Method,https://openalex.org/W3134350199,https://doi.org/10.1287/mksc.2020.1269,2021,article,16
Marketing Science,Competitive Advertising on Brand Search: Traffic Stealing and Click Quality,https://openalex.org/W3196230491,https://doi.org/10.1287/mksc.2021.1289,2021,article,16
Marketing Science,Economic Impact of Category Captaincy: An Examination of Assortments and Prices,https://openalex.org/W1769525332,https://doi.org/10.1287/mksc.2020.1251,2021,article,15
Marketing Science,Low-Price Guarantees in a Dual Channel of Distribution,https://openalex.org/W3144980610,https://doi.org/10.1287/mksc.2020.1272,2021,article,15
Marketing Science,“Meet Me Halfway”: The Costs and Benefits of Bargaining,https://openalex.org/W3197787713,https://doi.org/10.1287/mksc.2021.1296,2021,article,15
Marketing Science,Modeling Dynamic User Interests: A Neural Matrix Factorization Approach,https://openalex.org/W3199620427,https://doi.org/10.1287/mksc.2021.1293,2021,article,15
Marketing Science,Signaling Through Advertising When an Ad Can Be Blocked,https://openalex.org/W3215346276,https://doi.org/10.1287/mksc.2021.1288,2021,article,15
Marketing Science,Open and Private Exchanges in Display Advertising,https://openalex.org/W4297997746,https://doi.org/10.1287/mksc.2022.1399,2022,article,10
Marketing Science,Identifying State Dependence in Brand Choice: Evidence from Hurricanes,https://openalex.org/W4311705165,https://doi.org/10.1287/mksc.2022.1415,2022,article,10
Marketing Science,Targeting Advertising Spending and Price on the Hotelling Line,https://openalex.org/W4313575752,https://doi.org/10.1287/mksc.2022.1422,2023,article,4
Marketing Science,Unlimited Testing: Let’s Test Your Emails with AI,https://openalex.org/W4385428979,https://doi.org/10.1287/mksc.2021.0126,2023,article,4
Marketing Science,Protecting Consumers from Themselves: Assessing Consequences of Usage Restriction Laws on Online Game Usage and Spending,https://openalex.org/W3001620899,https://doi.org/10.1287/mksc.2019.1174,2020,article,17
Marketing Science,Introduction to the Special Issue on Marketing Science and Field Experiments,https://openalex.org/W3097146167,https://doi.org/10.1287/mksc.2020.1266,2020,article,17
Marketing Science,Higher Minimum Quality Standards and Redistributive Effects on Consumer Welfare,https://openalex.org/W2899932731,https://doi.org/10.1287/mksc.2019.1172,2020,article,16
Marketing Science,Spillovers from Mass Advertising: An Identification Strategy,https://openalex.org/W3043105903,https://doi.org/10.1287/mksc.2019.1217,2020,article,16
Marketing Science,Upstream Exploitation and Strategic Disclosure,https://openalex.org/W3083242117,https://doi.org/10.1287/mksc.2019.1216,2020,article,16
Marketing Science,Exact MCMC for Choices from Menus—Measuring Substitution and Complementarity Among Menu Items,https://openalex.org/W3121870833,https://doi.org/10.1287/mksc.2019.1191,2020,article,16
Marketing Science,I Will Survive: Predicting Business Failures from Customer Ratings,https://openalex.org/W3178201586,https://doi.org/10.1287/mksc.2021.1317,2021,article,14
Marketing Science,"Search, Showrooming, and Retailer Variety",https://openalex.org/W3161629954,https://doi.org/10.1287/mksc.2022.1376,2022,article,9
Marketing Science,"Consumer Search, Price Promotions, and Counter-Cyclic Pricing",https://openalex.org/W4205749322,https://doi.org/10.1287/mksc.2021.1327,2022,article,9
Marketing Science,Writing More Compelling Creative Appeals: A Deep Learning-Based Approach,https://openalex.org/W4220684069,https://doi.org/10.1287/mksc.2022.1351,2022,article,9
Marketing Science,"Superior Knowledge, Price Discrimination, and Customer Inspection",https://openalex.org/W4221117034,https://doi.org/10.1287/mksc.2022.1355,2022,article,9
Marketing Science,Mapping Market Structure Evolution,https://openalex.org/W4296106216,https://doi.org/10.1287/mksc.2022.1385,2022,article,9
Marketing Science,Consumer Transportation Costs and the Value of E-Commerce: Evidence from the Dutch Apparel Industry,https://openalex.org/W4313417216,https://doi.org/10.1287/mksc.2022.1421,2022,article,9
Marketing Science,Frontiers: Framing Price Increase as Discount: A New Manipulation of Reference Price,https://openalex.org/W4303191036,https://doi.org/10.1287/mksc.2022.1402,2023,article,4
Marketing Science,Advertising as Information for Ranking E-Commerce Search Listings,https://openalex.org/W4384447460,https://doi.org/10.1287/mksc.2021.0292,2023,article,4
Marketing Science,Advertising and Content Creation on Digital Content Platforms,https://openalex.org/W4389389451,https://doi.org/10.1287/mksc.2022.0387,2023,article,4
Marketing Science,Frontiers: Shrinkflation Aversion: When and Why Product Size Decreases Are Seen as More Unfair than Equivalent Price Increases,https://openalex.org/W4390002212,https://doi.org/10.1287/mksc.2023.0269,2023,article,4
Marketing Science,How Does a Firm Adapt in a Changing World? The Case of Prosper Marketplace,https://openalex.org/W4390273624,https://doi.org/10.1287/mksc.2022.0198,2023,article,4
Marketing Science,Economic Impact of Category Captaincy: An Examination of Assortments and Prices,https://openalex.org/W1769525332,https://doi.org/10.1287/mksc.2020.1251,2020,article,15
Marketing Science,Increasing Retailer Loyalty Through the Use of Cash Back Rebate Sites,https://openalex.org/W2613634593,https://doi.org/10.1287/mksc.2019.1202,2020,article,15
Marketing Science,Introduction to the Special Issue on Marketing Science and Health,https://openalex.org/W3033977176,https://doi.org/10.1287/mksc.2020.1230,2020,article,15
Marketing Science,Entry of Platforms into Complementary Hardware Access Product Markets,https://openalex.org/W3092379371,https://doi.org/10.1287/mksc.2020.1249,2020,article,15
Marketing Science,Impact of Political Television Advertisements on Viewers’ Response to Subsequent Advertisements,https://openalex.org/W3095723458,https://doi.org/10.1287/mksc.2020.1260,2021,article,13
Marketing Science,A Dynamic Model of Optimal Retargeting,https://openalex.org/W3128061789,https://doi.org/10.1287/mksc.2020.1267,2021,article,13
Marketing Science,Time-Inconsistent Preferences and Strategic Self-Control in Digital Content Consumption,https://openalex.org/W3211503479,https://doi.org/10.1287/mksc.2021.1318,2021,article,13
Marketing Science,Star-Cursed Lovers: Role of Popularity Information in Online Dating,https://openalex.org/W3212262880,https://doi.org/10.1287/mksc.2021.1301,2021,article,13
Marketing Science,The Perils of Personalized Pricing with Network Effects,https://openalex.org/W4200320742,https://doi.org/10.1287/mksc.2021.1323,2021,article,12
Marketing Science,Determinants of Channel Profitability: Retailers’ Control over Product Selections as Contracting Leverage,https://openalex.org/W4205239680,https://doi.org/10.1287/mksc.2021.1308,2021,article,12
Marketing Science,Advertising as a Reminder: Evidence from the Dutch State Lottery,https://openalex.org/W3140738765,https://doi.org/10.1287/mksc.2022.1405,2022,article,8
Marketing Science,Intertemporal Price Discrimination in Sequential Quantity-Price Games,https://openalex.org/W3143960053,https://doi.org/10.1287/mksc.2021.1345,2022,article,8
Marketing Science,Strategic Research and Development Investment Decisions in the Pharmaceutical Industry,https://openalex.org/W3021039304,https://doi.org/10.1287/mksc.2020.1224,2020,article,14
Marketing Science,Impact of Political Television Advertisements on Viewers’ Response to Subsequent Advertisements,https://openalex.org/W3095723458,https://doi.org/10.1287/mksc.2020.1260,2020,article,13
Marketing Science,Scalable Optimal Online Auctions,https://openalex.org/W3138848038,https://doi.org/10.1287/mksc.2021.1283,2021,article,11
Marketing Science,Simplifying Bias Correction for Selective Sampling: A Unified Distribution-Free Approach to Handling Endogenously Selected Samples,https://openalex.org/W4220743972,https://doi.org/10.1287/mksc.2021.1330,2022,article,7
Marketing Science,Selecting Data Granularity and Model Specification Using the Scaled Power Likelihood with Multiple Weights,https://openalex.org/W4225947971,https://doi.org/10.1287/mksc.2021.1340,2022,article,7
Marketing Science,A Multiarmed Bandit Approach for House Ads Recommendations,https://openalex.org/W4285387232,https://doi.org/10.1287/mksc.2022.1378,2022,article,7
Marketing Science,New Features Free of Charge? Intertemporal Product Versions and Pricing in the Software Market,https://openalex.org/W4292737862,https://doi.org/10.1287/mksc.2022.1389,2022,article,7
Marketing Science,A Model of Product Portfolio Design: Guiding Consumer Search Through Brand Positioning,https://openalex.org/W4313364551,https://doi.org/10.1287/mksc.2022.1424,2022,article,7
Marketing Science,Discriminatory Trade Promotions in Consumer Search Markets,https://openalex.org/W4313558362,https://doi.org/10.1287/mksc.2022.1380,2023,article,3
Marketing Science,Rebates Offered by a Multiproduct Firm,https://openalex.org/W4321595762,https://doi.org/10.1287/mksc.2023.1430,2023,article,3
Marketing Science,Making Inclusive Product Design a Reality: How Company Culture and Research Bias Impact Investment,https://openalex.org/W4372294791,https://doi.org/10.1287/mksc.2023.1438,2023,article,3
Marketing Science,What Cookie-Based Advertising Effectiveness Fails to Measure,https://openalex.org/W4383906852,https://doi.org/10.1287/mksc.2023.1453,2023,article,3
Marketing Science,Online Search and Optimal Product Rankings: An Empirical Framework,https://openalex.org/W4390060824,https://doi.org/10.1287/mksc.2022.0071,2023,article,3
Marketing Science,Frontiers: Breaking the Glass Ceiling: Empowering Female Entrepreneurs Through Female Mentors,https://openalex.org/W4390105117,https://doi.org/10.1287/mksc.2023.0108,2023,article,3
Marketing Science,Critical Condition: People Don’t Dislike a Corporate Experiment More Than They Dislike Its Worst Condition,https://openalex.org/W2902205430,https://doi.org/10.1287/mksc.2019.1166,2020,article,12
Marketing Science,Random-Coefficients Logit Demand Estimation with Zero-Valued Market Shares,https://openalex.org/W3009688265,https://doi.org/10.1287/mksc.2020.1280,2021,article,10
Marketing Science,Markdowns in Seasonal Conspicuous Goods,https://openalex.org/W2977049620,https://doi.org/10.1287/mksc.2020.1223,2020,article,10
Marketing Science,A Model of Brand Architecture Choice: A House of Brands vs. A Branded House,https://openalex.org/W3090403755,https://doi.org/10.1287/mksc.2020.1245,2020,article,10
Marketing Science,Optimizing Price Menus for Duration Discounts: A Subscription Selectivity Field Experiment,https://openalex.org/W3093947042,https://doi.org/10.1287/mksc.2020.1265,2020,article,10
Marketing Science,How and When to Use the Political Cycle to Identify Advertising Effects,https://openalex.org/W2962025270,https://doi.org/10.1287/mksc.2020.1258,2021,article,9
Marketing Science,A Model of Brand Architecture Choice: A House of Brands vs. A Branded House,https://openalex.org/W3090403755,https://doi.org/10.1287/mksc.2020.1245,2021,article,9
Marketing Science,Endogenous Evaluation and Sequential Search,https://openalex.org/W3127324568,https://doi.org/10.1287/mksc.2020.1270,2021,article,9
Marketing Science,Pricing Under Dynamic Competition When Loyal Consumers Stockpile,https://openalex.org/W3129090773,https://doi.org/10.1287/mksc.2020.1262,2021,article,9
Marketing Science,Informational and Noninformational Advertising Content,https://openalex.org/W3202271573,https://doi.org/10.1287/mksc.2021.1291,2021,article,9
Marketing Science,The Value of Verified Employment Data for Consumer Lending: Evidence from Equifax,https://openalex.org/W4226047540,https://doi.org/10.1287/mksc.2021.1335,2021,article,9
Marketing Science,Platform Service Offering to Business Customers: Strategic Considerations in Engendering Seller Use of Marketing Tools,https://openalex.org/W3199955559,https://doi.org/10.1287/mksc.2021.1325,2022,article,6
Marketing Science,The Good-on-Paper Effect: How the Decision Context Influences Virtuous Behavior,https://openalex.org/W4210537866,https://doi.org/10.1287/mksc.2021.1347,2022,article,6
Marketing Science,Persuasion Contest: Disclosing Own and Rival Information,https://openalex.org/W4226217780,https://doi.org/10.1287/mksc.2021.1333,2022,article,6
Marketing Science,Paywall Suspensions and Digital News Subscriptions,https://openalex.org/W4297237344,https://doi.org/10.1287/mksc.2022.1400,2022,article,6
Marketing Science,Designing Dealer Compensation in the Auto-Loan Market: Implications from a Policy Change,https://openalex.org/W4313242261,https://doi.org/10.1287/mksc.2022.1418,2022,article,6
Marketing Science,No Substitute for the Real Thing: The Importance of In-Context Field Experiments in Fundraising,https://openalex.org/W2926068118,https://doi.org/10.1287/mksc.2020.1252,2020,article,9
Marketing Science,How and When to Use the Political Cycle to Identify Advertising Effects,https://openalex.org/W2962025270,https://doi.org/10.1287/mksc.2020.1258,2020,article,9
Marketing Science,Winning Big: Scale and Success in Retail Entrepreneurship,https://openalex.org/W3033082052,https://doi.org/10.1287/mksc.2021.1316,2021,article,8
Marketing Science,Frontiers: Moment Marketing: Measuring Dynamics in Cross-Channel Ad Effectiveness,https://openalex.org/W3120469180,https://doi.org/10.1287/mksc.2020.1277,2021,article,8
Marketing Science,The Importance of Selling Formats: When Integrating Purchase and Quantity Decisions Increases Sales,https://openalex.org/W4280552674,https://doi.org/10.1287/mksc.2022.1364,2022,article,5
Marketing Science,Strategic Communication Before Price Haggling: A Tale of Two Orientations,https://openalex.org/W4285799677,https://doi.org/10.1287/mksc.2022.1363,2022,article,5
Marketing Science,“We Are the World”: When More Equality Improves Efficiency and Antipandemic Consumptions Are Intervened,https://openalex.org/W4288050495,https://doi.org/10.1287/mksc.2022.1381,2022,article,5
Marketing Science,Augmented Difference-in-Differences,https://openalex.org/W4304944237,https://doi.org/10.1287/mksc.2022.1406,2022,article,5
Marketing Science,Collaborate to Compete: An Empirical Matching Game Under Incomplete Information in Rank-Order Tournaments,https://openalex.org/W4312179094,https://doi.org/10.1287/mksc.2022.1417,2022,article,5
Marketing Science,Commentary on “Frontiers: Spilling the Beans on Political Consumerism: Do Social Media Boycotts and Buycotts Translate to Real Sales Impact?”,https://openalex.org/W4307560129,https://doi.org/10.1287/mksc.2022.1414,2023,article,2
Marketing Science,Rejoinder: Spilling More Beans on Political Consumerism: It’s More of the Same Tune,https://openalex.org/W4319301881,https://doi.org/10.1287/mksc.2022.1411,2023,article,2
Marketing Science,Intermediaries in the Online Advertising Market,https://openalex.org/W4362581841,https://doi.org/10.1287/mksc.2023.1435,2023,article,2
Marketing Science,The Design and Targeting of Compliance Promotions,https://openalex.org/W4362697021,https://doi.org/10.1287/mksc.2022.1420,2023,article,2
Marketing Science,Frontiers: Unmasking Social Compliance Behavior During the Pandemic,https://openalex.org/W4367180940,https://doi.org/10.1287/mksc.2022.1419,2023,article,2
Marketing Science,Frontiers: Inequalities in Dealers’ Interest Rate Markups? A Gender- and Race-Based Analysis,https://openalex.org/W4387668380,https://doi.org/10.1287/mksc.2022.0295,2023,article,2
Marketing Science,Combining Observational and Experimental Data to Improve Efficiency Using Imperfect Instruments,https://openalex.org/W4387907661,https://doi.org/10.1287/mksc.2020.0435,2023,article,2
Marketing Science,"Comment on “Frontiers: The Interplay of User-Generated Content, Content Industry Revenues, and Platform Regulation: Quasi-Experimental Evidence from YouTube”",https://openalex.org/W4387975430,https://doi.org/10.1287/mksc.2023.0339,2023,article,2
Marketing Science,Frontiers: A Simple Forward Difference-in-Differences Method,https://openalex.org/W4390002253,https://doi.org/10.1287/mksc.2022.0212,2023,article,2
Marketing Science,Pricing and Quality Provision in a Supply Relationship: A Model of Efficient Relational Contracts,https://openalex.org/W3003500638,https://doi.org/10.1287/mksc.2020.1237,2020,article,8
Marketing Science,Explaining Preference Heterogeneity with Mixed Membership Modeling,https://openalex.org/W3121248203,https://doi.org/10.1287/mksc.2019.1185,2020,article,8
Marketing Science,Value of Aggregators,https://openalex.org/W2767445978,https://doi.org/10.1287/mksc.2020.1236,2020,article,7
Marketing Science,Scalable Data Fusion with Selection Correction: An Application to Customer Base Analysis,https://openalex.org/W3127352546,https://doi.org/10.1287/mksc.2020.1259,2021,article,7
Marketing Science,Do “Made in USA” Claims Matter?,https://openalex.org/W3136034867,https://doi.org/10.1287/mksc.2020.1274,2021,article,7
Marketing Science,Measuring Competition for Attention in Social Media: National Women’s Soccer League Players on Twitter,https://openalex.org/W3203766557,None,2021,article,7
Marketing Science,Pushing Notifications as Dynamic Information Design,https://openalex.org/W3213217104,https://doi.org/10.1287/mksc.2021.1305,2021,article,7
Marketing Science,Introduction to the Special Issue on Consumer Protection,https://openalex.org/W3006564581,https://doi.org/10.1287/mksc.2019.1205,2020,article,7
Marketing Science,Platform Service Offering to Business Customers: Strategic Considerations in Engendering Seller Use of Marketing Tools,https://openalex.org/W3199955559,https://doi.org/10.1287/mksc.2021.1325,2021,article,6
Marketing Science,Raw Ideas in the Fuzzy Front End: Verbosity Increases Perceived Creativity,https://openalex.org/W3203051521,https://doi.org/10.1287/mksc.2021.1300,2021,article,6
Marketing Science,Can Facing the Truth Improve Outcomes? Effects of Information in Consumer Finance,https://openalex.org/W3213661254,https://doi.org/10.1287/mksc.2021.1298,2021,article,6
Marketing Science,"Government Policy, Strategic Consumer Behavior, and Spillovers to Retailers: The Case of Demonetization in India",https://openalex.org/W4220895819,https://doi.org/10.1287/mksc.2022.1358,2022,article,4
Marketing Science,Show and Sell: Studying the Effects of Branded Cigarette Product Placement in TV Shows on Cigarette Sales,https://openalex.org/W4226405207,https://doi.org/10.1287/mksc.2022.1362,2022,article,4
Marketing Science,Frontiers: Framing Price Increase as Discount: A New Manipulation of Reference Price,https://openalex.org/W4303191036,https://doi.org/10.1287/mksc.2022.1402,2022,article,4
Marketing Science,When Bulldozers Loom: Informal Property Rights and Marketing Practice Innovation Among Emerging Market Microentrepreneurs,https://openalex.org/W4311058516,https://doi.org/10.1287/mksc.2022.1379,2022,article,4
Marketing Science,The Air War vs. the Ground Game: An Analysis of Multichannel Marketing in U.S. Presidential Elections,https://openalex.org/W2169705176,https://doi.org/10.1287/mksc.2020.1241,2020,article,6
Marketing Science,When Franchisee Service Affects Demand: An Application to the Car Radiator Market and Resale Price Maintenance,https://openalex.org/W3088497213,https://doi.org/10.1287/mksc.2020.1243,2020,article,5
Marketing Science,Restricting Speculative Reselling: When “How Much” Is the Question,https://openalex.org/W4292058931,https://doi.org/10.1287/mksc.2022.1383,2023,article,1
Marketing Science,Consumer Loyalty Programs and Retail Prices: Evidence from Gasoline Markets,https://openalex.org/W4310533949,https://doi.org/10.1287/mksc.2022.1416,2023,article,1
Marketing Science,Price Dispersion and Legacy Discounts in the National Television Advertising Market,https://openalex.org/W4379516147,https://doi.org/10.1287/mksc.2023.1442,2023,article,1
Marketing Science,Making a Smooth Exit? Menthol Bans and Cigarette Sales in Massachusetts,https://openalex.org/W4385724703,https://doi.org/10.1287/mksc.2022.0361,2023,article,1
Marketing Science,For-Sale-by-Owner Platforms and Intermediation Pricing: Evidence from a Natural Experiment,https://openalex.org/W4386092018,https://doi.org/10.1287/mksc.2022.0245,2023,article,1
Marketing Science,A Dynamic Model of Owner Acceptance in Peer-to-Peer Sharing Markets,https://openalex.org/W4281656846,https://doi.org/10.1287/mksc.2022.1369,2022,article,3
Marketing Science,Channel Coordination of Storable Goods,https://openalex.org/W4293792711,https://doi.org/10.1287/mksc.2022.1394,2022,article,3
Marketing Science,Comment on “Frontiers: Spilling the Beans on Political Consumerism: Do Social Media Boycotts and Buycotts Translate to Real Sales Impact?”,https://openalex.org/W4311525677,https://doi.org/10.1287/mksc.2022.1426,2022,article,3
Marketing Science,Understanding the Effectiveness of Peer Educator Outreach on Reducing Sexually Transmitted Infections: The Role of Prevention vs. Early Detection,https://openalex.org/W2970356728,https://doi.org/10.1287/mksc.2019.1168,2020,article,4
Marketing Science,Digitization and Flexibility: Evidence from the South Korean Movie Market,https://openalex.org/W3135872973,https://doi.org/10.1287/mksc.2020.1282,2021,article,4
Marketing Science,Does Gender Matter? The Effect of Management Responses on Reviewing Behavior,https://openalex.org/W3200241261,https://doi.org/10.1287/mksc.2021.1313,2021,article,4
Marketing Science,What Happens When a Retailer Drops a Product Category? Investigating the Consequences of Ending Tobacco Sales,https://openalex.org/W3202620498,https://doi.org/10.1287/mksc.2021.1299,2021,article,4
Marketing Science,Understanding Managers’ Trade-Offs Between Exploration and Exploitation,https://openalex.org/W3205447781,https://doi.org/10.1287/mksc.2021.1304,2021,article,4
Marketing Science,Social and Spatiotemporal Impacts of Casino Jackpot Events,https://openalex.org/W4206915177,https://doi.org/10.1287/mksc.2021.1342,2022,article,2
Marketing Science,Measuring Income and Wealth Effects on Private-Label Demand with Matched Administrative Data,https://openalex.org/W4220726777,https://doi.org/10.1287/mksc.2021.1334,2022,article,2
Marketing Science,Price Frictions and the Success of New Products,https://openalex.org/W4287981181,https://doi.org/10.1287/mksc.2022.1367,2022,article,2
Marketing Science,Does Concealing Gender Identity Help Women Win the Competition? An Empirical Investigation into Online Video Games,https://openalex.org/W4293575968,https://doi.org/10.1287/mksc.2022.1393,2022,article,2
Marketing Science,Invited Commentary—“How Support for Black Lives Matter Impacts Consumer Responses on Social Media”,https://openalex.org/W4296613579,https://doi.org/10.1287/mksc.2022.1398,2022,article,2
Marketing Science,Commentary on “Frontiers: Spilling the Beans on Political Consumerism: Do Social Media Boycotts and Buycotts Translate to Real Sales Impact?”,https://openalex.org/W4307560129,https://doi.org/10.1287/mksc.2022.1414,2022,article,2
Marketing Science,A Flexible Demand Model for Complements Using Household Production Theory,https://openalex.org/W2906532834,https://doi.org/10.1287/mksc.2019.1218,2020,article,3
Marketing Science,Bankarski marketing: Izazovi i strategije u doba pandemije COVID-19,https://openalex.org/W3041372000,None,2020,article,2
Marketing Science,Do “Little Emperors” Get More Than “Little Empresses”? Boy-Girl Gender Discrimination as Evidenced by Consumption Behavior of Chinese Households,https://openalex.org/W3196938214,https://doi.org/10.1287/mksc.2021.1302,2021,article,2
Marketing Science,Slotting Fees and Price Discrimination in Retail Channels,https://openalex.org/W4289522358,https://doi.org/10.1287/mksc.2022.1373,2022,article,1
Marketing Science,Multiyear Impact of Backorder Delays: A Quasi-Experimental Approach,https://openalex.org/W4289884562,https://doi.org/10.1287/mksc.2022.1384,2022,article,1
Marketing Science,Restricting Speculative Reselling: When “How Much” Is the Question,https://openalex.org/W4292058931,https://doi.org/10.1287/mksc.2022.1383,2022,article,1
Marketing Science,Overage Charge or Loyalty Discount: When Should Extra Consumptions Be Penalized or Rewarded?,https://openalex.org/W4295345643,https://doi.org/10.1287/mksc.2022.1391,2022,article,1
Marketing Science,Consumer Loyalty Programs and Retail Prices: Evidence from Gasoline Markets,https://openalex.org/W4310533949,https://doi.org/10.1287/mksc.2022.1416,2022,article,1
Marketing Science,Practice Prize Report: The 2020 and 2022 ISMS Gary Lilien Practice Prize Competition,https://openalex.org/W4307168042,https://doi.org/10.1287/mksc.2022.1412,2023,article,0
Marketing Science,Focus on Authors,https://openalex.org/W4319301949,https://doi.org/10.1287/mksc.2022.1427,2023,article,0
Marketing Science,2022 <i>Marketing Science</i> Service Awards,https://openalex.org/W4321087074,https://doi.org/10.1287/mksc.2023.1431,2023,article,0
Marketing Science,2022 Guest Associate Editors and Ad Hoc Reviewers,https://openalex.org/W4366394539,https://doi.org/10.1287/mksc.2023.1433,2023,article,0
Marketing Science,Focus on Authors,https://openalex.org/W4366419050,https://doi.org/10.1287/mksc.2023.1432,2023,article,0
Marketing Science,The Power of Commitment in Group Search,https://openalex.org/W4376135551,https://doi.org/10.1287/mksc.2023.1447,2023,article,0
Marketing Science,Focus on Authors,https://openalex.org/W4381294716,https://doi.org/10.1287/mksc.2023.1448,2023,article,0
Marketing Science,Rejoinder on “Competing for Recommendations: The Strategic Impact of Personalized Product Recommendations in Online Marketplaces”,https://openalex.org/W4384130160,https://doi.org/10.1287/mksc.2023.0215,2023,article,0
Marketing Science,Focus on Authors,https://openalex.org/W4384301465,https://doi.org/10.1287/mksc.2023focusonausv42n4,2023,article,0
Marketing Science,A Longitudinal Examination of the Relationship Between National-Level Per Capita Advertising Expenditure and National-Level Life Satisfaction Across 76 Countries,https://openalex.org/W4386626154,https://doi.org/10.1287/mksc.2021.0136,2023,article,0
Marketing Science,Focus on Authors,https://openalex.org/W4386781390,https://doi.org/10.1287/mksc.2023.focusonausv42.n5,2023,article,0
Marketing Science,Toward an Information-Processing Theory of Loss Aversion,https://openalex.org/W4386958362,https://doi.org/10.1287/mksc.2022.0188,2023,article,0
Marketing Science,"Rejoinder on “Frontiers: The Interplay of User-Generated Content, Content Industry Revenues, and Platform Regulation: Quasi-Experimental Evidence from YouTube”",https://openalex.org/W4387972437,https://doi.org/10.1287/mksc.2023.0369,2023,article,0
Marketing Science,Commentary on “Dynamic Incentives in Sales Force Compensation”,https://openalex.org/W4388454773,https://doi.org/10.1287/mksc.2021.0127,2023,article,0
Marketing Science,Rejoinder: Dynamic Incentives in Sales Force Compensation,https://openalex.org/W4388454818,https://doi.org/10.1287/mksc.2022.0423,2023,article,0
Marketing Science,Focus on Authors,https://openalex.org/W4388705982,https://doi.org/10.1287/mksc.2023.focusonausv42.n6,2023,article,0
Marketing Science,"Creation, Consumption, and Control of Sensitive Content",https://openalex.org/W4389195554,https://doi.org/10.1287/mksc.2022.0453,2023,article,0
Marketing Science,Can Merchants Benefit from Entry by (Amazon-Like) Platform if Multiagent Prices Signal Quality?,https://openalex.org/W4389483045,https://doi.org/10.1287/mksc.2021.0227,2023,article,0
Marketing Science,Tied Goods and Consumer Switching Costs,https://openalex.org/W3208184014,https://doi.org/10.1287/mksc.2021.1312,2021,article,1
Marketing Science,Focus on Authors,https://openalex.org/W4211075454,https://doi.org/10.1287/mksc.2021.1343,2022,article,0
Marketing Science,Rejoinder on “Erratum on the Pay-as-You-Wish Model by Chen et al. (2017)”,https://openalex.org/W4213286974,https://doi.org/10.1287/mksc.2022.1348,2022,article,0
Marketing Science,Focus on Authors,https://openalex.org/W4220689306,https://doi.org/10.1287/mksc.2022.1357,2022,article,0
Marketing Science,"2021 Guest Editors, Guest Associate Editors, and Ad Hoc Reviewers",https://openalex.org/W4221013662,https://doi.org/10.1287/mksc.2022.1349,2022,article,0
Marketing Science,Focus on Authors,https://openalex.org/W4280634345,https://doi.org/10.1287/mksc.2022.1366,2022,article,0
Marketing Science,Focus on Authors,https://openalex.org/W4286266279,https://doi.org/10.1287/mksc.2022.1374,2022,article,0
Marketing Science,Focus on Authors,https://openalex.org/W4296637079,https://doi.org/10.1287/mksc.2022.1390,2022,article,0
Marketing Science,Browse or Experience,https://openalex.org/W4297826820,https://doi.org/10.1287/mksc.2022.1382,2022,article,0
Marketing Science,Rejoinder: Heterogeneous Impact of Brands’ Support for Black Lives Matter on Consumer Responses,https://openalex.org/W4303191058,https://doi.org/10.1287/mksc.2022.1407,2022,article,0
Marketing Science,Practice Prize Report: The 2020 and 2022 ISMS Gary Lilien Practice Prize Competition,https://openalex.org/W4307168042,https://doi.org/10.1287/mksc.2022.1412,2022,article,0
Marketing Science,Focus on Authors,https://openalex.org/W4311183215,https://doi.org/10.1287/mksc.2022.1410,2022,article,0
Marketing Science,Practice Prize Report: The 2018 ISMS Gary Lilien Practice Prize Competition,https://openalex.org/W3009224516,https://doi.org/10.1287/mksc.2019.1210,2020,article,0
Marketing Science,Focus On Authors,https://openalex.org/W4232624336,https://doi.org/10.1287/mksc.2020.1263,2020,article,0
Marketing Science,Focus On Authors,https://openalex.org/W4234705284,https://doi.org/10.1287/mksc.2020.1250,2020,article,0
Marketing Science,"2019 Guest Editors, Guest Associate Editors, and Ad Hoc Reviewers",https://openalex.org/W4236417316,https://doi.org/10.1287/mksc.2020.1222,2020,article,0
Marketing Science,Focus On Authors,https://openalex.org/W4239280058,https://doi.org/10.1287/mksc.2020.1233,2020,article,0
Marketing Science,Focus On Authors,https://openalex.org/W4241697722,https://doi.org/10.1287/mksc.2019.1219,2020,article,0
Marketing Science,Focus On Authors,https://openalex.org/W4242940962,https://doi.org/10.1287/mksc.2020.1228,2020,article,0
Marketing Science,Focus On Authors,https://openalex.org/W4245516997,https://doi.org/10.1287/mksc.2020.1273,2020,article,0
Marketing Science,Internalization of Advertising Services: Testing a Theory of the Firm,https://openalex.org/W3193820679,https://doi.org/10.1287/mksc.2021.1290,2021,article,0
Marketing Science,Optimal Bundling of Events,https://openalex.org/W4200104547,https://doi.org/10.1287/mksc.2021.1314,2021,article,0
Marketing Science,Focus On Authors,https://openalex.org/W4206079873,https://doi.org/10.1287/mksc.2021.1297,2021,article,0
Marketing Science,"2020 Guest Editors, Guest Associate Editors, and Ad Hoc Reviewers",https://openalex.org/W4233640615,https://doi.org/10.1287/mksc.2021.1286,2021,article,0
Marketing Science,Focus On Authors,https://openalex.org/W4235402147,https://doi.org/10.1287/mksc.2020.1281,2021,article,0
Marketing Science,Focus On Authors,https://openalex.org/W4242915564,https://doi.org/10.1287/mksc.2021.1320,2021,article,0
Marketing Science,Focus On Authors,https://openalex.org/W4255778457,https://doi.org/10.1287/mksc.2021.1310,2021,article,0
Marketing Science,Focus On Authors,https://openalex.org/W4256581740,https://doi.org/10.1287/mksc.2021.1285,2021,article,0
