source_journal,work_title,work_oaid,DOI,pub_year,work_type,all_cited_by_count
Marketing Science,Mental Accounting and Consumer Choice,https://openalex.org/W2997960800,https://doi.org/10.1287/mksc.4.3.199,1985,article,4153
Marketing Science,Determinants of Continuity in Conventional Industrial Channel Dyads,https://openalex.org/W2047575389,https://doi.org/10.1287/mksc.8.4.310,1989,article,2372
Marketing Science,A Logit Model of Brand Choice Calibrated on Scanner Data,https://openalex.org/W2083833236,https://doi.org/10.1287/mksc.2.3.203,1983,article,1832
Marketing Science,Mental Accounting and Consumer Choice / Теория ментального учета и потребительский выбор,https://openalex.org/W180068945,None,1985,article,1309
Marketing Science,The Choice Theory Approach to Market Research,https://openalex.org/W2099773105,https://doi.org/10.1287/mksc.5.4.275,1986,article,1212
Marketing Science,Managing Channel Profits,https://openalex.org/W103830171,https://doi.org/10.1287/mksc.2.3.239,1983,article,1040
Marketing Science,Optimal Pricing and Return Policies for Perishable Commodities,https://openalex.org/W4236170518,https://doi.org/10.1287/mksc.4.2.166,1985,article,985
Marketing Science,An Industry Equilibrium Analysis of Downstream Vertical Integration,https://openalex.org/W4252966141,https://doi.org/10.1287/mksc.2.2.161,1983,article,921
Marketing Science,Product and Price Competition in a Duopoly,https://openalex.org/W2119406282,https://doi.org/10.1287/mksc.7.2.141,1988,article,779
Marketing Science,"Market Segmentation, Self-Selection, and Product Line Design",https://openalex.org/W2104852617,https://doi.org/10.1287/mksc.3.4.288,1984,article,694
Marketing Science,Price-Induced Patterns of Competition,https://openalex.org/W2119693838,https://doi.org/10.1287/mksc.8.4.291,1989,article,689
Marketing Science,The Salesperson as Outside Agent or Employee: A Transaction Cost Analysis,https://openalex.org/W4232441140,https://doi.org/10.1287/mksc.4.3.234,1985,article,669
Marketing Science,Salesforce Compensation Plans: An Agency Theoretic Perspective,https://openalex.org/W2012525563,https://doi.org/10.1287/mksc.4.4.267,1985,article,596
Marketing Science,"A Logit Model of Brand Choice Calibrated on Scanner Data (Логистическая модель выбора бренда, откалиброванная на панельных данных сканированных штрих-кодов покупок)",https://openalex.org/W30786637,None,1983,article,567
Marketing Science,A Price Discrimination Theory of Coupons,https://openalex.org/W2132818755,https://doi.org/10.1287/mksc.3.2.128,1984,article,483
Marketing Science,Advertising and the Diffusion of New Products,https://openalex.org/W2006992531,https://doi.org/10.1287/mksc.2.1.1,1983,article,464
Marketing Science,Consumer Promotions and the Acceleration of Product Purchases,https://openalex.org/W2122834375,https://doi.org/10.1287/mksc.4.2.147,1985,article,416
Marketing Science,Technical Note—Nonlinear Least Squares Estimation of New Product Diffusion Models,https://openalex.org/W2106616952,https://doi.org/10.1287/mksc.5.2.169,1986,article,403
Marketing Science,Competition and Cooperation in Marketing Channel Choice: Theory and Application,https://openalex.org/W2017629562,https://doi.org/10.1287/mksc.4.2.110,1985,article,400
Marketing Science,Monopolist Pricing with Dynamic Demand and Production Cost,https://openalex.org/W2003455053,https://doi.org/10.1287/mksc.2.2.135,1983,article,385
Marketing Science,Strategic Decentralization in Channels,https://openalex.org/W2085218920,https://doi.org/10.1287/mksc.7.4.335,1988,article,368
Marketing Science,A Model for Customer Complaint Management,https://openalex.org/W1973774762,https://doi.org/10.1287/mksc.7.3.287,1988,article,361
Marketing Science,Defensive Marketing Strategies,https://openalex.org/W106492538,https://doi.org/10.1287/mksc.2.4.319,1983,article,347
Marketing Science,Modeling Multinational Diffusion Patterns: An Efficient Methodology,https://openalex.org/W1982329432,https://doi.org/10.1287/mksc.8.3.231,1989,article,343
Marketing Science,Models and Heuristics for Product Line Selection,https://openalex.org/W2054663093,https://doi.org/10.1287/mksc.4.1.1,1985,article,334
Marketing Science,Comment—Managing Channel Profits: Comment,https://openalex.org/W2078671586,https://doi.org/10.1287/mksc.6.4.375,1987,article,329
Marketing Science,Variety Seeking Through Brand Switching,https://openalex.org/W2029539553,https://doi.org/10.1287/mksc.3.1.1,1984,article,327
Marketing Science,Quantity Discounts: Managerial Issues and Research Opportunities,https://openalex.org/W2082244854,https://doi.org/10.1287/mksc.6.1.1,1987,article,306
Marketing Science,Competitive Price and Quality Under Asymmetric Information,https://openalex.org/W1999368038,https://doi.org/10.1287/mksc.6.3.240,1987,article,294
Marketing Science,Positioning and Pricing a Product Line,https://openalex.org/W2042462687,https://doi.org/10.1287/mksc.7.2.107,1988,article,284
Marketing Science,A Model of Brand Choice and Purchase Quantity Price Sensitivities,https://openalex.org/W2086362027,https://doi.org/10.1287/mksc.7.1.1,1988,article,277
Marketing Science,Maximum Likelihood Estimation for an Innovation Diffusion Model of New Product Acceptance,https://openalex.org/W2038950582,https://doi.org/10.1287/mksc.1.1.57,1982,article,268
Marketing Science,A Nonuniform Influence Innovation Diffusion Model of New Product Acceptance,https://openalex.org/W2050897613,https://doi.org/10.1287/mksc.2.3.273,1983,article,261
Marketing Science,Durable Goods and Product Obsolescence,https://openalex.org/W2152495309,https://doi.org/10.1287/mksc.8.1.35,1989,article,251
Marketing Science,The Relationship Between Market Characteristics and Promotional Price Elasticities,https://openalex.org/W2027524395,https://doi.org/10.1287/mksc.8.2.153,1989,article,242
Marketing Science,Note—Consumer Store Choice and Choice Set Definition,https://openalex.org/W1982727312,https://doi.org/10.1287/mksc.7.3.299,1988,article,229
Marketing Science,On the Reliability and Predictive Validity of Purchase Intention Measures,https://openalex.org/W2081641774,https://doi.org/10.1287/mksc.1.3.243,1982,article,229
Marketing Science,A Two-Stage Disaggregate Attribute Choice Model,https://openalex.org/W2111540864,https://doi.org/10.1287/mksc.6.3.223,1987,article,219
Marketing Science,Does it Pay to Change Your Company's Name? A Stock Market Perspective,https://openalex.org/W2087164452,https://doi.org/10.1287/mksc.6.4.320,1987,article,216
Marketing Science,Advertising Pulsing Policies for Generating Awareness for New Products,https://openalex.org/W2170163970,https://doi.org/10.1287/mksc.5.2.89,1986,article,201
Marketing Science,Optimal Entry Timing for a Product Line Extension,https://openalex.org/W2142083129,https://doi.org/10.1287/mksc.8.1.1,1989,article,199
Marketing Science,Optimal Pricing and Advertising Policies for New Product Oligopoly Models,https://openalex.org/W1974890598,https://doi.org/10.1287/mksc.3.2.148,1984,article,191
Marketing Science,Testing Competitive Market Structures,https://openalex.org/W2120858031,https://doi.org/10.1287/mksc.3.2.83,1984,article,188
Marketing Science,Loss Leader Pricing and Rain Check Policy,https://openalex.org/W1973549258,https://doi.org/10.1287/mksc.6.4.358,1987,article,187
Marketing Science,Choice Map: Inferring a Product-Market Map from Panel Data,https://openalex.org/W2147016894,https://doi.org/10.1287/mksc.7.1.21,1988,article,187
Marketing Science,Modeling Asymmetric Competition,https://openalex.org/W2049245840,https://doi.org/10.1287/mksc.7.4.393,1988,article,185
Marketing Science,SH.A.R.P.: Shelf Allocation for Retailers' Profit,https://openalex.org/W2170179128,https://doi.org/10.1287/mksc.7.3.211,1988,article,183
Marketing Science,The Impact of Competitive Entry in a Developing Market Upon Dynamic Pricing Strategies,https://openalex.org/W2128678464,https://doi.org/10.1287/mksc.5.1.20,1986,article,180
Marketing Science,An Integer Programming Approach to the Optimal Product Line Selection Problem,https://openalex.org/W2146532026,https://doi.org/10.1287/mksc.7.2.126,1988,article,178
Marketing Science,Salesforce Compensation Plans in Environments with Asymmetric Information,https://openalex.org/W2017198656,https://doi.org/10.1287/mksc.5.3.179,1986,article,177
Marketing Science,Marketing Mix Reactions to Entry,https://openalex.org/W2118355742,https://doi.org/10.1287/mksc.7.4.368,1988,article,177
Marketing Science,Note—A Brand Switching Model with Implications for Marketing Strategies,https://openalex.org/W2160251858,https://doi.org/10.1287/mksc.8.1.89,1989,article,168
Marketing Science,A Constrained Unfolding Methodology for Product Positioning,https://openalex.org/W1976630348,https://doi.org/10.1287/mksc.5.1.1,1986,article,154
Marketing Science,Cross-Cultural Marketing Negotiations: A Laboratory Experiment,https://openalex.org/W2022612352,https://doi.org/10.1287/mksc.4.2.130,1985,article,149
Marketing Science,The Relationship Between Distribution and Market Share,https://openalex.org/W2134749256,https://doi.org/10.1287/mksc.8.2.107,1989,article,151
Marketing Science,Optimal Pricing Strategies for New Products in Dynamic Oligopolies,https://openalex.org/W2023190092,https://doi.org/10.1287/mksc.7.4.315,1988,article,149
Marketing Science,Note—Competitive Price and Positioning Strategies,https://openalex.org/W2008988218,https://doi.org/10.1287/mksc.7.1.76,1988,article,140
Marketing Science,Promoter: An Automated Promotion Evaluation System,https://openalex.org/W2038095157,https://doi.org/10.1287/mksc.6.2.101,1987,article,133
Marketing Science,A Model for the Analysis of Asymmetric Data in Marketing Research,https://openalex.org/W2171265773,https://doi.org/10.1287/mksc.1.2.205,1982,article,132
Marketing Science,Salesforce Compensation: Theory and Managerial Implications,https://openalex.org/W1974548775,https://doi.org/10.1287/mksc.8.4.324,1989,article,130
Marketing Science,An Investigation into the Order of the Brand Choice Process,https://openalex.org/W2054309868,https://doi.org/10.1287/mksc.3.4.267,1984,article,124
Marketing Science,Technical Note—Delegating Pricing Responsibility to the Salesforce,https://openalex.org/W2051882081,https://doi.org/10.1287/mksc.5.2.159,1986,article,121
Marketing Science,Optimal Dynamic Pricing For Expanding Networks,https://openalex.org/W2075705252,https://doi.org/10.1287/mksc.4.4.336,1985,article,118
Marketing Science,Note—Channel of Distribution Profits When Channel Members Form Conjectures,https://openalex.org/W2126587801,https://doi.org/10.1287/mksc.7.2.202,1988,article,117
Marketing Science,Technical Note—A Price Vector Model of Demand for Consumer Durables: Preliminary Developments,https://openalex.org/W2014734694,https://doi.org/10.1287/mksc.4.1.74,1985,article,116
Marketing Science,Conjoint Analysis Reliability: Empirical Findings,https://openalex.org/W2151407857,https://doi.org/10.1287/mksc.7.3.271,1988,article,115
Marketing Science,A Model of Balanced Choice Behavior,https://openalex.org/W2014417739,https://doi.org/10.1287/mksc.6.1.48,1987,article,110
Marketing Science,A New Class of Market Share Models,https://openalex.org/W1970630767,https://doi.org/10.1287/mksc.4.3.177,1985,article,106
Marketing Science,"Recall, Recognition, and the Measurement of Memory for Print Advertisements",https://openalex.org/W2003963544,https://doi.org/10.1287/mksc.2.2.95,1983,article,105
Marketing Science,Formal Choice Models in Marketing,https://openalex.org/W2161393824,https://doi.org/10.1287/mksc.2.1.19,1983,article,103
Marketing Science,A Model for Evaluating the Profitability of Coupon Promotions,https://openalex.org/W1998017677,https://doi.org/10.1287/mksc.2.4.361,1983,article,102
Marketing Science,"A Unified Approach to Identifying, Estimating and Testing Demand Structures with Aggregate Scanner Data",https://openalex.org/W2126227802,https://doi.org/10.1287/mksc.8.3.265,1989,article,103
Marketing Science,An Audience Flow Model of Television Viewing Choice,https://openalex.org/W2063401701,https://doi.org/10.1287/mksc.3.2.113,1984,article,98
Marketing Science,Technical Note—A Note on Optimal Strategic Pricing of Technological Innovations,https://openalex.org/W2119750786,https://doi.org/10.1287/mksc.1.4.371,1982,article,97
Marketing Science,Modelling the Effectiveness and Profitability of Trade Promotions,https://openalex.org/W2156419450,https://doi.org/10.1287/mksc.6.2.124,1987,article,97
Marketing Science,Removing Heterogeneity Bias from Logit Model Estimation,https://openalex.org/W2054566726,https://doi.org/10.1287/mksc.7.1.41,1988,article,96
Marketing Science,Application of the “Defender” Consumer Model,https://openalex.org/W2170719231,https://doi.org/10.1287/mksc.3.4.327,1984,article,95
Marketing Science,Technical Note—Simplified Estimation Procedures for MCI Models,https://openalex.org/W2084376228,https://doi.org/10.1287/mksc.1.3.314,1982,article,94
Marketing Science,News: A Decision-Oriented Model for New Product Analysis and Forecasting,https://openalex.org/W2134026646,https://doi.org/10.1287/mksc.1.1.1,1982,article,93
Marketing Science,"Technical Note—Why Does the NBD Model Work? Robustness in Representing Product Purchases, Brand Purchases and Imperfectly Recorded Purchases",https://openalex.org/W2037609521,https://doi.org/10.1287/mksc.4.3.255,1985,article,92
Marketing Science,Estimating Continuous Time Advertising-Sales Models,https://openalex.org/W1972218444,https://doi.org/10.1287/mksc.5.2.125,1986,article,88
Marketing Science,Optimal Price Subsidy Policy for Accelerating the Diffusion Of Innovation,https://openalex.org/W2007983986,https://doi.org/10.1287/mksc.2.4.407,1983,article,87
Marketing Science,A Multiattribute Model of Consumer Choice During Product Learning,https://openalex.org/W1972886998,https://doi.org/10.1287/mksc.4.1.41,1985,article,86
Marketing Science,A Bayesian Cross-Validated Likelihood Method for Comparing Alternative Specifications of Quantitative Models,https://openalex.org/W2017743541,https://doi.org/10.1287/mksc.4.1.20,1985,article,83
Marketing Science,Advertising Experiments at the Campbell Soup Company,https://openalex.org/W2115954983,https://doi.org/10.1287/mksc.8.1.57,1989,article,83
Marketing Science,A Descriptive Model of Consumer Information Search Behavior,https://openalex.org/W2143814048,https://doi.org/10.1287/mksc.1.1.93,1982,article,78
Marketing Science,A Simulation Comparison of Methods for New Product Location,https://openalex.org/W2005199024,https://doi.org/10.1287/mksc.6.2.182,1987,article,80
Marketing Science,Forecasting New Product Sales from Likelihood of Purchase Ratings,https://openalex.org/W2050693969,https://doi.org/10.1287/mksc.5.4.372,1986,article,79
Marketing Science,The Rotterdam Demand Model and its Application in Marketing,https://openalex.org/W2082477004,https://doi.org/10.1287/mksc.7.1.60,1988,article,76
Marketing Science,An Approach to Simultaneous Estimation and Segmentation in Conjoint Analysis,https://openalex.org/W2057527452,https://doi.org/10.1287/mksc.6.1.66,1987,article,74
Marketing Science,Profitable Pricing When Market Segments Overlap,https://openalex.org/W1997541149,https://doi.org/10.1287/mksc.5.1.55,1986,article,73
Marketing Science,Nonlinear Pricing in Markets with Interdependent Demand,https://openalex.org/W2138056125,https://doi.org/10.1287/mksc.1.3.287,1982,article,72
Marketing Science,Modeling Response to Advertising and Pricing Changes for “V-8” Cocktail Vegetable Juice,https://openalex.org/W2138585683,https://doi.org/10.1287/mksc.5.3.245,1986,article,72
Marketing Science,A Multivariate Polya Model of Brand Choice and Purchase Incidence,https://openalex.org/W2150617277,https://doi.org/10.1287/mksc.5.3.219,1986,article,72
Marketing Science,Reservations: Customer Insurance in the Marketing of Capacity,https://openalex.org/W2167250944,https://doi.org/10.1287/mksc.8.3.248,1989,article,72
Marketing Science,A Normative Model of Consumer Information Processing,https://openalex.org/W1973404053,https://doi.org/10.1287/mksc.3.3.227,1984,article,71
Marketing Science,A Probabilistic Model for the Multidimensional Scaling of Proximity and Preference Data,https://openalex.org/W2144858432,https://doi.org/10.1287/mksc.5.4.325,1986,article,71
Marketing Science,Incorporating Consumer Price Expectations in Diffusion Models,https://openalex.org/W1967764384,https://doi.org/10.1287/mksc.8.4.343,1989,article,70
Marketing Science,Optimal Advertising Strategies,https://openalex.org/W2043319920,https://doi.org/10.1287/mksc.8.4.358,1989,article,70
Marketing Science,An Empirical Comparison of Awareness Forecasting Models of New Product Introduction,https://openalex.org/W2062497360,https://doi.org/10.1287/mksc.3.3.179,1984,article,67
Marketing Science,Three-Way Multivariate Conjoint Analysis,https://openalex.org/W1975526630,https://doi.org/10.1287/mksc.1.4.323,1982,article,61
Marketing Science,A Study of Productivity Changes in Food Retailing,https://openalex.org/W2057128609,https://doi.org/10.1287/mksc.4.4.292,1985,article,63
Marketing Science,The Cost of Simplifying Preference Models,https://openalex.org/W2078011445,https://doi.org/10.1287/mksc.5.4.298,1986,article,63
Marketing Science,An Ideal-Point Probabilistic Choice Model for Heterogeneous Preferences,https://openalex.org/W2130612040,https://doi.org/10.1287/mksc.5.3.199,1986,article,63
Marketing Science,A Probabilistic Model For Testing Hypothesized Hierarchical Market Structures,https://openalex.org/W1977593285,https://doi.org/10.1287/mksc.4.4.312,1985,article,62
Marketing Science,A Nested Logit Model of Space and Water Heat System Choice,https://openalex.org/W2169194203,https://doi.org/10.1287/mksc.5.2.112,1986,article,58
Marketing Science,Targeting the Switchable Industrial Customer,https://openalex.org/W2103722145,https://doi.org/10.1287/mksc.3.1.41,1984,article,57
Marketing Science,Note—Estimating Geographic Customer Densities Using Kernel Density Estimation,https://openalex.org/W2052266658,https://doi.org/10.1287/mksc.8.2.191,1989,article,56
Marketing Science,Reply To: Managing Channel Profits: Comment,https://openalex.org/W2034207625,https://doi.org/10.1287/mksc.7.1.103,1988,article,53
Marketing Science,Evaluating Alternative Retail Repositioning Strategies,https://openalex.org/W2086521811,https://doi.org/10.1287/mksc.8.2.170,1989,article,52
Marketing Science,Optimal Price and Advertising Policy for a Convenience Goods Retailer,https://openalex.org/W2116343762,https://doi.org/10.1287/mksc.7.2.187,1988,article,52
Marketing Science,The Metric Quality of Ordered Categorical Data,https://openalex.org/W2159001662,https://doi.org/10.1287/mksc.8.3.205,1989,article,51
Marketing Science,Modeling Competitive Marketing Strategies: The Impact of Marketing-Mix Relationships and Industry Structure,https://openalex.org/W2116081578,https://doi.org/10.1287/mksc.6.2.208,1987,article,50
Marketing Science,Dynamic Advertising Strategies of Competing Durable Good Producers,https://openalex.org/W2125766469,https://doi.org/10.1287/mksc.7.4.356,1988,article,49
Marketing Science,The Salesperson as Outside Agent or Employee,https://openalex.org/W3172882421,https://doi.org/10.5555/2882728.2882739,1985,article,48
Marketing Science,The Channel Design Decision: A Model and an Application,https://openalex.org/W2057051636,https://doi.org/10.1287/mksc.6.2.156,1987,article,43
Marketing Science,A Panel-Data Based Method for Merging Joint Space and Market Response Function Estimation,https://openalex.org/W2109591662,https://doi.org/10.1287/mksc.6.1.25,1987,article,43
Marketing Science,Technical Note—Aggregating Individual Purchases to the Household Level,https://openalex.org/W1981382932,https://doi.org/10.1287/mksc.5.3.260,1986,article,41
Marketing Science,Generalizing the Rasch Model for Consumer Rating Scales,https://openalex.org/W2154851299,https://doi.org/10.1287/mksc.4.1.62,1985,article,41
Marketing Science,Elimination-By-Cutoffs,https://openalex.org/W2003862381,https://doi.org/10.1287/mksc.8.2.133,1989,article,40
Marketing Science,A Flexible Class of Discrete Choice Models,https://openalex.org/W2035950061,https://doi.org/10.1287/mksc.7.3.232,1988,article,39
Marketing Science,New Product Pricing in Quality Sensitive Markets,https://openalex.org/W2012436813,https://doi.org/10.1287/mksc.5.1.70,1986,article,36
Marketing Science,Patterns in Parameters of Buyer Behavior Models: Generalizing from Sparse Replication,https://openalex.org/W2153038564,https://doi.org/10.1287/mksc.1.2.181,1982,article,35
Marketing Science,Modelling Retail Customer Behavior at Merrill Lynch,https://openalex.org/W2153140648,https://doi.org/10.1287/mksc.1.2.123,1982,article,34
Marketing Science,The Formation of Key Marketing Variable Expectations and Their Impact on Firm Performance: Some Experimental Evidence,https://openalex.org/W2120791750,https://doi.org/10.1287/mksc.8.1.18,1989,article,34
Marketing Science,A Friction Model for Describing and Forecasting Price Changes,https://openalex.org/W2164755628,https://doi.org/10.1287/mksc.6.4.299,1987,article,33
Marketing Science,Minimum Market Share,https://openalex.org/W1994541644,https://doi.org/10.1287/mksc.2.1.75,1983,article,32
Marketing Science,Modeling Choice Strategies for Noncomparable Alternatives,https://openalex.org/W2047535429,https://doi.org/10.1287/mksc.5.1.37,1986,article,32
Marketing Science,Cross-Sectional Estimation in Marketing: Direct Versus Reverse Regression,https://openalex.org/W2056566288,https://doi.org/10.1287/mksc.6.3.254,1987,article,31
Marketing Science,Note—Extending the Rotterdam Model to Test Hierarchical Market Structures,https://openalex.org/W1997884730,https://doi.org/10.1287/mksc.8.2.181,1989,article,29
Marketing Science,Assessing the Influence of Campaign Expenditures on Voting Behavior with a Comprehensive Electoral Market Model,https://openalex.org/W1998552525,https://doi.org/10.1287/mksc.3.3.207,1984,article,28
Marketing Science,The Marketing Mix Decision Under Uncertainty,https://openalex.org/W2066890829,https://doi.org/10.1287/mksc.1.1.79,1982,article,28
Marketing Science,Recovering Measures of Advertising Carryover from Aggregate Data: The Role of the Firm's Decision Behavior,https://openalex.org/W2096716846,https://doi.org/10.1287/mksc.7.3.252,1988,article,28
Marketing Science,Technical Note—A Pure Birth Model of Optimal Advertising with Word-of-Mouth,https://openalex.org/W2022426601,https://doi.org/10.1287/mksc.3.2.169,1984,article,27
Marketing Science,"Application, Predictive Test, and Strategy Implications for a Dynamic Model of Consumer Response",https://openalex.org/W2153093567,https://doi.org/10.1287/mksc.1.2.143,1982,article,27
Marketing Science,"Arts Plan: Implementation, Evolution, and Usage",https://openalex.org/W2126094119,https://doi.org/10.1287/mksc.5.2.143,1986,article,27
Marketing Science,The Equity Estimator for Marketing Research,https://openalex.org/W2155547759,https://doi.org/10.1287/mksc.6.4.336,1987,article,27
Marketing Science,Discrete Attribute Models of Brand Switching,https://openalex.org/W2002533026,https://doi.org/10.1287/mksc.5.4.350,1986,article,25
Marketing Science,The Navy Enlistment Marketing Experiment,https://openalex.org/W2003766414,https://doi.org/10.1287/mksc.4.4.352,1985,article,24
Marketing Science,Carryover Effects and Temporal Aggregation in a Partial Adjustment Model Framework,https://openalex.org/W2105171501,https://doi.org/10.1287/mksc.2.3.297,1983,article,23
Marketing Science,"Nonisomorphism, Shadow Features and Imputed Preferences",https://openalex.org/W1999385379,https://doi.org/10.1287/mksc.4.3.215,1985,article,20
Marketing Science,Effects of Usage and Name on Perceptions of New Products,https://openalex.org/W2000203985,https://doi.org/10.1287/mksc.1.4.351,1982,article,20
Marketing Science,A Marketing Decision Support System for Retailers,https://openalex.org/W2164464246,https://doi.org/10.1287/mksc.1.1.31,1982,article,20
Marketing Science,Technical Note—Price as an Aspect of Choice in EBA,https://openalex.org/W2083690547,https://doi.org/10.1287/mksc.5.4.391,1986,article,19
Marketing Science,Toward a Methodology for Measuring Advertising Copy Effects,https://openalex.org/W2122660969,https://doi.org/10.1287/mksc.3.4.308,1984,article,19
Marketing Science,The Coase Theorem and Suboptimization in Marketing Channels,https://openalex.org/W2131334886,https://doi.org/10.1287/mksc.6.3.268,1987,article,17
Marketing Science,An MDI Model and an Algorithm for Composite Hypotheses Testing and Estimation in Marketing,https://openalex.org/W2115615550,https://doi.org/10.1287/mksc.3.1.55,1984,article,16
Marketing Science,"Measuring Simple Preferences: An Approach to Blind, Forced Choice Product Testing",https://openalex.org/W2147777151,https://doi.org/10.1287/mksc.4.2.93,1985,article,16
Marketing Science,Technical Note—Testing Competitive Market Structures: An Application of Weighted Least Squares Methodology to Brand Switching Data,https://openalex.org/W2151582116,https://doi.org/10.1287/mksc.6.1.82,1987,article,16
Marketing Science,Estimating the Confidence Interval for the Optimal Marketing Mix: An Application to Lead Generation,https://openalex.org/W2169489115,https://doi.org/10.1287/mksc.2.2.193,1983,article,16
Marketing Science,Technical Note—Existence and Uniqueness of Price Equilibria in Defender,https://openalex.org/W2000574379,https://doi.org/10.1287/mksc.7.1.92,1988,article,14
Marketing Science,Note—Relaxing the Loyalty Condition in the Colombo/Morrison Model,https://openalex.org/W2052844659,https://doi.org/10.1287/mksc.8.1.100,1989,article,14
Marketing Science,A Market Dynamics Model for New Industrial Products and Its Application,https://openalex.org/W2134016277,https://doi.org/10.1287/mksc.3.3.247,1984,article,13
Marketing Science,Reply—Reflections on Advertising Pulsing Policies for Generating Awareness for New Products,https://openalex.org/W2022740994,https://doi.org/10.1287/mksc.5.2.110,1986,article,12
Marketing Science,Prediction of Individual Buying Behavior: A Poisson-Bernoulli Model with Arbitrary Heterogeneity,https://openalex.org/W2160802207,https://doi.org/10.1287/mksc.3.4.352,1984,article,12
Marketing Science,Assessing the Reliability of Psychographic Analyses,https://openalex.org/W2076851011,https://doi.org/10.1287/mksc.2.1.57,1983,article,11
Marketing Science,Technical Note—Factors Influencing the Selection of Preference Model Form for Continuous Utility Functions in Conjoint Analysis,https://openalex.org/W2094632098,https://doi.org/10.1287/mksc.3.1.73,1984,article,11
Marketing Science,Taste Tests: Changing the Rules to Improve the Game,https://openalex.org/W2116511040,https://doi.org/10.1287/mksc.8.3.281,1989,article,10
Marketing Science,Note—Sampling Properties of Rate Questions with Implications for Survey Research,https://openalex.org/W2124755187,https://doi.org/10.1287/mksc.6.3.286,1987,article,10
Marketing Science,Probabilistic Measurement of Attributes: A Logit Analysis by Generalized Least Squares,https://openalex.org/W1984870968,https://doi.org/10.1287/mksc.2.4.389,1983,article,9
Marketing Science,Technical Note—The Effect of Grouping Continuous Variables on Correlation Coefficients,https://openalex.org/W2120407702,https://doi.org/10.1287/mksc.1.4.379,1982,article,9
Marketing Science,Comment—On the Awareness Effects of Mere Distribution,https://openalex.org/W2140481043,https://doi.org/10.1287/mksc.5.3.273,1986,article,8
Marketing Science,Invariant Estimators for Market Share Systems and their Finite Sample Behavior,https://openalex.org/W2171548897,https://doi.org/10.1287/mksc.7.2.169,1988,article,8
Marketing Science,Commentary—Approaches to Promotion Evaluation: A Practitioner's Viewpoint,https://openalex.org/W2126678930,https://doi.org/10.1287/mksc.6.2.150,1987,article,7
Marketing Science,Assessing Validity and Test-Retest Reliability for “Pick <i>K</i> of <i>N</i>” Data,https://openalex.org/W2132967585,https://doi.org/10.1287/mksc.3.1.23,1984,article,7
Marketing Science,Commentary on “Marketing Mix Reactions to Entry”,https://openalex.org/W2108775365,https://doi.org/10.1287/mksc.7.4.386,1988,article,7
Marketing Science,Commentary—Steps Toward Mastering Trade Promotions,https://openalex.org/W1969694808,https://doi.org/10.1287/mksc.6.2.147,1987,article,6
Marketing Science,Note—Conjoint Reliability Measures,https://openalex.org/W1975400836,https://doi.org/10.1287/mksc.8.4.371,1989,article,6
Marketing Science,"Comment—Recall, Recognition and the Dimensionality of Memory for Print Advertisements: An Interpretative Reappraisal",https://openalex.org/W2010807793,https://doi.org/10.1287/mksc.7.1.94,1988,article,6
Marketing Science,Note—The Factor Structure of Multidimensional Response to Marketing Stimuli: A Comparison of Two Approaches,https://openalex.org/W2153076615,https://doi.org/10.1287/mksc.8.1.78,1989,article,6
Marketing Science,Commentary,https://openalex.org/W4256366438,https://doi.org/10.1287/mksc.6.2.202,1987,article,5
Marketing Science,Comment—Testing the Homogeneity of Segments for Estimating Disaggregate Choice Models,https://openalex.org/W1971975002,https://doi.org/10.1287/mksc.6.1.98,1987,article,4
Marketing Science,Commentary,https://openalex.org/W4214500546,https://doi.org/10.1287/mksc.6.2.204,1987,article,4
Marketing Science,Commentary,https://openalex.org/W4245961301,https://doi.org/10.1287/mksc.5.4.322,1986,article,4
Marketing Science,Reply—Reflections on the Cost of Simplifying Preference Models,https://openalex.org/W1972408314,https://doi.org/10.1287/mksc.5.4.323,1986,article,3
Marketing Science,Commentary on “Conducting Advertising Experiments in the Real World: The Campbell Soup Company Experience”,https://openalex.org/W1998236162,https://doi.org/10.1287/mksc.8.1.72,1989,article,3
Marketing Science,Comments,https://openalex.org/W4231663801,https://doi.org/10.1287/mksc.5.2.107,1986,article,3
Marketing Science,Reply,https://openalex.org/W4247961300,https://doi.org/10.1287/mksc.7.1.99,1988,article,3
Marketing Science,Comments,https://openalex.org/W4251778910,https://doi.org/10.1287/mksc.5.2.109,1986,article,3
Marketing Science,Response—On Establishing a Dialogue in Television Viewing Research,https://openalex.org/W2016032056,https://doi.org/10.1287/mksc.3.2.126,1984,article,2
Marketing Science,Commentary,https://openalex.org/W4243903080,https://doi.org/10.1287/mksc.5.4.346,1986,article,2
Marketing Science,A Comment,https://openalex.org/W2912836263,https://doi.org/10.1287/mksc.3.2.125,1984,article,1
Marketing Science,Die häufigsten Fehler bei Produkttests,https://openalex.org/W3191228961,None,1984,article,1
Marketing Science,Comments,https://openalex.org/W4248284965,https://doi.org/10.1287/mksc.3.3.198,1984,article,1
Marketing Science,Reply—A Response to Malhotra's Comment on Testing the Homogeneity of Segments,https://openalex.org/W2007980894,https://doi.org/10.1287/mksc.6.1.100,1987,article,1
Marketing Science,Commentary on “Marketing Mix Reactions to Entry”,https://openalex.org/W2015696132,https://doi.org/10.1287/mksc.7.4.390,1988,article,1
Marketing Science,Note—An Economic Rationale for Door Prizes,https://openalex.org/W2020924142,https://doi.org/10.1287/mksc.8.4.375,1989,article,1
Marketing Science,Commentary on “A Brand Switching Model with Implications for Marketing Strategies”,https://openalex.org/W2056981800,https://doi.org/10.1287/mksc.8.1.104,1989,article,1
Marketing Science,Marketing num ambiente em mudança,https://openalex.org/W3035247144,None,1988,article,1
Marketing Science,Reply,https://openalex.org/W4234136695,https://doi.org/10.1287/mksc.8.2.131,1989,article,1
Marketing Science,Reply,https://openalex.org/W4242920255,https://doi.org/10.1287/mksc.6.2.152,1987,article,1
Marketing Science,Pregled novčanih izdataka seoskih kućanstva za osobnu potrošnju,https://openalex.org/W3171678661,None,1982,article,0
Marketing Science,Commentary on “Advertising Experiments at the Campbell Soup Company”,https://openalex.org/W1975887798,https://doi.org/10.1287/mksc.8.1.74,1989,article,0
Marketing Science,Technical Note—A Simpler Estimation Procedure for a Micromodeling Approach to the Advertising-Sales Relationship,https://openalex.org/W2009152924,https://doi.org/10.1287/mksc.5.3.269,1986,article,0
Marketing Science,Microcomputers in Marketing—Review of INDUSTRAT,https://openalex.org/W2044781663,https://doi.org/10.1287/mksc.7.3.311,1988,article,0
Marketing Science,Commentary—Deciphering Distribution Effects,https://openalex.org/W2051835163,https://doi.org/10.1287/mksc.8.2.129,1989,article,0
Marketing Science,Commentary on “Marketing Mix Reactions to Entry”,https://openalex.org/W2066325379,https://doi.org/10.1287/mksc.7.4.388,1988,article,0
Marketing Science,Reply—Considerations in the Use of Probabilistic Multidimensional Scaling Models,https://openalex.org/W2166073370,https://doi.org/10.1287/mksc.5.4.348,1986,article,0
Marketing Science,Trekking to the top of the adventure market,https://openalex.org/W42189670,None,1989,article,0
Marketing Science,Commentary,https://openalex.org/W4229501375,https://doi.org/10.1287/mksc.5.4.387,1986,article,0
Marketing Science,Reply,https://openalex.org/W4230121235,https://doi.org/10.1287/mksc.6.1.46,1987,article,0
Marketing Science,Reply,https://openalex.org/W4232952408,https://doi.org/10.1287/mksc.6.1.24,1987,article,0
Marketing Science,Commentary,https://openalex.org/W4235853524,https://doi.org/10.1287/mksc.6.1.44,1987,article,0
Marketing Science,Reply,https://openalex.org/W4236196733,https://doi.org/10.1287/mksc.5.4.389,1986,article,0
Marketing Science,Commentary,https://openalex.org/W4237004779,https://doi.org/10.1287/mksc.6.1.23,1987,article,0
Marketing Science,Commentary,https://openalex.org/W4237237383,https://doi.org/10.1287/mksc.5.4.345,1986,article,0
Marketing Science,Reply,https://openalex.org/W4237601553,https://doi.org/10.1287/mksc.6.2.206,1987,article,0
Marketing Science,Commentary,https://openalex.org/W4240820512,https://doi.org/10.1287/mksc.5.4.320,1986,article,0
Marketing Science,Commentary,https://openalex.org/W4242618865,https://doi.org/10.1287/mksc.6.1.43,1987,article,0
Marketing Science,Commentary,https://openalex.org/W4243846828,https://doi.org/10.1287/mksc.5.4.385,1986,article,0
Marketing Science,Reply,https://openalex.org/W4244876468,https://doi.org/10.1287/mksc.6.2.154,1987,article,0
Marketing Science,Reply,https://openalex.org/W4245070812,https://doi.org/10.1287/mksc.7.4.391,1988,article,0
Marketing Science,Reply,https://openalex.org/W4246126748,https://doi.org/10.1287/mksc.8.1.106,1989,article,0
Marketing Science,Reply,https://openalex.org/W4246318419,https://doi.org/10.1287/mksc.8.1.76,1989,article,0
Marketing Science,Commentary,https://openalex.org/W4247433517,https://doi.org/10.1287/mksc.6.2.175,1987,article,0
Marketing Science,Reply,https://openalex.org/W4247984553,https://doi.org/10.1287/mksc.6.2.179,1987,article,0
Marketing Science,Commentary,https://openalex.org/W4251365559,https://doi.org/10.1287/mksc.6.2.177,1987,article,0
Marketing Science,Commentary,https://openalex.org/W4253377413,https://doi.org/10.1287/mksc.8.2.128,1989,article,0
