source_journal,work_title,work_oaid,DOI,pub_year,work_type,all_cited_by_count
Marketing Science,The Antecedents and Consequences of Customer Satisfaction for Firms,https://openalex.org/W1983364918,https://doi.org/10.1287/mksc.12.2.125,1993,article,4531
Marketing Science,A Dynamic Model of the Duration of the Customer's Relationship with a Continuous Service Provider: The Role of Satisfaction,https://openalex.org/W2139921829,https://doi.org/10.1287/mksc.17.1.45,1998,article,1975
Marketing Science,The Voice of the Customer,https://openalex.org/W2075904323,https://doi.org/10.1287/mksc.12.1.1,1993,article,1873
Marketing Science,The Measurement and Determinants of Brand Equity: A Financial Approach,https://openalex.org/W2003359494,https://doi.org/10.1287/mksc.12.1.28,1993,article,1484
Marketing Science,"Customer Satisfaction, Productivity, and Profitability: Differences Between Goods and Services",https://openalex.org/W2107971134,https://doi.org/10.1287/mksc.16.2.129,1997,article,1383
Marketing Science,Decision-Making Under Uncertainty: Capturing Dynamic Brand Choice Processes in Turbulent Consumer Goods Markets,https://openalex.org/W2121252294,https://doi.org/10.1287/mksc.15.1.1,1996,article,1239
Marketing Science,The Red and the Black: Mental Accounting of Savings and Debt,https://openalex.org/W2088801880,https://doi.org/10.1287/mksc.17.1.4,1998,article,1226
Marketing Science,An Empirical Pooling Approach for Estimating Marketing Mix Elasticities with PIMS Data,https://openalex.org/W1965961207,https://doi.org/10.1287/mksc.12.1.103,1993,article,1014
Marketing Science,Price Competition in a Channel Structure with a Common Retailer,https://openalex.org/W2113011190,https://doi.org/10.1287/mksc.10.4.271,1991,article,1000
Marketing Science,Modeling Loss Aversion and Reference Dependence Effects on Brand Choice,https://openalex.org/W3122132396,https://doi.org/10.1287/mksc.12.4.378,1993,article,862
Marketing Science,Consumption Self-Control by Rationing Purchase Quantities of Virtue and Vice,https://openalex.org/W2168689261,https://doi.org/10.1287/mksc.17.4.317,1998,article,807
Marketing Science,Why the Bass Model Fits without Decision Variables,https://openalex.org/W1983795980,https://doi.org/10.1287/mksc.13.3.203,1994,article,805
Marketing Science,Empirical Generalizations from Reference Price Research,https://openalex.org/W1978537395,https://doi.org/10.1287/mksc.14.3.g161,1995,article,774
Marketing Science,The Value of Purchase History Data in Target Marketing,https://openalex.org/W2170867720,https://doi.org/10.1287/mksc.15.4.321,1996,article,751
Marketing Science,The Economics of Product Variety: A Survey,https://openalex.org/W2166823027,https://doi.org/10.1287/mksc.9.3.189,1990,article,730
Marketing Science,Success in High-Technology Markets: Is Marketing Capability Critical?,https://openalex.org/W2119629066,https://doi.org/10.1287/mksc.18.4.547,1999,article,679
Marketing Science,How Promotions Work,https://openalex.org/W2098944378,https://doi.org/10.1287/mksc.14.3.g122,1995,article,654
Marketing Science,Why Store Brand Penetration Varies by Retailer,https://openalex.org/W1967914625,https://doi.org/10.1287/mksc.16.3.208,1997,article,605
Marketing Science,Shopping Behavior and Consumer Preference for Store Price Format: Why “Large Basket” Shoppers Prefer EDLP,https://openalex.org/W1986909043,https://doi.org/10.1287/mksc.17.1.66,1998,article,567
Marketing Science,When and How Is the Internet Likely to Decrease Price Competition?,https://openalex.org/W2126022285,https://doi.org/10.1287/mksc.18.4.485,1999,article,553
Marketing Science,Mail versus Mall: A Strategic Analysis of Competition between Direct Marketers and Conventional Retailers,https://openalex.org/W2160571122,https://doi.org/10.1287/mksc.17.3.181,1998,article,539
Marketing Science,Hierarchical Bayes Conjoint Analysis: Recovery of Partworth Heterogeneity from Reduced Experimental Designs,https://openalex.org/W2121959576,https://doi.org/10.1287/mksc.15.2.173,1996,article,525
Marketing Science,The “Shopping Basket”: A Model for Multicategory Purchase Incidence Decisions,https://openalex.org/W2153227754,https://doi.org/10.1287/mksc.18.2.95,1999,article,481
Marketing Science,A Parsimonious Model for Forecasting Gross Box-Office Revenues of Motion Pictures,https://openalex.org/W2119737213,https://doi.org/10.1287/mksc.15.2.113,1996,article,480
Marketing Science,Manufacturer's Return Policies and Retail Competition,https://openalex.org/W1989229635,https://doi.org/10.1287/mksc.16.1.81,1997,article,474
Marketing Science,Improving Channel Coordination Through Franchising,https://openalex.org/W2005970664,https://doi.org/10.1287/mksc.9.4.299,1990,article,472
Marketing Science,The Persistence of Marketing Effects on Sales,https://openalex.org/W2074833450,https://doi.org/10.1287/mksc.14.1.1,1995,article,472
Marketing Science,The Variety of an Assortment,https://openalex.org/W2019074085,https://doi.org/10.1287/mksc.18.4.527,1999,article,470
Marketing Science,An Empirical Analysis of the Relationship Between Brand Loyalty and Consumer Price Elasticity,https://openalex.org/W2135387426,https://doi.org/10.1287/mksc.10.2.172,1991,article,450
Marketing Science,Optimal Selection for Direct Mail,https://openalex.org/W2036207307,https://doi.org/10.1287/mksc.14.4.378,1995,article,438
Marketing Science,The Decomposition of Promotional Response: An Empirical Generalization,https://openalex.org/W1983440286,https://doi.org/10.1287/mksc.18.4.504,1999,article,436
Marketing Science,Channel Coordination When Retailers Compete,https://openalex.org/W2093221727,https://doi.org/10.1287/mksc.14.4.360,1995,article,428
Marketing Science,Signaling Quality with a Money-Back Guarantee: The Role of Transaction Costs,https://openalex.org/W2021573668,https://doi.org/10.1287/mksc.14.4.442,1995,article,427
Marketing Science,Finite-Mixture Structural Equation Models for Response-Based Segmentation and Unobserved Heterogeneity,https://openalex.org/W2130253300,https://doi.org/10.1287/mksc.16.1.39,1997,article,414
Marketing Science,What You <i>Don't</i> Know About Customer-Perceived Quality: The Role of Customer Expectation Distributions,https://openalex.org/W2034935201,https://doi.org/10.1287/mksc.18.1.77,1999,article,410
Marketing Science,Managing Advertising and Promotion for Long-Run Profitability,https://openalex.org/W2106962189,https://doi.org/10.1287/mksc.18.1.1,1999,article,409
Marketing Science,A Generalized Utility Model of Disappointment and Regret Effects on Post-Choice Valuation,https://openalex.org/W2075276466,https://doi.org/10.1287/mksc.16.2.97,1997,article,403
Marketing Science,Competitive Coupon Targeting,https://openalex.org/W2067534308,https://doi.org/10.1287/mksc.14.4.395,1995,article,393
Marketing Science,Customer Satisfaction Incentives,https://openalex.org/W2032467766,https://doi.org/10.1287/mksc.13.4.327,1994,article,364
Marketing Science,Incorporating Reference Price Effects into a Theory of Consumer Choice,https://openalex.org/W2039306680,https://doi.org/10.1287/mksc.11.3.287,1992,article,359
Marketing Science,Diffusion of New Products: Empirical Generalizations and Managerial Uses,https://openalex.org/W2092923369,https://doi.org/10.1287/mksc.14.3.g79,1995,article,369
Marketing Science,Vertical Strategic Interaction: Implications for Channel Pricing Strategy,https://openalex.org/W2013069648,https://doi.org/10.1287/mksc.16.3.185,1997,article,362
Marketing Science,"Investigating Purchase Incidence, Brand Choice and Purchase Quantity Decisions of Households",https://openalex.org/W2163205765,https://doi.org/10.1287/mksc.12.2.184,1993,article,356
Marketing Science,Customer Base Analysis: An Industrial Purchase Process Application,https://openalex.org/W2066060244,https://doi.org/10.1287/mksc.13.1.41,1994,article,346
Marketing Science,A Bayesian Model to Forecast New Product Performance in Domestic and International Markets,https://openalex.org/W2157748989,https://doi.org/10.1287/mksc.18.2.115,1999,article,343
Marketing Science,A Model of Retail Formats Based on Consumers' Economizing on Shopping Time,https://openalex.org/W2052377911,https://doi.org/10.1287/mksc.16.1.1,1997,article,338
Marketing Science,Product Proliferation: An Empirical Analysis of Product Line Determinants and Market Outcomes,https://openalex.org/W3123962622,https://doi.org/10.1287/mksc.18.2.137,1999,article,331
Marketing Science,Will It Ever Fly? Modeling the Takeoff of Really New Consumer Durables,https://openalex.org/W2165487227,https://doi.org/10.1287/mksc.16.3.256,1997,article,322
Marketing Science,Quality Perceptions and Asymmetric Switching Between Brands,https://openalex.org/W2152079768,https://doi.org/10.1287/mksc.10.3.185,1991,article,315
Marketing Science,Supermarket Competition: The Case of Every Day Low Pricing,https://openalex.org/W2121778256,https://doi.org/10.1287/mksc.16.1.60,1997,article,308
Marketing Science,Planning Media Schedules in the Presence of Dynamic Advertising Quality,https://openalex.org/W2162175235,https://doi.org/10.1287/mksc.17.3.214,1998,article,308
Marketing Science,Analyzing Duration Times in Marketing: Evidence for the Effectiveness of Hazard Rate Models,https://openalex.org/W2130351314,https://doi.org/10.1287/mksc.12.4.395,1993,article,306
Marketing Science,A Two-State Model of Purchase Incidence and Brand Choice,https://openalex.org/W2138122511,https://doi.org/10.1287/mksc.10.1.24,1991,article,302
Marketing Science,Has Power Shifted in the Grocery Channel?,https://openalex.org/W2104903465,https://doi.org/10.1287/mksc.14.2.189,1995,article,301
Marketing Science,Industrial Pricing: Theory and Managerial Practice,https://openalex.org/W2111426715,https://doi.org/10.1287/mksc.18.3.435,1999,article,297
Marketing Science,The Impact of Reference Price Effects on the Profitability of Price Promotions,https://openalex.org/W2085869772,https://doi.org/10.1287/mksc.14.1.82,1995,article,296
Marketing Science,"A Diffusion Model Incorporating Product Benefits, Price, Income and Information",https://openalex.org/W2092555266,https://doi.org/10.1287/mksc.9.4.342,1990,article,292
Marketing Science,Asymmetric Reference Price Effects and Dynamic Pricing Policies,https://openalex.org/W2117201967,https://doi.org/10.1287/mksc.15.1.60,1996,article,285
Marketing Science,Investigating Household Purchase Timing Decisions: A Conditional Hazard Function Approach,https://openalex.org/W2109018931,https://doi.org/10.1287/mksc.10.1.1,1991,article,282
Marketing Science,"Patterns of Buyer Behavior: Regularities, Models, and Extensions",https://openalex.org/W2133415276,https://doi.org/10.1287/mksc.14.3.g71,1995,article,275
Marketing Science,Similarities in Choice Behavior Across Product Categories,https://openalex.org/W2131724405,https://doi.org/10.1287/mksc.17.2.91,1998,article,273
Marketing Science,A Dynamic Analysis of Market Structure Based on Panel Data,https://openalex.org/W2000277468,https://doi.org/10.1287/mksc.15.4.359,1996,article,271
Marketing Science,"A Simultaneous Approach to the Whether, What and How Much to Buy Questions",https://openalex.org/W2161903420,https://doi.org/10.1287/mksc.10.4.297,1991,article,269
Marketing Science,Unobservable Effects and Business Performance,https://openalex.org/W2040284309,https://doi.org/10.1287/mksc.9.1.74,1990,article,268
Marketing Science,Product Line Design for a Distribution Channel,https://openalex.org/W2049640808,https://doi.org/10.1287/mksc.17.2.156,1998,article,268
Marketing Science,Controllable Factors of New Product Success: A Cross-National Comparison,https://openalex.org/W2151688818,https://doi.org/10.1287/mksc.15.4.341,1996,article,265
Marketing Science,"Order of Market Entry: Established Empirical Generalizations, Emerging Empirical Generalizations, and Future Research",https://openalex.org/W2154509588,https://doi.org/10.1287/mksc.14.3.g212,1995,article,264
Marketing Science,Experimental Evidence on the Negative Effect of Product Features and Sales Promotions on Brand Choice,https://openalex.org/W2155378746,https://doi.org/10.1287/mksc.13.1.23,1994,article,264
Marketing Science,Modeling the Evolution of Markets with Indirect Network Externalities: An Application to Digital Television,https://openalex.org/W2038197107,https://doi.org/10.1287/mksc.18.3.396,1999,article,257
Marketing Science,The Dynamic Effect of Discounting on Sales: Empirical Analysis and Normative Pricing Implications,https://openalex.org/W2138564512,https://doi.org/10.1287/mksc.18.3.317,1999,article,251
Marketing Science,Empirical Generalizations About the Impact of Advertising on Price Sensitivity and Price,https://openalex.org/W2111616856,https://doi.org/10.1287/mksc.14.3.g151,1995,article,248
Marketing Science,Estimation of Consumer Demand with Stock-Out Based Substitution: An Application to Vending Machine Products,https://openalex.org/W2087533826,https://doi.org/10.1287/mksc.17.4.406,1998,article,246
Marketing Science,Creating Micro-Marketing Pricing Strategies Using Supermarket Scanner Data,https://openalex.org/W2031711446,https://doi.org/10.1287/mksc.16.4.315,1997,article,245
Marketing Science,Generalizing What Is Known About Temporal Aggregation and Advertising Carryover,https://openalex.org/W2103550852,https://doi.org/10.1287/mksc.14.3.g141,1995,article,241
Marketing Science,Slotting Allowances and New Product Introductions,https://openalex.org/W2121346727,https://doi.org/10.1287/mksc.16.2.112,1997,article,239
Marketing Science,Modeling Multiple Sources of Heterogeneity in Multinomial Logit Models: Methodological and Managerial Issues,https://openalex.org/W2162487260,https://doi.org/10.1287/mksc.12.3.213,1993,article,238
Marketing Science,Brand Equity and Vertical Product Line Extent,https://openalex.org/W2036119369,https://doi.org/10.1287/mksc.17.4.356,1998,article,234
Marketing Science,A Comparative Analysis of Neural Networks and Statistical Methods for Predicting Consumer Choice,https://openalex.org/W2154172373,https://doi.org/10.1287/mksc.16.4.370,1997,article,227
Marketing Science,Signaling Quality by Selling Through a Reputable Retailer: An Example of Renting the Reputation of Another Agent,https://openalex.org/W2097899517,https://doi.org/10.1287/mksc.13.2.177,1994,article,222
Marketing Science,Using Laboratory Experimental Auctions in Marketing Research: A Case Study of New Packaging for Fresh Beef,https://openalex.org/W2142693703,https://doi.org/10.1287/mksc.12.3.318,1993,article,222
Marketing Science,"Process Innovation, Product Differentiation, and Channel Structure: Strategic Incentives in a Duopoly",https://openalex.org/W2146146207,https://doi.org/10.1287/mksc.17.4.301,1998,article,220
Marketing Science,Bias and Systematic Change in the Parameter Estimates of Macro-Level Diffusion Models,https://openalex.org/W2006991481,https://doi.org/10.1287/mksc.16.4.338,1997,article,218
Marketing Science,Demand Signalling and Screening in Channels of Distribution,https://openalex.org/W2157743871,https://doi.org/10.1287/mksc.11.4.327,1992,article,218
Marketing Science,The Impact of Waiting Time Guarantees on Customers' Waiting Experiences,https://openalex.org/W2035780974,https://doi.org/10.1287/mksc.16.4.295,1997,article,217
Marketing Science,Empirical Generalizations and Marketing Science: A Personal View,https://openalex.org/W2152668377,https://doi.org/10.1287/mksc.14.3.g6,1995,article,217
Marketing Science,Modeling Inertia and Variety Seeking Tendencies in Brand Choice Behavior,https://openalex.org/W2089415009,https://doi.org/10.1287/mksc.9.3.263,1990,article,214
Marketing Science,A Hierarchical Bayes Model of Primary and Secondary Demand,https://openalex.org/W2140178633,https://doi.org/10.1287/mksc.17.1.29,1998,article,214
Marketing Science,Commercial Use of UPC Scanner Data: Industry and Academic Perspectives,https://openalex.org/W2140276574,https://doi.org/10.1287/mksc.18.3.247,1999,article,207
Marketing Science,Product and Price Competition in a Two-Dimensional Vertical Differentiation Model,https://openalex.org/W2124373464,https://doi.org/10.1287/mksc.14.2.224,1995,article,206
Marketing Science,Asymmetric Promotion Effects and Brand Positioning,https://openalex.org/W2117948452,https://doi.org/10.1287/mksc.15.4.379,1996,article,203
Marketing Science,Modeling Preference and Structural Heterogeneity in Consumer Choice,https://openalex.org/W2057765060,https://doi.org/10.1287/mksc.15.2.152,1996,article,197
Marketing Science,Brand Loyalty and Market Equilibrium,https://openalex.org/W2061077192,https://doi.org/10.1287/mksc.10.3.229,1991,article,196
Marketing Science,Manufacturer Allowances and Retailer Pass-Through Rates in a Competitive Environment,https://openalex.org/W1984767062,https://doi.org/10.1287/mksc.18.1.59,1999,article,191
Marketing Science,"A Framework for Investigating Habits, “The Hand of the Past,” and Heterogeneity in Dynamic Brand Choice",https://openalex.org/W1983059019,https://doi.org/10.1287/mksc.15.3.280,1996,article,187
Marketing Science,Warranty Policy and Extended Service Contracts: Theory and an Application to Automobiles,https://openalex.org/W2086791762,https://doi.org/10.1287/mksc.12.3.230,1993,article,187
Marketing Science,The Effect of Price Promotions on Variability in Product Category Sales,https://openalex.org/W2073769609,https://doi.org/10.1287/mksc.11.3.207,1992,article,186
Marketing Science,A Three-Stage Model of Industrial Trade Show Performance,https://openalex.org/W2075836828,https://doi.org/10.1287/mksc.14.1.22,1995,article,185
Marketing Science,Market Incumbency and Technological Inertia,https://openalex.org/W2108075253,https://doi.org/10.1287/mksc.10.2.161,1991,article,183
Marketing Science,Empirical Generalizations About Market Evolution and Stationarity,https://openalex.org/W2109034068,https://doi.org/10.1287/mksc.14.3.g109,1995,article,180
Marketing Science,Pricing and Promotions in Asymmetric Duopolies,https://openalex.org/W1993216710,https://doi.org/10.1287/mksc.10.2.131,1991,article,177
Marketing Science,Price Promotions: Limiting Competitive Encroachment,https://openalex.org/W2116989130,https://doi.org/10.1287/mksc.9.3.247,1990,article,177
Marketing Science,A Dynamic Model of Channel Member Strategies for Marketing Expenditures,https://openalex.org/W1985058431,https://doi.org/10.1287/mksc.11.2.168,1992,article,171
Marketing Science,The Quality Double Whammy,https://openalex.org/W1979095963,https://doi.org/10.1287/mksc.18.4.463,1999,article,181
Marketing Science,Order of Entry as a Moderator of the Effect of the Marketing Mix on Market Share,https://openalex.org/W2171414418,https://doi.org/10.1287/mksc.15.3.222,1996,article,179
Marketing Science,Mixing Behavior in Cross-Country Diffusion,https://openalex.org/W2137893686,https://doi.org/10.1287/mksc.16.4.354,1997,article,178
Marketing Science,Asymmetric and Neighborhood Cross-Price Effects: Some Empirical Generalizations,https://openalex.org/W2086674208,https://doi.org/10.1287/mksc.18.1.23,1999,article,177
Marketing Science,Pull Promotions and Channel Coordination,https://openalex.org/W2161071938,https://doi.org/10.1287/mksc.14.1.43,1995,article,173
Marketing Science,Competition in Durable Goods Markets: The Strategic Consequences of Leasing and Selling,https://openalex.org/W2052360866,https://doi.org/10.1287/mksc.18.1.42,1999,article,168
Marketing Science,Effect of Brand Loyalty on Advertising and Trade Promotions: A Game Theoretic Analysis with Empirical Evidence,https://openalex.org/W2073528964,https://doi.org/10.1287/mksc.15.1.86,1996,article,167
Marketing Science,"Market Share and Distribution: A Generalization, a Speculation, and Some Implications",https://openalex.org/W2012606001,https://doi.org/10.1287/mksc.14.3.g190,1995,article,159
Marketing Science,"Dynamic Effects of the Order of Entry on Market Share, Trial Penetration, and Repeat Purchases for Frequently Purchased Consumer Goods",https://openalex.org/W2140565775,https://doi.org/10.1287/mksc.11.3.235,1992,article,159
Marketing Science,Signalling Price Image Using Advertised Prices,https://openalex.org/W2033960938,https://doi.org/10.1287/mksc.14.2.166,1995,article,158
Marketing Science,Identifying Generalizable Effects of Strategic Actions on Firm Performance: The Case of Demand-Side Returns to R&amp;D Spending,https://openalex.org/W2142773961,https://doi.org/10.1287/mksc.14.3.g222,1995,article,154
Marketing Science,"Demand Complementarities, Household Production, and Retail Assortments",https://openalex.org/W2077687926,https://doi.org/10.1287/mksc.9.2.146,1990,article,153
Marketing Science,The Fundamental Templates of Quality Ads,https://openalex.org/W2160352526,https://doi.org/10.1287/mksc.18.3.333,1999,article,149
Marketing Science,Innovation Diffusion in the Presence of Supply Restrictions,https://openalex.org/W2094855410,https://doi.org/10.1287/mksc.10.1.83,1991,article,148
Marketing Science,Analysis of New Product Diffusion Using a Four-Segment Trial-Repeat Model,https://openalex.org/W1980765510,https://doi.org/10.1287/mksc.13.3.224,1994,article,147
Marketing Science,"Durable-Goods Monopolists, Rational Consumers, and Improving Products",https://openalex.org/W2107929315,https://doi.org/10.1287/mksc.13.1.100,1994,article,147
Marketing Science,SilverScreener: A Modeling Approach to Movie Screens Management,https://openalex.org/W2100788951,https://doi.org/10.1287/mksc.18.3.352,1999,article,145
Marketing Science,Compensating Heterogeneous Salesforces: Some Explicit Solutions,https://openalex.org/W2103851338,https://doi.org/10.1287/mksc.9.4.319,1990,article,145
Marketing Science,Estimating the Impact of Consumer Expectations of Coupons on Purchase Behavior: A Dynamic Structural Model,https://openalex.org/W1988403704,https://doi.org/10.1287/mksc.15.3.262,1996,article,143
Marketing Science,An Empirical Investigation of Returns to Search,https://openalex.org/W2025644204,https://doi.org/10.1287/mksc.12.1.73,1993,article,142
Marketing Science,Inertia and Variety Seeking in a Model of Brand-Purchase Timing,https://openalex.org/W2118844914,https://doi.org/10.1287/mksc.17.3.253,1998,article,140
Marketing Science,A Market Response Model for Coupon Promotions,https://openalex.org/W2133500374,https://doi.org/10.1287/mksc.9.2.125,1990,article,140
Marketing Science,Pretesting Questionnaires: Content Analyses of Respondents' Concurrent Verbal Protocols,https://openalex.org/W2149813746,https://doi.org/10.1287/mksc.12.3.280,1993,article,140
Marketing Science,An Implemented System for Improving Promotion Productivity Using Store Scanner Data,https://openalex.org/W1999609673,https://doi.org/10.1287/mksc.12.3.248,1993,article,137
Marketing Science,A Summary of Fifty-Five In-Market Experimental Estimates of the Long-Term Effect of TV Advertising,https://openalex.org/W1970629804,https://doi.org/10.1287/mksc.14.3.g133,1995,article,136
Marketing Science,Channel Coordination Mechanisms for Customer Satisfaction,https://openalex.org/W2075296928,https://doi.org/10.1287/mksc.14.4.343,1995,article,136
Marketing Science,The Quality of Economic Output: Empirical Generalizations About Its Distribution and Relationship to Market Share,https://openalex.org/W1981867707,https://doi.org/10.1287/mksc.14.3.g203,1995,article,135
Marketing Science,Effects of Price Promotions on Variety-Seeking and Reinforcement Behavior,https://openalex.org/W2034666655,https://doi.org/10.1287/mksc.10.4.316,1991,article,129
Marketing Science,Empirical Marketing Generalization Using Meta-Analysis,https://openalex.org/W2112026928,https://doi.org/10.1287/mksc.14.3.g36,1995,article,127
Marketing Science,New Brand Positioning and Pricing in an Oligopolistic Market,https://openalex.org/W1980258373,https://doi.org/10.1287/mksc.11.2.133,1992,article,125
Marketing Science,The Governance of Exclusive Territories When Dealers can Bootleg,https://openalex.org/W2160420291,https://doi.org/10.1287/mksc.13.1.83,1994,article,124
Marketing Science,New Models from Old: Forecasting Product Adoption by Hierarchical Bayes Procedures,https://openalex.org/W1981918834,https://doi.org/10.1287/mksc.9.1.42,1990,article,123
Marketing Science,Untangling the Effects of Purchase Reinforcement and Advertising Carryover,https://openalex.org/W2089866188,https://doi.org/10.1287/mksc.9.2.171,1990,article,117
Marketing Science,Multiproduct Advertising Budgeting,https://openalex.org/W2011806500,https://doi.org/10.1287/mksc.9.2.97,1990,article,116
Marketing Science,The Underlying Structure of Brand Awareness Scores,https://openalex.org/W2020129565,https://doi.org/10.1287/mksc.14.3.g170,1995,article,124
Marketing Science,Products with Branded Components: An Approach for Premium Pricing and Partner Selection,https://openalex.org/W2140304638,https://doi.org/10.1287/mksc.16.2.146,1997,article,122
Marketing Science,Monitoring and Incentives in Sales Organizations: An Agency-Theoretic Perspective,https://openalex.org/W2007824065,https://doi.org/10.1287/mksc.17.2.107,1998,article,121
Marketing Science,"Tackling the Retailer Decision Maze: Which Brands to Discount, How Much, When and Why?",https://openalex.org/W3125033020,https://doi.org/10.1287/mksc.14.3.271,1995,article,121
Marketing Science,To Zap or Not to Zap: A Study of the Determinants of Channel Switching During Commercials,https://openalex.org/W2027305550,https://doi.org/10.1287/mksc.17.2.124,1998,article,117
Marketing Science,Shopping Behavior and Consumer Preference for Store Price Format,https://openalex.org/W3003827939,https://doi.org/10.5555/767671.768062,1998,article,117
Marketing Science,A Decision Support System for Planning Manufacturers' Sales Promotion Calendars,https://openalex.org/W2156205822,https://doi.org/10.1287/mksc.18.3.274,1999,article,116
Marketing Science,Introduction to the Special Issue: Empirical Generalizations in Marketing,https://openalex.org/W1977044675,https://doi.org/10.1287/mksc.14.3.g1,1995,article,115
Marketing Science,The Dynamic Pricing of Next Generation Consumer Durables,https://openalex.org/W2119272626,https://doi.org/10.1287/mksc.11.3.251,1992,article,115
Marketing Science,An Application of a Product Positioning Model to Pharmaceutical Products,https://openalex.org/W2049251084,https://doi.org/10.1287/mksc.11.2.117,1992,article,113
Marketing Science,"Empirical Generalisations, Theory, and Method",https://openalex.org/W2039940706,https://doi.org/10.1287/mksc.14.3.g20,1995,article,107
Marketing Science,"A Theory of Forward Buying, Merchandising, and Trade Deals",https://openalex.org/W2072873187,https://doi.org/10.1287/mksc.15.1.21,1996,article,105
Marketing Science,Modeling and Testing Structured Markets: A Nested Logit Approach,https://openalex.org/W2148668476,https://doi.org/10.1287/mksc.10.1.58,1991,article,105
Marketing Science,Incorporating Demographic Variables in Brand Choice Models: An Indivisible Alternatives Framework,https://openalex.org/W1988116328,https://doi.org/10.1287/mksc.16.2.166,1997,article,104
Marketing Science,Good Empirical Generalizations,https://openalex.org/W2093165778,https://doi.org/10.1287/mksc.14.3.g29,1995,article,104
Marketing Science,Accounting for Heterogeneity and Nonstationarity in a Cross-Sectional Model of Consumer Purchase Behavior,https://openalex.org/W2009582164,https://doi.org/10.1287/mksc.12.3.304,1993,article,103
Marketing Science,Selling Formats for Search Goods,https://openalex.org/W2103498780,https://doi.org/10.1287/mksc.13.3.298,1994,article,102
Marketing Science,A Retailer Promotion Policy Model Considering Promotion Signal Sensitivity,https://openalex.org/W2111560289,https://doi.org/10.1287/mksc.12.4.339,1993,article,102
Marketing Science,Flexibility in Consumer Purchasing for Uncertain Future Tastes,https://openalex.org/W2160763624,https://doi.org/10.1287/mksc.14.2.148,1995,article,101
Marketing Science,Marketing Information: A Competitive Analysis,https://openalex.org/W2103500496,https://doi.org/10.1287/mksc.16.1.24,1997,article,100
Marketing Science,The Optimality of Consumer Stockpiling Strategies,https://openalex.org/W2044285458,https://doi.org/10.1287/mksc.9.1.18,1990,article,98
Marketing Science,The Inverse Relationship Between Manufacturer and Retailer Margins: A Theory,https://openalex.org/W2060979686,https://doi.org/10.1287/mksc.15.2.132,1996,article,98
Marketing Science,Exploring the Relationship Between the Markets for New and Used Durable Goods: The Case of Automobiles,https://openalex.org/W2155937751,https://doi.org/10.1287/mksc.11.2.154,1992,article,98
Marketing Science,Estimating a Multinomial Probit Model of Brand Choice Using the Method of Simulated Moments,https://openalex.org/W2076903334,https://doi.org/10.1287/mksc.11.4.386,1992,article,96
Marketing Science,Predicting Advertising Pulsing Policies in an Oligopoly: A Model and Empirical Test,https://openalex.org/W2051928882,https://doi.org/10.1287/mksc.12.1.88,1993,article,95
Marketing Science,Evaluating the Impact of Advertising Media Plans: A Model of Consumer Purchase Dynamics Using Single-Source Data,https://openalex.org/W2012573794,https://doi.org/10.1287/mksc.10.2.111,1991,article,94
Marketing Science,The Impact of Dealing Patterns on Purchase Behavior,https://openalex.org/W3124491320,https://doi.org/10.1287/mksc.13.4.351,1994,article,94
Marketing Science,Brand Loyalty and Marketing Strategy: An Application to Home Appliances,https://openalex.org/W2082816472,https://doi.org/10.1287/mksc.11.1.21,1992,article,93
Marketing Science,The Normative Impact of Consumer Price Expectations for Multiple Brands on Consumer Purchase Behavior,https://openalex.org/W3122098857,https://doi.org/10.1287/mksc.11.3.266,1992,article,90
Marketing Science,The Success of Marketing Management Support Systems,https://openalex.org/W2055572382,https://doi.org/10.1287/mksc.18.3.196,1999,article,97
Marketing Science,The Impact of Heterogeneity in Purchase Timing and Price Responsiveness on Estimates of Sticker Shock Effects,https://openalex.org/W2086282800,https://doi.org/10.1287/mksc.18.2.178,1999,article,93
Marketing Science,Accounting Profits Versus Marketing Profits: A Relevant Metric for Category Management,https://openalex.org/W2114524446,https://doi.org/10.1287/mksc.18.3.208,1999,article,91
Marketing Science,COSTA: Contribution Optimizing Sales Territory Alignment,https://openalex.org/W2160845542,https://doi.org/10.1287/mksc.17.3.196,1998,article,91
Marketing Science,PromoCast™: A New Forecasting Method for Promotion Planning,https://openalex.org/W2003859567,https://doi.org/10.1287/mksc.18.3.301,1999,article,89
Marketing Science,A High-Tech Product Market Share Model with Customer Expectations,https://openalex.org/W2050674544,https://doi.org/10.1287/mksc.14.1.61,1995,article,87
Marketing Science,Price Sensitivity and Television Advertising Exposures: Some Empirical Findings,https://openalex.org/W2133939660,https://doi.org/10.1287/mksc.11.4.359,1992,article,86
Marketing Science,Dual Distribution Channels: The Competition Between Rental Agencies and Dealers,https://openalex.org/W2122746044,https://doi.org/10.1287/mksc.16.3.228,1997,article,85
Marketing Science,Utility Covariances and Context Effects in Conjoint MNP Models,https://openalex.org/W2167208923,https://doi.org/10.1287/mksc.17.3.236,1998,article,85
Marketing Science,The Role of Sale Signs,https://openalex.org/W2088166502,https://doi.org/10.1287/mksc.17.2.139,1998,article,84
Marketing Science,Gaining More by Stocking Less: A Competitive Analysis of Product Availability,https://openalex.org/W2013398831,https://doi.org/10.1287/mksc.13.1.3,1994,article,83
Marketing Science,A Look on the Cost Side: Market Share and the Competitive Environment,https://openalex.org/W2041638509,https://doi.org/10.1287/mksc.12.2.144,1993,article,83
Marketing Science,Competitive Positioning in Markets with Nonuniform Preferences,https://openalex.org/W2127404591,https://doi.org/10.1287/mksc.13.3.248,1994,article,82
Marketing Science,Truth in Concentration in the Land of (80/20) Laws,https://openalex.org/W2065899811,https://doi.org/10.1287/mksc.12.2.167,1993,article,81
Marketing Science,Structuring a Multiproduct Sales Quota-Bonus Plan for a Heterogeneous Sales Force: A Practical Model-Based Approach,https://openalex.org/W2072336157,https://doi.org/10.1287/mksc.13.2.121,1994,article,81
Marketing Science,Empirical Generalizations in the Modeling of Consumer Choice,https://openalex.org/W2136395361,https://doi.org/10.1287/mksc.14.3.g180,1995,article,81
Marketing Science,On the Function of Sales Assistance,https://openalex.org/W1974016260,https://doi.org/10.1287/mksc.13.1.68,1994,article,80
Marketing Science,A Knowledge-Based System for Advertising Design,https://openalex.org/W2058703800,https://doi.org/10.1287/mksc.9.3.212,1990,article,80
Marketing Science,The Effect of Local Consideration Sets on Global Choice Between Lower Price and Higher Quality,https://openalex.org/W2100466540,https://doi.org/10.1287/mksc.12.4.357,1993,article,80
Marketing Science,Evaluation of Salesforce Size and Productivity Through Efficient Frontier Benchmarking,https://openalex.org/W2131866517,https://doi.org/10.1287/mksc.15.4.301,1996,article,80
Marketing Science,Multiple Source Procurement Competitions,https://openalex.org/W2121872097,https://doi.org/10.1287/mksc.10.3.246,1991,article,79
Marketing Science,A Segment-Level Model of Category Volume and Brand Choice,https://openalex.org/W2134807626,https://doi.org/10.1287/mksc.15.1.38,1996,article,78
Marketing Science,Estimating Nonlinear Parameters in the Multinomial Logit Model,https://openalex.org/W2023136611,https://doi.org/10.1287/mksc.11.4.372,1992,article,77
Marketing Science,Competition to Retain Customers,https://openalex.org/W2165869963,https://doi.org/10.1287/mksc.13.2.165,1994,article,77
Marketing Science,An Equilibrium Analysis of Defensive Response to Entry Using a Coupled Response Function Model,https://openalex.org/W2041982217,https://doi.org/10.1287/mksc.11.4.348,1992,article,76
Marketing Science,Pulsing Policies for Aggregate Advertising Models,https://openalex.org/W1979602497,https://doi.org/10.1287/mksc.11.3.221,1992,article,73
Marketing Science,An Integrated Model-Based Approach for Sales Force Structuring,https://openalex.org/W2077377611,https://doi.org/10.1287/mksc.9.4.279,1990,article,72
Marketing Science,A Dynamic Model of the Duration of the Customer'S Relationship with a Continuous Service Provider,https://openalex.org/W3005890827,https://doi.org/10.5555/2880309.2880312,1998,article,77
Marketing Science,Research Note: Overselling with Opportunistic Cancellations,https://openalex.org/W2112768888,https://doi.org/10.1287/mksc.18.4.605,1999,article,75
Marketing Science,Risk Behavior in Response to Quotas and Contests,https://openalex.org/W2119220074,https://doi.org/10.1287/mksc.18.3.417,1999,article,75
Marketing Science,Modeling the Effects of Advertised Price Claims: Tensile Versus Precise Claims?,https://openalex.org/W2158477083,https://doi.org/10.1287/mksc.18.2.154,1999,article,74
Marketing Science,Game Theory and Empirical Generalizations Concerning Competitive Promotions,https://openalex.org/W2083266676,https://doi.org/10.1287/mksc.14.3.g89,1995,article,73
Marketing Science,Sleeping with the Enemy: Should Competitors Share the Same Advertising Agency?,https://openalex.org/W1970917397,https://doi.org/10.1287/mksc.13.2.190,1994,article,69
Marketing Science,Why Do We Observe Minimal Warranties?,https://openalex.org/W2036331540,https://doi.org/10.1287/mksc.14.4.417,1995,article,69
Marketing Science,A Probit Model of Choice Dynamics,https://openalex.org/W2160551348,https://doi.org/10.1287/mksc.11.2.189,1992,article,69
Marketing Science,"Adoption, Transfers, and Incentives in a Franchise Network with Positive Externalities",https://openalex.org/W1964713805,https://doi.org/10.1287/mksc.13.4.412,1994,article,68
Marketing Science,The Effect of Package Coupons on Brand Choice,https://openalex.org/W2134349306,https://doi.org/10.1287/mksc.13.2.145,1994,article,68
Marketing Science,Pioneers' Marketing Mix Reactions to Entry in Different Competitive Game Structures: Theoretical Analysis and Empirical Illustration,https://openalex.org/W2057959121,https://doi.org/10.1287/mksc.16.3.271,1997,article,67
Marketing Science,Structural Analysis of Models with Composite Dependent Variables,https://openalex.org/W2071952964,https://doi.org/10.1287/mksc.11.1.76,1992,article,67
Marketing Science,A New Multidimensional Scaling Methodology for the Analysis of Asymmetric Proximity Data in Marketing Research,https://openalex.org/W2104658358,https://doi.org/10.1287/mksc.11.1.1,1992,article,67
Marketing Science,What Should You Do When Your Competitors Send in the Clones?,https://openalex.org/W2122477879,https://doi.org/10.1287/mksc.13.4.392,1994,article,66
Marketing Science,Commentary on “Unobservable Effects and Business Performance: Do Fixed Effects Matter?”,https://openalex.org/W2086209024,https://doi.org/10.1287/mksc.9.1.88,1990,article,61
Marketing Science,Can Bait and Switch Benefit Consumers?,https://openalex.org/W2041306005,https://doi.org/10.1287/mksc.9.2.114,1990,article,59
Marketing Science,Competitive Response and Equilibria,https://openalex.org/W2049402046,https://doi.org/10.1287/mksc.14.3.g101,1995,article,61
Marketing Science,Pricing Decisions Under Demand Uncertainty: A Bayesian Mixture Model Approach,https://openalex.org/W1989897936,https://doi.org/10.1287/mksc.15.3.207,1996,article,56
Marketing Science,A Taxonomy of Consumer Purchase Strategies in a Promotion Intensive Environment,https://openalex.org/W2043902421,https://doi.org/10.1287/mksc.10.2.91,1991,article,51
Marketing Science,Response to Competitive Entry: A Rationale for Delayed Defensive Reaction,https://openalex.org/W2037775966,https://doi.org/10.1287/mksc.17.4.380,1998,article,57
Marketing Science,Competing Coupon Promotions and Category Sales,https://openalex.org/W2027814431,https://doi.org/10.1287/mksc.14.1.105,1995,article,53
Marketing Science,Attribute Importance Weights Modification in Assessing a Brand's Competitive Potential,https://openalex.org/W2094736839,https://doi.org/10.1287/mksc.14.3.253,1995,article,53
Marketing Science,The Effect of Package Coupons on Brand Choice: An Epilogue on Profits,https://openalex.org/W2121968155,https://doi.org/10.1287/mksc.15.2.192,1996,article,53
Marketing Science,Cross-Validating Regression Models in Marketing Research,https://openalex.org/W2156832033,https://doi.org/10.1287/mksc.12.4.415,1993,article,52
Marketing Science,A Model of Stochastic Variety-Seeking,https://openalex.org/W2166272779,https://doi.org/10.1287/mksc.13.3.274,1994,article,51
Marketing Science,Scale and Scope Effects on Advertising Agency Costs,https://openalex.org/W3124583460,https://doi.org/10.1287/mksc.12.1.53,1993,article,51
Marketing Science,On Auctions with Withdrawable Winning Bids,https://openalex.org/W2011611257,https://doi.org/10.1287/mksc.10.1.40,1991,article,45
Marketing Science,Why Analyst Overconfidence About the Functional Form of Demand Models Can Lead to Overpricing,https://openalex.org/W1991897519,https://doi.org/10.1287/mksc.18.4.569,1999,article,47
Marketing Science,The Spatial Representation of Heterogeneous Consideration Sets,https://openalex.org/W2007074325,https://doi.org/10.1287/mksc.14.3.326,1995,article,45
Marketing Science,New Product Entries and Product Class Demand,https://openalex.org/W1968388826,https://doi.org/10.1287/mksc.9.1.58,1990,article,41
Marketing Science,Does “Bait and Switch” Really Benefit Consumers?,https://openalex.org/W2172252397,https://doi.org/10.1287/mksc.17.3.273,1998,article,40
Marketing Science,Nonlinear Pricing to Produce Information,https://openalex.org/W2040049190,https://doi.org/10.1287/mksc.13.3.310,1994,article,39
Marketing Science,An Aggregate Advertising Pulsing Model with Wearout Effects,https://openalex.org/W2074195813,https://doi.org/10.1287/mksc.11.3.310,1992,article,39
Marketing Science,A Choice-Based Approach to the Diffusion of a Service: Forecasting Fax Penetration by Market Segments,https://openalex.org/W2107434298,https://doi.org/10.1287/mksc.11.1.39,1992,article,38
Marketing Science,MDS Maps for Product Attributes and Market Response: An Application to Scanner Panel Data,https://openalex.org/W2164703830,https://doi.org/10.1287/mksc.18.4.584,1999,article,38
Marketing Science,Perceptual Mapping Using Ordered Logit Analysis,https://openalex.org/W1969637287,https://doi.org/10.1287/mksc.9.1.1,1990,article,31
Marketing Science,Commentary on “Marketing Applications of the Economics of Product Variety”,https://openalex.org/W1977455300,https://doi.org/10.1287/mksc.9.3.207,1990,article,29
Marketing Science,Commentary on “Industrial Pricing: Theory and Mangerial Practice”,https://openalex.org/W2106800119,https://doi.org/10.1287/mksc.18.3.455,1999,article,34
Marketing Science,“Do the Right Thing:” Diverging Effects of Accountability in a Managerial Context,https://openalex.org/W2060173822,https://doi.org/10.1287/mksc.18.3.230,1999,article,32
Marketing Science,A Nonparametric Density Estimation Method for Brand Choice Using Scanner Data,https://openalex.org/W2168780569,https://doi.org/10.1287/mksc.14.3.300,1995,article,31
Marketing Science,Searching for Generalizations in Business Marketing Negotiations,https://openalex.org/W2114803646,https://doi.org/10.1287/mksc.14.3.g47,1995,article,30
Marketing Science,Assessing Purchase Timing Models: Whether or Not is Preferable to When,https://openalex.org/W2139585960,https://doi.org/10.1287/mksc.9.2.162,1990,article,28
Marketing Science,Estimating Heterogeneity in Consumers' Purchase Rates,https://openalex.org/W2057079889,https://doi.org/10.1287/mksc.10.3.264,1991,article,26
Marketing Science,A Multiplicative Fixed-Effects Model of Consumer Choice,https://openalex.org/W2101943658,https://doi.org/10.1287/mksc.15.3.243,1996,article,26
Marketing Science,Testing Predicted Choices Against Observations in Probabilistic Discrete-Choice Models,https://openalex.org/W2033974682,https://doi.org/10.1287/mksc.12.3.270,1993,article,25
Marketing Science,Side Payments in Marketing,https://openalex.org/W1965705826,https://doi.org/10.1287/mksc.16.3.246,1997,article,24
Marketing Science,Designing Products and Services for Consumer Welfare: Theoretical and Empirical Issues,https://openalex.org/W2141800836,https://doi.org/10.1287/mksc.9.3.230,1990,article,21
Marketing Science,Development and Implementation of a Segment Selection Procedure for Industrial Product Markets,https://openalex.org/W2120852182,https://doi.org/10.1287/mksc.18.3.373,1999,article,23
Marketing Science,"Assessing the Bias of Preference, Detection, and Identification Measures of Discrimination Ability in Product Design",https://openalex.org/W2051045141,https://doi.org/10.1287/mksc.11.1.64,1992,article,21
Marketing Science,Identifying Most Influential Observations in Factor Analysis,https://openalex.org/W2135127750,https://doi.org/10.1287/mksc.10.2.145,1991,article,21
Marketing Science,The Forecaster's Dilemma,https://openalex.org/W2091762971,https://doi.org/10.1287/mksc.14.2.123,1995,article,20
Marketing Science,People are people the world over: The case for psychological segmentation,https://openalex.org/W2219327247,None,1993,article,20
Marketing Science,"Recall, Recognition and the Measurement of Memory for Print Advertisements: A Reassessment",https://openalex.org/W2086620402,https://doi.org/10.1287/mksc.11.1.95,1992,article,19
Marketing Science,Commentary on “Unobservable Effects and Business Performance”,https://openalex.org/W1976278050,https://doi.org/10.1287/mksc.9.1.86,1990,article,18
Marketing Science,Cognitive Geometry: An Analysis of Structure Underlying Representations of Similarity,https://openalex.org/W2042979210,https://doi.org/10.1287/mksc.10.3.205,1991,article,18
Marketing Science,On “Testing Competitive Market Structures”,https://openalex.org/W2093344565,https://doi.org/10.1287/mksc.10.4.338,1991,article,16
Marketing Science,Unobservable Effects and Business Performance: Reply to the Comments of Boulding and Buzzell,https://openalex.org/W2100336789,https://doi.org/10.1287/mksc.9.1.92,1990,article,15
Marketing Science,A Latent Look at Empirical Generalizations,https://openalex.org/W2051087778,https://doi.org/10.1287/mksc.14.3.g61,1995,article,17
Marketing Science,Response to the Comments on “Industrial Pricing: Theory and Managerial Practice”,https://openalex.org/W2083760171,https://doi.org/10.1287/mksc.18.3.458,1999,article,16
Marketing Science,Composite Dependent Variables and the Market Share Effect,https://openalex.org/W2140615276,https://doi.org/10.1287/mksc.12.2.209,1993,article,16
Marketing Science,Commercial Use of UPC Scanner Data,https://openalex.org/W3022357871,https://doi.org/10.5555/2885863.2885868,1999,article,15
Marketing Science,"Yes, “Bait and Switch” Really Benefits Consumers",https://openalex.org/W2169089679,https://doi.org/10.1287/mksc.17.3.283,1998,article,14
Marketing Science,Internet marketing strategy,https://openalex.org/W2810009791,None,1999,article,14
Marketing Science,Last Reflections of the Editor,https://openalex.org/W2075835842,https://doi.org/10.1287/mksc.17.4.297,1998,article,13
Marketing Science,Does “Bait and Switch” Really Benefit Consumers? Advancing the Discussion …,https://openalex.org/W2036229077,https://doi.org/10.1287/mksc.17.3.290,1998,article,10
Marketing Science,A Minimum Discrimination Information Estimation of Multiattribute Market Share Models,https://openalex.org/W2153517769,https://doi.org/10.1287/mksc.11.1.54,1992,article,10
Marketing Science,Future of the fashion marketing,https://openalex.org/W2227650407,None,1996,article,10
Marketing Science,Commentary on “On Bayesian Estimation of Model Parameters”,https://openalex.org/W2074002188,https://doi.org/10.1287/mksc.9.1.54,1990,article,7
Marketing Science,Implementing market orientation in business-to-business markets,https://openalex.org/W2158372193,None,1997,article,7
Marketing Science,What You Don'T Know About Customer-Perceived Quality,https://openalex.org/W3000504140,https://doi.org/10.5555/767730.768608,1999,article,6
Marketing Science,Competition in Durable Goods Markets,https://openalex.org/W3009185239,https://doi.org/10.5555/2895584.2895587,1999,article,5
Marketing Science,Mail versus Mall,https://openalex.org/W2997793362,https://doi.org/10.5555/2845651.2845652,1998,article,4
Marketing Science,Exploratory results on the moderating influence of strategy on the market orientation performance relationship,https://openalex.org/W2148589651,None,1997,article,4
Marketing Science,The Effects of Television Advertising on Local Telephone Usage: Exploratory Data Analysis and Response Modeling,https://openalex.org/W1992711734,https://doi.org/10.1287/mksc.13.4.374,1994,article,4
Marketing Science,Phenomenon of modern marketing: Its determination and range,https://openalex.org/W2518163419,None,1992,article,3
Marketing Science,Introduction to the Special Issue on Managerial Decision Making,https://openalex.org/W2037679297,https://doi.org/10.1287/mksc.18.3.195,1999,article,2
Marketing Science,Accounting Profits Versus Marketing Profits,https://openalex.org/W3003455342,https://doi.org/10.5555/2885863.2885866,1999,article,2
Marketing Science,"Business ethic, internal environment and corporate culture as framework for successful TQM",https://openalex.org/W3033540300,None,1996,article,2
Marketing Science,"Addendum to “Cross-Validating Regression Models in Marketing Research” Vol. 12, No. 4, Fall 1993, pp. 415–427",https://openalex.org/W4256513258,https://doi.org/10.1287/mksc.15.1.109,1996,article,2
Marketing Science,Place and interdisciplinary role of psychology in marketing,https://openalex.org/W2580231988,None,1991,article,2
Marketing Science,The Fundamental Templates of Quality Ads,https://openalex.org/W3033125056,https://doi.org/10.5555/2885863.2885872,1999,article,1
Marketing Science,Globalization: New framework of marketing competitiveness,https://openalex.org/W3169437731,None,1999,article,1
Marketing Science,Modeling Inertia and Variety-Seeking In Brand Choice Behavior,https://openalex.org/W2408701247,None,1990,article,1
Marketing Science,Marketing controls: Aims and organization,https://openalex.org/W3049243072,None,1996,article,1
Marketing Science,Hotel management marketing,https://openalex.org/W3133769327,None,1997,article,1
Marketing Science,Die Börse als Marktplatz und Dienstleister,https://openalex.org/W1897115475,None,1994,article,1
Marketing Science,The BB/NBD + 1 Model Applied to Rotation Policy,https://openalex.org/W2052561050,https://doi.org/10.1287/mksc.10.4.348,1991,article,1
Marketing Science,Econometric analysis in lifetime of product,https://openalex.org/W3193472227,None,1991,article,1
Marketing Science,PIMS program market factors and strategic choice impact on profitability,https://openalex.org/W3203767666,None,1993,article,1
Marketing Science,Direct Estimation of Batsell and Polking's Model,https://openalex.org/W2011545612,https://doi.org/10.1287/mksc.17.2.170,1998,article,0
Marketing Science,TV optimizer: New step in media hiring and planning,https://openalex.org/W2275119339,None,1998,article,0
Marketing Science,Internet u Jugoslaviji,https://openalex.org/W2470295568,None,1998,article,0
Marketing Science,Marketing research in fashion industry,https://openalex.org/W2599661813,None,1999,article,0
Marketing Science,Relationship Marketing as Related to Sport Industry,https://openalex.org/W2914465673,None,1998,article,0
Marketing Science,Modeling the Evolution of Markets with Indirect Network Externalities,https://openalex.org/W3019409414,https://doi.org/10.5555/2885863.2885875,1999,article,0
Marketing Science,Business operations strategies in the marketing environment,https://openalex.org/W3087801921,None,1998,article,0
Marketing Science,PR in postal and telecommunication companies,https://openalex.org/W3088009876,None,1999,article,0
Marketing Science,Sustainable development tourism management,https://openalex.org/W3089426186,None,1999,article,0
Marketing Science,Marketing and world market globalization,https://openalex.org/W3092014734,None,1999,article,0
Marketing Science,Sales growth tendencies of alcohol beverages on the Yugoslav market,https://openalex.org/W3092048223,None,1998,article,0
Marketing Science,Risk Behavior in Response to Quotas and Contests,https://openalex.org/W3201472360,https://doi.org/10.5555/2885863.2885876,1999,article,0
Marketing Science,Marketing research affects and cognition of the consumer's behavior,https://openalex.org/W3210102090,None,1999,article,0
Marketing Science,Focus on Authors,https://openalex.org/W4235909188,https://doi.org/10.1287/mksc.18.3.460,1999,article,0
Marketing Science,Focus on Authors,https://openalex.org/W4245211917,https://doi.org/10.1287/mksc.17.3.294,1998,article,0
Marketing Science,Focus on Authors,https://openalex.org/W4248478010,https://doi.org/10.1287/mksc.18.1.93,1999,article,0
Marketing Science,The role of market research companies in the new product development process,https://openalex.org/W2154699462,None,1997,article,0
Marketing Science,SWOT analiza i eko-marketing,https://openalex.org/W2290745413,None,1997,article,0
Marketing Science,World Wide Web: A new media and a new model of marketing communication,https://openalex.org/W2603145424,None,1997,article,0
Marketing Science,Product position strategy,https://openalex.org/W2749810484,None,1997,article,0
Marketing Science,Strategic management based on strategic analysis,https://openalex.org/W3088019739,None,1997,article,0
Marketing Science,"Dr Sreten Ćuzović: Naučno-tehnički progres u trgovini - informatika-elektronika-kvalitet ISO 9000, Univerzitet u Nišu, Niš, 1996",https://openalex.org/W3198561188,None,1997,article,0
Marketing Science,Focus on Authors,https://openalex.org/W4206203316,https://doi.org/10.1287/mksc.16.1.95,1997,article,0
Marketing Science,A Relatively Unbiased Measure of Discrimination Ability in Product Design: An Addendum to Buchanan and Henderson (1992),https://openalex.org/W1972429521,https://doi.org/10.1287/mksc.14.2.250,1995,article,0
Marketing Science,Reply to Wilfried R. Vanhonacker,https://openalex.org/W2063261748,https://doi.org/10.1287/mksc.9.1.56,1990,article,0
Marketing Science,Air traffic company marketing,https://openalex.org/W2224793715,None,1996,article,0
Marketing Science,Consumer choice and segmentation using determinant attribute analysis: Case of Hong Kong restaurant industry,https://openalex.org/W2284806114,None,1996,article,0
Marketing Science,Importance of the marketing plan in quality system management,https://openalex.org/W2626568963,None,1995,article,0
Marketing Science,Direct response marketing: An integration of marketing mix efforts,https://openalex.org/W3033590581,None,1996,article,0
Marketing Science,Trade on crossroads,https://openalex.org/W3033612123,None,1996,article,0
Marketing Science,"Strateški aspekti tržišnog komuniciranja: Prof.dr. Dragutin Vračar: Strategije tržišnog komuniciranja, Privredne vesti 'Europublic' d.o.o., Beograd, 1966.",https://openalex.org/W3033798258,None,1996,article,0
Marketing Science,Place marketing: Directions for Belgrade image strategy,https://openalex.org/W3033800493,None,1996,article,0
Marketing Science,TEP shift as a frame of new management strategy,https://openalex.org/W3088344064,None,1995,article,0
Marketing Science,"Marketing usluga - Dr Čedomir Lj. Ljubojević: 'Marketing usluga', Izdavač: 'Instrument za tržišna istraživanja' Beograd, 1996.",https://openalex.org/W3088773631,None,1996,article,0
Marketing Science,Environmental factors and international marketing,https://openalex.org/W3089999579,None,1996,article,0
Marketing Science,Marketing research in services,https://openalex.org/W3090896230,None,1995,article,0
Marketing Science,"Special product, special purchase: Jewelry case",https://openalex.org/W338845717,None,1995,article,0
Marketing Science,Specific marketing for wine,https://openalex.org/W2253344876,None,1991,article,0
Marketing Science,Crisis management under sanctions: Avoiding clinical death,https://openalex.org/W2469933029,None,1993,article,0
Marketing Science,Factors of Yugoslav furniture exports competitive advantage,https://openalex.org/W2477462853,None,1991,article,0
Marketing Science,Estimation of the cultural factors for the international marketing,https://openalex.org/W2554783187,None,1993,article,0
Marketing Science,Interactive linkage of product: Service 'SERDUCT' as marketing strategy,https://openalex.org/W2589790281,None,1994,article,0
Marketing Science,Retailers' growing power in marketing channels,https://openalex.org/W2736367737,None,1992,article,0
Marketing Science,Euromarketing in the view of changes '92,https://openalex.org/W2785986683,None,1991,article,0
Marketing Science,Innovation and product development marketing framework,https://openalex.org/W2787803247,None,1993,article,0
Marketing Science,Information highway: New media technology and PR,https://openalex.org/W3091706836,None,1994,article,0
Marketing Science,Internal and external firms strategy: International investment approach,https://openalex.org/W3091754103,None,1992,article,0
Marketing Science,Research of market for alcohol beverages,https://openalex.org/W3092858412,None,1993,article,0
Marketing Science,Some critical observations about developing marketing plans,https://openalex.org/W3201320105,None,1992,article,0
