source_journal,work_title,work_oaid,DOI,pub_year,work_type,all_cited_by_count
Psychology and Marketing,Perceived risk: The concept and its measurement,https://openalex.org/W2146783429,https://doi.org/10.1002/mar.4220030307,1986,article,515
Psychology and Marketing,Measuring Purchase‐decision involvement,https://openalex.org/W1989743986,https://doi.org/10.1002/mar.4220060206,1989,article,460
Psychology and Marketing,Alternative measurement approaches to consumer values: The list of values and the rokeach value survey,https://openalex.org/W1972396441,https://doi.org/10.1002/mar.4220020305,1985,article,415
Psychology and Marketing,The role of emotion in advertising,https://openalex.org/W2129186114,https://doi.org/10.1002/mar.4220010206,1984,article,274
Psychology and Marketing,"Dreams, fairy tales, animals, and cars",https://openalex.org/W2034512874,https://doi.org/10.1002/mar.4220020203,1985,article,157
Psychology and Marketing,Affect generalization to similar and dissimilar brand extensions; consumer behavior seminar,https://openalex.org/W4241405023,https://doi.org/10.1002/mar.4220040306,1987,article,155
Psychology and Marketing,Viewers' processing of Actor's race and message claims in advertising stimuli,https://openalex.org/W2057472101,https://doi.org/10.1002/mar.4220060405,1989,article,146
Psychology and Marketing,Measuring consumer involvement in products: Developing a general scale,https://openalex.org/W1979668066,https://doi.org/10.1002/mar.4220010207,1984,article,145
Psychology and Marketing,Effects of Message Modality and Appeal on Advertising Acceptance,https://openalex.org/W2000802562,https://doi.org/10.1002/mar.4220040303,1987,article,127
Psychology and Marketing,Middle‐class black consumers and intensity of ethnic identification,https://openalex.org/W1983518658,https://doi.org/10.1002/mar.4220060404,1989,article,121
Psychology and Marketing,Gender schema and fashion consciousness,https://openalex.org/W1982553581,https://doi.org/10.1002/mar.4220060205,1989,article,111
Psychology and Marketing,Attributional influences on consumers' desires to communicate about products,https://openalex.org/W2060360256,https://doi.org/10.1002/mar.4220040105,1987,article,111
Psychology and Marketing,"Opinion leaders, adopters, and communicative adopters: A role analysis",https://openalex.org/W2136016949,https://doi.org/10.1002/mar.4220060104,1989,article,111
Psychology and Marketing,When consumers switch brands,https://openalex.org/W1992749846,https://doi.org/10.1002/mar.4220040104,1987,article,106
Psychology and Marketing,"Cost‐ versus convenience‐oriented consumers: Demographic, lifestyle, and value perspectives",https://openalex.org/W2047324373,https://doi.org/10.1002/mar.4220030104,1986,article,104
Psychology and Marketing,Identifying feelings elicited by advertising,https://openalex.org/W2058468264,https://doi.org/10.1002/mar.4220050102,1988,article,106
Psychology and Marketing,Sex‐role self‐concept measures and marketing: A research note,https://openalex.org/W2083761004,https://doi.org/10.1002/mar.4220050107,1988,article,101
Psychology and Marketing,Memory for the visual and verbal components of print advertisements,https://openalex.org/W2055580990,https://doi.org/10.1002/mar.4220030303,1986,article,87
Psychology and Marketing,A social cognition model of consumer satisfaction/dissatisfaction an experiment,https://openalex.org/W2153560871,https://doi.org/10.1002/mar.4220010205,1984,article,81
Psychology and Marketing,Self‐referencing as a mediator of the effectiveness of sex‐role portrayals in advertising,https://openalex.org/W2027069276,https://doi.org/10.1002/mar.4220050106,1988,article,81
Psychology and Marketing,Temporal decay in satisfaction – Purchase intention relationship,https://openalex.org/W2054293387,https://doi.org/10.1002/mar.4220060305,1989,article,77
Psychology and Marketing,Music for advertising effect,https://openalex.org/W2051084494,https://doi.org/10.1002/mar.4220010303,1984,article,76
Psychology and Marketing,"Ethnicity, acculturation, and the importance of product attributes",https://openalex.org/W2044000612,https://doi.org/10.1002/mar.4220040205,1987,article,73
Psychology and Marketing,Color and contrast in magazine advertising,https://openalex.org/W2017966068,https://doi.org/10.1002/mar.4220030203,1986,article,70
Psychology and Marketing,Diversity in product symbolism: The case of female executive clothing,https://openalex.org/W2057012750,https://doi.org/10.1002/mar.4220040304,1987,article,66
Psychology and Marketing,Recall and recognition effects of brand name imagery,https://openalex.org/W2033321120,https://doi.org/10.1002/mar.4220040103,1987,article,63
Psychology and Marketing,Social values in the eighties: A special issue,https://openalex.org/W2028343652,https://doi.org/10.1002/mar.4220020403,1985,article,62
Psychology and Marketing,Information and sensory overload. Information and sensory overload in psychology and marketing,https://openalex.org/W2089997732,https://doi.org/10.1002/mar.4220010304,1984,article,62
Psychology and Marketing,Black and white response to culturally targeted television commercials: A values‐based approach,https://openalex.org/W2040530470,https://doi.org/10.1002/mar.4220060406,1989,article,61
Psychology and Marketing,Involvement and risk,https://openalex.org/W2108473674,https://doi.org/10.1002/mar.4220060306,1989,article,61
Psychology and Marketing,Functional equivalence in cross‐cultural consumer behavior: Gift giving in Japan and the United States,https://openalex.org/W2056882394,https://doi.org/10.1002/mar.4220050205,1988,article,59
Psychology and Marketing,Psychological meaning of products: Identification and marketing applications,https://openalex.org/W2167801174,https://doi.org/10.1002/mar.4220030102,1986,article,59
Psychology and Marketing,Marketplace attributions and consumer evaluations of discount claims,https://openalex.org/W2064859761,https://doi.org/10.1002/mar.4220060302,1989,article,56
Psychology and Marketing,Assessing the validity of emotional typologies,https://openalex.org/W1964200655,https://doi.org/10.1002/mar.4220060203,1989,article,52
Psychology and Marketing,Analyzing consumer orientations toward beverages through means–end chain analysis,https://openalex.org/W2085741908,https://doi.org/10.1002/mar.4220010305,1984,article,52
Psychology and Marketing,The intensifying effects of exciting television programs on the reception of subsequent commercials,https://openalex.org/W1991254978,https://doi.org/10.1002/mar.4220060102,1989,article,50
Psychology and Marketing,Can advertising influence experience?,https://openalex.org/W2067383278,https://doi.org/10.1002/mar.4220050202,1988,article,49
Psychology and Marketing,The effect of limits in retail advertisements: A reactance theory perspective,https://openalex.org/W2076978859,https://doi.org/10.1002/mar.4220050104,1988,article,48
Psychology and Marketing,Implications for value research: A macro vs. micro perspective,https://openalex.org/W2153314545,https://doi.org/10.1002/mar.4220020408,1985,article,48
Psychology and Marketing,Manipulating dissonance to improve mail survey response,https://openalex.org/W2090355241,https://doi.org/10.1002/mar.4220010208,1984,article,44
Psychology and Marketing,Consumers' mood states: Antecedents and consequences of experiential versus informational strategies for brand choice,https://openalex.org/W1983391456,https://doi.org/10.1002/mar.4220050206,1988,article,42
Psychology and Marketing,The case against subliminal manipulation,https://openalex.org/W2052360580,https://doi.org/10.1002/mar.4220050403,1988,article,42
Psychology and Marketing,Consumer similarity judgments: A test of the contrast model,https://openalex.org/W2090107413,https://doi.org/10.1002/mar.4220030105,1986,article,42
Psychology and Marketing,Recent perspectives on unconscious processing: Still no marketing applications,https://openalex.org/W2106341219,https://doi.org/10.1002/mar.4220050405,1988,article,39
Psychology and Marketing,"Race, sex, and fashion innovativeness: A replication",https://openalex.org/W1991664060,https://doi.org/10.1002/mar.4220060403,1989,article,33
Psychology and Marketing,"Values, expectations from the marketing system and product expectations",https://openalex.org/W2006356270,https://doi.org/10.1002/mar.4220020407,1985,article,33
Psychology and Marketing,Computer interactive interviewing in survey research,https://openalex.org/W2020437920,https://doi.org/10.1002/mar.4220050203,1988,article,32
Psychology and Marketing,Changes in consumer choice: Further investigation of similarity and attraction effects,https://openalex.org/W2096053063,https://doi.org/10.1002/mar.4220040308,1987,article,32
Psychology and Marketing,"The effects of television advertising execution on recall, comprehension, and persuasion",https://openalex.org/W2029458088,https://doi.org/10.1002/mar.4220020303,1985,article,30
Psychology and Marketing,Brand choice and deep price discounts,https://openalex.org/W2036377554,https://doi.org/10.1002/mar.4220060303,1989,article,30
Psychology and Marketing,Brain wave analysis in advertising research. Validation from basic research &amp; independent replications,https://openalex.org/W2045608788,https://doi.org/10.1002/mar.4220010309,1984,article,30
Psychology and Marketing,The social construction of needs,https://openalex.org/W2043895314,https://doi.org/10.1002/mar.4220060304,1989,article,29
Psychology and Marketing,Why marketing should quit giving subliminal advertising the benefit of the doubt,https://openalex.org/W2091181629,https://doi.org/10.1002/mar.4220040204,1987,article,29
Psychology and Marketing,The hispanic family—consumer research issues,https://openalex.org/W2124370004,https://doi.org/10.1002/mar.4220030407,1986,article,29
Psychology and Marketing,Physiological responses and advertising effects: Is the cup half full or half empty?,https://openalex.org/W2002366722,https://doi.org/10.1002/mar.4220020207,1985,article,28
Psychology and Marketing,Brain wave analysis. An electroencephalographic technique used for evaluating the communications‐effect of advertising,https://openalex.org/W2067565398,https://doi.org/10.1002/mar.4220010104,1984,article,28
Psychology and Marketing,The effect of fear on purchase intentions,https://openalex.org/W2006545796,https://doi.org/10.1002/mar.4220010308,1984,article,27
Psychology and Marketing,Effects of debriefing in marketing research involving “Mild” deceptions,https://openalex.org/W1967953810,https://doi.org/10.1002/mar.4220060105,1989,article,28
Psychology and Marketing,Subliminal auditory messages: An evaluation,https://openalex.org/W1990213604,https://doi.org/10.1002/mar.4220050406,1988,article,26
Psychology and Marketing,Linguistic barriers to consumer information processing: Information overload in the hispanic population,https://openalex.org/W2078293694,https://doi.org/10.1002/mar.4220030405,1986,article,26
Psychology and Marketing,Physiological measurement of advertising effects,https://openalex.org/W2005111142,https://doi.org/10.1002/mar.4220010105,1984,article,25
Psychology and Marketing,The attraction paradigm in dyadic exchange,https://openalex.org/W2046505785,https://doi.org/10.1002/mar.4220030103,1986,article,25
Psychology and Marketing,Exploring the impact of personal values on socially oriented communications,https://openalex.org/W1966465555,https://doi.org/10.1002/mar.4220020406,1985,article,22
Psychology and Marketing,Shopping‐related characteristics of mexican‐Americans and blacks,https://openalex.org/W2083638682,https://doi.org/10.1002/mar.4220030404,1986,article,22
Psychology and Marketing,Direct observation of search behavior in the purchase of two nondurable products,https://openalex.org/W2015638172,https://doi.org/10.1002/mar.4220020304,1985,article,21
Psychology and Marketing,Shopping patterns: An exploration of some situational determinants,https://openalex.org/W2012565193,https://doi.org/10.1002/mar.4220040106,1987,article,20
Psychology and Marketing,The effects of discrepant power perceptions in a marketing channel,https://openalex.org/W2000766522,https://doi.org/10.1002/mar.4220010306,1984,article,18
Psychology and Marketing,Using values to measure attitudes toward discontinuous innovation,https://openalex.org/W2010261157,https://doi.org/10.1002/mar.4220020404,1985,article,17
Psychology and Marketing,The relationship of sex‐role norms to household task allocation,https://openalex.org/W2125976627,https://doi.org/10.1002/mar.4220020205,1985,article,17
Psychology and Marketing,An investigation of the determinants of cue utilization,https://openalex.org/W2129240896,https://doi.org/10.1002/mar.4220040107,1987,article,17
Psychology and Marketing,Inoculation theory and resistance to persuasion in marketing,https://openalex.org/W2010124175,https://doi.org/10.1002/mar.4220040208,1987,article,16
Psychology and Marketing,Observation of a strategic household purchase decision,https://openalex.org/W2023783787,https://doi.org/10.1002/mar.4220040307,1987,article,16
Psychology and Marketing,Product class involvement and purchase intent,https://openalex.org/W2019969900,https://doi.org/10.1002/mar.4220060204,1989,article,16
Psychology and Marketing,Effects of sex and attitudes toward women on the processing of television commercials,https://openalex.org/W1998497190,https://doi.org/10.1002/mar.4220030306,1986,article,15
Psychology and Marketing,A developmental study of preference for advertised toys,https://openalex.org/W2039571755,https://doi.org/10.1002/mar.4220020102,1985,article,15
Psychology and Marketing,Initial impressions in the retail environment: A comparison of black and white perceptions,https://openalex.org/W2151705304,https://doi.org/10.1002/mar.4220060407,1989,article,15
Psychology and Marketing,Personal constructs: Their use in the marketing of intangible services,https://openalex.org/W1968537457,https://doi.org/10.1002/mar.4220020306,1985,article,14
Psychology and Marketing,Memory for implied versus directly stated advertising claims,https://openalex.org/W2091831844,https://doi.org/10.1002/mar.4220060202,1989,article,14
Psychology and Marketing,Review and appraisal of subliminal perception within the context of signal detection theory,https://openalex.org/W2070262205,https://doi.org/10.1002/mar.4220050404,1988,article,12
Psychology and Marketing,Decision‐making patterns among international vacationers: A cross‐cultural perspective,https://openalex.org/W2118089333,https://doi.org/10.1002/mar.4220040108,1987,article,12
Psychology and Marketing,An archaeological examination of ethnic differences in body care rituals,https://openalex.org/W2121813279,https://doi.org/10.1002/mar.4220030406,1986,article,11
Psychology and Marketing,The effects of schematic memory on imaginal information processing: An empirical assessment,https://openalex.org/W2012412755,https://doi.org/10.1002/mar.4220020103,1985,article,10
Psychology and Marketing,Introversion-extraversion and loud commercials,https://openalex.org/W2030987696,https://doi.org/10.1002/mar.4220030208,1986,article,10
Psychology and Marketing,Methodological considerations in the use of electroencephalographic techniques in advertising research,https://openalex.org/W2033874046,https://doi.org/10.1002/mar.4220010203,1984,article,10
Psychology and Marketing,Whose lifestyle is it anyway?,https://openalex.org/W2045765060,https://doi.org/10.1002/mar.4220030304,1986,article,10
Psychology and Marketing,Frugality: A cross‐national moderator of the price‐quality relationship,https://openalex.org/W1985308490,https://doi.org/10.1002/mar.4220020405,1985,article,9
Psychology and Marketing,Brand loyalty and sequential learning theory,https://openalex.org/W1987329726,https://doi.org/10.1002/mar.4220030205,1986,article,9
Psychology and Marketing,The impact of interpersonal anxiety on consumer information processing,https://openalex.org/W2054758870,https://doi.org/10.1002/mar.4220040203,1987,article,9
Psychology and Marketing,Subcultural influences on family decisionmaking,https://openalex.org/W2090620553,https://doi.org/10.1002/mar.4220030408,1986,article,9
Psychology and Marketing,Inflation‐induced adaptive behavior,https://openalex.org/W2047835120,https://doi.org/10.1002/mar.4220030207,1986,article,8
Psychology and Marketing,Values of middle‐class blacks and whites: A replication and extension,https://openalex.org/W2090931830,https://doi.org/10.1002/mar.4220040206,1987,article,8
Psychology and Marketing,Differences between basic research and the validation of specific measures: A reply to Weinstein; et al.,https://openalex.org/W1964162807,https://doi.org/10.1002/mar.4220020105,1985,article,7
Psychology and Marketing,Assessing response quality. A self‐disclosure approach to assessing response quality in mall intercept and telephone interviews,https://openalex.org/W1967510836,https://doi.org/10.1002/mar.4220010307,1984,article,7
Psychology and Marketing,Taste tests. Psychophysical issues in comparative test design,https://openalex.org/W2087950726,https://doi.org/10.1002/mar.4220010108,1984,article,7
Psychology and Marketing,Timing of negative disclosures and attitudinal consequences,https://openalex.org/W2099891039,https://doi.org/10.1002/mar.4220050204,1988,article,6
Psychology and Marketing,Social power‐based print advertising: Theoretical and practical considerations,https://openalex.org/W2035656229,https://doi.org/10.1002/mar.4220020307,1985,article,5
Psychology and Marketing,The effects of compressed speech on listener attitudes,https://openalex.org/W2050219555,https://doi.org/10.1002/mar.4220010106,1984,article,5
Psychology and Marketing,Forced compliance in family decision‐making,https://openalex.org/W2081534876,https://doi.org/10.1002/mar.4220030309,1986,article,5
Psychology and Marketing,Comment: Measuring Consumer Involvement in Products: Comment on Traylor and Joseph,https://openalex.org/W2037188348,https://doi.org/10.1002/mar.4220020107,1985,article,4
Psychology and Marketing,Television advertising and childrens' attitudes toward proprietary medicine,https://openalex.org/W2037699810,https://doi.org/10.1002/mar.4220040305,1987,article,4
Psychology and Marketing,Problem‐definition in marketing research: Facilitating dialog between clients and researchers,https://openalex.org/W2083191434,https://doi.org/10.1002/mar.4220020204,1985,article,4
Psychology and Marketing,Frame Analysis,https://openalex.org/W4205748229,https://doi.org/10.1002/mar.4220020104,1985,article,4
Psychology and Marketing,A laingian view of the ‘advantage’ of advertisers over consumers,https://openalex.org/W2147493608,https://doi.org/10.1002/mar.4220030106,1986,article,4
Psychology and Marketing,Personality profiles of marketing vs. r&amp;d managers,https://openalex.org/W2088681428,https://doi.org/10.1002/mar.4220050103,1988,article,3
Psychology and Marketing,"Message repetition, experience and motivation",https://openalex.org/W2131071296,https://doi.org/10.1002/mar.4220030305,1986,article,3
Psychology and Marketing,Product evaluation in a dynamic market,https://openalex.org/W2012879118,https://doi.org/10.1002/mar.4220030206,1986,article,2
Psychology and Marketing,Psychological meaning: Empirical directions for identification and strategy development,https://openalex.org/W2015938229,https://doi.org/10.1002/mar.4220060103,1989,article,2
Psychology and Marketing,Time perception in the diffusion of safety hazard information,https://openalex.org/W2018395797,https://doi.org/10.1002/mar.4220030308,1986,article,2
Psychology and Marketing,The dialogue that needs to happen,https://openalex.org/W2025596101,https://doi.org/10.1002/mar.4220010103,1984,article,2
Psychology and Marketing,The influence of ‘low‐balling’ on buyers' compliance: Revisited,https://openalex.org/W2037536883,https://doi.org/10.1002/mar.4220030204,1986,article,2
Psychology and Marketing,Consumer decision making across product categories: The influence of task environment,https://openalex.org/W2104497382,https://doi.org/10.1002/mar.4220050105,1988,article,2
Psychology and Marketing,Toward a behavior‐specific measure of well‐being,https://openalex.org/W1969913902,https://doi.org/10.1002/mar.4220010107,1984,article,1
Psychology and Marketing,The changing video environment from the viewer's perspective,https://openalex.org/W2029069496,https://doi.org/10.1002/mar.4220010312,1984,article,1
Psychology and Marketing,The effect of experimenter bias in a cola taste test,https://openalex.org/W2036203712,https://doi.org/10.1002/mar.4220010204,1984,article,1
Psychology and Marketing,Consumer profiles section: Consumer profiles for conventional bed and waterbed owners in Canada,https://openalex.org/W2061719900,https://doi.org/10.1002/mar.4220020106,1985,article,1
Psychology and Marketing,Reply to Arora and Baer's comment on measuring consumer involvement in products,https://openalex.org/W2111435858,https://doi.org/10.1002/mar.4220020208,1985,article,1
Psychology and Marketing,Editor's note,https://openalex.org/W4246105371,https://doi.org/10.1002/mar.4220010302,1984,article,1
Psychology and Marketing,Introduction,https://openalex.org/W4248088088,https://doi.org/10.1002/mar.4220010102,1984,article,1
Psychology and Marketing,Modeling inflation‐induced adaptive behaviors,https://openalex.org/W1987591775,https://doi.org/10.1002/mar.4220040207,1987,article,1
Psychology and Marketing,Editor's note,https://openalex.org/W4249185226,https://doi.org/10.1002/mar.4220030107,1986,article,1
Psychology and Marketing,"Editor's note: On venetian blinds, coca‐cola, and consumer research",https://openalex.org/W1969014495,https://doi.org/10.1002/mar.4220020202,1985,article,0
Psychology and Marketing,The strategic dilemma of alternate structures in expectancy‐value attitude models,https://openalex.org/W1995537050,https://doi.org/10.1002/mar.4220020206,1985,article,0
Psychology and Marketing,Editor's note: At what cost recall?,https://openalex.org/W2069581212,https://doi.org/10.1002/mar.4220020302,1985,article,0
Psychology and Marketing,Editor's note: Bad advertising and values,https://openalex.org/W2091713235,https://doi.org/10.1002/mar.4220020402,1985,article,0
Psychology and Marketing,The media controller,https://openalex.org/W1973059081,https://doi.org/10.1002/mar.4220010311,1984,article,0
Psychology and Marketing,Editor's note and the winner is …,https://openalex.org/W1975714339,https://doi.org/10.1002/mar.4220040102,1987,article,0
Psychology and Marketing,"Influence: How and why people agree to things. by Robert B. Cialdini, Ph.D. New York: William Morrow and Company, Inc., 1984",https://openalex.org/W1990720811,https://doi.org/10.1002/mar.4220010317,1984,article,0
Psychology and Marketing,"Consumer research for management decisions. By Melvin Prince John Wiley and Sons, New York, 1982 210 pp., $32.95",https://openalex.org/W1991516322,https://doi.org/10.1002/mar.4220010109,1984,article,0
Psychology and Marketing,Broadcast and cable: Made for each other,https://openalex.org/W1994859349,https://doi.org/10.1002/mar.4220010313,1984,article,0
Psychology and Marketing,Editor's note. On awards in advertising,https://openalex.org/W1996950559,https://doi.org/10.1002/mar.4220030302,1986,article,0
Psychology and Marketing,"Options, challenges, and opportunities",https://openalex.org/W2020300642,https://doi.org/10.1002/mar.4220010314,1984,article,0
Psychology and Marketing,The market for direct broadcast satellites,https://openalex.org/W2067494323,https://doi.org/10.1002/mar.4220010315,1984,article,0
Psychology and Marketing,Editor's note. Send in your vote for ‘the best’ and ‘the worst’ television commercials of 1986,https://openalex.org/W2118999120,https://doi.org/10.1002/mar.4220030202,1986,article,0
Psychology and Marketing,"Psychology, marketing, and television",https://openalex.org/W2126172866,https://doi.org/10.1002/mar.4220010310,1984,article,0
Psychology and Marketing,Contingency contracting with celebrity endorsers,https://openalex.org/W2161936810,https://doi.org/10.1002/mar.4220040302,1987,article,0
Psychology and Marketing,Call for papers,https://openalex.org/W4206058680,https://doi.org/10.1002/mar.4220030409,1986,article,0
Psychology and Marketing,On “wearing”,https://openalex.org/W4214656390,https://doi.org/10.1002/mar.4220040202,1987,article,0
Psychology and Marketing,Instruction to Author,https://openalex.org/W4234069281,https://doi.org/10.1002/mar.4220060107,1989,article,0
Psychology and Marketing,Editor's note,https://openalex.org/W4235131307,https://doi.org/10.1002/mar.4220030402,1986,article,0
Psychology and Marketing,Forthcoming articles,https://openalex.org/W4240464666,https://doi.org/10.1002/mar.4220050207,1988,article,0
Psychology and Marketing,Announcing the first annual psychology &amp; marketing “best” and “worst” television commer cids awards,https://openalex.org/W4241846251,https://doi.org/10.1002/mar.4220030310,1986,article,0
Psychology and Marketing,Programming!,https://openalex.org/W4242775848,https://doi.org/10.1002/mar.4220010316,1984,article,0
Psychology and Marketing,Introduction,https://openalex.org/W4243249749,https://doi.org/10.1002/mar.4220060402,1989,article,0
Psychology and Marketing,Forthcoming Articles,https://openalex.org/W4244307733,https://doi.org/10.1002/mar.4220050108,1988,article,0
Psychology and Marketing,Forthcoming article,https://openalex.org/W4248393164,https://doi.org/10.1002/mar.4220060106,1989,article,0
Psychology and Marketing,Editor's note,https://openalex.org/W4254962231,https://doi.org/10.1002/mar.4220010202,1984,article,0
