source_journal,work_title,work_oaid,DOI,pub_year,work_type,all_cited_by_count
Psychology and Marketing,Handbook of qualitative research,https://openalex.org/W2017080815,https://doi.org/10.1002/(sici)1520-6793(199907)16:4<371::aid-mar7>3.0.co;2-k,1999,article,9159
Psychology and Marketing,Handbook of qualitative research,https://openalex.org/W4233813450,https://doi.org/10.1002/(sici)1520-6793(199907)16:4<371::aid-mar7>3.3.co;2-b,1999,article,3286
Psychology and Marketing,The impact of customer satisfaction and relationship quality on customer retention: A critical reassessment and model development,https://openalex.org/W2153932359,https://doi.org/10.1002/(sici)1520-6793(199712)14:8<737::aid-mar2>3.0.co;2-f,1997,article,1223
Psychology and Marketing,Personal taste and family face: Luxury consumption in Confucian and western societies,https://openalex.org/W2059171277,https://doi.org/10.1002/(sici)1520-6793(199808)15:5<423::aid-mar2>3.0.co;2-9,1998,article,982
Psychology and Marketing,"The psychology of attitudes. A.H. Eagly &amp; S. Chaiken. Fort Worth, TX: Harcourt, Brace, &amp; Janovich, 1993, 794 pp. Reviewed by Christopher Leone, University of North Florida",https://openalex.org/W4244774484,https://doi.org/10.1002/mar.4220120509,1995,article,834
Psychology and Marketing,Store environment and consumer purchase behavior: Mediating role of consumer emotions,https://openalex.org/W2056886756,https://doi.org/10.1002/(sici)1520-6793(199707)14:4<361::aid-mar4>3.0.co;2-7,1997,article,797
Psychology and Marketing,"Environmental color, consumer feelings, and purchase likelihood",https://openalex.org/W2005419708,https://doi.org/10.1002/mar.4220090502,1992,article,725
Psychology and Marketing,Congruence between spokesperson and product type: A matchup hypothesis perspective,https://openalex.org/W2012900610,https://doi.org/10.1002/mar.4220110605,1994,article,661
Psychology and Marketing,A comparative analysis of four scales of consumer involvement,https://openalex.org/W2038122468,https://doi.org/10.1002/mar.4220120708,1995,article,605
Psychology and Marketing,Customer response to intangible and tangible service factors,https://openalex.org/W1974824710,https://doi.org/10.1002/(sici)1520-6793(199901)16:1<51::aid-mar4>3.0.co;2-0,1999,article,551
Psychology and Marketing,"Buyer-Seller relationships: Similarity, relationship management, and quality",https://openalex.org/W2076915346,https://doi.org/10.1002/(sici)1520-6793(199801)15:1<3::aid-mar2>3.0.co;2-i,1998,article,510
Psychology and Marketing,Factors leading to group identification: A field study of winners and losers,https://openalex.org/W3124408002,https://doi.org/10.1002/(sici)1520-6793(199801)15:1<23::aid-mar3>3.0.co;2-p,1998,article,497
Psychology and Marketing,"Closeness, strength, and satisfaction: Examining the nature of relationships between providers of financial services and their retail customers",https://openalex.org/W2084823538,https://doi.org/10.1002/(sici)1520-6793(199712)14:8<765::aid-mar3>3.0.co;2-c,1997,article,397
Psychology and Marketing,"High-versus low-Context culture: A comparison of Chinese, Korean, and American cultures",https://openalex.org/W2094292955,https://doi.org/10.1002/(sici)1520-6793(199809)15:6<507::aid-mar2>3.0.co;2-a,1998,article,380
Psychology and Marketing,Consumer demand for counterfeit goods,https://openalex.org/W2161329457,https://doi.org/10.1002/(sici)1520-6793(199808)15:5<405::aid-mar1>3.0.co;2-b,1998,article,379
Psychology and Marketing,The matchup effect of spokesperson and product congruency: A schema theory interpretation,https://openalex.org/W2035860906,https://doi.org/10.1002/mar.4220110502,1994,article,355
Psychology and Marketing,"Sex, gender identity, gender role attitudes, and consumer behavior",https://openalex.org/W2038296484,https://doi.org/10.1002/mar.4220110206,1994,article,353
Psychology and Marketing,Means-end chains as goal hierarchies,https://openalex.org/W1973454790,https://doi.org/10.1002/(sici)1520-6793(199709)14:6<545::aid-mar2>3.0.co;2-7,1997,article,352
Psychology and Marketing,"Self‐concept and advertising effectiveness: The influence of congruency, conspicuousness, and response mode",https://openalex.org/W2129933685,https://doi.org/10.1002/mar.4220120105,1995,article,345
Psychology and Marketing,The desire for unique consumer products: A new individual differences scale,https://openalex.org/W1982559429,https://doi.org/10.1002/(sici)1520-6793(199709)14:6<601::aid-mar5>3.0.co;2-b,1997,article,331
Psychology and Marketing,Attitude formation from product trial: Distinct roles of cognition and affect for hedonic and functional products,https://openalex.org/W2050589899,https://doi.org/10.1002/(sici)1520-6793(199901)16:1<35::aid-mar3>3.0.co;2-u,1999,article,326
Psychology and Marketing,A model of brand awareness and brand attitude advertising strategies,https://openalex.org/W2024286457,https://doi.org/10.1002/mar.4220090402,1992,article,322
Psychology and Marketing,An investigation of match-up effects in sport sponsorship advertising: The implications of consumer advertising schemas,https://openalex.org/W1981638451,https://doi.org/10.1002/(sici)1520-6793(199903)16:2<163::aid-mar6>3.0.co;2-y,1999,article,309
Psychology and Marketing,Consumer recycling goals and their effect on decisions to recycle: A means‐end chain analysis,https://openalex.org/W2164384875,https://doi.org/10.1002/mar.4220110403,1994,article,307
Psychology and Marketing,Music influences on mood and purchase intentions,https://openalex.org/W2115267445,https://doi.org/10.1002/mar.4220070204,1990,article,287
Psychology and Marketing,The effects of background music on consumers' desire to affiliate in buyer‐seller interactions,https://openalex.org/W1982513138,https://doi.org/10.1002/mar.4220120407,1995,article,276
Psychology and Marketing,"The role of materialism, religiosity, and demographics in subjective well-being",https://openalex.org/W1967680087,https://doi.org/10.1002/(sici)1520-6793(199701)14:1<71::aid-mar5>3.0.co;2-l,1997,article,274
Psychology and Marketing,Advertising and social comparison: Consequences for female preadolescents and adolescents,https://openalex.org/W2054247680,https://doi.org/10.1002/mar.4220100605,1993,article,274
Psychology and Marketing,?I can't get no satisfaction:? The impact of personality and emotion on postpurchase processes,https://openalex.org/W2089796443,https://doi.org/10.1002/(sici)1520-6793(199707)14:4<379::aid-mar5>3.0.co;2-6,1997,article,258
Psychology and Marketing,In the mood to buy: Differences in the mood states experienced by compulsive buyers and other consumers,https://openalex.org/W1974632715,https://doi.org/10.1002/(sici)1520-6793(199612)13:8<803::aid-mar6>3.0.co;2-j,1996,article,254
Psychology and Marketing,Image congruence effects on product evaluations: The role of self-monitoring and public/private consumption,https://openalex.org/W2026105743,https://doi.org/10.1002/(sici)1520-6793(199608)13:5<481::aid-mar3>3.0.co;2-5,1996,article,244
Psychology and Marketing,Understanding the determinants of environmentally conscious behavior,https://openalex.org/W2058082910,https://doi.org/10.1002/(sici)1520-6793(199908)16:5<373::aid-mar1>3.0.co;2-s,1999,article,235
Psychology and Marketing,Effects of ambient odors on slot‐machine usage in a las vegas casino,https://openalex.org/W2062229768,https://doi.org/10.1002/mar.4220120703,1995,article,228
Psychology and Marketing,"Effects of involvement, argument strength, and source characteristics on central and peripheral processing of advertising",https://openalex.org/W2007078252,https://doi.org/10.1002/mar.4220070305,1990,article,220
Psychology and Marketing,Relationship marketing effectiveness: The role of involvement,https://openalex.org/W1978053763,https://doi.org/10.1002/(sici)1520-6793(199808)15:5<443::aid-mar3>3.0.co;2-7,1998,article,216
Psychology and Marketing,Further evidence on the consumer involvement profile: Five antecedents of involvement,https://openalex.org/W2070893558,https://doi.org/10.1002/mar.4220100408,1993,article,216
Psychology and Marketing,Ecoscale: A scale for the measurement of environmentally responsible consumers,https://openalex.org/W2117594380,https://doi.org/10.1002/mar.4220120704,1995,article,216
Psychology and Marketing,You look “mahvelous”: The pursuit of beauty and the marketing concept,https://openalex.org/W2150191426,https://doi.org/10.1002/mar.4220090103,1992,article,213
Psychology and Marketing,"Exploring the relationships among liminal transitions, symbolic consumption, and the extended self",https://openalex.org/W2044304262,https://doi.org/10.1002/(sici)1520-6793(199701)14:1<29::aid-mar3>3.0.co;2-q,1997,article,206
Psychology and Marketing,Adolescent consumer decision-making styles: The consumer socialization perspective,https://openalex.org/W1970332990,https://doi.org/10.1002/(sici)1520-6793(199609)13:6<547::aid-mar2>3.0.co;2-8,1996,article,198
Psychology and Marketing,Expectations and product performance as determinants of satisfaction for a high‐involvement purchase,https://openalex.org/W2023572059,https://doi.org/10.1002/mar.4220100507,1993,article,197
Psychology and Marketing,A modified scale for the measurement of communication-evoked mental imagery,https://openalex.org/W2135888648,https://doi.org/10.1002/(sici)1520-6793(199805)15:3<261::aid-mar4>3.0.co;2-8,1998,article,196
Psychology and Marketing,"The robustness of the asymmetrically dominated effect: Buying frames, phantom alternatives, and in-store purchases",https://openalex.org/W1979420047,https://doi.org/10.1002/(sici)1520-6793(199905)16:3<225::aid-mar3>3.0.co;2-x,1999,article,195
Psychology and Marketing,The relationship between waiting in a service queue and evaluations of service quality: A field theory perspective,https://openalex.org/W1975169499,https://doi.org/10.1002/(sici)1520-6793(199812)15:8<735::aid-mar2>3.0.co;2-9,1998,article,192
Psychology and Marketing,Consumption situations and the effects of brand image on consumers' brand evaluations,https://openalex.org/W2085311330,https://doi.org/10.1002/(sici)1520-6793(199701)14:1<49::aid-mar4>3.0.co;2-o,1997,article,186
Psychology and Marketing,Focus groups: Theory and practice,https://openalex.org/W2009253855,https://doi.org/10.1002/(sici)1520-6793(199907)16:4<369::aid-mar6>3.0.co;2-0,1999,article,189
Psychology and Marketing,Narrative analysis of a marketing relationship: The consumer's perspective,https://openalex.org/W2065404242,https://doi.org/10.1002/(sici)1520-6793(199805)15:3<195::aid-mar1>3.0.co;2-5,1998,article,179
Psychology and Marketing,Attitudes and recycling: Does the measurement of affect enhance behavioral prediction?,https://openalex.org/W2105427264,https://doi.org/10.1002/mar.4220110405,1994,article,172
Psychology and Marketing,The impact of buyer dependence on buyer opportunism in buyer-supplier relationships: The moderating role of relational norms,https://openalex.org/W2078391562,https://doi.org/10.1002/(sici)1520-6793(199712)14:8<823::aid-mar5>3.0.co;2-g,1997,article,168
Psychology and Marketing,Customer control and evaluation of service validity and reliability,https://openalex.org/W2039159104,https://doi.org/10.1002/(sici)1520-6793(199812)15:8<811::aid-mar6>3.0.co;2-8,1998,article,161
Psychology and Marketing,Application of the personal involvement inventory in marketing,https://openalex.org/W2028719566,https://doi.org/10.1002/mar.4220100409,1993,article,160
Psychology and Marketing,Empathy and the salesperson: A multidimensional perspective,https://openalex.org/W1991047936,https://doi.org/10.1002/mar.4220120409,1995,article,159
Psychology and Marketing,Brand confusion: Empirical study of a legal concept,https://openalex.org/W1993803031,https://doi.org/10.1002/mar.4220120607,1995,article,159
Psychology and Marketing,Individual differences in emotional contagion of salespersons: Its effect on performance and burnout,https://openalex.org/W2103801461,https://doi.org/10.1002/(sici)1520-6793(199709)14:6<617::aid-mar6>3.0.co;2-a,1997,article,153
Psychology and Marketing,Female nudity in print advertising: An analysis of gender differences in arousal and Ad response,https://openalex.org/W2089790391,https://doi.org/10.1002/mar.4220070106,1990,article,152
Psychology and Marketing,Consumer knowledge measures as predictors in product evaluation,https://openalex.org/W2068220366,https://doi.org/10.1002/(sici)1520-6793(199705)14:3<241::aid-mar3>3.0.co;2-b,1997,article,151
Psychology and Marketing,Developing a typology of affective responses to advertising,https://openalex.org/W2105107653,https://doi.org/10.1002/mar.4220070103,1990,article,150
Psychology and Marketing,"Know the name, forget the exposure: Brand familiarity versus memory of exposure context",https://openalex.org/W1972244180,https://doi.org/10.1002/(sici)1520-6793(199909)16:6<479::aid-mar3>3.0.co;2-y,1999,article,147
Psychology and Marketing,Social values and female fashion leadership: A cross‐cultural study,https://openalex.org/W1990985801,https://doi.org/10.1002/mar.4220100504,1993,article,147
Psychology and Marketing,A comparison of Korean and American gift-giving behaviors,https://openalex.org/W2132209339,https://doi.org/10.1002/(sici)1520-6793(199809)15:6<577::aid-mar6>3.0.co;2-3,1998,article,146
Psychology and Marketing,Recycling as a marketing problem: A framework for strategy development,https://openalex.org/W2092049210,https://doi.org/10.1002/mar.4220110407,1994,article,144
Psychology and Marketing,The effects of time pressure and information load on decision quality,https://openalex.org/W1977257551,https://doi.org/10.1002/mar.4220090503,1992,article,143
Psychology and Marketing,The Aad-Ab-PI relationship in children: The impact of brand familiarity and measurement timing,https://openalex.org/W2157249998,https://doi.org/10.1002/(sici)1520-6793(199601)13:1<77::aid-mar5>3.0.co;2-m,1996,article,142
Psychology and Marketing,"The influence of tempo, loudness, and gender of listener on responses to music",https://openalex.org/W2013847939,https://doi.org/10.1002/mar.4220100103,1993,article,140
Psychology and Marketing,On distributor commitment in industrial channels of distribution: A multicomponent approach,https://openalex.org/W2070235528,https://doi.org/10.1002/(sici)1520-6793(199712)14:8<847::aid-mar6>3.0.co;2-e,1997,article,140
Psychology and Marketing,Psychographic constructs and demographic segments,https://openalex.org/W2091391638,https://doi.org/10.1002/mar.4220120306,1995,article,138
Psychology and Marketing,Family decision‐making theory: An overview and assessment,https://openalex.org/W2171847015,https://doi.org/10.1002/mar.4220100203,1993,article,131
Psychology and Marketing,Motivating recycling behavior: A quasiexperimental investigation of message and source strategies,https://openalex.org/W2035041674,https://doi.org/10.1002/mar.4220110404,1994,article,121
Psychology and Marketing,Consumer satisfaction as a process,https://openalex.org/W2005289327,https://doi.org/10.1002/mar.4220070304,1990,article,119
Psychology and Marketing,The impact of customer satisfaction and relationship quality on customer retention: A critical reassessment and model development,https://openalex.org/W4238416262,https://doi.org/10.1002/(sici)1520-6793(199712)14:8<737::aid-mar2>3.3.co;2-z,1997,article,125
Psychology and Marketing,The separateness-connectedness self-schema: Scale development and application to message construction,https://openalex.org/W1969291069,https://doi.org/10.1002/(sici)1520-6793(199703)14:2<185::aid-mar5>3.0.co;2-9,1997,article,118
Psychology and Marketing,The influence of product knowledge and brand name on internal price standards and confidence,https://openalex.org/W2019080847,https://doi.org/10.1002/mar.4220100104,1993,article,118
Psychology and Marketing,Ambush marketing: Is confusion to blame for the flickering of the flame?,https://openalex.org/W1998077011,https://doi.org/10.1002/(sici)1520-6793(199807)15:4<367::aid-mar6>3.0.co;2-6,1998,article,117
Psychology and Marketing,Buying status: Experimental evidence on status in negotiation,https://openalex.org/W3125485839,https://doi.org/10.1002/(sici)1520-6793(199607)13:4<379::aid-mar4>3.0.co;2-7,1996,article,117
Psychology and Marketing,A heuristic-systematic processing analysis of the effectiveness of product warning labels,https://openalex.org/W2062519061,https://doi.org/10.1002/(sici)1520-6793(199810)15:7<621::aid-mar2>3.0.co;2-h,1998,article,116
Psychology and Marketing,How advertising slogans can prime evaluations of brand extensions,https://openalex.org/W1986887503,https://doi.org/10.1002/mar.4220100106,1993,article,115
Psychology and Marketing,How green-claim strength and country disposition affect product evaluation and company image,https://openalex.org/W2023867566,https://doi.org/10.1002/(sici)1520-6793(199708)14:5<511::aid-mar5>3.0.co;2-b,1997,article,115
Psychology and Marketing,Ambush marketing: Corporate strategy and consumer reaction,https://openalex.org/W1977349634,https://doi.org/10.1002/(sici)1520-6793(199807)15:4<305::aid-mar2>3.0.co;2-c,1998,article,114
Psychology and Marketing,Cultural values in international advertising: An examination of familial norms and roles in Mexico,https://openalex.org/W2071894931,https://doi.org/10.1002/(sici)1520-6793(199703)14:2<99::aid-mar1>3.0.co;2-i,1997,article,114
Psychology and Marketing,Are consumers inherently or situationally brand loyal??A set intercorrelation account for conscious brand loyalty and nonconscious inertia,https://openalex.org/W2009984463,https://doi.org/10.1002/(sici)1520-6793(199909)16:6<523::aid-mar5>3.0.co;2-b,1999,article,111
Psychology and Marketing,Integrating multiple qualitative research methods (or avoiding the precariousness of a one‐legged stool),https://openalex.org/W1967528078,https://doi.org/10.1002/(sici)1520-6793(199907)16:4<291::aid-mar2>3.0.co;2-#,1999,article,109
Psychology and Marketing,Compulsive buying: An examination of the consumption motive,https://openalex.org/W2127994472,https://doi.org/10.1002/(sici)1520-6793(199612)13:8<741::aid-mar2>3.0.co;2-f,1996,article,109
Psychology and Marketing,Customer complaint situations: An equity theory perspective,https://openalex.org/W2134652588,https://doi.org/10.1002/mar.4220120203,1995,article,109
Psychology and Marketing,Consumer transgressions in the marketplace: Consumers' perspectives,https://openalex.org/W1990741876,https://doi.org/10.1002/(sici)1520-6793(199612)13:8<821::aid-mar7>3.0.co;2-h,1996,article,107
Psychology and Marketing,Consumer brand confusion: A conceptual framework,https://openalex.org/W2038184126,https://doi.org/10.1002/mar.4220090204,1992,article,107
Psychology and Marketing,Everyday persuasion knowledge,https://openalex.org/W2121441625,https://doi.org/10.1002/(sici)1520-6793(199903)16:2<185::aid-mar7>3.0.co;2-n,1999,article,107
Psychology and Marketing,An exploration into renting as consumption behavior,https://openalex.org/W2140163653,https://doi.org/10.1002/mar.4220120202,1995,article,107
Psychology and Marketing,A lifestyle analysis of female consumers in greater China,https://openalex.org/W2086075586,https://doi.org/10.1002/(sici)1520-6793(199705)14:3<287::aid-mar5>3.0.co;2-7,1997,article,104
Psychology and Marketing,The impact of moods generated by television programs on responses to advertising,https://openalex.org/W1982762131,https://doi.org/10.1002/mar.4220080106,1991,article,102
Psychology and Marketing,Positively versus negatively framed product attributes: The influence of involvement,https://openalex.org/W2092058590,https://doi.org/10.1002/(sici)1520-6793(199910)16:7<613::aid-mar4>3.0.co;2-f,1999,article,102
Psychology and Marketing,The implications of recency and gender effects in consumer response to ambush marketing,https://openalex.org/W1969632396,https://doi.org/10.1002/(sici)1520-6793(199807)15:4<385::aid-mar7>3.0.co;2-4,1998,article,99
Psychology and Marketing,Hispanic coupon usage: The impact of strong and weak ethnic identification,https://openalex.org/W2015893851,https://doi.org/10.1002/mar.4220090607,1992,article,99
Psychology and Marketing,On the neglect of volition in consumer research: A critique and proposal,https://openalex.org/W2100609839,https://doi.org/10.1002/mar.4220100305,1993,article,96
Psychology and Marketing,Implementing the concept of transformational advertising,https://openalex.org/W2067501873,https://doi.org/10.1002/mar.4220090306,1992,article,94
Psychology and Marketing,Innovativeness in product usage: A comparison of early adopters and early majority,https://openalex.org/W2010126134,https://doi.org/10.1002/mar.4220110107,1994,article,93
Psychology and Marketing,Is it better to give than to receive? Exploring gender differences in the meaning of memorable gifts,https://openalex.org/W2032291468,https://doi.org/10.1002/(sici)1520-6793(199801)15:1<81::aid-mar6>3.0.co;2-j,1998,article,98
Psychology and Marketing,A nonconscious processing explanation of consumer response to product design,https://openalex.org/W2099494602,https://doi.org/10.1002/(sici)1520-6793(199909)16:6<497::aid-mar4>3.0.co;2-z,1999,article,98
Psychology and Marketing,Acculturation levels and shopping orientations of Asian-American consumers,https://openalex.org/W1981446048,https://doi.org/10.1002/(sici)1520-6793(199701)14:1<1::aid-mar1>3.0.co;2-j,1997,article,97
Psychology and Marketing,The impact of staff empowerment and communication style on customer evaluations: The special case of service failure,https://openalex.org/W2091100850,https://doi.org/10.1002/(sici)1520-6793(199708)14:5<475::aid-mar3>3.0.co;2-5,1997,article,92
Psychology and Marketing,The role of arousal in the creation and control of the halo effect in attitude models,https://openalex.org/W2080528962,https://doi.org/10.1002/(sici)1520-6793(199605)13:3<235::aid-mar1>3.0.co;2-d,1996,article,91
Psychology and Marketing,Toward a better understanding of the role of advertising message involvement in ad processing,https://openalex.org/W2022937694,https://doi.org/10.1002/mar.4220100405,1993,article,90
Psychology and Marketing,Consumer satisfaction with health-care services: The influence of involvement,https://openalex.org/W2094029492,https://doi.org/10.1002/(sici)1520-6793(199705)14:3<261::aid-mar4>3.0.co;2-9,1997,article,90
Psychology and Marketing,Ambush marketing: The undeserved advantage,https://openalex.org/W2104325591,https://doi.org/10.1002/(sici)1520-6793(199807)15:4<323::aid-mar3>3.0.co;2-a,1998,article,89
Psychology and Marketing,"Long-term effects of alcohol warning labels: Findings from a comparison of the United States and Ontario, Canada",https://openalex.org/W2157878034,https://doi.org/10.1002/(sici)1520-6793(199905)16:3<261::aid-mar5>3.0.co;2-z,1999,article,88
Psychology and Marketing,Gender schematicity and preference for gender‐typed products,https://openalex.org/W2014855815,https://doi.org/10.1002/mar.4220090104,1992,article,87
Psychology and Marketing,Sociodemographic factors and mail survey response,https://openalex.org/W2041052725,https://doi.org/10.1002/(sici)1520-6793(199602)13:2<171::aid-mar4>3.0.co;2-c,1996,article,87
Psychology and Marketing,What information belongs in a warning?,https://openalex.org/W2083250080,https://doi.org/10.1002/(sici)1520-6793(199810)15:7<663::aid-mar4>3.0.co;2-d,1998,article,87
Psychology and Marketing,"External information sources of product enthusiasts: Differences between variety seekers, variety neutrals, and variety avoiders",https://openalex.org/W2028517555,https://doi.org/10.1002/(sici)1520-6793(199605)13:3<291::aid-mar3>3.0.co;2-7,1996,article,86
Psychology and Marketing,The effects of empathy on salesperson effectiveness,https://openalex.org/W1977089315,https://doi.org/10.1002/mar.4220090404,1992,article,83
Psychology and Marketing,Older adults' motivations for gift giving to charitable organizations: An exchange theory perspective,https://openalex.org/W2109962855,https://doi.org/10.1002/(sici)1520-6793(199601)13:1<107::aid-mar6>3.0.co;2-k,1996,article,81
Psychology and Marketing,"Relationship marketing: Evolution, present state, and future",https://openalex.org/W1970565085,https://doi.org/10.1002/(sici)1520-6793(199712)14:8<727::aid-mar1>3.0.co;2-g,1997,article,80
Psychology and Marketing,Attitudinal effects of ad‐evoked moods and emotions: The moderating role of motivation,https://openalex.org/W2111692509,https://doi.org/10.1002/mar.4220110302,1994,article,80
Psychology and Marketing,Exploration in product usage: A model of use innovativeness,https://openalex.org/W2026117959,https://doi.org/10.1002/mar.4220110108,1994,article,79
Psychology and Marketing,Shaping time perceptions with background music: The effect of congruity and arousal on estimates of ad durations,https://openalex.org/W2030257150,https://doi.org/10.1002/(sici)1520-6793(199608)13:5<501::aid-mar4>3.0.co;2-d,1996,article,78
Psychology and Marketing,Stereotyping effects on consumers' evaluation of advertising: Impact of racial differences between actors and viewers,https://openalex.org/W2080725292,https://doi.org/10.1002/mar.4220070205,1990,article,78
Psychology and Marketing,Consumer susceptibility to interpersonal influence and attributional sensitivity,https://openalex.org/W2113020230,https://doi.org/10.1002/mar.4220090504,1992,article,76
Psychology and Marketing,A coupon is more than a low price: Evidence from a shopping‐simulation study,https://openalex.org/W1985547099,https://doi.org/10.1002/mar.4220090603,1992,article,75
Psychology and Marketing,"Apparel catalog patronage: Demographic, lifestyle and motivational factors",https://openalex.org/W1964911956,https://doi.org/10.1002/mar.4220090403,1992,article,74
Psychology and Marketing,"The effect of enduring, situational, and response involvement on preference stability in the context of voting behavior",https://openalex.org/W2078999601,https://doi.org/10.1002/mar.4220090205,1992,article,73
Psychology and Marketing,Attitude and risk: Exploring the relationship,https://openalex.org/W2031285140,https://doi.org/10.1002/mar.4220120205,1995,article,77
Psychology and Marketing,Effects of moral cognitions and consumer emotions on shoplifting intentions,https://openalex.org/W2126174183,https://doi.org/10.1002/(sici)1520-6793(199612)13:8<785::aid-mar5>3.0.co;2-b,1996,article,77
Psychology and Marketing,Effects of tempo and familiarity of background music on message processing in TV advertising: A resource-matching perspective,https://openalex.org/W2046781584,https://doi.org/10.1002/(sici)1520-6793(199912)16:8<659::aid-mar3>3.0.co;2-s,1999,article,76
Psychology and Marketing,Customer desire expectations about service employees: An analysis of hierarchical relations,https://openalex.org/W2165608663,https://doi.org/10.1002/(sici)1520-6793(199812)15:8<755::aid-mar3>3.0.co;2-4,1998,article,76
Psychology and Marketing,A meta-analysis of consumer choice and subliminal advertising,https://openalex.org/W2134686570,https://doi.org/10.1002/(sici)1520-6793(199608)13:5<517::aid-mar5>3.0.co;2-c,1996,article,75
Psychology and Marketing,Integrating multiple qualitative research methods (or avoiding the precariousness of a one-legged stool),https://openalex.org/W4212904191,https://doi.org/10.1002/(sici)1520-6793(199907)16:4<291::aid-mar2>3.0.co;2-,1999,article,75
Psychology and Marketing,An empirical investigation of the role of involvement with a gendered product,https://openalex.org/W2010037013,https://doi.org/10.1002/mar.4220100403,1993,article,74
Psychology and Marketing,Customer contact and the evaluation of service experiences: Propositions and implications for the design of services,https://openalex.org/W2044707884,https://doi.org/10.1002/(sici)1520-6793(199812)15:8<793::aid-mar5>3.0.co;2-0,1998,article,73
Psychology and Marketing,Consumer decision making within a goal-driven framework,https://openalex.org/W2084113348,https://doi.org/10.1002/(sici)1520-6793(199708)14:5<427::aid-mar1>3.0.co;2-a,1997,article,72
Psychology and Marketing,Comprehending product attributes and benefits: The role of product knowledge and means-end chain inferences,https://openalex.org/W1987410733,https://doi.org/10.1002/(sici)1520-6793(199703)14:2<163::aid-mar4>3.0.co;2-b,1997,article,71
Psychology and Marketing,The effects of product knowledge on the evaluation of warranteed brands,https://openalex.org/W2038323968,https://doi.org/10.1002/(sici)1520-6793(199608)13:5<445::aid-mar1>3.0.co;2-9,1996,article,71
Psychology and Marketing,An empirical evaluation of the kapferer‐laurent consumer involvement profile scale,https://openalex.org/W2000750940,https://doi.org/10.1002/mar.4220100407,1993,article,70
Psychology and Marketing,Acculturation and advertising communication strategies: A cross‐cultural study of Chinese and Americans,https://openalex.org/W2004177289,https://doi.org/10.1002/mar.4220100503,1993,article,70
Psychology and Marketing,Consumer evaluation of recycled products,https://openalex.org/W2079692948,https://doi.org/10.1002/mar.4220120302,1995,article,70
Psychology and Marketing,The joint impact of humor and argument strength in a print advertising context: A case for weaker arguments,https://openalex.org/W2094639731,https://doi.org/10.1002/(sici)1520-6793(199901)16:1<69::aid-mar5>3.0.co;2-9,1999,article,70
Psychology and Marketing,The effects of imagery-evoking radio advertising strategies on affective responses,https://openalex.org/W1967620431,https://doi.org/10.1002/(sici)1520-6793(199707)14:4<337::aid-mar3>3.0.co;2-a,1997,article,69
Psychology and Marketing,Critical periods in the development of men's and women's tastes in personal appearance,https://openalex.org/W2122382477,https://doi.org/10.1002/mar.4220100607,1993,article,69
Psychology and Marketing,Appraisal processes in the enactment of intentions to use coupons,https://openalex.org/W2001291150,https://doi.org/10.1002/mar.4220090605,1992,article,68
Psychology and Marketing,Environmental consumerism: A process of children's socialization and families' resocialization,https://openalex.org/W2018175665,https://doi.org/10.1002/mar.4220120606,1995,article,66
Psychology and Marketing,A theory of reasoned action perspective of voting behavior: Model and empirical test,https://openalex.org/W2035206041,https://doi.org/10.1002/mar.4220120104,1995,article,65
Psychology and Marketing,Mood and persuasion: Evidence for the differential influence of positive and negative states,https://openalex.org/W2168280741,https://doi.org/10.1002/mar.4220070102,1990,article,64
Psychology and Marketing,Country‐of‐origin effects on product quality judgments: An information integration perspective,https://openalex.org/W2093066913,https://doi.org/10.1002/mar.4220080205,1991,article,60
Psychology and Marketing,Consumer evaluations of movies on the basis of critics' judgments,https://openalex.org/W2067819701,https://doi.org/10.1002/(sici)1520-6793(199912)16:8<677::aid-mar4>3.0.co;2-t,1999,article,68
Psychology and Marketing,The legal and practical prevention of ambush marketing in sports,https://openalex.org/W2041673582,https://doi.org/10.1002/(sici)1520-6793(199807)15:4<333::aid-mar4>3.0.co;2-9,1998,article,66
Psychology and Marketing,Possession enhancement in an interpersonal context: An extension of the mere ownership effect,https://openalex.org/W2053848383,https://doi.org/10.1002/(sici)1520-6793(199901)16:1<21::aid-mar2>3.0.co;2-9,1999,article,65
Psychology and Marketing,Ambush marketing: The ethical issues,https://openalex.org/W2073856215,https://doi.org/10.1002/(sici)1520-6793(199807)15:4<349::aid-mar5>3.0.co;2-8,1998,article,65
Psychology and Marketing,"Consumer wayfinding tasks, strategies, and errors: An exploratory field study",https://openalex.org/W2005486629,https://doi.org/10.1002/(sici)1520-6793(199605)13:3<265::aid-mar2>3.0.co;2-a,1996,article,62
Psychology and Marketing,Consumer socialization of preschoolers and kindergartners as related to clothing consumption,https://openalex.org/W2015480945,https://doi.org/10.1002/mar.4220100207,1993,article,62
Psychology and Marketing,Contextual priming of visual information in advertisements,https://openalex.org/W2029356625,https://doi.org/10.1002/mar.4220110103,1994,article,62
Psychology and Marketing,Uncertainty orientation: Expalaining diffeerences in purchase involvement and external search,https://openalex.org/W2050425567,https://doi.org/10.1002/mar.4220110606,1994,article,62
Psychology and Marketing,Reciprocal exchange in rural communities: Consumers' inducements to inshop,https://openalex.org/W2052700693,https://doi.org/10.1002/(sici)1520-6793(199710)14:7<637::aid-mar1>3.0.co;2-h,1997,article,62
Psychology and Marketing,Affect and persuasion: The influence of pleasantness and arousal on attitude formation and message elaboration,https://openalex.org/W1982313426,https://doi.org/10.1002/(sici)1520-6793(199707)14:4<315::aid-mar2>3.0.co;2-c,1997,article,61
Psychology and Marketing,"Less pain, same gain: The effects of priming fairness in price negotiations",https://openalex.org/W1989996049,https://doi.org/10.1002/(sici)1520-6793(199910)16:7<545::aid-mar1>3.0.co;2-i,1999,article,61
Psychology and Marketing,Role transitions in older adults: A marketing opportunity,https://openalex.org/W1975202976,https://doi.org/10.1002/mar.4220090202,1992,article,59
Psychology and Marketing,"Revenge, existential choice, and addictive consumption",https://openalex.org/W1977013091,https://doi.org/10.1002/(sici)1520-6793(199612)13:8<753::aid-mar3>3.0.co;2-e,1996,article,59
Psychology and Marketing,Impact of product information on the use of price as a quality cue,https://openalex.org/W1978123205,https://doi.org/10.1002/(sici)1520-6793(199601)13:1<55::aid-mar4>3.0.co;2-o,1996,article,57
Psychology and Marketing,The effect of humor in advertising: An individual-difference perspective,https://openalex.org/W1998509310,https://doi.org/10.1002/(sici)1520-6793(199609)13:6<531::aid-mar1>3.0.co;2-9,1996,article,57
Psychology and Marketing,The effect of country-of-origin related stereotypes and personal beliefs on product evaluation,https://openalex.org/W2031662918,https://doi.org/10.1002/(sici)1520-6793(199710)14:7<689::aid-mar4>3.0.co;2-c,1997,article,57
Psychology and Marketing,The relationship between retailer image and brand image,https://openalex.org/W1978396872,https://doi.org/10.1002/mar.4220090405,1992,article,56
Psychology and Marketing,A personal construct analysis of adaptive selling and sales experience,https://openalex.org/W1989484089,https://doi.org/10.1002/mar.4220120406,1995,article,56
Psychology and Marketing,Consumers' mood states: The mitigating influence of personal relevance on product evaluations,https://openalex.org/W2064047561,https://doi.org/10.1002/mar.4220110202,1994,article,54
Psychology and Marketing,Defensive strategies for managing satisfaction and loyalty in the service industry,https://openalex.org/W2027501190,https://doi.org/10.1002/(sici)1520-6793(199812)15:8<775::aid-mar4>3.0.co;2-#,1998,article,57
Psychology and Marketing,Designing warnings to compensate for age-related changes in perceptual and cognitive abilities,https://openalex.org/W2166818169,https://doi.org/10.1002/(sici)1520-6793(199810)15:7<643::aid-mar3>3.0.co;2-f,1998,article,55
Psychology and Marketing,When does comparative advertising influence brand attitude? The role of delay and market position,https://openalex.org/W1988174397,https://doi.org/10.1002/(sici)1520-6793(199808)15:5<461::aid-mar4>3.0.co;2-5,1998,article,54
Psychology and Marketing,What qualitative research can be,https://openalex.org/W2117636803,https://doi.org/10.1002/(sici)1520-6793(199907)16:4<351::aid-mar5>3.0.co;2-s,1999,article,54
Psychology and Marketing,Television and persuasion: Effects of the programs between the ads,https://openalex.org/W2095788974,https://doi.org/10.1002/(sici)1520-6793(199903)16:2<119::aid-mar4>3.0.co;2-r,1999,article,53
Psychology and Marketing,Continuous measurement of self‐report of emotional response,https://openalex.org/W2168154722,https://doi.org/10.1002/mar.4220100304,1993,article,53
Psychology and Marketing,The impact of membership fees on consumer attitude and choice,https://openalex.org/W1965107317,https://doi.org/10.1002/(sici)1520-6793(199801)15:1<41::aid-mar4>3.0.co;2-n,1998,article,52
Psychology and Marketing,Measuring customer orientation of a salesperson: Modifications of the soco scale,https://openalex.org/W2037254686,https://doi.org/10.1002/mar.4220120303,1995,article,52
Psychology and Marketing,Attribute need fulfillment in product usage satisfaction,https://openalex.org/W2082167193,https://doi.org/10.1002/mar.4220120102,1995,article,52
Psychology and Marketing,The interactive effects of monetary incentive justification and questionnaire length on mail survey response rates,https://openalex.org/W2093157763,https://doi.org/10.1002/mar.4220110505,1994,article,52
Psychology and Marketing,Coupons and private labels: A cross‐category analysis of grocery products,https://openalex.org/W2158471617,https://doi.org/10.1002/mar.4220090606,1992,article,52
Psychology and Marketing,Examining trying as a mediator and control as a moderator of intention-behavior relationship,https://openalex.org/W2001775292,https://doi.org/10.1002/(sici)1520-6793(199805)15:3<241::aid-mar3>3.0.co;2-a,1998,article,51
Psychology and Marketing,Dynamics of channel negotiations: Contention and reciprocity,https://openalex.org/W2017013772,https://doi.org/10.1002/mar.4220100105,1993,article,51
Psychology and Marketing,Belief when evidence does not support theory,https://openalex.org/W2037108009,https://doi.org/10.1002/mar.4220120505,1995,article,51
Psychology and Marketing,The effects of concrete and abstract consumer goals on information processing,https://openalex.org/W2070358808,https://doi.org/10.1002/(sici)1520-6793(199709)14:6<561::aid-mar3>3.0.co;2-5,1997,article,49
Psychology and Marketing,"Estimating the effects of higher coupon face values on the timing of redemptions, the mix of coupon redeemers, and purchase quantity",https://openalex.org/W3122523004,https://doi.org/10.1002/mar.4220090604,1992,article,49
Psychology and Marketing,Quantifying perceived differences in type styles: An exploratory study,https://openalex.org/W1999267645,https://doi.org/10.1002/mar.4220120508,1995,article,48
Psychology and Marketing,The role of affect in consumers' temporal judgments,https://openalex.org/W2006837206,https://doi.org/10.1002/mar.4220100306,1993,article,48
Psychology and Marketing,Manifestations of compulsiveness in the consumer‐marketplace domain,https://openalex.org/W2086419483,https://doi.org/10.1002/mar.4220090105,1992,article,48
Psychology and Marketing,The year 2000: Looking back,https://openalex.org/W2024311995,https://doi.org/10.1002/(sici)1520-6793(199912)16:8<631::aid-mar1>3.0.co;2-n,1999,article,47
Psychology and Marketing,Swatch fever: An allegory for understanding the paradox of collecting,https://openalex.org/W2050414499,https://doi.org/10.1002/(sici)1520-6793(199708)14:5<495::aid-mar4>3.0.co;2-3,1997,article,47
Psychology and Marketing,Who's to blame? Counterfactual reasoning and the assignment of blame,https://openalex.org/W1989872292,https://doi.org/10.1002/(sici)1520-6793(199705)14:3<209::aid-mar1>3.0.co;2-f,1997,article,46
Psychology and Marketing,The effects of an advertising retrieval cue on young children's memory and brand evaluations,https://openalex.org/W2090287160,https://doi.org/10.1002/mar.4220110307,1994,article,46
Psychology and Marketing,Customer satisfaction and corporate culture: A profile deviation analysis of a relationship marketing outcome,https://openalex.org/W2144709069,https://doi.org/10.1002/(sici)1520-6793(199710)14:7<663::aid-mar2>3.0.co;2-e,1997,article,46
Psychology and Marketing,The use of culturally relevant stimuli in international advertising,https://openalex.org/W2047103317,https://doi.org/10.1002/(sici)1520-6793(199809)15:6<523::aid-mar3>3.0.co;2-8,1998,article,45
Psychology and Marketing,Comparing mood‐induction and affective conditioning as mechanisms influencing product evaluation and product choice,https://openalex.org/W2139704709,https://doi.org/10.1002/mar.4220110207,1994,article,45
Psychology and Marketing,"Consumer involvement, message attention, and the persistence of persuasive impact in a message‐dense environment",https://openalex.org/W2063804186,https://doi.org/10.1002/mar.4220100406,1993,article,44
Psychology and Marketing,Focus groups: Theory and practice,https://openalex.org/W4232335653,https://doi.org/10.1002/(sici)1520-6793(199907)16:4<369::aid-mar6>3.3.co;2-s,1999,article,44
Psychology and Marketing,"Values, motivations, and personal goals: Revisited",https://openalex.org/W1992689825,https://doi.org/10.1002/(sici)1520-6793(199710)14:7<675::aid-mar3>3.0.co;2-d,1997,article,43
Psychology and Marketing,Factors leading to group identification: A field study of winners and losers,https://openalex.org/W2041198358,https://doi.org/10.1002/(sici)1520-6793(199801)15:1<23::aid-mar3>3.3.co;2-w,1998,article,43
Psychology and Marketing,The Korean versus American marketplace: Consumer reactions to foreign products,https://openalex.org/W2091069305,https://doi.org/10.1002/(sici)1520-6793(199809)15:6<595::aid-mar7>3.0.co;2-1,1998,article,43
Psychology and Marketing,Coupon characteristics and redemption intentions: A segment-level analysis,https://openalex.org/W2110937593,https://doi.org/10.1002/(sici)1520-6793(199801)15:1<59::aid-mar5>3.0.co;2-m,1998,article,43
Psychology and Marketing,"Consumer decision making: A model of the effects of involvement, source credibility, and location on the size of the price difference required to induce consumers to change suppliers",https://openalex.org/W1998806439,https://doi.org/10.1002/mar.4220090303,1992,article,41
Psychology and Marketing,The interactive effects of message appeal and individual differences on information processing and persuasion,https://openalex.org/W2066271794,https://doi.org/10.1002/mar.4220070202,1990,article,39
Psychology and Marketing,Coupon characteristics and brand choice,https://openalex.org/W2066751054,https://doi.org/10.1002/mar.4220080302,1991,article,39
Psychology and Marketing,Affect intensity revisited: Individual differences and the communication effects of emotional stimuli,https://openalex.org/W2094136955,https://doi.org/10.1002/(sici)1520-6793(199905)16:3<195::aid-mar1>3.0.co;2-z,1999,article,43
Psychology and Marketing,Does the salesperson like customers? A conceptual and empirical examination of the persuasive effect of perceptions of the salesperson's affect toward customers,https://openalex.org/W2043198397,https://doi.org/10.1002/(sici)1520-6793(199903)16:2<141::aid-mar5>3.0.co;2-8,1999,article,42
Psychology and Marketing,Classical conditioning of unattended stimuli,https://openalex.org/W2006364678,https://doi.org/10.1002/mar.4220120106,1995,article,41
Psychology and Marketing,Goal-directed behaviors in marketing: Cognitive and emotional perspectives,https://openalex.org/W1986937397,https://doi.org/10.1002/(sici)1520-6793(199709)14:6<539::aid-mar1>3.0.co;2-8,1997,article,38
Psychology and Marketing,"Goal-directed behaviors in marketing: The role of emotion, volition, and motivation",https://openalex.org/W2016540242,https://doi.org/10.1002/(sici)1520-6793(199707)14:4<309::aid-mar1>3.0.co;2-d,1997,article,38
Psychology and Marketing,An examination of consumers' use of heuristic cues in making satisfaction judgments,https://openalex.org/W2025445380,https://doi.org/10.1002/(sici)1520-6793(199808)15:5<477::aid-mar5>3.0.co;2-4,1998,article,38
Psychology and Marketing,Application of compliance techniques to direct-mail requests for charitable donations,https://openalex.org/W2075661039,https://doi.org/10.1002/(sici)1520-6793(199602)13:2<157::aid-mar3>3.0.co;2-e,1996,article,38
Psychology and Marketing,Program content and advertising effectiveness: A test of the congruity hypothesis for cognitive and affective sources of involvement,https://openalex.org/W2129416920,https://doi.org/10.1002/mar.4220100404,1993,article,38
Psychology and Marketing,Women's makeup careers: An interpretive study of color cosmetic use and “Face Value”,https://openalex.org/W2052098826,https://doi.org/10.1002/mar.4220100606,1993,article,37
Psychology and Marketing,Fanatic consumer behavior: Athletics as a consumption experience,https://openalex.org/W2092631213,https://doi.org/10.1002/mar.4220080202,1991,article,37
Psychology and Marketing,A conceptual model of the impact of advertising on service employees,https://openalex.org/W2058196975,https://doi.org/10.1002/mar.4220080306,1991,article,34
Psychology and Marketing,The relationship of antecedents of search and self-esteem to adolescent search effort and perceived product knowledge,https://openalex.org/W2149183717,https://doi.org/10.1002/(sici)1520-6793(199908)16:5<409::aid-mar3>3.0.co;2-8,1999,article,38
Psychology and Marketing,Effects of alcohol warnings and advertisements: A test of the boomerang hypothesis,https://openalex.org/W1970210337,https://doi.org/10.1002/(sici)1520-6793(199810)15:7<707::aid-mar6>3.0.co;2-j,1998,article,37
Psychology and Marketing,Ad repetition in a cluttered environment: The influence of type of processing,https://openalex.org/W2051776080,https://doi.org/10.1002/(sici)1520-6793(199903)16:2<99::aid-mar3>3.0.co;2-5,1999,article,37
Psychology and Marketing,Defensive strategies for managing satisfaction and loyalty in the service industry,https://openalex.org/W4245828609,https://doi.org/10.1002/(sici)1520-6793(199812)15:8<775::aid-mar4>3.0.co;2-,1998,article,36
Psychology and Marketing,Asking sensitive questions: The effects of type of referent and frequency wording in counterbiasing methods,https://openalex.org/W2000822332,https://doi.org/10.1002/(sici)1520-6793(199610)13:7<633::aid-mar1>3.0.co;2-i,1996,article,35
Psychology and Marketing,Government-sponsored lotteries: Exploring purchase and nonpurchase motivations,https://openalex.org/W2074423112,https://doi.org/10.1002/(sici)1520-6793(199901)16:1<1::aid-mar1>3.0.co;2-w,1999,article,35
Psychology and Marketing,Multicultural issues in qualitative research,https://openalex.org/W2138117527,https://doi.org/10.1002/(sici)1520-6793(199907)16:4<305::aid-mar3>3.0.co;2-r,1999,article,35
Psychology and Marketing,Dimensions and characteristics of time perceptions and perspectives among older consumers,https://openalex.org/W1971267874,https://doi.org/10.1002/mar.4220110106,1994,article,34
Psychology and Marketing,Romanticism and wanderlust: An effect of personality on consumer preferences,https://openalex.org/W2171525802,https://doi.org/10.1002/mar.4220120305,1995,article,34
Psychology and Marketing,Goal interdependence and quality in services marketing,https://openalex.org/W2055413253,https://doi.org/10.1002/mar.4220120304,1995,article,33
Psychology and Marketing,Husband‐wife innovative consumer decision making: Exploring the effect of family power,https://openalex.org/W2169612756,https://doi.org/10.1002/mar.4220090302,1992,article,33
Psychology and Marketing,A process model of the effects of price promotions on brand image,https://openalex.org/W2140548990,https://doi.org/10.1002/mar.4220110602,1994,article,32
Psychology and Marketing,Prior involvement and incentives to pay attention to information,https://openalex.org/W2137467398,https://doi.org/10.1002/mar.4220090304,1992,article,31
Psychology and Marketing,Dimensions of possession importance,https://openalex.org/W2015052032,https://doi.org/10.1002/mar.4220070306,1990,article,29
Psychology and Marketing,Assimilation and contrast priming effects in the initial consumer sales call,https://openalex.org/W2051846359,https://doi.org/10.1002/mar.4220120408,1995,article,32
Psychology and Marketing,Toward a conceptualization of mail survey response behavior,https://openalex.org/W2088033373,https://doi.org/10.1002/(sici)1520-6793(199602)13:2<185::aid-mar5>3.0.co;2-b,1996,article,32
Psychology and Marketing,Believability and consumer perceptions of implausible reference prices in retail advertisements,https://openalex.org/W1986296299,https://doi.org/10.1002/(sici)1520-6793(199601)13:1<37::aid-mar3>3.0.co;2-q,1996,article,31
Psychology and Marketing,Gender differences in gift exchanges: New directions from projections,https://openalex.org/W2048410599,https://doi.org/10.1002/mar.4220120503,1995,article,31
Psychology and Marketing,Cognitive competence of older consumers,https://openalex.org/W2066836182,https://doi.org/10.1002/mar.4220120603,1995,article,31
Psychology and Marketing,Toward a predictive model of the consumer inference process: The role of expertise,https://openalex.org/W2068600930,https://doi.org/10.1002/mar.4220110203,1994,article,31
Psychology and Marketing,Explorations and implications of aberrant consumer behavior,https://openalex.org/W2110198401,https://doi.org/10.1002/(sici)1520-6793(199612)13:8<739::aid-mar1>3.0.co;2-g,1996,article,31
Psychology and Marketing,The desire for unique consumer products: A new individual differences scale,https://openalex.org/W4241489316,https://doi.org/10.1002/(sici)1520-6793(199709)14:6<601::aid-mar5>3.3.co;2-f,1997,article,31
Psychology and Marketing,The effect of consumers' emotional reactions on behavioral intention: The moderating role of personal relevance and self‐monitoring,https://openalex.org/W1979932947,https://doi.org/10.1002/mar.4220090406,1992,article,30
Psychology and Marketing,Market segmentation: A comparison of benefits/attributes desired and brand preference,https://openalex.org/W2013965869,https://doi.org/10.1002/mar.4220120705,1995,article,30
Psychology and Marketing,Effects of foreign product names and country‐of‐origin attributions on advertisement evaluations,https://openalex.org/W2094045516,https://doi.org/10.1002/mar.4220110204,1994,article,30
Psychology and Marketing,The unique predictive ability of sex‐role identity in explaining women's response to advertising,https://openalex.org/W2012336100,https://doi.org/10.1002/mar.4220110504,1994,article,29
Psychology and Marketing,An investigation of subliminal embed effect on multiple measures of advertising effectiveness,https://openalex.org/W2081092556,https://doi.org/10.1002/mar.4220090206,1992,article,29
Psychology and Marketing,The indirect effects of advertisements designed to change product attribute beliefs,https://openalex.org/W2042559774,https://doi.org/10.1002/mar.4220070105,1990,article,28
Psychology and Marketing,Origin of rumor and tone of message in rumor quelling strategies,https://openalex.org/W2156424710,https://doi.org/10.1002/mar.4220080303,1991,article,27
Psychology and Marketing,Naïve theories of price: A developmental model,https://openalex.org/W2133509392,https://doi.org/10.1002/mar.4220070406,1990,article,26
Psychology and Marketing,Does a single response category in a scale completely capture a response?,https://openalex.org/W1965592256,https://doi.org/10.1002/(sici)1520-6793(199608)13:5<457::aid-mar2>3.0.co;2-8,1996,article,28
Psychology and Marketing,The role of affective and cognitive decision‐making processes during questionnaire completion,https://openalex.org/W1969629723,https://doi.org/10.1002/mar.4220110506,1994,article,28
Psychology and Marketing,The psychology of being put on hold: An exploratory study of service quality,https://openalex.org/W2014201376,https://doi.org/10.1002/(sici)1520-6793(199907)16:4<327::aid-mar4>3.0.co;2-g,1999,article,28
Psychology and Marketing,Prior knowledge and the effect of suggested frames of reference in advertising,https://openalex.org/W2074997030,https://doi.org/10.1002/(sici)1520-6793(199703)14:2<121::aid-mar2>3.0.co;2-f,1997,article,28
Psychology and Marketing,Does consumer knowledge affect consumer responses to advertised reference price claims?,https://openalex.org/W2150204835,https://doi.org/10.1002/mar.4220110304,1994,article,28
Psychology and Marketing,Situational effects on brand preferences for image products,https://openalex.org/W2054622673,https://doi.org/10.1002/mar.4220120507,1995,article,27
Psychology and Marketing,An experimental method for studying unconscious perception in a marketing context,https://openalex.org/W2063501694,https://doi.org/10.1002/(sici)1520-6793(199909)16:6<459::aid-mar2>3.0.co;2-2,1999,article,27
Psychology and Marketing,Consumption situations and the effects of brand image on consumers' brand evaluations,https://openalex.org/W4240181082,https://doi.org/10.1002/(sici)1520-6793(199701)14:1<49::aid-mar4>3.3.co;2-d,1997,article,27
Psychology and Marketing,"Deciphering dyads: Concepts, methods, and controversies in relational research",https://openalex.org/W1979595706,https://doi.org/10.1002/mar.4220110503,1994,article,26
Psychology and Marketing,Social interaction effects in the framing of buying decisions,https://openalex.org/W2091300070,https://doi.org/10.1002/mar.4220110105,1994,article,26
Psychology and Marketing,An inductively derived model of the motivation to shop,https://openalex.org/W1969226274,https://doi.org/10.1002/mar.4220080304,1991,article,24
Psychology and Marketing,Music format effects in radio advertising,https://openalex.org/W2001636878,https://doi.org/10.1002/mar.4220070203,1990,article,24
Psychology and Marketing,Justifying the enclosure of monetary incentives in mail survey cover letters,https://openalex.org/W2020310394,https://doi.org/10.1002/mar.4220070302,1990,article,24
Psychology and Marketing,An empirical study of the purchase role structure in Korean families,https://openalex.org/W2075853228,https://doi.org/10.1002/(sici)1520-6793(199809)15:6<563::aid-mar5>3.0.co;2-4,1998,article,26
Psychology and Marketing,The early American style: A history of marketing and consumer values,https://openalex.org/W2105854813,https://doi.org/10.1002/(sici)1520-6793(199803)15:2<125::aid-mar2>3.0.co;2-e,1998,article,26
Psychology and Marketing,The effect of a similarity versus dissimilarity focus in positioning strategy: The moderating role of consumer familiarity and product category,https://openalex.org/W2002989461,https://doi.org/10.1002/(sici)1520-6793(199905)16:3<211::aid-mar2>3.0.co;2-c,1999,article,25
Psychology and Marketing,Variations on the pursuit of beauty: Toward a corporal theory of the body,https://openalex.org/W2004450938,https://doi.org/10.1002/mar.4220100604,1993,article,25
Psychology and Marketing,"An interpretive study of purposeful, mood self-regulating consumption: The consumption and mood framework",https://openalex.org/W2035463445,https://doi.org/10.1002/(sici)1520-6793(199707)14:4<395::aid-mar6>3.0.co;2-4,1997,article,25
Psychology and Marketing,Evaluation strategies of American and Thai consumers,https://openalex.org/W2060277307,https://doi.org/10.1002/mar.4220110205,1994,article,25
Psychology and Marketing,Psychological associations with shopping: A moderator variable perspective,https://openalex.org/W1991925107,https://doi.org/10.1002/mar.4220110604,1994,article,24
Psychology and Marketing,Service attributes: Expectations and judgments,https://openalex.org/W2016167188,https://doi.org/10.1002/mar.4220100303,1993,article,24
Psychology and Marketing,Ad processing and persuasion: The role of brand identification,https://openalex.org/W2073421927,https://doi.org/10.1002/(sici)1520-6793(199805)15:3<279::aid-mar5>3.0.co;2-7,1998,article,24
Psychology and Marketing,Buying status: Experimental evidence on status in negotiation,https://openalex.org/W2172030480,https://doi.org/10.1002/(sici)1520-6793(199607)13:4<379::aid-mar4>3.3.co;2-8,1996,article,23
Psychology and Marketing,In the mood to buy: Differences in the mood states experienced by compulsive buyers and other consumers,https://openalex.org/W4244902845,https://doi.org/10.1002/(sici)1520-6793(199612)13:8<803::aid-mar6>3.3.co;2-2,1996,article,23
Psychology and Marketing,Children's use of perceptual cues in product categorization,https://openalex.org/W2003824389,https://doi.org/10.1002/mar.4220070404,1990,article,22
Psychology and Marketing,The program‐length commercial: A study of the effects of television/toy tie‐ins on imaginative play,https://openalex.org/W2135110710,https://doi.org/10.1002/mar.4220070402,1990,article,21
Psychology and Marketing,Exploring the psychological foundations of ethical positions in marketing,https://openalex.org/W2022065791,https://doi.org/10.1002/mar.4220120608,1995,article,23
Psychology and Marketing,Advertising's impact on children as a function of viewing purpose,https://openalex.org/W2055954104,https://doi.org/10.1002/mar.4220120506,1995,article,23
Psychology and Marketing,Risk-taking propensity in supplier choice: Differences by sex and decision frame in a simulated organizational buying context,https://openalex.org/W2085902147,https://doi.org/10.1002/(sici)1520-6793(199910)16:7<563::aid-mar2>3.0.co;2-j,1999,article,23
Psychology and Marketing,Attitude formation from product trial: Distinct roles of cognition and affect for hedonic and functional products,https://openalex.org/W4247049537,https://doi.org/10.1002/(sici)1520-6793(199901)16:1<35::aid-mar3>3.3.co;2-l,1999,article,23
Psychology and Marketing,Contextual bias in ethical judgment of marketing practices,https://openalex.org/W2010940640,https://doi.org/10.1002/(sici)1520-6793(199610)13:7<677::aid-mar3>3.0.co;2-e,1996,article,22
Psychology and Marketing,Service quality and the congruency of employee perceptions and customer expectations: The case of an electric utility,https://openalex.org/W2040776348,https://doi.org/10.1002/mar.4220120706,1995,article,22
Psychology and Marketing,Global product stereotypes and heuristic processing: The impact of ambient task complexity,https://openalex.org/W2120096489,https://doi.org/10.1002/(sici)1520-6793(199910)16:7<583::aid-mar3>3.0.co;2-e,1999,article,22
Psychology and Marketing,Consumer decision making and the nature of the product: A comparison of husband and wife adoption process location,https://openalex.org/W2049141701,https://doi.org/10.1002/mar.4220100204,1993,article,21
Psychology and Marketing,Advertisement pacing and the learning of marketing information by the elderly,https://openalex.org/W2051623310,https://doi.org/10.1002/mar.4220080102,1991,article,20
Psychology and Marketing,Nonconscious memory processes in marketing: A historical perspective and future directions,https://openalex.org/W2110359536,https://doi.org/10.1002/(sici)1520-6793(199909)16:6<451::aid-mar1>3.0.co;2-t,1999,article,21
Psychology and Marketing,Image congruence effects on product evaluations: The role of self‐monitoring and public/private consumption,https://openalex.org/W4237404606,https://doi.org/10.1002/(sici)1520-6793(199608)13:5<481::aid-mar3>3.3.co;2-r,1996,article,20
Psychology and Marketing,Of tricks and tumors: Some little-recognized costs of dishonest use of effective social influence,https://openalex.org/W2022653080,https://doi.org/10.1002/(sici)1520-6793(199903)16:2<91::aid-mar2>3.0.co;2-w,1999,article,19
Psychology and Marketing,The association between adolescents' receiver characteristics and exposure to the alcohol warning label,https://openalex.org/W2127282569,https://doi.org/10.1002/(sici)1520-6793(199905)16:3<245::aid-mar4>3.0.co;2-s,1999,article,19
Psychology and Marketing,Using rank values as an interval scale,https://openalex.org/W2000638487,https://doi.org/10.1002/mar.4220080104,1991,article,18
Psychology and Marketing,Influences on consumer response to direct mail coupons: An integrative review,https://openalex.org/W2002761158,https://doi.org/10.1002/(sici)1520-6793(199602)13:2<129::aid-mar2>3.0.co;2-h,1996,article,18
Psychology and Marketing,"Prediction of choice in a technically complex, essentially intangible, highly experiential, and rapidly evolving consumer product",https://openalex.org/W2005085506,https://doi.org/10.1002/mar.4220100502,1993,article,18
Psychology and Marketing,Consumers' beliefs resulting from conceptual combinations: Conjunctive inferences about brand extensions,https://openalex.org/W2031307976,https://doi.org/10.1002/(sici)1520-6793(199609)13:6<571::aid-mar3>3.0.co;2-5,1996,article,18
Psychology and Marketing,Mail advertising and consumer behavior,https://openalex.org/W2118426623,https://doi.org/10.1002/(sici)1520-6793(199602)13:2<211::aid-mar6>3.0.co;2-i,1996,article,18
Psychology and Marketing,The effect of humor in advertising: An individual‐difference perspective,https://openalex.org/W4231550814,https://doi.org/10.1002/(sici)1520-6793(199609)13:6<531::aid-mar1>3.3.co;2-v,1996,article,18
Psychology and Marketing,“I can't get no satisfaction:” The impact of personality and emotion on postpurchase processes,https://openalex.org/W4250851911,https://doi.org/10.1002/(sici)1520-6793(199707)14:4<379::aid-mar5>3.3.co;2-1,1997,article,18
Psychology and Marketing,The role of memory in understanding and encouraging recycling behavior,https://openalex.org/W1990413234,https://doi.org/10.1002/mar.4220110406,1994,article,17
Psychology and Marketing,Trend-based asset flow in technical analysis and securities marketing,https://openalex.org/W1996078907,https://doi.org/10.1002/(sici)1520-6793(199607)13:4<405::aid-mar5>3.0.co;2-e,1996,article,17
Psychology and Marketing,Reactions to disappointing performance in manufacturer-distributor relationships: The role of escalation and resource commitments,https://openalex.org/W1999665298,https://doi.org/10.1002/(sici)1520-6793(199712)14:8<791::aid-mar4>3.0.co;2-9,1997,article,17
Psychology and Marketing,Rebate usage: A motivational perspective,https://openalex.org/W2061134478,https://doi.org/10.1002/mar.4220110104,1994,article,17
Psychology and Marketing,Designing research to reveal the young child's emerging competence,https://openalex.org/W2016456065,https://doi.org/10.1002/mar.4220070403,1990,article,15
Psychology and Marketing,Cognitive and affective components of A<sub>ad</sub> in a low motivation processing set,https://openalex.org/W2069919974,https://doi.org/10.1002/mar.4220120204,1995,article,17
Psychology and Marketing,Is negative affect in advertising general or specific? A comparison of three functional forms,https://openalex.org/W1988188326,https://doi.org/10.1002/(sici)1520-6793(199705)14:3<223::aid-mar2>3.0.co;2-d,1997,article,16
Psychology and Marketing,Beauty <i>and</i> the beholder: The pursuit of beauty through commodities,https://openalex.org/W2015422878,https://doi.org/10.1002/mar.4220100603,1993,article,16
Psychology and Marketing,"Music, music videos, and wear out",https://openalex.org/W2041860024,https://doi.org/10.1002/mar.4220100102,1993,article,15
Psychology and Marketing,Effects of warnings on responsibility allocation,https://openalex.org/W2051811853,https://doi.org/10.1002/(sici)1520-6793(199810)15:7<687::aid-mar5>3.0.co;2-b,1998,article,15
Psychology and Marketing,Biography as a methodology for studying the history of marketing ideas,https://openalex.org/W2063749858,https://doi.org/10.1002/(sici)1520-6793(199803)15:2<161::aid-mar4>3.0.co;2-a,1998,article,15
Psychology and Marketing,The services marketing system and customer psychology,https://openalex.org/W2074753024,https://doi.org/10.1002/(sici)1520-6793(199812)15:8<727::aid-mar1>3.0.co;2-7,1998,article,15
Psychology and Marketing,Test marketing new food products using a multitrial nonhypothetical experimental auction,https://openalex.org/W2089046682,https://doi.org/10.1002/(sici)1520-6793(199607)13:4<363::aid-mar3>3.0.co;2-8,1996,article,15
Psychology and Marketing,Exploratory comparisons of alternative memory measures for brand name,https://openalex.org/W2059654431,https://doi.org/10.1002/mar.4220120103,1995,article,15
Psychology and Marketing,Across- versus within-class comparative advertising: Insights into prestige class anchoring,https://openalex.org/W2070593839,https://doi.org/10.1002/(sici)1520-6793(199908)16:5<429::aid-mar4>3.0.co;2-3,1999,article,15
Psychology and Marketing,Advancing versus delaying payments and consumer time orientation: A personal selling experiment,https://openalex.org/W2094357985,https://doi.org/10.1002/mar.4220120404,1995,article,15
Psychology and Marketing,Are consumers inherently or situationally brand loyal?—A set intercorrelation account for conscious brand loyalty and nonconscious inertia,https://openalex.org/W4244681655,https://doi.org/10.1002/(sici)1520-6793(199909)16:6<523::aid-mar5>3.3.co;2-2,1999,article,15
Psychology and Marketing,Relationships in marketing channels: Examining communication abilities through cognitive structures,https://openalex.org/W2010231883,https://doi.org/10.1002/(sici)1520-6793(199805)15:3<215::aid-mar2>3.0.co;2-d,1998,article,14
Psychology and Marketing,Effects of knowledge types on choice quality and perceptions of choice performance,https://openalex.org/W2013424709,https://doi.org/10.1002/(sici)1520-6793(199610)13:7<715::aid-mar5>3.0.co;2-k,1996,article,14
Psychology and Marketing,Selection of telemarketing employees by standardized assessment procedures,https://openalex.org/W2067232506,https://doi.org/10.1002/(sici)1520-6793(199710)14:7<703::aid-mar5>3.0.co;2-k,1997,article,14
Psychology and Marketing,Coercion in the selling of credit life insurance,https://openalex.org/W2125729085,https://doi.org/10.1002/mar.4220120810,1995,article,14
Psychology and Marketing,"Exploring the relationships among liminal transitions, symbolic consumption, and the extended self",https://openalex.org/W4247630154,https://doi.org/10.1002/(sici)1520-6793(199701)14:1<29::aid-mar3>3.3.co;2-i,1997,article,14
Psychology and Marketing,Informational power: A means for increased control in channels of distribution,https://openalex.org/W2087800461,https://doi.org/10.1002/mar.4220080305,1991,article,13
Psychology and Marketing,Schemas determining the incentive value of sales promotions,https://openalex.org/W1985690045,https://doi.org/10.1002/mar.4220070303,1990,article,12
Psychology and Marketing,Hierarchical heuristics in evaluation of competitive brands based on multiple cues,https://openalex.org/W1986069747,https://doi.org/10.1002/mar.4220110303,1994,article,13
Psychology and Marketing,Decision making in personal selling: Testing the ?K.I.S.S. principle?,https://openalex.org/W2010619038,https://doi.org/10.1002/(sici)1520-6793(199908)16:5<393::aid-mar2>3.0.co;2-n,1999,article,13
Psychology and Marketing,Marketing history: Illuminating marketing's clandestine subdiscipline,https://openalex.org/W2043112760,https://doi.org/10.1002/(sici)1520-6793(199803)15:2<117::aid-mar1>3.0.co;2-f,1998,article,13
Psychology and Marketing,Increasing repurchase rates: A reappraisal of coupon effects,https://openalex.org/W2118182241,https://doi.org/10.1002/mar.4220110603,1994,article,13
Psychology and Marketing,A heuristic‐systematic processing analysis of the effectiveness of product warning labels,https://openalex.org/W4253640437,https://doi.org/10.1002/(sici)1520-6793(199810)15:7<621::aid-mar2>3.3.co;2-l,1998,article,13
Psychology and Marketing,"The robustness of the asymmetrically dominated effect: Buying frames, phantom alternatives, and in‐store purchases",https://openalex.org/W4254487249,https://doi.org/10.1002/(sici)1520-6793(199905)16:3<225::aid-mar3>3.3.co;2-o,1999,article,12
Psychology and Marketing,On the perceived usefulness of scaling techniques in market analysis,https://openalex.org/W1964321464,https://doi.org/10.1002/(sici)1520-6793(199610)13:7<653::aid-mar2>3.0.co;2-g,1996,article,11
Psychology and Marketing,Benchmarking consumer perceptions of product quality with price: An exploration,https://openalex.org/W1999406368,https://doi.org/10.1002/(sici)1520-6793(199609)13:6<591::aid-mar4>3.0.co;2-3,1996,article,11
Psychology and Marketing,The greater memorability of self-generated versus externally presented product information,https://openalex.org/W2070106341,https://doi.org/10.1002/(sici)1520-6793(199605)13:3<305::aid-mar4>3.0.co;2-g,1996,article,11
Psychology and Marketing,"Consumer behavior: buying, having, and being (3rd ed.)",https://openalex.org/W2090046295,https://doi.org/10.1002/(sici)1520-6793(199801)15:1<111::aid-mar7>3.0.co;2-h,1998,article,11
Psychology and Marketing,A modified scale for the measurement of communication‐evoked mental imagery,https://openalex.org/W4244961739,https://doi.org/10.1002/(sici)1520-6793(199805)15:3<261::aid-mar4>3.3.co;2-x,1998,article,11
Psychology and Marketing,"Value choice, demographics, and life satisfaction",https://openalex.org/W2169803260,https://doi.org/10.1002/mar.4220100505,1993,article,11
Psychology and Marketing,Marketing in East Asia: A cross-cultural perspective,https://openalex.org/W1984255431,https://doi.org/10.1002/(sici)1520-6793(199809)15:6<503::aid-mar1>3.0.co;2-a,1998,article,10
Psychology and Marketing,Couples' reciprocal patterns in narcotics addiction: A recommendation on treatment strategy,https://openalex.org/W1989353575,https://doi.org/10.1002/(sici)1520-6793(199612)13:8<769::aid-mar4>3.0.co;2-d,1996,article,10
Psychology and Marketing,Integrating multiple qualitative research methods (or avoiding the precariousness of a one‐legged stool),https://openalex.org/W4232986933,https://doi.org/10.1002/(sici)1520-6793(199907)16:4<291::aid-mar2>3.3.co;2-r,1999,article,10
Psychology and Marketing,Sexualized aspects of consumer behavior: An empirical investigation of consumer lovemaps,https://openalex.org/W1973396056,https://doi.org/10.1002/mar.4220120504,1995,article,10
Psychology and Marketing,South shore bank: Is it the model of success for community development banks?,https://openalex.org/W3124198008,https://doi.org/10.1002/mar.4220120811,1995,article,10
Psychology and Marketing,Quantitative analyses of depth interviews,https://openalex.org/W2004470291,https://doi.org/10.1002/mar.4220080405,1991,article,9
Psychology and Marketing,A comment on “using rank values as an interval scale” by dowling and midgley,https://openalex.org/W2034190681,https://doi.org/10.1002/mar.4220090307,1992,article,9
Psychology and Marketing,Revisiting attribute diagnosticity in the context of product typicality,https://openalex.org/W2107680395,https://doi.org/10.1002/(sici)1520-6793(199609)13:6<605::aid-mar5>3.0.co;2-c,1996,article,9
Psychology and Marketing,Elaboration on experience: Effects on attribute importance,https://openalex.org/W2010120336,https://doi.org/10.1002/(sici)1520-6793(199708)14:5<451::aid-mar2>3.0.co;2-7,1997,article,8
Psychology and Marketing,Concern for appropriateness and ad context effects,https://openalex.org/W2071255874,https://doi.org/10.1002/(sici)1520-6793(199701)14:1<19::aid-mar2>3.0.co;2-r,1997,article,8
Psychology and Marketing,Computer‐based adaptive testing in 1991,https://openalex.org/W2122834933,https://doi.org/10.1002/mar.4220080403,1991,article,8
Psychology and Marketing,A comparison of Korean and American gift‐giving behaviors,https://openalex.org/W4232233633,https://doi.org/10.1002/(sici)1520-6793(199809)15:6<577::aid-mar6>3.3.co;2-n,1998,article,8
Psychology and Marketing,The influence of model age on children's reactions to advertising stimuli,https://openalex.org/W2103404918,https://doi.org/10.1002/mar.4220070405,1990,article,7
Psychology and Marketing,Understanding consumer usage of product magnitudes through sorting tasks,https://openalex.org/W2021898895,https://doi.org/10.1002/(sici)1520-6793(199912)16:8<643::aid-mar2>3.0.co;2-d,1999,article,7
Psychology and Marketing,TV advertising of OTC medicines and its effects on child viewers,https://openalex.org/W2027867527,https://doi.org/10.1002/mar.4220080204,1991,article,7
Psychology and Marketing,The role of motivated reasoning in vendor consideration,https://openalex.org/W2101450875,https://doi.org/10.1002/(sici)1520-6793(199709)14:6<585::aid-mar4>3.0.co;2-3,1997,article,7
Psychology and Marketing,"Psychology, marketing and warnings research: Bridging the gap between consumer theory and warning practice",https://openalex.org/W2132278769,https://doi.org/10.1002/(sici)1520-6793(199810)15:7<615::aid-mar1>3.0.co;2-i,1998,article,7
Psychology and Marketing,"Relationship marketing: Evolution, present state, and future",https://openalex.org/W4233478457,https://doi.org/10.1002/(sici)1520-6793(199712)14:8<727::aid-mar1>3.3.co;2-2,1997,article,7
Psychology and Marketing,Swatch fever: An allegory for understanding the paradox of collecting,https://openalex.org/W4233657257,https://doi.org/10.1002/(sici)1520-6793(199708)14:5<495::aid-mar4>3.3.co;2-7,1997,article,7
Psychology and Marketing,The separateness‐connectedness self‐schema: Scale development and application to message construction,https://openalex.org/W4239897141,https://doi.org/10.1002/(sici)1520-6793(199703)14:2<185::aid-mar5>3.3.co;2-s,1997,article,7
Psychology and Marketing,The impact of staff empowerment and communication style on customer evaluations: The special case of service failure,https://openalex.org/W4246343467,https://doi.org/10.1002/(sici)1520-6793(199708)14:5<475::aid-mar3>3.3.co;2-c,1997,article,7
Psychology and Marketing,Possession enhancement in an interpersonal context: An extension of the mere ownership effect,https://openalex.org/W4252412749,https://doi.org/10.1002/(sici)1520-6793(199901)16:1<21::aid-mar2>3.3.co;2-0,1999,article,7
Psychology and Marketing,The family as an economic system: A conceptual model supported by empirical research,https://openalex.org/W2046814919,https://doi.org/10.1002/mar.4220100205,1993,article,7
Psychology and Marketing,"Attractiveness, adornments, and exchange",https://openalex.org/W2074024288,https://doi.org/10.1002/mar.4220100602,1993,article,7
Psychology and Marketing,The family as a consumer,https://openalex.org/W2164306953,https://doi.org/10.1002/mar.4220100202,1993,article,7
Psychology and Marketing,Using behavioral decision theory to assess advertisement recognition tasks by level of difficulty,https://openalex.org/W2006218113,https://doi.org/10.1002/(sici)1520-6793(199703)14:2<145::aid-mar3>3.0.co;2-d,1997,article,6
Psychology and Marketing,Question effects on information processing in advertising,https://openalex.org/W2045083578,https://doi.org/10.1002/mar.4220070104,1990,article,6
Psychology and Marketing,Competitive judgments in a business simulation: A comparison between American and Chinese business students,https://openalex.org/W2058942361,https://doi.org/10.1002/(sici)1520-6793(199809)15:6<547::aid-mar4>3.0.co;2-6,1998,article,6
Psychology and Marketing,Is it better to give than to receive? Exploring gender differences in the meaning of memorable gifts,https://openalex.org/W4247917440,https://doi.org/10.1002/(sici)1520-6793(199801)15:1<81::aid-mar6>3.3.co;2-n,1998,article,6
Psychology and Marketing,Consumer demographics and reaction to product tampering,https://openalex.org/W1967546898,https://doi.org/10.1002/mar.4220090106,1992,article,6
Psychology and Marketing,Interpreting multidimensional data with cognitive differentiation analysis,https://openalex.org/W1976723554,https://doi.org/10.1002/mar.4220120604,1995,article,6
Psychology and Marketing,An examination of the validity of direct product perceptions,https://openalex.org/W2007247458,https://doi.org/10.1002/mar.4220090305,1992,article,6
Psychology and Marketing,Purchases and complaints: A logit‐model analysis,https://openalex.org/W2015782250,https://doi.org/10.1002/mar.4220080103,1991,article,6
Psychology and Marketing,Timestyles: Role factor influences on the convergence and divergence of couples' complementary and substitute activity patterns,https://openalex.org/W2056428022,https://doi.org/10.1002/mar.4220090203,1992,article,6
Psychology and Marketing,Parenthood and wildland recreation consumption: An unexplored phenomenon,https://openalex.org/W2074107031,https://doi.org/10.1002/mar.4220100206,1993,article,6
Psychology and Marketing,The effects of experience and education on the organization of marketing knowledge,https://openalex.org/W2098072401,https://doi.org/10.1002/mar.4220100302,1993,article,6
Psychology and Marketing,Marketing implications of the expected role of physicians in family decisions concerning the institutionalization of the elderly,https://openalex.org/W2169568737,https://doi.org/10.1002/mar.4220120707,1995,article,6
Psychology and Marketing,Woman to women: Social marketing an idea to the new world,https://openalex.org/W1980872785,https://doi.org/10.1002/(sici)1520-6793(199803)15:2<175::aid-mar5>3.0.co;2-9,1998,article,5
Psychology and Marketing,List prices and discounts: The interrelationship between consumer shopping patterns and profitable marketing strategies,https://openalex.org/W1997171492,https://doi.org/10.1002/(sici)1520-6793(199607)13:4<341::aid-mar2>3.0.co;2-a,1996,article,5
Psychology and Marketing,Qualitative research and marketing mysteries: An introduction to the special issue,https://openalex.org/W2092489570,https://doi.org/10.1002/(sici)1520-6793(199907)16:4<287::aid-mar1>3.0.co;2-m,1999,article,5
Psychology and Marketing,Shaping time perceptions with background music: The effect of congruity and arousal on estimates of ad durations,https://openalex.org/W4231488219,https://doi.org/10.1002/(sici)1520-6793(199608)13:5<501::aid-mar4>3.3.co;2-t,1996,article,5
Psychology and Marketing,"The role of materialism, religiosity, and demographics in subjective well‐being",https://openalex.org/W4240961916,https://doi.org/10.1002/(sici)1520-6793(199701)14:1<71::aid-mar5>3.3.co;2-v,1997,article,5
Psychology and Marketing,The implications of recency and gender effects in consumer response to ambush marketing,https://openalex.org/W4246773995,https://doi.org/10.1002/(sici)1520-6793(199807)15:4<385::aid-mar7>3.3.co;2-2,1998,article,5
Psychology and Marketing,The effects of concrete and abstract consumer goals on information processing,https://openalex.org/W4250489031,https://doi.org/10.1002/(sici)1520-6793(199709)14:6<561::aid-mar3>3.3.co;2-i,1997,article,5
Psychology and Marketing,"Long‐term effects of alcohol warning labels: Findings from a comparison of the United States and Ontario, Canada",https://openalex.org/W4255571620,https://doi.org/10.1002/(sici)1520-6793(199905)16:3<261::aid-mar5>3.3.co;2-q,1999,article,5
Psychology and Marketing,"An extension of the congruence hypothesis: The effects of real products, branching format, similarity, and involvement",https://openalex.org/W2064449528,https://doi.org/10.1002/mar.4220100506,1993,article,5
Psychology and Marketing,Segmentation and market structure when both consumer and situational characteristics are explanatory,https://openalex.org/W2137590902,https://doi.org/10.1002/mar.4220090505,1992,article,5
Psychology and Marketing,An experimental method for studying unconscious perception in a marketing context,https://openalex.org/W4236922170,https://doi.org/10.1002/(sici)1520-6793(199909)16:6<459::aid-mar2>3.3.co;2-u,1999,article,4
Psychology and Marketing,Designing warnings to compensate for age‐related changes in perceptual and cognitive abilities,https://openalex.org/W4252961256,https://doi.org/10.1002/(sici)1520-6793(199810)15:7<643::aid-mar3>3.3.co;2-a,1998,article,4
Psychology and Marketing,Laboratory experimentation in economic research: An introduction to psychologists and marketers,https://openalex.org/W2038293699,https://doi.org/10.1002/(sici)1520-6793(199607)13:4<331::aid-mar1>3.0.co;2-b,1996,article,4
Psychology and Marketing,A large-scale test of the biorhythm-shoplifting connection hypothesis,https://openalex.org/W2050259676,https://doi.org/10.1002/(sici)1520-6793(199605)13:3<321::aid-mar5>3.0.co;2-e,1996,article,4
Psychology and Marketing,Risk taking in sales-force selection decisions: The impact of decision frame and time,https://openalex.org/W2063132697,https://doi.org/10.1002/mar.4220120405,1995,article,4
Psychology and Marketing,The golden section,https://openalex.org/W2073514342,https://doi.org/10.1002/mar.4220080203,1991,article,4
Psychology and Marketing,Using consumer perceptions to operationalize the service construct: Exploratory research in theory extension and validation,https://openalex.org/W2094565341,https://doi.org/10.1002/mar.4220120605,1995,article,4
Psychology and Marketing,Affect and persuasion: The influence of pleasantness and arousal on attitude formation and message elaboration,https://openalex.org/W4239750651,https://doi.org/10.1002/(sici)1520-6793(199707)14:4<315::aid-mar2>3.3.co;2-s,1997,article,4
Psychology and Marketing,"Consumer wayfinding tasks, strategies, and errors: An exploratory field study",https://openalex.org/W4242528162,https://doi.org/10.1002/(sici)1520-6793(199605)13:3<265::aid-mar2>3.3.co;2-z,1996,article,4
Psychology and Marketing,The effects of product knowledge on the evaluation of warranteed brands,https://openalex.org/W4247898262,https://doi.org/10.1002/(sici)1520-6793(199608)13:5<445::aid-mar1>3.3.co;2-p,1996,article,4
Psychology and Marketing,The impact of buyer dependence on buyer opportunism in buyer–supplier relationships: The moderating role of relational norms,https://openalex.org/W4390086193,https://doi.org/10.1002/(sici)1520-6793(199712)14:8<823::aid-mar5>3.3.co;2-#,1997,article,4
Psychology and Marketing,The impact of values on the selection of philanthropic clubs by elite African American women: An historical perspective,https://openalex.org/W2073541673,https://doi.org/10.1002/(sici)1520-6793(199803)15:2<145::aid-mar3>3.0.co;2-c,1998,article,3
Psychology and Marketing,What information belongs in a warning?,https://openalex.org/W4239387989,https://doi.org/10.1002/(sici)1520-6793(199810)15:7<663::aid-mar4>3.3.co;2-5,1998,article,3
Psychology and Marketing,Does the salesperson like customers? A conceptual and empirical examination of the persuasive effect of perceptions of the salesperson's affect toward customers,https://openalex.org/W4390086165,https://doi.org/10.1002/(sici)1520-6793(199903)16:2<141::aid-mar5>3.3.co;2-#,1999,article,3
Psychology and Marketing,The evaluation of time-dependent attributes,https://openalex.org/W2025014430,https://doi.org/10.1002/(sici)1520-6793(199601)13:1<19::aid-mar2>3.0.co;2-s,1996,article,3
Psychology and Marketing,Individual differences in emotional contagion of salespersons: Its effect on performance and burnout,https://openalex.org/W2575355921,https://doi.org/10.1002/(sici)1520-6793(199709)14:6<617::aid-mar6>3.3.co;2-u,1997,article,3
Psychology and Marketing,The impact of buyer dependence on buyer opportunism in buyer–supplier relationships: The moderating role of relational norms,https://openalex.org/W4229574711,https://doi.org/10.1002/(sici)1520-6793(199712)14:8<823::aid-mar5>3.3.co;2-,1997,article,3
Psychology and Marketing,Who's to blame? Counterfactual reasoning and the assignment of blame,https://openalex.org/W4243411573,https://doi.org/10.1002/(sici)1520-6793(199705)14:3<209::aid-mar1>3.3.co;2-s,1997,article,3
Psychology and Marketing,"Unintended thought, edited by James S. Uleman and John A. Bargh. The Guilford Press, New York, 1989",https://openalex.org/W1971674467,https://doi.org/10.1002/mar.4220110109,1994,article,3
Psychology and Marketing,Brand frequency and product involvement: The application of a pc‐based perceptual learning routine to psychology and marketing,https://openalex.org/W2063473203,https://doi.org/10.1002/mar.4220080406,1991,article,3
Psychology and Marketing,Marketing financial services to all levels of affluence,https://openalex.org/W2093717405,https://doi.org/10.1002/mar.4220120806,1995,article,3
Psychology and Marketing,New &amp; improved! 50% more! maximum strength! better than ever,https://openalex.org/W2150142967,https://doi.org/10.1002/mar.4220090102,1992,article,3
Psychology and Marketing,Selection of telemarketing employees by standardized assessment procedures,https://openalex.org/W4229556959,https://doi.org/10.1002/(sici)1520-6793(199710)14:7<703::aid-mar5>3.3.co;2-9,1997,article,2
Psychology and Marketing,Prior knowledge and the effect of suggested frames of reference in advertising,https://openalex.org/W4243636553,https://doi.org/10.1002/(sici)1520-6793(199703)14:2<121::aid-mar2>3.3.co;2-i,1997,article,2
Psychology and Marketing,Risk‐taking propensity in supplier choice: Differences by sex and decision frame in a simulated organizational buying context,https://openalex.org/W4248063363,https://doi.org/10.1002/(sici)1520-6793(199910)16:7<563::aid-mar2>3.3.co;2-a,1999,article,2
Psychology and Marketing,Ad processing and persuasion: The role of brand identification,https://openalex.org/W4248155770,https://doi.org/10.1002/(sici)1520-6793(199805)15:3<279::aid-mar5>3.3.co;2-5,1998,article,2
Psychology and Marketing,Ambush marketing: The ethical issues,https://openalex.org/W4254918674,https://doi.org/10.1002/(sici)1520-6793(199807)15:4<349::aid-mar5>3.3.co;2-0,1998,article,2
Psychology and Marketing,Nonconscious memory processes in marketing: A historical perspective and future directions,https://openalex.org/W4256005382,https://doi.org/10.1002/(sici)1520-6793(199909)16:6<451::aid-mar1>3.3.co;2-k,1999,article,2
Psychology and Marketing,Forming and updating of product category perceptions: The influence of goals and discrepancy,https://openalex.org/W2042794896,https://doi.org/10.1002/(sici)1520-6793(199610)13:7<695::aid-mar4>3.0.co;2-c,1996,article,2
Psychology and Marketing,"External information sources of product enthusiasts: Differences between variety seekers, variety neutrals, and variety avoiders",https://openalex.org/W4231294281,https://doi.org/10.1002/(sici)1520-6793(199605)13:3<291::aid-mar3>3.3.co;2-4,1996,article,2
Psychology and Marketing,Revisiting attribute diagnosticity in the context of product typicality,https://openalex.org/W4245539633,https://doi.org/10.1002/(sici)1520-6793(199609)13:6<605::aid-mar5>3.3.co;2-7,1996,article,2
Psychology and Marketing,Financial services marketing and banking regulation: The case of the community reinvestment act,https://openalex.org/W1984133177,https://doi.org/10.1002/mar.4220120807,1995,article,2
Psychology and Marketing,Returning young adults: Implications for marketers,https://openalex.org/W1990322831,https://doi.org/10.1002/mar.4220110305,1994,article,2
Psychology and Marketing,Computerized sociometric marketing: Advances and prospects,https://openalex.org/W2036309839,https://doi.org/10.1002/mar.4220080404,1991,article,2
Psychology and Marketing,Market dynamics analysis and multiple segmentation,https://openalex.org/W2068032436,https://doi.org/10.1002/mar.4220090107,1992,article,2
Psychology and Marketing,"Psychology, Marketing &amp; Recycling",https://openalex.org/W2095863724,https://doi.org/10.1002/mar.4220110402,1994,article,2
Psychology and Marketing,Introduction to the special issue,https://openalex.org/W4232333298,https://doi.org/10.1002/mar.4220100402,1993,article,2
Psychology and Marketing,MyProfessionalMarketingMaterials,https://openalex.org/W4232629645,https://doi.org/10.1002/(sici)1520-6793(199801)15:1<115::aid-mar8>3.0.co;2-h,1998,article,1
Psychology and Marketing,Consumer evaluations of movies on the basis of critics' judgments,https://openalex.org/W4236003469,https://doi.org/10.1002/(sici)1520-6793(199912)16:8<677::aid-mar4>3.3.co;2-k,1999,article,1
Psychology and Marketing,The services marketing system and customer psychology,https://openalex.org/W4238139496,https://doi.org/10.1002/(sici)1520-6793(199812)15:8<727::aid-mar1>3.3.co;2-z,1998,article,1
Psychology and Marketing,The relationship of antecedents of search and self‐esteem to adolescent search effort and perceived product knowledge,https://openalex.org/W4244238851,https://doi.org/10.1002/(sici)1520-6793(199908)16:5<409::aid-mar3>3.3.co;2-,1999,article,1
Psychology and Marketing,An examination of consumers' use of heuristic cues in making satisfaction judgments,https://openalex.org/W4247842950,https://doi.org/10.1002/(sici)1520-6793(199808)15:5<477::aid-mar5>3.3.co;2-x,1998,article,1
Psychology and Marketing,The year 2000: Looking back,https://openalex.org/W4249092097,https://doi.org/10.1002/(sici)1520-6793(199912)16:8<631::aid-mar1>3.3.co;2-e,1999,article,1
Psychology and Marketing,Does the salesperson like customers? A conceptual and empirical examination of the persuasive effect of perceptions of the salesperson's affect toward customers,https://openalex.org/W4255994667,https://doi.org/10.1002/(sici)1520-6793(199903)16:2<141::aid-mar5>3.3.co;2-,1999,article,1
Psychology and Marketing,The relationship of antecedents of search and self‐esteem to adolescent search effort and perceived product knowledge,https://openalex.org/W4390086189,https://doi.org/10.1002/(sici)1520-6793(199908)16:5<409::aid-mar3>3.3.co;2-#,1999,article,1
Psychology and Marketing,"Psychology, marketing, and direct mail: A call for theory",https://openalex.org/W2077280934,https://doi.org/10.1002/(sici)1520-6793(199602)13:2<125::aid-mar1>3.0.co;2-h,1996,article,1
Psychology and Marketing,State-trait communication apprehension dimensions and potential clients' responses to help offering ads,https://openalex.org/W2092251294,https://doi.org/10.1002/(sici)1520-6793(199601)13:1<1::aid-mar1>3.0.co;2-k,1996,article,1
Psychology and Marketing,Mail advertising and consumer behavior,https://openalex.org/W4237184666,https://doi.org/10.1002/(sici)1520-6793(199602)13:2<211::aid-mar6>3.3.co;2-9,1996,article,1
Psychology and Marketing,Reciprocal exchange in rural communities: Consumers' inducements to inshop,https://openalex.org/W4238523489,https://doi.org/10.1002/(sici)1520-6793(199710)14:7<637::aid-mar1>3.3.co;2-9,1997,article,1
Psychology and Marketing,A reealuation of the attentional inertia concept,https://openalex.org/W1968618242,https://doi.org/10.1002/mar.4220090506,1992,article,1
Psychology and Marketing,The marketing of bank risk‐management services,https://openalex.org/W2005323363,https://doi.org/10.1002/mar.4220120808,1995,article,1
Psychology and Marketing,Editor's note,https://openalex.org/W4240646797,https://doi.org/10.1002/mar.4220120803,1995,article,1
Psychology and Marketing,"Reputation, image, and impression management, by D. B. Bromley. John Wiley &amp; Sons, Inc., New York, 1993, 300 pp. Reviewed by Joyce A. Young, Department of Marketing, Indiana State University",https://openalex.org/W4254978890,https://doi.org/10.1002/mar.4220120207,1995,article,1
Psychology and Marketing,Happy 15th to us!,https://openalex.org/W2065690330,https://doi.org/10.1002/(sici)1520-6793(199801)15:1<1::aid-mar1>3.0.co;2-i,1998,article,0
Psychology and Marketing,Demography for Business Decision Making,https://openalex.org/W2088789752,https://doi.org/10.1002/(sici)1520-6793(199905)16:3<283::aid-mar6>3.0.co;2-o,1999,article,0
Psychology and Marketing,The effect of a similarity versus dissimilarity focus in positioning strategy: The moderating role of consumer familiarity and product category,https://openalex.org/W4230276081,https://doi.org/10.1002/(sici)1520-6793(199905)16:3<211::aid-mar2>3.3.co;2-3,1999,article,0
Psychology and Marketing,The impact of values on the selection of philanthropic clubs by elite African American women: An historical perspective,https://openalex.org/W4239472738,https://doi.org/10.1002/(sici)1520-6793(199803)15:2<145::aid-mar3>3.3.co;2-y,1998,article,0
Psychology and Marketing,Across‐ versus within‐class comparative advertising: Insights into prestige class anchoring,https://openalex.org/W4241769881,https://doi.org/10.1002/(sici)1520-6793(199908)16:5<429::aid-mar4>3.3.co;2-v,1999,article,0
Psychology and Marketing,Understanding consumer usage of product magnitudes through sorting tasks,https://openalex.org/W4247653446,https://doi.org/10.1002/(sici)1520-6793(199912)16:8<643::aid-mar2>3.3.co;2-4,1999,article,0
Psychology and Marketing,Qualitative research and marketing mysteries: An introduction to the special issue,https://openalex.org/W4247919994,https://doi.org/10.1002/(sici)1520-6793(199907)16:4<287::aid-mar1>3.3.co;2-d,1999,article,0
Psychology and Marketing,The psychology of being put on hold: An exploratory study of service quality,https://openalex.org/W4252053662,https://doi.org/10.1002/(sici)1520-6793(199907)16:4<327::aid-mar4>3.3.co;2-7,1999,article,0
Psychology and Marketing,Happy 15th to us!,https://openalex.org/W4253082055,https://doi.org/10.1002/(sici)1520-6793(199801)15:1<1::aid-mar1>3.3.co;2-r,1998,article,0
Psychology and Marketing,"Psychology, marketing and warnings research: Bridging the gap between consumer theory and warning practice",https://openalex.org/W4255367061,https://doi.org/10.1002/(sici)1520-6793(199810)15:7<615::aid-mar1>3.3.co;2-d,1998,article,0
Psychology and Marketing,Defensive strategies for managing satisfaction and loyalty in the service industry,https://openalex.org/W4256061055,https://doi.org/10.1002/(sici)1520-6793(199812)15:8<775::aid-mar4>3.3.co;2-r,1998,article,0
Psychology and Marketing,"An interpretive study of purposeful, mood self‐regulating consumption: The consumption and mood framework",https://openalex.org/W4231904979,https://doi.org/10.1002/(sici)1520-6793(199707)14:4<395::aid-mar6>3.3.co;2-8,1997,article,0
Psychology and Marketing,Elaboration on experience: Effects on attribute importance,https://openalex.org/W4238837926,https://doi.org/10.1002/(sici)1520-6793(199708)14:5<451::aid-mar2>3.3.co;2-t,1997,article,0
Psychology and Marketing,Using behavioral decision theory to assess advertisement recognition tasks by level of difficulty,https://openalex.org/W4241360009,https://doi.org/10.1002/(sici)1520-6793(199703)14:2<145::aid-mar3>3.3.co;2-1,1997,article,0
Psychology and Marketing,Banks: A macromarketing perspective,https://openalex.org/W1963634749,https://doi.org/10.1002/mar.4220120804,1995,article,0
Psychology and Marketing,Efficiency of service delivery systems in large commercial banks,https://openalex.org/W2050609062,https://doi.org/10.1002/mar.4220120809,1995,article,0
Psychology and Marketing,The implications of interstate banking for consumers,https://openalex.org/W2064421709,https://doi.org/10.1002/mar.4220120805,1995,article,0
Psychology and Marketing,Announcement from the publisher,https://openalex.org/W4210625358,https://doi.org/10.1002/mar.4220120402,1995,article,0
Psychology and Marketing,Couples' reciprocal patterns in narcotics addiction: A recommendation on treatment strategy,https://openalex.org/W4230271645,https://doi.org/10.1002/(sici)1520-6793(199612)13:8<769::aid-mar4>3.3.co;2-o,1996,article,0
Psychology and Marketing,Announcement from the publisher,https://openalex.org/W4232126138,https://doi.org/10.1002/mar.4220120602,1995,article,0
Psychology and Marketing,Announcement,https://openalex.org/W4232258006,https://doi.org/10.1002/mar.4220120802,1995,article,0
Psychology and Marketing,State‐trait communication apprehension dimensions and potential clients' responses to help offering ads,https://openalex.org/W4235488777,https://doi.org/10.1002/(sici)1520-6793(199601)13:1<1::aid-mar1>3.3.co;2-z,1996,article,0
Psychology and Marketing,The evaluation of time‐dependent attributes,https://openalex.org/W4237618312,https://doi.org/10.1002/(sici)1520-6793(199601)13:1<19::aid-mar2>3.3.co;2-q,1996,article,0
Psychology and Marketing,Laboratory experimentation in economic research: An introduction to psychologists and marketers,https://openalex.org/W4239869179,https://doi.org/10.1002/(sici)1520-6793(199607)13:4<331::aid-mar1>3.3.co;2-8,1996,article,0
Psychology and Marketing,Introduction,https://openalex.org/W4240350085,https://doi.org/10.1002/mar.4220120403,1995,article,0
Psychology and Marketing,Announcement form the publisher,https://openalex.org/W4241597806,https://doi.org/10.1002/mar.4220120502,1995,article,0
Psychology and Marketing,Announcement from the publisher,https://openalex.org/W4243204887,https://doi.org/10.1002/mar.4220120702,1995,article,0
Psychology and Marketing,"Psychology, marketing, and direct mail: A call for theory",https://openalex.org/W4251433687,https://doi.org/10.1002/(sici)1520-6793(199602)13:2<125::aid-mar1>3.3.co;2-e,1996,article,0
Psychology and Marketing,"Age of propaganda: The everyday use and abuse of persuasion. Anthony pratkanis and elliot aronson (editors). Reviewed by Joseph C. Bullington, Department of Psychology Georgia Southern University",https://openalex.org/W4254214766,https://doi.org/10.1002/mar.4220120206,1995,article,0
Psychology and Marketing,"Harry C. Davis, Research statistician, office of biostatistics, Medical College of Georgia. The SPSS Guide to Data Analysis for Release 4 by Marija J. Norušis. SPSS, Inc., Chicago, 1990, 470 pages, $16.95",https://openalex.org/W1979723281,https://doi.org/10.1002/mar.4220100307,1993,article,0
Psychology and Marketing,"Psychology, marketing, and computers",https://openalex.org/W2028533228,https://doi.org/10.1002/mar.4220080402,1991,article,0
Psychology and Marketing,Miscellaneous,https://openalex.org/W4235407024,https://doi.org/10.1002/mar.4220110102,1994,article,0
Psychology and Marketing,Point‐counterpoint,https://openalex.org/W4236420097,https://doi.org/10.1002/mar.4220090108,1992,article,0
