cites_article_in,source_journal,work_title,work_oaid,DOI,pub_year,work_type
European Journal of Marketing,European Journal of Marketing,The Marketing of Professional Services — An Organizational Dilemma,https://openalex.org/W2001315711,https://doi.org/10.1108/eum0000000004951,1979,article
European Journal of Marketing,Industrial Marketing Management,An applied theory for marketing industrial services,https://openalex.org/W1968825345,https://doi.org/10.1016/0019-8501(79)90017-8,1979,article
European Journal of Marketing,Journal of Business Strategies,The Wealth Effects of Proactive and Reactive Corporate Name Change Strategies,https://openalex.org/W3202347740,https://doi.org/10.54155/jbs.10.1.41-50,1970,article
European Journal of Marketing,Journal of the Operational Research Society,Export Performance and Export Policy: Evidence from the U.K. Clothing Industry,https://openalex.org/W1967507504,https://doi.org/10.1057/jors.1979.177,1979,article
European Journal of Marketing,Industrial Marketing Management,The role of exhibitions in industrial marketing — an evaluation of the international machine tool exhibition,https://openalex.org/W1971192472,https://doi.org/10.1016/0019-8501(74)90009-1,1974,article
European Journal of Marketing,European Journal of Marketing,A Service‐Orientated Approach to Marketing of Services,https://openalex.org/W1964336577,https://doi.org/10.1108/eum0000000004985,1978,article
European Journal of Marketing,European Journal of Marketing,The Marketing of Professional Services — An Organizational Dilemma,https://openalex.org/W2001315711,https://doi.org/10.1108/eum0000000004951,1979,article
European Journal of Marketing,European Journal of Marketing,The Marketing of Technology,https://openalex.org/W2052355425,https://doi.org/10.1108/eum0000000005021,1977,article
European Journal of Marketing,Journal of the Academy of Marketing Science,A difference in informational influences: Services vs. goods,https://openalex.org/W2071284243,https://doi.org/10.1007/bf02722069,1977,article
European Journal of Marketing,European Journal of Marketing,Marketing of Local Authority Sports Centre Services A Pilot Study,https://openalex.org/W2066507134,https://doi.org/10.1108/eum0000000005027,1977,article
European Journal of Marketing,Local Government Studies,"Marketing in local authority sport, leisure and recreation centres",https://openalex.org/W1992817392,https://doi.org/10.1080/03003937908432810,1979,article
European Journal of Marketing,European Journal of Marketing,British Teachers' Conceptions of Marketing,https://openalex.org/W2066955548,https://doi.org/10.1108/eum0000000005005,1977,article
European Journal of Marketing,Industrial Marketing Management,An applied theory for marketing industrial services,https://openalex.org/W1968825345,https://doi.org/10.1016/0019-8501(79)90017-8,1979,article
European Journal of Marketing,Journal of Marketing,Toward a Concept of Domesticated Markets,https://openalex.org/W1980156264,https://doi.org/10.1177/002224297904300408,1979,article
European Journal of Marketing,Industrial Marketing Management,A framework of industrial buying and selling,https://openalex.org/W2074623623,https://doi.org/10.1016/0019-8501(79)90015-4,1979,article
European Journal of Marketing,Industrial Marketing Management,Organizations buying in new task and rebuy situations,https://openalex.org/W2089659310,https://doi.org/10.1016/0019-8501(79)90012-9,1979,article
European Journal of Marketing,Industrial Marketing Management,Exploring a complex organizational buying decision,https://openalex.org/W1982374842,https://doi.org/10.1016/0019-8501(77)90007-4,1977,article
European Journal of Marketing,Industrial Marketing Management,Lateral influences and vertical authority in organizational buying,https://openalex.org/W2084034628,https://doi.org/10.1016/0019-8501(77)90009-8,1977,article
European Journal of Marketing,American Behavioral Scientist,Organizational Buying Behavior: A Research Arena for the Social Scientist?,https://openalex.org/W2301459427,https://doi.org/10.1177/000276427802100409,1978,article
European Journal of Marketing,Management Decision,"Industrial Buying During Recession: Farmers' Tractor Purchases, 1977–78",https://openalex.org/W1964024282,https://doi.org/10.1108/eb001195,1979,article
European Journal of Marketing,European Journal of Marketing,Marketing to Industrial Democrats,https://openalex.org/W2041984047,https://doi.org/10.1108/eum0000000004935,1979,article
European Journal of Marketing,None,Organizations Buying in NewTask and Rebuy Situations,https://openalex.org/W2529243129,None,1979,article
European Journal of Marketing,Industrial Marketing Management,Do brand names differentiate identical industrial products?,https://openalex.org/W2022059673,https://doi.org/10.1016/0019-8501(79)90051-8,1979,article
European Journal of Marketing,European Journal of Marketing,The Industrial Purchasing Decision as a Political Process,https://openalex.org/W2000645080,https://doi.org/10.1108/eum0000000005054,1975,article
European Journal of Marketing,European Journal of Marketing,Customer service in industrial marketing: a Comparative Study,https://openalex.org/W2072671138,https://doi.org/10.1108/eum0000000005042,1976,article
European Journal of Marketing,Industrial Marketing Management,Search behavior in organizational buying,https://openalex.org/W1999251762,https://doi.org/10.1016/0019-8501(75)90014-0,1975,article
European Journal of Marketing,Industrial Marketing Management,The processing of information by industrial buyers,https://openalex.org/W2067039488,https://doi.org/10.1016/0019-8501(74)90034-0,1974,article
European Journal of Marketing,Industrial Marketing Management,Buying behavior in Ireland's public sector,https://openalex.org/W2039875849,https://doi.org/10.1016/0019-8501(77)90037-2,1977,article
European Journal of Marketing,Management Decision,Buying Behaviour in State‐Sponsored Industry,https://openalex.org/W2120411912,https://doi.org/10.1108/eb001151,1978,article
European Journal of Marketing,European Journal of Marketing,The role of the comparative analysis approach in social marketing,https://openalex.org/W2028884353,https://doi.org/10.1108/eum0000000005099,1973,article
European Journal of Marketing,Industrial Marketing Management,Do brand names differentiate identical industrial products?,https://openalex.org/W2022059673,https://doi.org/10.1016/0019-8501(79)90051-8,1979,article
European Journal of Marketing,The Journal of Finance,THE COST OF EQUITY CAPITAL WITH PERSONAL INCOME TAXES AND FLOTATION COSTS,https://openalex.org/W2020883095,https://doi.org/10.1111/j.1540-6261.1978.tb02057.x,1978,article
European Journal of Marketing,American Economic Review,"Production, Efficiency, and Welfare in the Natural Gas Transmission Industry",https://openalex.org/W2171373576,None,1977,article
European Journal of Marketing,None,Financial cost allocations: a game-theoretic approach,https://openalex.org/W839869769,None,1977,article
European Journal of Marketing,Canadian Journal of Behavioural Science/Revue canadienne des sciences du comportement,Job motivation of Canadian Anglophone and Francophone hospital employees.,https://openalex.org/W2046307320,https://doi.org/10.1037/h0081583,1979,article
European Journal of Marketing,None,On alternative methods of treating risk,https://openalex.org/W805953717,None,1978,article
European Journal of Marketing,Industrial Relations Journal,"Race, sex and minority group discrimination legislation in North America and Britain",https://openalex.org/W2051938101,https://doi.org/10.1111/j.1468-2338.1978.tb00589.x,1978,article
European Journal of Marketing,None,Cross-cultural aspects of personnel policies in multi-nationals: a case study of Chrysler UK,https://openalex.org/W852547736,None,1977,article
European Journal of Marketing,Industrial Marketing Management,Buying behavior in Ireland's public sector,https://openalex.org/W2039875849,https://doi.org/10.1016/0019-8501(77)90037-2,1977,article
European Journal of Marketing,None,Professional Accounting Education in Canada: Problems and Prospects,https://openalex.org/W827649601,None,1979,article
European Journal of Marketing,None,Size-structure relationship: a further elaboration: a research report,https://openalex.org/W798413846,None,1977,article
European Journal of Marketing,Management Decision,Buying Behaviour in State‐Sponsored Industry,https://openalex.org/W2120411912,https://doi.org/10.1108/eb001151,1978,article
European Journal of Marketing,European Journal of Marketing,Marketing of Local Authority Sports Centre Services A Pilot Study,https://openalex.org/W2066507134,https://doi.org/10.1108/eum0000000005027,1977,article
European Journal of Marketing,Local Government Studies,"Marketing in local authority sport, leisure and recreation centres",https://openalex.org/W1992817392,https://doi.org/10.1080/03003937908432810,1979,article
European Journal of Marketing,Management Education and Development,The Changing Concept of Marketing: American and British Viewpoints,https://openalex.org/W1991998097,https://doi.org/10.1177/135050767600700204,1976,article
European Journal of Marketing,Retail and Distribution Management,Customer account profitability,https://openalex.org/W1590501000,https://doi.org/10.1108/eb017897,1977,article
European Journal of Marketing,Industrial Marketing Management,Vendor selection and the buying process,https://openalex.org/W2071977868,https://doi.org/10.1016/0019-8501(78)90044-5,1978,article
European Journal of Marketing,Journal of Marketing Research,Supplier Selection in an International Environment—An Experimental Study,https://openalex.org/W2331133107,https://doi.org/10.1177/002224377501200107,1975,article
European Journal of Marketing,European Journal of Marketing,Source loyalty in the freight transport market,https://openalex.org/W2092097019,https://doi.org/10.1108/eum0000000005038,1976,article
European Journal of Marketing,European Journal of Marketing,Farmers' Tractor Purchase Decisions: A Study of Interpersonal Communication in Industrial Buying Behaviour,https://openalex.org/W2059221876,https://doi.org/10.1108/eum0000000004962,1979,article
European Journal of Marketing,European Journal of Marketing,"Industrial diffusion, adoption and communication",https://openalex.org/W2050724451,https://doi.org/10.1108/eum0000000005052,1976,article
European Journal of Marketing,Management Decision,"Industrial Buying During Recession: Farmers' Tractor Purchases, 1977–78",https://openalex.org/W1964024282,https://doi.org/10.1108/eb001195,1979,article
European Journal of Marketing,Industrial Marketing Management,Better use of the industrial marketing concept,https://openalex.org/W1984690864,https://doi.org/10.1016/0019-8501(78)90037-8,1978,article
European Journal of Marketing,Journal of the Operational Research Society,Management Planning and Control in Multi-Branch Banking,https://openalex.org/W2051111935,https://doi.org/10.1057/jors.1979.23,1979,article
European Journal of Marketing,Journal of Business Strategies,The Analytical Hierarchy Process as A Technique for Retail Store Location Selection,https://openalex.org/W3202223408,https://doi.org/10.54155/jbs.6.1.61-74,1970,article
European Journal of Marketing,European Journal of Marketing,Forecasting Performance for Financial Outlets,https://openalex.org/W2013215839,https://doi.org/10.1108/eum0000000004953,1979,article
European Journal of Marketing,European Journal of Marketing,Consumerism in Perspective,https://openalex.org/W1995711021,https://doi.org/10.1108/eum0000000004986,1978,article
European Journal of Marketing,European Journal of Marketing,Determining Consumer Satisfaction through Benefit Profiling,https://openalex.org/W2080389406,https://doi.org/10.1108/eum0000000004961,1979,article
European Journal of Marketing,European Journal of Marketing,Towards a Balanced View of Consumerism,https://openalex.org/W2078670242,https://doi.org/10.1108/eum0000000004987,1978,article
European Journal of Marketing,Journal of Consumer Research,Psychological Theories of Consumer Choice,https://openalex.org/W2148874825,https://doi.org/10.1086/208660,1976,article
European Journal of Marketing,European Journal of Marketing,A Refined Approach to the Wheel of Retailing,https://openalex.org/W1967303727,https://doi.org/10.1108/eum0000000004957,1979,article
European Journal of Marketing,Journal of Marketing Research,Sources of Power: Their Impact on Intrachannel Conflict,https://openalex.org/W2313027996,https://doi.org/10.1177/002224377601300408,1976,article
European Journal of Marketing,Academy of Management Review,Interorganizational Relations In Marketing Channels,https://openalex.org/W2033359959,https://doi.org/10.5465/amr.1979.4289111,1979,article
European Journal of Marketing,Journal of the Academy of Marketing Science,An empirical examination of the dimensionality of power in a channel of distribution,https://openalex.org/W2084125299,https://doi.org/10.1007/bf02722066,1977,article
European Journal of Marketing,Human Relations,Power in Organizational Buying,https://openalex.org/W2152787775,https://doi.org/10.1177/001872677903200205,1979,article
European Journal of Marketing,European Journal of Marketing,The Durable Purchasing Behaviour of the Individual Household,https://openalex.org/W2018207916,https://doi.org/10.1108/eum0000000004967,1978,article
European Journal of Marketing,Journal of Marketing,A Product Positioning Model: Problems and Possibilities,https://openalex.org/W2328345315,https://doi.org/10.1177/002224297804200203,1978,article
European Journal of Marketing,European Journal of Marketing,Measuring the Gains from Government Export Promotion,https://openalex.org/W2030565909,https://doi.org/10.1108/eum0000000004977,1978,article
European Journal of Marketing,Journal of Marketing Research,The Value of Unit Price Information,https://openalex.org/W2018909423,https://doi.org/10.1177/002224377701400207,1977,article
European Journal of Marketing,Zeitschrift für Verbraucherpolitik,Non-use benefits of mandatory consumer information programs,https://openalex.org/W2081311875,https://doi.org/10.1007/bf00382718,1977,article
European Journal of Marketing,Journal of the Academy of Marketing Science,Consumer legislation: A proactive or reactive response to consumerism?,https://openalex.org/W2032067323,https://doi.org/10.1007/bf02729451,1974,article
European Journal of Marketing,Management Decision,Price and Consumer Protection,https://openalex.org/W2009953488,https://doi.org/10.1108/eb001227,1979,article
European Journal of Marketing,European Journal of Marketing,Farmers' Tractor Purchase Decisions: A Study of Interpersonal Communication in Industrial Buying Behaviour,https://openalex.org/W2059221876,https://doi.org/10.1108/eum0000000004962,1979,article
European Journal of Marketing,Industrial Marketing Management,Buyer and seller perceptions of transportation purchasing variables,https://openalex.org/W2070527633,https://doi.org/10.1016/0019-8501(78)90035-4,1978,article
European Journal of Marketing,International Journal of Physical Distribution,The Influence of the Image of Suppliers on Buyer Behaviour in the Freight Transport Market,https://openalex.org/W1979116192,https://doi.org/10.1108/eb014347,1975,article
European Journal of Marketing,International Journal of Physical Distribution & Materials Management,The Export Shipping Manager in the UK,https://openalex.org/W1990245189,https://doi.org/10.1108/eb014466,1979,article
European Journal of Marketing,Industrial Marketing Management,Industrial marketing: An organizational problem?,https://openalex.org/W2006119171,https://doi.org/10.1016/0019-8501(75)90035-8,1975,article
European Journal of Marketing,Industrial Marketing Management,Foreign subsidiary procurement authority: The corporate parent view,https://openalex.org/W2076464248,https://doi.org/10.1016/0019-8501(77)90063-3,1977,article
European Journal of Marketing,Journal of International Business Studies,Procurement-Related Perceptions of Corporate-Based and Foreign-Based Purchasing Managers,https://openalex.org/W2002706359,https://doi.org/10.1057/palgrave.jibs.8490668,1978,article
European Journal of Marketing,International Journal of Physical Distribution & Materials Management,Multinational Procurement: Corporate Parent versus Subsidiary Perceptions,https://openalex.org/W2067487895,https://doi.org/10.1108/eb014437,1978,article
European Journal of Marketing,Industrial Marketing Management,Identifying industrial new product success: Project NewProd,https://openalex.org/W2000326507,https://doi.org/10.1016/0019-8501(79)90052-x,1979,article
European Journal of Marketing,Journal of the Academy of Marketing Science,A discriminant model for identifying scenarios of industrial new product failure,https://openalex.org/W2124652067,https://doi.org/10.1007/bf02721873,1979,article
European Journal of Marketing,Journal of Marketing Research,Econometric Measurement of the Duration of Advertising Effect on Sales,https://openalex.org/W2051167783,https://doi.org/10.1177/002224377601300404,1976,article
European Journal of Marketing,Long Range Planning,An appreciation of alternative sales forecasting models: Recent techniques based on historical data,https://openalex.org/W2035338788,https://doi.org/10.1016/0024-6301(83)90189-9,1973,article
European Journal of Marketing,Journal of Industrial Economics,Some Economic Aspects of Large-Scale Advertising,https://openalex.org/W1984143674,https://doi.org/10.2307/2097905,1975,article
European Journal of Marketing,European Journal of Marketing,Methods for handling competition in dynamic market models,https://openalex.org/W2010728071,https://doi.org/10.1108/eum0000000005095,1973,article
European Journal of Marketing,European Journal of Marketing,The New International Price Competition,https://openalex.org/W2159170158,https://doi.org/10.1108/eum0000000004936,1979,article
European Journal of Marketing,Industrial Marketing Management,Organizations buying in new task and rebuy situations,https://openalex.org/W2089659310,https://doi.org/10.1016/0019-8501(79)90012-9,1979,article
European Journal of Marketing,Industrial Marketing Management,The processing of information by industrial buyers,https://openalex.org/W2067039488,https://doi.org/10.1016/0019-8501(74)90034-0,1974,article
European Journal of Marketing,Industrial Marketing Management,Organizational buying in selected Yugoslav firms,https://openalex.org/W2010879630,https://doi.org/10.1016/0019-8501(78)90017-2,1978,article
European Journal of Marketing,None,Organizations Buying in NewTask and Rebuy Situations,https://openalex.org/W2529243129,None,1979,article
European Journal of Marketing,Industrial Marketing Management,A framework of industrial buying and selling,https://openalex.org/W2074623623,https://doi.org/10.1016/0019-8501(79)90015-4,1979,article
European Journal of Marketing,Management Decision,MARKETING TILTS AT TARIFF WINDMILLS,https://openalex.org/W1973035455,https://doi.org/10.1108/eb000997,1972,article
European Journal of Marketing,Journal of the Academy of Marketing Science,The marketing concept in the U.S. and the USSR: An historical analysis,https://openalex.org/W2023124746,https://doi.org/10.1007/bf02732311,1978,article
European Journal of Marketing,European Journal of Marketing,Market research in the guided market place,https://openalex.org/W2069946618,https://doi.org/10.1108/eum0000000005094,1973,article
European Journal of Marketing,Journal of Marketing Research,Word-of-Mouth Processes in the Diffusion of a Major Technological Innovation,https://openalex.org/W2330398152,https://doi.org/10.1177/002224377401100208,1974,article
European Journal of Marketing,Academy of Management Journal,Patterns of Interorganizational Communications and the Diffusion of a Major Technological Innovation in a Competitive Industrial Community.,https://openalex.org/W2158284419,https://doi.org/10.2307/255621,1975,article
European Journal of Marketing,European Journal of Marketing,"Industrial diffusion, adoption and communication",https://openalex.org/W2050724451,https://doi.org/10.1108/eum0000000005052,1976,article
European Journal of Marketing,Journal of Marketing Research,"Response Bias, Yea-Saying, and the Double Negative",https://openalex.org/W2329127050,https://doi.org/10.1177/002224377501200212,1975,article
European Journal of Marketing,European Journal of Marketing,Consumerism in Perspective,https://openalex.org/W1995711021,https://doi.org/10.1108/eum0000000004986,1978,article
European Journal of Marketing,European Journal of Marketing,Determining Consumer Satisfaction through Benefit Profiling,https://openalex.org/W2080389406,https://doi.org/10.1108/eum0000000004961,1979,article
European Journal of Marketing,European Journal of Marketing,Towards a Balanced View of Consumerism,https://openalex.org/W2078670242,https://doi.org/10.1108/eum0000000004987,1978,article
European Journal of Marketing,Scottish Journal of Political Economy,U.S. INVESTMENT IN SCOTLAND‐ASPECTS OF THE BRANCH FACTORY SYNDROME*,https://openalex.org/W2031284594,https://doi.org/10.1111/j.1467-9485.1976.tb00781.x,1976,article
European Journal of Marketing,European Journal of Marketing,Consumer durables: differentiation strategy and consumer response in relation to real and apparent risk,https://openalex.org/W2055453252,https://doi.org/10.1108/eum0000000005146,1972,article
European Journal of Marketing,European Journal of Marketing,Brand Positioning Using Multidimensional Scaling,https://openalex.org/W2003673675,https://doi.org/10.1108/eum0000000005055,1975,article
European Journal of Marketing,European Journal of Marketing,Forecasting new consumer durables by market segmentation,https://openalex.org/W2026740358,https://doi.org/10.1108/eum0000000005050,1976,article
European Journal of Marketing,Zeitschrift für Verbraucherpolitik,The costs and benefits of consumer advisory services: The case of Nottinghamshire,https://openalex.org/W206433831,https://doi.org/10.1007/bf02390685,1979,article
European Journal of Marketing,Management Decision,Common Approaches to Budgeting for Advertising,https://openalex.org/W2089675125,https://doi.org/10.1108/eb001198,1979,article
European Journal of Marketing,Management Decision,So You Know How Advertising Works?,https://openalex.org/W1977950696,https://doi.org/10.1108/eb001199,1979,article
European Journal of Marketing,European Journal of Marketing,Towards a Balanced View of Consumerism,https://openalex.org/W2078670242,https://doi.org/10.1108/eum0000000004987,1978,article
European Journal of Marketing,International Journal of Physical Distribution,The Marketing/Logistics Interface,https://openalex.org/W2032170070,https://doi.org/10.1108/eb014284,1973,article
European Journal of Marketing,International Journal of Physical Distribution & Materials Management,The Use of Quantitative Techniques in Warehouse Location,https://openalex.org/W1987477719,https://doi.org/10.1108/eb014430,1978,article
European Journal of Marketing,International Journal of Physical Distribution,Increased Profits through Improved Physical Distribution Productivity,https://openalex.org/W2045220038,https://doi.org/10.1108/eb014319,1974,article
European Journal of Marketing,Applied Economics,The significance of financial expectations in predicting consumer expenditures: a quarterly analysis,https://openalex.org/W2040110244,https://doi.org/10.1080/00036847600000010,1976,article
European Journal of Marketing,Journal of Business Research,“Good consumership” in household appliance purchasing,https://openalex.org/W2080311448,https://doi.org/10.1016/0148-2963(76)90032-1,1976,article
European Journal of Marketing,European Journal of Marketing,The three wheels of retailing: a theoretical note,https://openalex.org/W2029007084,https://doi.org/10.1108/eum0000000005101,1973,article
European Journal of Marketing,Local Government Studies,"Marketing in local authority sport, leisure and recreation centres",https://openalex.org/W1992817392,https://doi.org/10.1080/03003937908432810,1979,article
European Journal of Marketing,Transactions of the Institute of British Geographers,Store Location and Store Assessment Research: The Integration of Some New and Traditional Techniques,https://openalex.org/W2331569789,https://doi.org/10.2307/621854,1977,article
European Journal of Marketing,Long Range Planning,An appreciation of alternative sales forecasting models: Recent techniques based on historical data,https://openalex.org/W2035338788,https://doi.org/10.1016/0024-6301(83)90189-9,1973,article
European Journal of Marketing,European Journal of Marketing,Marketing ‘Outward Bound’,https://openalex.org/W1964348969,https://doi.org/10.1108/eum0000000005029,1977,article
European Journal of Marketing,Research Policy,The diffusion and adoption of textile chemicals and dyestuffs within the uk textile industry,https://openalex.org/W2007284189,https://doi.org/10.1016/0048-7333(77)90012-9,1977,article
European Journal of Marketing,European Journal of Marketing,Determining Consumer Satisfaction through Benefit Profiling,https://openalex.org/W2080389406,https://doi.org/10.1108/eum0000000004961,1979,article
European Journal of Marketing,Applied Economics,Are goods goods? Some further evidence: a comment,https://openalex.org/W2007923174,https://doi.org/10.1080/00036847500000010,1975,article
European Journal of Marketing,European Journal of Marketing,The role of the comparative analysis approach in social marketing,https://openalex.org/W2028884353,https://doi.org/10.1108/eum0000000005099,1973,article
European Journal of Marketing,Industrial Marketing Management,Some observations on new industrial product failures,https://openalex.org/W2064427550,https://doi.org/10.1016/0019-8501(73)90075-8,1973,article
European Journal of Marketing,Research Policy,The diffusion and adoption of textile chemicals and dyestuffs within the uk textile industry,https://openalex.org/W2007284189,https://doi.org/10.1016/0048-7333(77)90012-9,1977,article
European Journal of Marketing,Industrial Marketing Management,Market adoption of new industrial products,https://openalex.org/W2093479898,https://doi.org/10.1016/0019-8501(78)90006-8,1978,article
European Journal of Marketing,Management Decision,Adoption of Innovation: A Concept Attainment View,https://openalex.org/W1999936163,https://doi.org/10.1108/eb001192,1979,article
European Journal of Marketing,European Journal of Marketing,Marketing Teaching,https://openalex.org/W4235648187,https://doi.org/10.1108/eum0000000004928,1979,article
European Journal of Marketing,Omega,Relative success of marketing decision aids: A survey,https://openalex.org/W2009465491,https://doi.org/10.1016/0305-0483(79)90019-7,1979,article
European Journal of Marketing,European Journal of Marketing,Channels of Distribution Conceptualisation: A State‐of‐the Art Review,https://openalex.org/W2046413121,https://doi.org/10.1108/eum0000000004993,1978,article
European Journal of Marketing,Business Horizons,A challenge for marketers and economists,https://openalex.org/W2005275403,https://doi.org/10.1016/s0007-6813(72)80010-7,1972,article
European Journal of Marketing,Social Indicators Research,Assessment of consumer research for a valuation of a quality-of-life policy,https://openalex.org/W2014213012,https://doi.org/10.1007/bf00303862,1974,article
European Journal of Marketing,Journal Of Consumer Studies and Home Economics,THE CONSUMER'S INTEREST IN COMPETITION POLICY: 2.,https://openalex.org/W2782563114,https://doi.org/10.1111/j.1470-6431.1979.tb00350.x,1979,article
European Journal of Marketing,European Journal of Marketing,International Advertising Strategy,https://openalex.org/W2050755012,https://doi.org/10.1108/eum0000000005034,1977,article
European Journal of Marketing,The Swedish Journal of Economics,A Research Note on Economies of Scale in Retailing,https://openalex.org/W2340333850,https://doi.org/10.2307/3438917,1975,article
European Journal of Marketing,European Journal of Marketing,International Advertising Strategy,https://openalex.org/W2050755012,https://doi.org/10.1108/eum0000000005034,1977,article
European Journal of Marketing,Management Decision,Model Building in Marketing: The Practice of British Industry,https://openalex.org/W1973088106,https://doi.org/10.1108/eb001034,1974,article
European Journal of Marketing,European Journal of Marketing,Aspects of the application of behavioural sciences to marketing,https://openalex.org/W2018442900,https://doi.org/10.1108/eum0000000005090,1974,article
European Journal of Marketing,European Journal of Marketing,Channels of Distribution Conceptualisation: A State‐of‐the Art Review,https://openalex.org/W2046413121,https://doi.org/10.1108/eum0000000004993,1978,article
European Journal of Marketing,Journal of the Academy of Marketing Science,Integrative processes in agricultural marketing channels,https://openalex.org/W2013722433,https://doi.org/10.1007/bf02729504,1977,article
European Journal of Marketing,Nuclear Physics A,Single-particle energy levels in a two-centre shell model,https://openalex.org/W2037835524,https://doi.org/10.1016/0375-9474(72)90929-3,1972,article
European Journal of Marketing,Journal of Consumer Research,Psychological Theories of Consumer Choice,https://openalex.org/W2148874825,https://doi.org/10.1086/208660,1976,article
European Journal of Marketing,Australian Journal of Management,The Decision Process Models of Antarctic Travel Innovators,https://openalex.org/W2163300240,https://doi.org/10.1177/031289627800300203,1978,article
European Journal of Marketing,Omega,To bid or not to bid,https://openalex.org/W2083336562,https://doi.org/10.1016/0305-0483(75)90003-1,1975,article
European Journal of Marketing,European Journal of Marketing,The Differential Method of Pricing,https://openalex.org/W2043841184,https://doi.org/10.1108/eum0000000004943,1979,article
European Journal of Marketing,European Journal of Marketing,Market research in the guided market place,https://openalex.org/W2069946618,https://doi.org/10.1108/eum0000000005094,1973,article
European Journal of Marketing,European Journal of Marketing,Advertising Strategy Implications of Consumer Evaluation Process Models,https://openalex.org/W2085896874,https://doi.org/10.1108/eum0000000005018,1977,article
European Journal of Marketing,Journal of the Academy of Marketing Science,A circumplex model for the behavioral constructs towards television advertising,https://openalex.org/W2058974498,https://doi.org/10.1007/bf02722054,1976,article
European Journal of Marketing,Journal of Business Finance &amp Accounting,"Classical Pricing Rules, Cost=plus Pricing and the Capacity Constrained Firm",https://openalex.org/W2062848355,https://doi.org/10.1111/j.1468-5957.1975.tb00919.x,1975,article
European Journal of Marketing,European Journal of Marketing,Jaguar's Pricing Policy — A Comment,https://openalex.org/W1963908399,https://doi.org/10.1108/eb027324,1974,article
European Journal of Marketing,European Journal of Marketing,The need for a system for an extensive information analysis of specific marketing decisions,https://openalex.org/W2014348809,https://doi.org/10.1108/eum0000000005108,1973,article
European Journal of Marketing,Journal of Marketing Research,A Multistage Decision Model for Salesforce Management,https://openalex.org/W2327032077,https://doi.org/10.1177/002224377701400201,1977,article
European Journal of Marketing,Management Science,Allocating Selling Effort Via Dynamic Programming,https://openalex.org/W2095398955,https://doi.org/10.1287/mnsc.23.7.667,1977,article
European Journal of Marketing,European Journal of Marketing,Segmenting domestic and foreign car buyers,https://openalex.org/W2027304716,https://doi.org/10.1108/eum0000000005087,1974,article
European Journal of Marketing,Management Education and Development,The Changing Concept of Marketing: American and British Viewpoints,https://openalex.org/W1991998097,https://doi.org/10.1177/135050767600700204,1976,article
European Journal of Marketing,Journal of Marketing Research,Consumer Brand Choice—A Random Walk?,https://openalex.org/W2315673476,https://doi.org/10.1177/002224377501200308,1975,article
European Journal of Marketing,International Journal of Physical Distribution,Using the Principle of Postponement—Speculation to Analyse Channel Change,https://openalex.org/W1995484346,https://doi.org/10.1108/eb014401,1977,article
European Journal of Marketing,European Journal of Marketing,A Decision Analysis Approach to Repetitive Competitive Bidding,https://openalex.org/W1984966600,https://doi.org/10.1108/eum0000000004978,1978,article
European Journal of Marketing,International Journal of Physical Distribution,Marketing Logistics and Consumerism,https://openalex.org/W2040527317,https://doi.org/10.1108/eb014383,1976,article
