cites_article_in,source_journal,work_title,work_oaid,DOI,pub_year,work_type
Industrial Marketing Management,Journal of International Economics,Contractionary effects of devaluation,https://openalex.org/W2037425424,https://doi.org/10.1016/0022-1996(78)90007-7,1978,article
Industrial Marketing Management,Journal of International Economics,Tariffs and nontraded goods,https://openalex.org/W2025007887,https://doi.org/10.1016/0022-1996(74)90060-9,1974,article
Industrial Marketing Management,Journal of Development Economics,Welfare-theoretical analyses of the brain drain,https://openalex.org/W2082600061,https://doi.org/10.1016/0304-3878(75)90002-4,1975,article
Industrial Marketing Management,Journal of Economic Theory,Income distribution and effective protection in a multicommodity trade model,https://openalex.org/W1978152540,https://doi.org/10.1016/0022-0531(75)90035-6,1975,article
Industrial Marketing Management,Journal of Economic Theory,Protection and real wages: The neoclassical ambiguity,https://openalex.org/W1995539805,https://doi.org/10.1016/0022-0531(77)90135-1,1977,article
Industrial Marketing Management,Journal of International Economics,The two-sector model in terms of its dual,https://openalex.org/W1481349784,https://doi.org/10.1016/0022-1996(79)90020-5,1979,article
Industrial Marketing Management,The Journal of Economic History,Demand vs. Supply in the Industrial Revolution,https://openalex.org/W2116223960,https://doi.org/10.1017/s0022050700094778,1977,article
Industrial Marketing Management,The Journal of Economic History,The Achievements of the Cliometric School,https://openalex.org/W2015673596,https://doi.org/10.1017/s0022050700088148,1978,article
Industrial Marketing Management,Journal of International Economics,Optimal trade policy and compensation under endogenous uncertainty: The phenomenon of market disruption,https://openalex.org/W2023698193,https://doi.org/10.1016/0022-1996(76)90033-7,1976,article
Industrial Marketing Management,Journal of International Economics,The general equilibrium theory of effective protection and resource allocation,https://openalex.org/W2130613249,https://doi.org/10.1016/0022-1996(73)90017-2,1973,article
Industrial Marketing Management,Journal of International Economics,A synthesis of the Heckscher-Ohlin and the neoclassical models of international trade,https://openalex.org/W1977932620,https://doi.org/10.1016/0022-1996(76)90021-0,1976,article
Industrial Marketing Management,Journal of Development Economics,"Domestic distortions, imperfect information and the brain drain",https://openalex.org/W2091368621,https://doi.org/10.1016/0304-3878(75)90005-x,1975,article
Industrial Marketing Management,Journal of International Economics,"Gains from trade under variable returns to scale, commodity taxation, tariffs and factor market distortions",https://openalex.org/W2056623322,https://doi.org/10.1016/0022-1996(79)90018-7,1979,article
Industrial Marketing Management,Journal of Development Economics,Brain drain and economic growth,https://openalex.org/W1584163638,https://doi.org/10.1016/0304-3878(75)90003-6,1975,article
Industrial Marketing Management,Journal of Optimization Theory and Applications,Interactive economic dynamics and differential games,https://openalex.org/W2008559884,https://doi.org/10.1007/bf00933323,1979,article
Industrial Marketing Management,Journal of International Economics,Tariff concessions in the Kennedy Round and the structure of protection in West Germany,https://openalex.org/W2432561419,https://doi.org/10.1016/0022-1996(77)90026-5,1977,article
Industrial Marketing Management,Journal of International Economics,Presumption and the transfer problem,https://openalex.org/W1982585465,https://doi.org/10.1016/0022-1996(75)90013-6,1975,article
Industrial Marketing Management,Journal of International Economics,Protection and tariff change under general equilibrium,https://openalex.org/W2015548588,https://doi.org/10.1016/0022-1996(73)90014-7,1973,article
Industrial Marketing Management,Journal of Public Economics,Education in a ‘job ladder’ model and the fairness-in-hiring rule,https://openalex.org/W2144854972,https://doi.org/10.1016/0047-2727(77)90034-2,1977,article
Industrial Marketing Management,Latin American Research Review,"Dependency Analysis of Latin America: Some Criticisms, Some Suggestions",https://openalex.org/W4312505566,https://doi.org/10.1017/s0023879100030284,1976,article
Industrial Marketing Management,Journal of International Economics,A general-equilibrium model of tariffs in a noncompetitive economy,https://openalex.org/W1969531046,https://doi.org/10.1016/0022-1996(76)90022-2,1976,article
Industrial Marketing Management,Journal of International Economics,"Unemployment, tariffs and the theory of international trade",https://openalex.org/W2086758479,https://doi.org/10.1016/0022-1996(77)90042-3,1977,article
Industrial Marketing Management,Social Science & Medicine Part C Medical Economics,A reappraisal of the “brain drain”—With special reference to the medical profession,https://openalex.org/W2092674450,https://doi.org/10.1016/0160-7995(79)90020-0,1979,article
Industrial Marketing Management,Journal of International Economics,Domestic monopoly and redundant tariff protection,https://openalex.org/W2169699282,https://doi.org/10.1016/0022-1996(79)90047-3,1979,article
Industrial Marketing Management,World Development,Performance criteria and multilateral aid allocation,https://openalex.org/W2089008127,https://doi.org/10.1016/0305-750x(75)90023-6,1975,article
Industrial Marketing Management,Journal of International Economics,Factor substitution in the theory of effective protection: A general equilibrium analysis,https://openalex.org/W2030048943,https://doi.org/10.1016/0022-1996(73)90015-9,1973,article
Industrial Marketing Management,Comparative Studies in Society and History,"Trends and Patterns of Latin American Urbanization, 1750–1920",https://openalex.org/W2151568580,https://doi.org/10.1017/s0010417500007532,1974,article
Industrial Marketing Management,World Development,The international transmission of inequality,https://openalex.org/W2051190666,https://doi.org/10.1016/0305-750x(74)90091-6,1974,article
Industrial Marketing Management,Journal of Development Economics,Modelling the effects of protection in a dynamic framework,https://openalex.org/W2046116862,https://doi.org/10.1016/0304-3878(77)90021-9,1977,article
Industrial Marketing Management,The Journal of Economic History,Explaining the Shift of Labor from Agriculture to Industry in the United States: 1869 to 1899,https://openalex.org/W2111166297,https://doi.org/10.1017/s0022050700092962,1979,article
Industrial Marketing Management,Journal of Interamerican Studies and World Affairs,Toward a Reinterpretation of Political Change in Peru During the First Century of Independence,https://openalex.org/W2783891302,https://doi.org/10.2307/165699,1978,article
Industrial Marketing Management,European Economic Review,Trade and allocation of resources in a distorted economy,https://openalex.org/W2039689695,https://doi.org/10.1016/0014-2921(74)90030-0,1974,article
Industrial Marketing Management,Carnegie-Rochester Conference Series on Public Policy,The export of technology,https://openalex.org/W1977361058,https://doi.org/10.1016/0167-2231(77)90027-6,1977,article
Industrial Marketing Management,Economics Letters,"A multisectoral model of a small, open economy with non-shiftable capital and imperfect labor mobility",https://openalex.org/W2115230533,https://doi.org/10.1016/0165-1765(79)90052-1,1979,article
Industrial Marketing Management,Journal of International Economics,The theory of factor price differentials,https://openalex.org/W1526677263,https://doi.org/10.1016/0022-1996(79)90052-7,1979,article
Industrial Marketing Management,The Journal of Development Studies,Land reform: Some theoretical considerations,https://openalex.org/W2005980034,https://doi.org/10.1080/00220387608421609,1976,article
Industrial Marketing Management,Journal of Contemporary Asia,The second path to capitalism: A model of international development,https://openalex.org/W1993592035,https://doi.org/10.1080/00472337308566862,1973,article
Industrial Marketing Management,Journal of International Economics,Tariff structure and output adjustment in the presence of interindustry flows,https://openalex.org/W2067901301,https://doi.org/10.1016/0022-1996(77)90050-2,1977,article
Industrial Marketing Management,World Development,"Market disruption, export market disruption, compensation and GATT reform",https://openalex.org/W2119199004,https://doi.org/10.1016/0305-750x(76)90015-2,1976,article
Industrial Marketing Management,Economic Record,"Rigid Wage, Factor Immobility and Immiserizing Growth*",https://openalex.org/W1971407662,https://doi.org/10.1111/j.1475-4932.1978.tb01640.x,1978,article
Industrial Marketing Management,Journal of International Economics,Some disequilibrium dynamics of exchange-rate changes,https://openalex.org/W2014804058,https://doi.org/10.1016/0022-1996(75)90024-0,1975,article
Industrial Marketing Management,Journal of International Economics,"Trade, distribution and saving",https://openalex.org/W1987026002,https://doi.org/10.1016/0022-1996(74)90035-x,1974,article
Industrial Marketing Management,The Journal of Development Studies,"Urban unemployment and optimal tax policy in a small, open dual economy",https://openalex.org/W2074111847,https://doi.org/10.1080/00220387908421711,1979,article
Industrial Marketing Management,Journal of Regional Science,DEMAND CONDITIONS AND SUPPLY CONSTRAINTS IN REGIONAL ECONOMIC GROWTH,https://openalex.org/W1980086193,https://doi.org/10.1111/j.1467-9787.1976.tb00964.x,1976,article
Industrial Marketing Management,Explorations in Economic History,Economic growth in the seventeenth-century chesapeake,https://openalex.org/W1999635320,https://doi.org/10.1016/0014-4983(78)90044-x,1978,article
Industrial Marketing Management,Journal of Contemporary Asia,"Recession, revolution and metropolis-periphery relations in East Asia with special reference to Japan",https://openalex.org/W2042024414,https://doi.org/10.1080/00472337785390351,1977,article
Industrial Marketing Management,Australian Economic Papers,SOME NOTES ON TECHNICAL PROGRESS IN THE FRAMEWORK OF FACTOR MARKET IMPERFECTIONS AND NON‐TRADED GOODS*,https://openalex.org/W2029785695,https://doi.org/10.1111/j.1467-8454.1976.tb00494.x,1976,article
Industrial Marketing Management,Comparative Political Studies,Modeling Dependence and Underdevelopment,https://openalex.org/W2510990330,https://doi.org/10.1177/001041407901200105,1979,article
Industrial Marketing Management,Social Science History,"Douglass C. North’s <i>The Economic Growth of the United States, 1790-1860</i> Revisited",https://openalex.org/W2384068250,https://doi.org/10.1017/s0145553200022033,1977,article
Industrial Marketing Management,Economy and History,"International trade and economic development: History, trend and application the validity of the comparative cost analysis",https://openalex.org/W2016200804,https://doi.org/10.1080/00708852.1975.10418920,1975,article
Industrial Marketing Management,The Journal of Economic History,"Summaries of Research Workshops: Government Finance, Taxation, and Economic Policy in Old Regime Europe",https://openalex.org/W2081916135,https://doi.org/10.1017/s0022050700094493,1976,article
Industrial Marketing Management,The Journal of Development Studies,Introduction,https://openalex.org/W4244147525,https://doi.org/10.1080/00220387708421618,1977,article
Industrial Marketing Management,European Economic Review,Factor price equalization and a factor offer analysis of international trade,https://openalex.org/W2030382813,https://doi.org/10.1016/0014-2921(79)90005-9,1979,article
Industrial Marketing Management,European Journal of Marketing,The Marketing of Professional Services — An Organizational Dilemma,https://openalex.org/W2001315711,https://doi.org/10.1108/eum0000000004951,1979,article
Industrial Marketing Management,Research Management,Need Assessment in Product Innovation,https://openalex.org/W2768583338,https://doi.org/10.1080/00345334.1976.11756362,1976,article
Industrial Marketing Management,Industrial Marketing Management,Exposing organizational buyers to consumer magazine advertisements,https://openalex.org/W1990030199,https://doi.org/10.1016/0019-8501(78)90015-9,1978,article
Industrial Marketing Management,Management Decision,Low Cost Marketing Analysis: An Alternative Technology,https://openalex.org/W4214897423,https://doi.org/10.1108/eb001169,1978,article
Industrial Marketing Management,Journal of Marketing,The Dimensions of Industrial New Product Success and Failure,https://openalex.org/W2094914926,https://doi.org/10.1177/002224297904300310,1979,article
Industrial Marketing Management,Journal of Marketing Research,Issues and Advances in Segmentation Research,https://openalex.org/W2039422241,https://doi.org/10.1177/002224377801500302,1978,article
Industrial Marketing Management,Journal of Marketing,Environmental Uncertainty and Buying Group Structure: An Empirical Investigation,https://openalex.org/W2312227375,https://doi.org/10.1177/002224297904300206,1979,article
Industrial Marketing Management,Industrial Marketing Management,Autonomous vs. joint decisions in organizational buying,https://openalex.org/W1980235347,https://doi.org/10.1016/0019-8501(75)90045-0,1975,article
Industrial Marketing Management,Journal of Marketing Research,Exploring Environmental Influences in Organizational Buying,https://openalex.org/W2328486079,https://doi.org/10.1177/002224377601300302,1976,article
Industrial Marketing Management,Industrial Marketing Management,A phase-differentiated interaction approach to industrial marketing decisions,https://openalex.org/W2005109734,https://doi.org/10.1016/0019-8501(76)90021-3,1976,article
Industrial Marketing Management,Industrial Marketing Management,Search behavior in organizational buying,https://openalex.org/W1999251762,https://doi.org/10.1016/0019-8501(75)90014-0,1975,article
Industrial Marketing Management,Industrial Marketing Management,An evaluation of the BUYGRID Analytic Framework,https://openalex.org/W1990567893,https://doi.org/10.1016/0019-8501(79)90016-6,1979,article
Industrial Marketing Management,Industrial Marketing Management,The key issues and procedures of industrial marketing research,https://openalex.org/W2155017905,https://doi.org/10.1016/0019-8501(79)90023-3,1979,article
Industrial Marketing Management,Industrial Marketing Management,Better use of the industrial marketing concept,https://openalex.org/W1984690864,https://doi.org/10.1016/0019-8501(78)90037-8,1978,article
Industrial Marketing Management,Journal of Marketing,The Dimensions of Industrial New Product Success and Failure,https://openalex.org/W2094914926,https://doi.org/10.1177/002224297904300310,1979,article
Industrial Marketing Management,Journal of the Academy of Marketing Science,A discriminant model for identifying scenarios of industrial new product failure,https://openalex.org/W2124652067,https://doi.org/10.1007/bf02721873,1979,article
Industrial Marketing Management,Industrial Marketing Management,Determinants of market research expenditures for new industrial products,https://openalex.org/W2016659581,https://doi.org/10.1016/0019-8501(77)90049-9,1977,article
Industrial Marketing Management,Industrial Marketing Management,Marketing challenges of technical industries in developing countries,https://openalex.org/W1971261510,https://doi.org/10.1016/0019-8501(79)90021-x,1979,article
Industrial Marketing Management,Industrial Marketing Management,Better use of the industrial marketing concept,https://openalex.org/W1984690864,https://doi.org/10.1016/0019-8501(78)90037-8,1978,article
Industrial Marketing Management,Industrial Marketing Management,Influence tactics in buyer — seller processes,https://openalex.org/W2076152291,https://doi.org/10.1016/0019-8501(76)90014-6,1976,article
Industrial Marketing Management,Research Policy,A customer-active paradigm for industrial product idea generation,https://openalex.org/W3121528896,https://doi.org/10.1016/0048-7333(78)90019-7,1978,article
Industrial Marketing Management,Industrial Marketing Management,A framework of industrial buying and selling,https://openalex.org/W2074623623,https://doi.org/10.1016/0019-8501(79)90015-4,1979,article
Industrial Marketing Management,Industrial Marketing Management,An applied theory for marketing industrial services,https://openalex.org/W1968825345,https://doi.org/10.1016/0019-8501(79)90017-8,1979,article
Industrial Marketing Management,European Journal of Marketing,Industrial Marketing as an Organizational Problem: A Case Study,https://openalex.org/W2030685167,https://doi.org/10.1108/eum0000000004931,1979,article
Industrial Marketing Management,Industrial Marketing Management,Problems in applying Organizational Theory to Industrial Marketing,https://openalex.org/W1984569319,https://doi.org/10.1016/0019-8501(77)90040-2,1977,article
Industrial Marketing Management,Industrial Marketing Management,A framework of industrial buying and selling,https://openalex.org/W2074623623,https://doi.org/10.1016/0019-8501(79)90015-4,1979,article
Industrial Marketing Management,Industrial Marketing Management,Stability factors in industrial marketing channels,https://openalex.org/W2121281059,https://doi.org/10.1016/0019-8501(78)90020-2,1978,article
Industrial Marketing Management,European Journal of Marketing,Industrial Marketing as an Organizational Problem: A Case Study,https://openalex.org/W2030685167,https://doi.org/10.1108/eum0000000004931,1979,article
Industrial Marketing Management,American Behavioral Scientist,Organizational Buying Behavior: A Research Arena for the Social Scientist?,https://openalex.org/W2301459427,https://doi.org/10.1177/000276427802100409,1978,article
Industrial Marketing Management,The Journal of Economic History,The Role of Private Business in the International Diffusion of Technology,https://openalex.org/W2112693159,https://doi.org/10.1017/s0022050700079699,1974,article
Industrial Marketing Management,International Journal of Health Services,Application of Cost-Benefit Analysis to the Health Services and the Special Case of Technologic Innovation,https://openalex.org/W2080093463,https://doi.org/10.2190/yvtu-wkb5-qm0l-1byu,1974,article
Industrial Marketing Management,Journal of Applied Probability,Expenditure patterns for risky R and D projects,https://openalex.org/W4235124791,https://doi.org/10.2307/3211838,1971,article
Industrial Marketing Management,The Journal of Economic History,Britain and the Motorship: A Case of the Delayed Adoption of New Technology?,https://openalex.org/W2155389422,https://doi.org/10.1017/s0022050700075094,1975,article
Industrial Marketing Management,Explorations in Economic History,Growing-up and the industrial revolution in Europe,https://openalex.org/W2043542565,https://doi.org/10.1016/0014-4983(76)90014-0,1976,article
Industrial Marketing Management,Technological Forecasting and Social Change,Generalized Poisson and related models of technological innovation,https://openalex.org/W2054401156,https://doi.org/10.1016/0040-1625(74)90039-0,1974,article
Industrial Marketing Management,International Organization,Technological dependence in the Andean group,https://openalex.org/W2114258748,https://doi.org/10.1017/s002081830000388x,1978,article
Industrial Marketing Management,Technological Forecasting and Social Change,Market penetration models for energy production devices and conservation techniques,https://openalex.org/W1985633072,https://doi.org/10.1016/0040-1625(78)90063-x,1978,article
Industrial Marketing Management,The Journal of Economic History,"Economic History, Pure and Applied",https://openalex.org/W1968069628,https://doi.org/10.1017/s0022050700094481,1976,article
Industrial Marketing Management,The Journal of Economic History,The Early Diffusion of Steam Power,https://openalex.org/W2005026505,https://doi.org/10.1017/s002205070007964x,1974,article
Industrial Marketing Management,Revista de Administração de Empresas,O controle da transferência de tecnologia para países em desenvolvimento,https://openalex.org/W2264670284,https://doi.org/10.1590/s0034-75901973000100002,1973,article
Industrial Marketing Management,Soviet Studies,The influence of different economic systems on detailed technology,https://openalex.org/W2056269670,https://doi.org/10.1080/09668137408410976,1974,article
Industrial Marketing Management,European Journal of Marketing,The Marketing of Professional Services — An Organizational Dilemma,https://openalex.org/W2001315711,https://doi.org/10.1108/eum0000000004951,1979,article
Industrial Marketing Management,Industrial Marketing Management,An applied theory for marketing industrial services,https://openalex.org/W1968825345,https://doi.org/10.1016/0019-8501(79)90017-8,1979,article
Industrial Marketing Management,Research Policy,A customer-active paradigm for industrial product idea generation,https://openalex.org/W3121528896,https://doi.org/10.1016/0048-7333(78)90019-7,1978,article
Industrial Marketing Management,Industrial Marketing Management,A phase-differentiated interaction approach to industrial marketing decisions,https://openalex.org/W2005109734,https://doi.org/10.1016/0019-8501(76)90021-3,1976,article
Industrial Marketing Management,Industrial Marketing Management,Selling to the computer assisted buyer,https://openalex.org/W2035626126,https://doi.org/10.1016/0019-8501(77)90044-x,1977,article
Industrial Marketing Management,Human Relations,Power in Organizational Buying,https://openalex.org/W2152787775,https://doi.org/10.1177/001872677903200205,1979,article
Industrial Marketing Management,Journal of Marketing Research,Territory Sales Response,https://openalex.org/W2331028748,https://doi.org/10.1177/002224377901600402,1979,article
Industrial Marketing Management,Industrial Marketing Management,Men versus women in industrial sales: A performance gap,https://openalex.org/W2008062952,https://doi.org/10.1016/0019-8501(78)90013-5,1978,article
Industrial Marketing Management,Industrial Marketing Management,Sales quota achievement indices for multi-product firms,https://openalex.org/W1985232370,https://doi.org/10.1016/0019-8501(76)90032-8,1976,article
Industrial Marketing Management,The Journal of Psychology,Effect of Experience of Salesman and Experimenter Influence on Perceptions of Salesman Ethics,https://openalex.org/W1981213104,https://doi.org/10.1080/00223980.1978.9915970,1978,article
Industrial Marketing Management,Journal of Public Economics,An econometric model of the supply and control of recorded offences in England and Wales,https://openalex.org/W1988482234,https://doi.org/10.1016/0047-2727(73)90022-4,1973,article
Industrial Marketing Management,Regional and Urban Economics,Spatial correlation in the disturbances of a linear interregional model,https://openalex.org/W2060228067,https://doi.org/10.1016/0034-3331(74)90025-6,1974,article
Industrial Marketing Management,Journal of Econometrics,Autocorrelation and dynamic methodology with an application to wage determination models,https://openalex.org/W2070394087,https://doi.org/10.1016/0304-4076(75)90046-9,1975,article
Industrial Marketing Management,The Aeronautical Journal,Air transport demand estimates for UK domestic and international routes Part 2—estimates,https://openalex.org/W4299326439,https://doi.org/10.1017/s0001924000043177,1972,article
Industrial Marketing Management,American Behavioral Scientist,Organizational Buying Behavior: A Research Arena for the Social Scientist?,https://openalex.org/W2301459427,https://doi.org/10.1177/000276427802100409,1978,article
Industrial Marketing Management,Human Relations,Power in Organizational Buying,https://openalex.org/W2152787775,https://doi.org/10.1177/001872677903200205,1979,article
Industrial Marketing Management,Industrial Marketing Management,Lateral influences and vertical authority in organizational buying,https://openalex.org/W2084034628,https://doi.org/10.1016/0019-8501(77)90009-8,1977,article
Industrial Marketing Management,Industrial Marketing Management,The key issues and procedures of industrial marketing research,https://openalex.org/W2155017905,https://doi.org/10.1016/0019-8501(79)90023-3,1979,article
Industrial Marketing Management,Journal of Business Research,Organizational analysis and information-systems design: A decision-process perspective,https://openalex.org/W2001141482,https://doi.org/10.1016/0148-2963(75)90005-3,1975,article
Industrial Marketing Management,Journal of Marketing,A Strategic Framework for Marketing Control,https://openalex.org/W2323657564,https://doi.org/10.1177/002224297704100211,1977,article
Industrial Marketing Management,Journal of Marketing Research,Exploring Environmental Influences in Organizational Buying,https://openalex.org/W2328486079,https://doi.org/10.1177/002224377601300302,1976,article
Industrial Marketing Management,European Journal of Marketing,Industrial Buyer Behaviour A Model of the Implications of Risk Handling Behaviour for Communication Policies in Industrial Marketing,https://openalex.org/W2029912049,https://doi.org/10.1108/eum0000000005008,1977,article
Industrial Marketing Management,Human Relations,Power in Organizational Buying,https://openalex.org/W2152787775,https://doi.org/10.1177/001872677903200205,1979,article
Industrial Marketing Management,Industrial Marketing Management,A comparison of opinion and regression forecasting for an industrial product,https://openalex.org/W2016440082,https://doi.org/10.1016/0019-8501(79)90034-8,1979,article
Industrial Marketing Management,Journal of Business Strategies,The Mysteries of Forecasting,https://openalex.org/W3202705692,https://doi.org/10.54155/jbs.10.2.95-111,1970,article
Industrial Marketing Management,Journal of Marketing,Assessing Response to Industrial Marketing Strategy,https://openalex.org/W2026980528,https://doi.org/10.2307/1249882,1978,article
Industrial Marketing Management,Industrial Marketing Management,Autonomous vs. joint decisions in organizational buying,https://openalex.org/W1980235347,https://doi.org/10.1016/0019-8501(75)90045-0,1975,article
Industrial Marketing Management,Journal of Marketing Research,Exploring Environmental Influences in Organizational Buying,https://openalex.org/W2328486079,https://doi.org/10.1177/002224377601300302,1976,article
Industrial Marketing Management,Industrial Marketing Management,Overt searchers' responses to advertising,https://openalex.org/W1975346466,https://doi.org/10.1016/0019-8501(77)90018-9,1977,article
Industrial Marketing Management,Human Relations,Power in Organizational Buying,https://openalex.org/W2152787775,https://doi.org/10.1177/001872677903200205,1979,article
Industrial Marketing Management,Decision Sciences,THE LEARNING CURVE: HISTORICAL REVIEW AND COMPREHENSIVE SURVEY,https://openalex.org/W2084552861,https://doi.org/10.1111/j.1540-5915.1979.tb00026.x,1979,article
Industrial Marketing Management,Industrial Marketing Management,Organizations buying in new task and rebuy situations,https://openalex.org/W2089659310,https://doi.org/10.1016/0019-8501(79)90012-9,1979,article
Industrial Marketing Management,Industrial Marketing Management,Organizational buying in selected Yugoslav firms,https://openalex.org/W2010879630,https://doi.org/10.1016/0019-8501(78)90017-2,1978,article
Industrial Marketing Management,Social Indicators Research,The sociology of consumption: Deriving new social indicators,https://openalex.org/W2087810599,https://doi.org/10.1007/bf00352926,1978,article
Industrial Marketing Management,None,Organizations Buying in NewTask and Rebuy Situations,https://openalex.org/W2529243129,None,1979,article
Industrial Marketing Management,The Journal of Development Studies,Development indicators: An introduction,https://openalex.org/W2080840255,https://doi.org/10.1080/00220387208421409,1972,article
Industrial Marketing Management,Transactions of the Royal Historical Society,Skills and the Diffusion of Innovations from Britain in the Eighteenth Century,https://openalex.org/W2031557693,https://doi.org/10.2307/3679088,1975,article
Industrial Marketing Management,International Organization,"Population, Resources, and Technology: Political Implications of the Environmental Crisis",https://openalex.org/W2094108763,https://doi.org/10.1017/s0020818300003295,1972,article
Industrial Marketing Management,Technological Forecasting and Social Change,The Chinese model for science and technology: Its relevance for other developing countries,https://openalex.org/W2026933350,https://doi.org/10.1016/0040-1625(75)90023-2,1975,article
Industrial Marketing Management,Management Decision,Low Cost Marketing Analysis: An Alternative Technology,https://openalex.org/W4214897423,https://doi.org/10.1108/eb001169,1978,article
Industrial Marketing Management,Latin American Research Review,Bibliography on Science and Technology Policy in Latin America,https://openalex.org/W4312772131,https://doi.org/10.1017/s0023879100030466,1977,article
Industrial Marketing Management,Revista de Administração de Empresas,Opções tecnológicas aos países em desenvolvimento: considerações sobre um caso,https://openalex.org/W2003355105,https://doi.org/10.1590/s0034-75901976000400005,1976,article
Industrial Marketing Management,Journal of Interamerican Studies and World Affairs,Two Approaches to Economic Development,https://openalex.org/W2782564365,https://doi.org/10.2307/174935,1971,article
Industrial Marketing Management,Journal of Sociology,Impact and Consequences of the Military Transfer of Technology to Developing Countries,https://openalex.org/W2065262344,https://doi.org/10.1177/144078337601200305,1976,article
Industrial Marketing Management,Human Relations,Influence of Schools on Economically Disadvantageous Attitudes: A Solomon Islands Study,https://openalex.org/W2120531494,https://doi.org/10.1177/001872677602900405,1976,article
Industrial Marketing Management,R and D Management,The small‐ and medium‐sized firm as a channel for technology transfer between nations,https://openalex.org/W2093307492,https://doi.org/10.1111/j.1467-9310.1978.tb01283.x,1978,article
Industrial Marketing Management,Journal of Purchasing and Materials Management,Coordination of Purchasing with Sales Trends,https://openalex.org/W2625971166,https://doi.org/10.1111/j.1745-493x.1977.tb00404.x,1977,article
Industrial Marketing Management,Industrial Marketing Management,Purchasing's role across the product life cycle,https://openalex.org/W2143594413,https://doi.org/10.1016/0019-8501(78)90005-6,1978,article
Industrial Marketing Management,International Journal of Physical Distribution & Materials Management,Effective Implementation of Purchasing Operations,https://openalex.org/W2044316979,https://doi.org/10.1108/eb014438,1978,article
Industrial Marketing Management,Industrial Marketing Management,Management of business information,https://openalex.org/W2159760192,https://doi.org/10.1016/0019-8501(79)90018-x,1979,article
Industrial Marketing Management,Information & Management,Strategic intelligence systems,https://openalex.org/W1978130313,https://doi.org/10.1016/s0378-7206(79)80002-6,1979,article
Industrial Marketing Management,Industrial Marketing Management,Organizations buying in new task and rebuy situations,https://openalex.org/W2089659310,https://doi.org/10.1016/0019-8501(79)90012-9,1979,article
Industrial Marketing Management,None,Organizations Buying in NewTask and Rebuy Situations,https://openalex.org/W2529243129,None,1979,article
Industrial Marketing Management,Long Range Planning,Strategic planning and product innovation—Some systematic approaches,https://openalex.org/W2039942647,https://doi.org/10.1016/0024-6301(79)90094-3,1979,article
Industrial Marketing Management,Long Range Planning,The oracle that failed,https://openalex.org/W1988211298,https://doi.org/10.1016/0024-6301(75)90089-8,1975,article
Industrial Marketing Management,Long Range Planning,The future size of process plant,https://openalex.org/W1987279164,https://doi.org/10.1016/0024-6301(76)90031-5,1976,article
Industrial Marketing Management,Long Range Planning,Developing a climate for planning,https://openalex.org/W2066314118,https://doi.org/10.1016/s0024-6301(76)80008-8,1976,article
Industrial Marketing Management,Omega,Creativity and operational research,https://openalex.org/W1974760009,https://doi.org/10.1016/0305-0483(79)90079-3,1979,article
Industrial Marketing Management,Revista de Administração de Empresas,Treinamento para o futuro,https://openalex.org/W2056385688,https://doi.org/10.1590/s0034-75901979000200006,1979,article
Industrial Marketing Management,Industrial Marketing Management,Vendor selection and the buying process,https://openalex.org/W2071977868,https://doi.org/10.1016/0019-8501(78)90044-5,1978,article
Industrial Marketing Management,Journal of Marketing Research,Supplier Selection in an International Environment—An Experimental Study,https://openalex.org/W2331133107,https://doi.org/10.1177/002224377501200107,1975,article
Industrial Marketing Management,Industrial Marketing Management,The processing of information by industrial buyers,https://openalex.org/W2067039488,https://doi.org/10.1016/0019-8501(74)90034-0,1974,article
Industrial Marketing Management,Industrial Marketing Management,Professionalism and the behavior of procurement managers,https://openalex.org/W2074671332,https://doi.org/10.1016/0019-8501(77)90043-8,1977,article
Industrial Marketing Management,Industrial Marketing Management,Industrial product positioning: Progmatic uses,https://openalex.org/W2087361141,https://doi.org/10.1016/0019-8501(77)90051-7,1977,article
Industrial Marketing Management,Industrial Marketing Management,Better use of the industrial marketing concept,https://openalex.org/W1984690864,https://doi.org/10.1016/0019-8501(78)90037-8,1978,article
Industrial Marketing Management,Journal of Purchasing and Materials Management,The Effects of Professionalism on Purchasing Managers,https://openalex.org/W2625159196,https://doi.org/10.1111/j.1745-493x.1979.tb00620.x,1979,article
Industrial Marketing Management,Industrial Marketing Management,Better use of the industrial marketing concept,https://openalex.org/W1984690864,https://doi.org/10.1016/0019-8501(78)90037-8,1978,article
Industrial Marketing Management,Industrial Marketing Management,A framework of industrial buying and selling,https://openalex.org/W2074623623,https://doi.org/10.1016/0019-8501(79)90015-4,1979,article
Industrial Marketing Management,Industrial Marketing Management,Overt searchers' responses to advertising,https://openalex.org/W1975346466,https://doi.org/10.1016/0019-8501(77)90018-9,1977,article
Industrial Marketing Management,None,Forecasting Literature To 1978: Annotations and Ratings,https://openalex.org/W2499903892,None,1978,article
Industrial Marketing Management,Industrial Marketing Management,Organizational mating and industrial marketing conservatism — some reasons why industrial marketing managers resist marketing theory,https://openalex.org/W1968429856,https://doi.org/10.1016/0019-8501(75)90015-2,1975,article
Industrial Marketing Management,Industrial Marketing Management,Perceptions of uncertainty within a buying group,https://openalex.org/W2054654145,https://doi.org/10.1016/0019-8501(77)90001-3,1977,article
Industrial Marketing Management,Industrial Marketing Management,Do brand names differentiate identical industrial products?,https://openalex.org/W2022059673,https://doi.org/10.1016/0019-8501(79)90051-8,1979,article
Industrial Marketing Management,Industrial Marketing Management,Organizational buying behavior: Hypotheses and directions,https://openalex.org/W2066589383,https://doi.org/10.1016/0019-8501(77)90034-7,1977,article
Industrial Marketing Management,Industrial Marketing Management,A framework for strategic industrial pricing,https://openalex.org/W2051414666,https://doi.org/10.1016/0019-8501(79)90022-1,1979,article
Industrial Marketing Management,Human Relations,Power in Organizational Buying,https://openalex.org/W2152787775,https://doi.org/10.1177/001872677903200205,1979,article
Industrial Marketing Management,Journal of the Royal Statistical Society Series A (General),Box-Jenkins Seasonal Forecasting: Problems in a Case-Study,https://openalex.org/W2795391743,https://doi.org/10.2307/2344994,1973,article
Industrial Marketing Management,Engineering and Process Economics,Long term forecasting: A novel time-trend analysis technique,https://openalex.org/W2018527340,https://doi.org/10.1016/0377-841x(78)90038-4,1978,article
Industrial Marketing Management,Engineering and Process Economics,Chemical commodity price erosion,https://openalex.org/W2036402561,https://doi.org/10.1016/0377-841x(77)90007-9,1977,article
Industrial Marketing Management,None,Forecasting Literature To 1978: Annotations and Ratings,https://openalex.org/W2499903892,None,1978,article
Industrial Marketing Management,Journal of the American Institute of Planners,Tools for Community-Managed Impact Assessment,https://openalex.org/W2089075051,https://doi.org/10.1080/01944367708977769,1977,article
Industrial Marketing Management,R and D Management,Morphology and creativity in technological forecasting1,https://openalex.org/W2129238402,https://doi.org/10.1111/j.1467-9310.1976.tb01098.x,1976,article
Industrial Marketing Management,Industrial Marketing Management,Enterprise and environment,https://openalex.org/W2062152748,https://doi.org/10.1016/0019-8501(73)90072-2,1973,article
Industrial Marketing Management,Επιθεώρηση Κοινωνικών Ερευνών,Le mode d' etre de la technologie et sa perception sociale au sein des societes post-industrielles,https://openalex.org/W2332011971,https://doi.org/10.12681/grsr.162,1979,article
Industrial Marketing Management,European Journal of Marketing,The International Consumerist Movement,https://openalex.org/W1989596100,https://doi.org/10.1108/eum0000000004998,1977,article
Industrial Marketing Management,Journal of the Operational Research Society,Management Planning and Control in Multi-Branch Banking,https://openalex.org/W2051111935,https://doi.org/10.1057/jors.1979.23,1979,article
Industrial Marketing Management,Journal of Econometrics,A class of dynamic models for describing and projecting industrial development,https://openalex.org/W2038504307,https://doi.org/10.1016/0304-4076(73)90016-x,1973,article
Industrial Marketing Management,Kyklos,"FACTOR ENDOWMENT, INNOVATION AND INTERNATIONAL TRADE THEORY",https://openalex.org/W2076329747,https://doi.org/10.1111/j.1467-6435.1979.tb01144.x,1979,article
Industrial Marketing Management,Industrial Marketing Management,Organizations buying in new task and rebuy situations,https://openalex.org/W2089659310,https://doi.org/10.1016/0019-8501(79)90012-9,1979,article
Industrial Marketing Management,Industrial Marketing Management,Organizational buying in selected Yugoslav firms,https://openalex.org/W2010879630,https://doi.org/10.1016/0019-8501(78)90017-2,1978,article
Industrial Marketing Management,None,Organizations Buying in NewTask and Rebuy Situations,https://openalex.org/W2529243129,None,1979,article
Industrial Marketing Management,Water Resources Research,Internalization in a stochastic pollution model,https://openalex.org/W2164084038,https://doi.org/10.1029/wr013i006p00877,1977,article
Industrial Marketing Management,Design Studies,Participant observation of a major design decision in industry,https://openalex.org/W1966730454,https://doi.org/10.1016/0142-694x(79)90024-3,1979,article
Industrial Marketing Management,Management Science,The Adoption Time Period for Some Transportation Innovations,https://openalex.org/W2119689801,https://doi.org/10.1287/mnsc.25.5.429,1979,article
Industrial Marketing Management,Human Relations,Power in Organizational Buying,https://openalex.org/W2152787775,https://doi.org/10.1177/001872677903200205,1979,article
Industrial Marketing Management,Journal of the Academy of Marketing Science,Book reviews,https://openalex.org/W4251475642,https://doi.org/10.1007/bf02732319,1978,article
Industrial Marketing Management,Industrial Marketing Management,Better use of the industrial marketing concept,https://openalex.org/W1984690864,https://doi.org/10.1016/0019-8501(78)90037-8,1978,article
Industrial Marketing Management,Applied Economics,‘Experience curve’analysis,https://openalex.org/W2012226641,https://doi.org/10.1080/758529064,1979,article
Industrial Marketing Management,European Journal of Marketing,An Appraisal of Multi‐Attribute Utility Models in Marketing,https://openalex.org/W2089238122,https://doi.org/10.1108/eum0000000004950,1979,article
Industrial Marketing Management,Industrial Marketing Management,Organizational buying behavior: Hypotheses and directions,https://openalex.org/W2066589383,https://doi.org/10.1016/0019-8501(77)90034-7,1977,article
Industrial Marketing Management,Industrial Marketing Management,Lateral influences and vertical authority in organizational buying,https://openalex.org/W2084034628,https://doi.org/10.1016/0019-8501(77)90009-8,1977,article
Industrial Marketing Management,Information & Management,The functions of a decision support system,https://openalex.org/W2049430731,https://doi.org/10.1016/0378-7206(79)90039-9,1979,article
Industrial Marketing Management,Industrial Marketing Management,Primary and secondary market information for new industrial products,https://openalex.org/W2033475622,https://doi.org/10.1016/0019-8501(78)90001-9,1978,article
Industrial Marketing Management,Industrial Marketing Management,Industrial product positioning: Progmatic uses,https://openalex.org/W2087361141,https://doi.org/10.1016/0019-8501(77)90051-7,1977,article
Industrial Marketing Management,European Journal of Marketing,The Differential Method of Pricing,https://openalex.org/W2043841184,https://doi.org/10.1108/eum0000000004943,1979,article
Industrial Marketing Management,Journal of Marketing Education,The Development of Behaviorally Anchored Rating Scales for Evaluating Marketing Cases,https://openalex.org/W1577699375,https://doi.org/10.1177/027347537900100211,1979,article
Industrial Marketing Management,Antipode,EDITOR'S INTRODUCTION SPECIAL ISSUE ON NATURAL RESOURCES AND ENVIRONMENT,https://openalex.org/W4244475163,https://doi.org/10.1111/j.1467-8330.1979.tb00125.x,1979,article
Industrial Marketing Management,Industrial Marketing Management,The value of recycling: A framework for analysis,https://openalex.org/W2077512348,https://doi.org/10.1016/0019-8501(75)90037-1,1975,article
Industrial Marketing Management,Antipode,EDITOR'S INTRODUCTION SPECIAL ISSUE ON NATURAL RESOURCES AND ENVIRONMENT,https://openalex.org/W2034441073,https://doi.org/10.1111/j.1467-8330.1972.tb00730.x,1972,article
Industrial Marketing Management,Antipode,EDITOR'S INTRODUCTION SPECIAL ISSUE ON NATURAL RESOURCES AND ENVIRONMENT,https://openalex.org/W4244236477,https://doi.org/10.1111/j.1467-8330.1979.tb00546.x,1979,article
Industrial Marketing Management,Industrial Marketing Management,"Business intelligence systems: The need, development, and integration",https://openalex.org/W2031656077,https://doi.org/10.1016/0019-8501(76)90035-3,1976,article
Industrial Marketing Management,Industrial Marketing Management,Goal programming approach to marketing/ production planning,https://openalex.org/W2080281757,https://doi.org/10.1016/0019-8501(79)90053-1,1979,article
Industrial Marketing Management,Industrial Marketing Management,Better use of the industrial marketing concept,https://openalex.org/W1984690864,https://doi.org/10.1016/0019-8501(78)90037-8,1978,article
Industrial Marketing Management,Long Range Planning,Approaches to technological forecasting as a planning tool,https://openalex.org/W2016287810,https://doi.org/10.1016/0024-6301(74)90209-x,1974,article
Industrial Marketing Management,Resources Policy,Paper recycling and social policy,https://openalex.org/W2046679358,https://doi.org/10.1016/0301-4207(76)90080-5,1976,article
Industrial Marketing Management,Scientometrics,World science as an input-output system,https://openalex.org/W2050339731,https://doi.org/10.1007/bf02016839,1978,article
Industrial Marketing Management,Journal of Business Finance &amp Accounting,A NOTE ON COST ESCALATION CLAUSES,https://openalex.org/W2053428601,https://doi.org/10.1111/j.1468-5957.1979.tb01095.x,1979,article
Industrial Marketing Management,Journal of Marketing,Delegating Pricing Authority to the Sales Force: The Effects on Sales and Profit Performance,https://openalex.org/W2321223817,https://doi.org/10.1177/002224297904300203,1979,article
Industrial Marketing Management,Industrial Marketing Management,Benefits and problems in a salesforce MBO system,https://openalex.org/W2032714622,https://doi.org/10.1016/0019-8501(77)90039-6,1977,article
Industrial Marketing Management,Industrial Marketing Management,Measuring the industrial firm's image,https://openalex.org/W2145098156,https://doi.org/10.1016/0019-8501(79)90043-9,1979,article
Industrial Marketing Management,Long Range Planning,Cost-benefit analysis of training— An appraisal,https://openalex.org/W2000283911,https://doi.org/10.1016/0024-6301(79)90055-4,1979,article
Industrial Marketing Management,Journal of the Academy of Marketing Science,A discriminant model for identifying scenarios of industrial new product failure,https://openalex.org/W2124652067,https://doi.org/10.1007/bf02721873,1979,article
Industrial Marketing Management,Industrial Marketing Management,Marketing challenges of technical industries in developing countries,https://openalex.org/W1971261510,https://doi.org/10.1016/0019-8501(79)90021-x,1979,article
Industrial Marketing Management,Journal of East and West Studies,The Breakdown of Authority Structure in Korea in 1960: A Case Study of the Failure of Concerted Feedback,https://openalex.org/W2043876109,https://doi.org/10.1080/12265087509430715,1975,article
Industrial Marketing Management,Industrial Marketing Management,Forecasting Danish nitrogen fertilizer consumption,https://openalex.org/W2063954050,https://doi.org/10.1016/0019-8501(77)90020-7,1977,article
Industrial Marketing Management,Business Horizons,Marketing's cigarette scar,https://openalex.org/W1964503891,https://doi.org/10.1016/0007-6813(78)90090-3,1978,article
Industrial Marketing Management,Industrial Marketing Management,Evaluating and motivating salesman with the BARS method,https://openalex.org/W2025533214,https://doi.org/10.1016/0019-8501(78)90032-9,1978,article
Industrial Marketing Management,Industrial Marketing Management,Marketing challenges of technical industries in developing countries,https://openalex.org/W1971261510,https://doi.org/10.1016/0019-8501(79)90021-x,1979,article
Industrial Marketing Management,Journal of Marketing Research,Book Review: Manual of Industrial Marketing Research,https://openalex.org/W2903477096,https://doi.org/10.1177/002224377901600320,1979,article
Industrial Marketing Management,R and D Management,Coordination of multinational R &amp; D: A Swedish case study,https://openalex.org/W2003764447,https://doi.org/10.1111/j.1467-9310.1978.tb00124.x,1978,article
Industrial Marketing Management,Journal of Geography,Environmental Education: The Geography Teacher'S Contribution,https://openalex.org/W2088975432,https://doi.org/10.1080/00221347408980274,1974,article
Industrial Marketing Management,Regional Studies,Regional monitoring in the U.K.: Imperatives and implications for research,https://openalex.org/W2017524084,https://doi.org/10.1080/09595237800185261,1978,article
Industrial Marketing Management,Research Policy,The development of an innovation: the case of porvair,https://openalex.org/W2085943163,https://doi.org/10.1016/0048-7333(79)90027-1,1979,article
Industrial Marketing Management,Industrial Marketing Management,Technology assessment: New forces likely to affect industrial marketing strategy,https://openalex.org/W2120200982,https://doi.org/10.1016/0019-8501(73)90049-7,1973,article
Industrial Marketing Management,Journal of Marketing Education,Teaching Personal Selling: Macro and Micro Perspectives,https://openalex.org/W2013080280,https://doi.org/10.1177/027347537900100106,1979,article
Industrial Marketing Management,Journal of International Business Studies,Procurement-Related Perceptions of Corporate-Based and Foreign-Based Purchasing Managers,https://openalex.org/W2002706359,https://doi.org/10.1057/palgrave.jibs.8490668,1978,article
Industrial Marketing Management,International Journal of Physical Distribution & Materials Management,Multinational Procurement: Corporate Parent versus Subsidiary Perceptions,https://openalex.org/W2067487895,https://doi.org/10.1108/eb014437,1978,article
Industrial Marketing Management,Industrial Marketing Management,Evaluating and motivating salesman with the BARS method,https://openalex.org/W2025533214,https://doi.org/10.1016/0019-8501(78)90032-9,1978,article
Industrial Marketing Management,Industrial Marketing Management,New business planning: The acquisition process,https://openalex.org/W2127565876,https://doi.org/10.1016/0019-8501(76)90034-1,1976,article
Industrial Marketing Management,Revista de Administração de Empresas,Sistemas de planejamento mercadológico de uma firma multinacional sediada no Brasil,https://openalex.org/W2057161138,https://doi.org/10.1590/s0034-75901975000100001,1975,article
Industrial Marketing Management,Research Policy,The venture capital market and technological innovation,https://openalex.org/W2067821757,https://doi.org/10.1016/0048-7333(75)90003-7,1975,article
Industrial Marketing Management,European Journal of Marketing,Management Structures and Marketing Strategies in UK Industry,https://openalex.org/W2064700145,https://doi.org/10.1108/eum0000000004952,1979,article
Industrial Marketing Management,None,Methods and examples of model validation : an annotated bibliography,https://openalex.org/W1605624958,None,1978,article
Industrial Marketing Management,None,Robust techniques for developing empirical models of fluidized bed combustors,https://openalex.org/W1559768632,None,1978,article
Industrial Marketing Management,Advances in Water Resources,Analysis of investments in technology development and resource conservation,https://openalex.org/W2073993145,https://doi.org/10.1016/0309-1708(78)90023-4,1978,article
Industrial Marketing Management,Industrial Marketing Management,Primary and secondary market information for new industrial products,https://openalex.org/W2033475622,https://doi.org/10.1016/0019-8501(78)90001-9,1978,article
Industrial Marketing Management,The Journal of Business,An Industry Approach to Owner-Manager Control and Profit Performance,https://openalex.org/W2045930354,https://doi.org/10.1086/295999,1978,article
Industrial Marketing Management,Managerial Finance,Financial Objectives and Directors' Remuneration,https://openalex.org/W1991907758,https://doi.org/10.1108/eb013412,1978,article
Industrial Marketing Management,Managerial Finance,A Study of Directors' Remuneration in Thirty‐Eight Large Companies,https://openalex.org/W2072444853,https://doi.org/10.1108/eb013413,1978,article
Industrial Marketing Management,Industrial Marketing Management,Innovation: Myths and realities,https://openalex.org/W1982165070,https://doi.org/10.1016/0019-8501(73)90007-2,1973,article
Industrial Marketing Management,Industrial Marketing Management,Better use of the industrial marketing concept,https://openalex.org/W1984690864,https://doi.org/10.1016/0019-8501(78)90037-8,1978,article
Industrial Marketing Management,Industrial Marketing Management,"A product evaluation, improvement and removal model",https://openalex.org/W2092538051,https://doi.org/10.1016/0019-8501(73)90001-1,1973,article
Industrial Marketing Management,International Journal of Physical Distribution & Materials Management,The Background: Role and Relevance in Distribution Service,https://openalex.org/W1992979842,https://doi.org/10.1108/eb014425,1978,article
Industrial Marketing Management,Industrial Marketing Management,Sales forecasting difficulties in a developing country,https://openalex.org/W2041678233,https://doi.org/10.1016/0019-8501(78)90078-0,1978,article
Industrial Marketing Management,IFAC Proceedings Volumes,Some New Results About S-Shaped Curves and Life-Cycle Time-Series,https://openalex.org/W2728356619,https://doi.org/10.1016/s1474-6670(17)66564-9,1977,article
Industrial Marketing Management,Industrial Marketing Management,Primary and secondary market information for new industrial products,https://openalex.org/W2033475622,https://doi.org/10.1016/0019-8501(78)90001-9,1978,article
Industrial Marketing Management,Industrial Marketing Management,Marketing challenges of technical industries in developing countries,https://openalex.org/W1971261510,https://doi.org/10.1016/0019-8501(79)90021-x,1979,article
Industrial Marketing Management,Revista de Administração de Empresas,Análise ambiental para o planejamento estratégico,https://openalex.org/W2031133905,https://doi.org/10.1590/s0034-75901979000200009,1979,article
