cites_article_in,source_journal,work_title,work_oaid,DOI,pub_year,work_type
International Journal of Research in Marketing,Journal of International Business Studies,Modes of Foreign Entry: A Transaction Cost Analysis and Propositions,https://openalex.org/W2082006326,https://doi.org/10.1057/palgrave.jibs.8490432,1986,article
International Journal of Research in Marketing,Scandinavian Journal of Management,No business is an island: The network concept of business strategy,https://openalex.org/W2136669199,https://doi.org/10.1016/0956-5221(89)90026-2,1989,article
International Journal of Research in Marketing,Journal of Marketing Research,"Effects of Relationship Marketing on Satisfaction, Retention, and Prices in the Life Insurance Industry",https://openalex.org/W2327425965,https://doi.org/10.1177/002224378702400408,1987,article
International Journal of Research in Marketing,Journal of Marketing,Industrial Purchasing: An Empirical Exploration of the Buyclass Framework,https://openalex.org/W2327127036,https://doi.org/10.1177/002224298705100305,1987,article
International Journal of Research in Marketing,International Marketing Review,TECHNICAL CONSULTANCY IN INTERNATIONALISATION,https://openalex.org/W2082090632,https://doi.org/10.1108/eb008339,1987,article
International Journal of Research in Marketing,International Journal of Research in Marketing,Marketing investments and market investments in industrial networks,https://openalex.org/W2071820097,https://doi.org/10.1016/0167-8116(85)90011-4,1985,article
International Journal of Research in Marketing,International Studies of Management and Organization,Beyond Process and Structure: Social Exchange Networks,https://openalex.org/W2399494661,https://doi.org/10.1080/00208825.1987.11656442,1987,article
International Journal of Research in Marketing,European Journal of Marketing,Consumer Risk Perception in the UK Wine Market,https://openalex.org/W2056979325,https://doi.org/10.1108/eum0000000005296,1988,article
International Journal of Research in Marketing,Journal of Marketing Management,Marketing capability—A key success factor in small business?,https://openalex.org/W2082024075,https://doi.org/10.1080/0267257x.1987.9964038,1987,article
International Journal of Research in Marketing,International Journal of Operations & Production Management,New Competition in the Service Economy: The Five Rules of Service,https://openalex.org/W2029114901,https://doi.org/10.1108/eb054821,1988,article
International Journal of Research in Marketing,International Journal of Physical Distribution & Materials Management,Long‐term Channel Member Relationships,https://openalex.org/W2085011525,https://doi.org/10.1108/eum0000000000347,1989,article
International Journal of Research in Marketing,European Small Business Journal,The Smaller Firm in Overseas Trade,https://openalex.org/W2029320185,https://doi.org/10.1177/026465608200100303,1983,article
International Journal of Research in Marketing,European Journal of Marketing,Conceptual and Methodological Issues in Buying Centre Research,https://openalex.org/W2038256502,https://doi.org/10.1108/eum0000000004656,1986,article
International Journal of Research in Marketing,International Small Business Journal Researching Entrepreneurship,"Innovation, Creativity and Small Firm Organisation",https://openalex.org/W2094761910,https://doi.org/10.1177/026624268500400103,1985,article
International Journal of Research in Marketing,International Marketing Review,INTERACTION AND INTERNATIONAL MARKETING: AN INVESTMENT PROCESS,https://openalex.org/W2050511814,https://doi.org/10.1108/eb008338,1987,article
International Journal of Research in Marketing,Journal of Business Research,The multi-organizational interaction approach to industrial marketing,https://openalex.org/W2041668554,https://doi.org/10.1016/0148-2963(85)90020-7,1985,article
International Journal of Research in Marketing,Journal of Business Research,Coping with inter-organizational conflicts,https://openalex.org/W1606408770,https://doi.org/10.1016/0148-2963(85)90021-9,1985,article
International Journal of Research in Marketing,Journal of Business Research,Research strategies in analyzing the organizational buying process,https://openalex.org/W2082168524,https://doi.org/10.1016/0148-2963(85)90010-4,1985,article
International Journal of Research in Marketing,Industrial Marketing Management,Matching new manufacturing technologies to industrial markets and strategies,https://openalex.org/W2075437851,https://doi.org/10.1016/0019-8501(85)90030-6,1985,article
International Journal of Research in Marketing,Journal of Marketing,Winning &amp; Keeping Industrial Customers: The Dynamics of Customer Relations,https://openalex.org/W2320378220,https://doi.org/10.2307/1251693,1988,article
International Journal of Research in Marketing,International Journal of Research in Marketing,"Research in marketing in Europe: Some reflections on its setting, accomplishments and challenges",https://openalex.org/W2047551890,https://doi.org/10.1016/0167-8116(85)90019-9,1985,article
International Journal of Research in Marketing,Recherche et Applications en Marketing (French Edition),La négociation commerciale Cadre théorique et Synthèse,https://openalex.org/W1991149679,https://doi.org/10.1177/076737018900400403,1989,article
International Journal of Research in Marketing,R and D Management,Industrywide technical product standards,https://openalex.org/W2099798097,https://doi.org/10.1111/j.1467-9310.1989.tb00613.x,1989,article
International Journal of Research in Marketing,Management Research News,Management of the Retailer‐Supplier Interface,https://openalex.org/W1967145082,https://doi.org/10.1108/eb027907,1987,article
International Journal of Research in Marketing,Organization Studies,The Relationship between Time and Success in Administrative Automation Projects — A Study in Decision-Making,https://openalex.org/W1981737565,https://doi.org/10.1177/017084068600700405,1986,article
International Journal of Research in Marketing,Industrial and Commercial Training,Anglo‐Japanese Negotiations: A Computer Simulation,https://openalex.org/W2018400474,https://doi.org/10.1108/eb004074,1987,article
International Journal of Research in Marketing,International Marketing Review,COMPARATIVE CONSUMER AND INDUSTRIAL BUYING PSYCHOLOGY,https://openalex.org/W1999820794,https://doi.org/10.1108/eb008286,1985,article
International Journal of Research in Marketing,Journal of Marketing,Book Review: Winning &amp; Keeping Industrial Customers: The Dynamics of Customer Relations,https://openalex.org/W2898776846,https://doi.org/10.1177/002224298805200113,1988,article
International Journal of Research in Marketing,Maandblad Voor Accountancy en Bedrijfseconomie,Het specifieke van de industriële marketing,https://openalex.org/W2971551740,https://doi.org/10.5117/mab.61.12526,1987,article
International Journal of Research in Marketing,Growth and Change,What About People in High Technology? Some Research and Policy Considerations,https://openalex.org/W2080649837,https://doi.org/10.1111/j.1468-2257.1989.tb00489.x,1989,article
International Journal of Research in Marketing,Scandinavian Journal of Management,No business is an island: The network concept of business strategy,https://openalex.org/W2136669199,https://doi.org/10.1016/0956-5221(89)90026-2,1989,article
International Journal of Research in Marketing,International Journal of Research in Marketing,Stability and change in network relationships,https://openalex.org/W2044646880,https://doi.org/10.1016/0167-8116(87)90012-7,1987,article
International Journal of Research in Marketing,Journal of Marketing Management,Marketing capability—A key success factor in small business?,https://openalex.org/W2082024075,https://doi.org/10.1080/0267257x.1987.9964038,1987,article
International Journal of Research in Marketing,International Journal of Research in Marketing,Marknadsinvesteringar: Tva fallstudier av etableringar pa utländsk marknad (Market investments: Two case studies on the establishment of subsidiaries in foreign markets),https://openalex.org/W2333640947,https://doi.org/10.1016/0167-8116(85)90043-6,1985,article
International Journal of Research in Marketing,Psychology and Marketing,Perceived risk: The concept and its measurement,https://openalex.org/W2146783429,https://doi.org/10.1002/mar.4220030307,1986,article
International Journal of Research in Marketing,European Journal of Operational Research,Number of alternatives and efficiency in different types of top-management decisions,https://openalex.org/W2021559902,https://doi.org/10.1016/0377-2217(85)90226-7,1985,article
International Journal of Research in Marketing,Journal of Marketing Management,"Information seeking, external search and “shopping” behaviour: Preliminary evidence from a planned shopping centre",https://openalex.org/W2037633410,https://doi.org/10.1080/0267257x.1988.9964058,1988,article
International Journal of Research in Marketing,Recherche et Applications en Marketing (French Edition),L'avenir de la recherche en matière de décision collective d'achat,https://openalex.org/W2006322611,https://doi.org/10.1177/076737018600100202,1986,article
International Journal of Research in Marketing,International Journal of Bank Marketing,Customers' Perceptions of Service Quality in Financial Institutions,https://openalex.org/W2010734627,https://doi.org/10.1108/eb010834,1988,article
International Journal of Research in Marketing,Decision Sciences,Identifying the Coarse and Fine Structures of Market Segments,https://openalex.org/W2107279858,https://doi.org/10.1111/j.1540-5915.1988.tb00306.x,1988,article
International Journal of Research in Marketing,Recherche et Applications en Marketing (French Edition),Segmentation: Une approche méthodologique,https://openalex.org/W2161582303,https://doi.org/10.1177/076737018900400304,1989,article
International Journal of Research in Marketing,International Journal of Research in Marketing,A fuzzy clusterwise regression approach to benefit segmentation,https://openalex.org/W2101909046,https://doi.org/10.1016/0167-8116(89)90052-9,1989,article
International Journal of Research in Marketing,International Journal of Research in Marketing,An extension of the citation analysis of selected marketing j ournals,https://openalex.org/W1985926851,https://doi.org/10.1016/0167-8116(89)90012-8,1989,article
International Journal of Research in Marketing,International Journal of Research in Marketing,"Comment on: “An extension of the citation analysis of selected marketing journals”, by A. Pecotich and J.E. Everett",https://openalex.org/W1967579296,https://doi.org/10.1016/0167-8116(89)90013-x,1989,article
International Journal of Research in Marketing,Management Science,User Acceptance of Computer Technology: A Comparison of Two Theoretical Models,https://openalex.org/W2033943395,https://doi.org/10.1287/mnsc.35.8.982,1989,article
International Journal of Research in Marketing,International Journal of Research in Marketing,Expectancy-value attitude models: An analysis of critical theoretical issues,https://openalex.org/W2008337046,https://doi.org/10.1016/0167-8116(85)90021-7,1985,article
International Journal of Research in Marketing,Journal of Economic Psychology,Economic utility versus the attitudinal perspective of consumer choice,https://openalex.org/W2021798927,https://doi.org/10.1016/0167-4870(86)90011-5,1986,article
International Journal of Research in Marketing,Recherche et Applications en Marketing (French Edition),La renaissance de la recherche marketing sur les attitudes,https://openalex.org/W2315346523,https://doi.org/10.1177/076737018900400204,1989,article
International Journal of Research in Marketing,None,Towards a multidisciplinary analysis of food consumption,https://openalex.org/W2122021718,None,1986,article
International Journal of Research in Marketing,Journal of Experimental Social Psychology,Computer simulation: The third symbol system,https://openalex.org/W2078909194,https://doi.org/10.1016/0022-1031(88)90027-3,1988,article
International Journal of Research in Marketing,Journal of Experimental Social Psychology,Belief accessibility and context effects in attitude measurement,https://openalex.org/W2078269035,https://doi.org/10.1016/0022-1031(89)90030-9,1989,article
International Journal of Research in Marketing,European Journal of Social Psychology,Judgments of relationship satisfaction: Inter‐ and intraindividual comparisons as a function of questionnaire structure,https://openalex.org/W2118745138,https://doi.org/10.1002/ejsp.2420180603,1988,article
International Journal of Research in Marketing,Social Science Research,Effects of a final telephone reminder and questionnaire cover design in mail surveys,https://openalex.org/W2060830375,https://doi.org/10.1016/0049-089x(88)90008-7,1988,article
International Journal of Research in Marketing,International Journal of Forecasting,Forecasting methods for marketing,https://openalex.org/W3122804264,https://doi.org/10.1016/0169-2070(87)90029-x,1987,article
International Journal of Research in Marketing,Journal of Forecasting,Judgemental revision of sales forecasts: A longitudinal eetension,https://openalex.org/W2068068605,https://doi.org/10.1002/for.3980080206,1989,article
International Journal of Research in Marketing,International Journal of Forecasting,Graphical adjustment of statistical forecasts,https://openalex.org/W2074315594,https://doi.org/10.1016/0169-2070(89)90085-x,1989,article
International Journal of Research in Marketing,Managerial and Decision Economics,Factors affecting the nature and effectiveness of subjective revision in sales forecasting: An empirical study,https://openalex.org/W2008371270,https://doi.org/10.1002/mde.4090100106,1989,article
International Journal of Research in Marketing,OR Spectrum,Regent developments in time series forecasting,https://openalex.org/W2040981641,https://doi.org/10.1007/bf01720247,1988,article
International Journal of Research in Marketing,Marketing Intelligence & Planning,Alternative Indicators of Forecast Revision and Improvement,https://openalex.org/W2040270067,https://doi.org/10.1108/eb045748,1987,article
International Journal of Research in Marketing,International Journal of Research in Marketing,Factors affecting subjective revision in forecasting A multi-period analysis,https://openalex.org/W2101812236,https://doi.org/10.1016/0167-8116(89)90055-4,1989,article
International Journal of Research in Marketing,Marketing Intelligence & Planning,The Impact of the Market Environment on the Subjective Revision of Short‐run Sales Forecasts: Some Preliminary Evidence,https://openalex.org/W1998941630,https://doi.org/10.1108/eb045737,1986,article
International Journal of Research in Marketing,Annals of Operations Research,Econometric modeling of locational behavior,https://openalex.org/W1966141030,https://doi.org/10.1007/bf02097792,1989,article
International Journal of Research in Marketing,International Journal of Research in Marketing,An investigation of the structure of expectancy-value attitude and its implications,https://openalex.org/W2013512701,https://doi.org/10.1016/0167-8116(89)90001-3,1989,article
International Journal of Research in Marketing,Journal of Economic Psychology,Economic utility versus the attitudinal perspective of consumer choice,https://openalex.org/W2021798927,https://doi.org/10.1016/0167-4870(86)90011-5,1986,article
International Journal of Research in Marketing,Recherche et Applications en Marketing (French Edition),La renaissance de la recherche marketing sur les attitudes,https://openalex.org/W2315346523,https://doi.org/10.1177/076737018900400204,1989,article
International Journal of Research in Marketing,Journal of Economic Psychology,"Individual and couple tastes for children: Theoretical, methodological, and empirical issues",https://openalex.org/W1988043242,https://doi.org/10.1016/0167-4870(87)90020-1,1987,article
International Journal of Research in Marketing,International Journal of Research in Marketing,Rejoinder to: An investigation of the structure of expectancy-value attitude and its implications,https://openalex.org/W2091812829,https://doi.org/10.1016/0167-8116(89)90003-7,1989,article
International Journal of Research in Marketing,International Journal of Research in Marketing,Consumer behavior,https://openalex.org/W4244089432,https://doi.org/10.1016/0167-8116(87)90015-2,1987,article
International Journal of Research in Marketing,Journal of Marketing Management,Building successful brands: The strategic options,https://openalex.org/W2019516955,https://doi.org/10.1080/0267257x.1989.9964089,1989,article
International Journal of Research in Marketing,Journal of Marketing Management,Marketing and the British chief executive,https://openalex.org/W1983857085,https://doi.org/10.1080/0267257x.1987.9964033,1987,article
International Journal of Research in Marketing,Work Employment and Society,Do Labour Costs Really Matter?,https://openalex.org/W2119910752,https://doi.org/10.1177/0950017089003003002,1989,article
International Journal of Research in Marketing,European Management Journal,Markets and innovation,https://openalex.org/W2054130037,https://doi.org/10.1016/0263-2373(89)90078-9,1989,article
International Journal of Research in Marketing,International Journal of Operations & Production Management,Why Take the Stocks Out? Britain vs Japan,https://openalex.org/W2010064645,https://doi.org/10.1108/eum0000000001259,1989,article
International Journal of Research in Marketing,None,An integrated procedure for building a common perceptual space based on completely individualized data collection,https://openalex.org/W2571605092,None,1987,article
International Journal of Research in Marketing,International Journal of Research in Marketing,An examination of the effects of questionnaire factors on response to an industrial mail survey,https://openalex.org/W2067416843,https://doi.org/10.1016/0167-8116(89)90006-2,1989,article
International Journal of Research in Marketing,European Journal of Operational Research,A factorial investigation of methods of stimulating response to a mail survey,https://openalex.org/W2057932867,https://doi.org/10.1016/0377-2217(88)90325-6,1988,article
International Journal of Research in Marketing,International Journal of Quality & Reliability Management,Quality Assurance in the Textile Industry: Part I,https://openalex.org/W2051679009,https://doi.org/10.1108/eb002916,1988,article
International Journal of Research in Marketing,Journal of the Operational Research Society,The Prediction of Industrial Mail-Survey Response Rates,https://openalex.org/W1964674860,https://doi.org/10.1057/jors.1989.152,1989,article
International Journal of Research in Marketing,Journal of Marketing Research,Predicting Purchase and Other Behaviors from General and Contextually Specific Intentions,https://openalex.org/W2314129733,https://doi.org/10.1177/002224378001700103,1980,article
International Journal of Research in Marketing,Journal of Macromarketing,"Marketing and Economic Development: Review, Synthesis and Evaluation",https://openalex.org/W2061802421,https://doi.org/10.1177/027614678600600105,1986,article
International Journal of Research in Marketing,Journal of Macromarketing,Marketing and Economic Development: Focusing on the Less Developed Countries,https://openalex.org/W2080118219,https://doi.org/10.1177/027614678800800105,1988,article
International Journal of Research in Marketing,Journal of Macromarketing,Marketing and Development in Third World Contexts: An Evaluation and Future Directions,https://openalex.org/W2147768137,https://doi.org/10.1177/027614678900900204,1989,article
International Journal of Research in Marketing,Journal of International Business Studies,Consumer Product Export Opportunities to Liberalizing LDCS A Life-Cycle Approach,https://openalex.org/W2088036838,https://doi.org/10.1057/palgrave.jibs.8490353,1989,article
International Journal of Research in Marketing,Journal of the Academy of Marketing Science,An analysis of congruous relationships between self-images and product images,https://openalex.org/W1988863740,https://doi.org/10.1007/bf02729348,1982,article
International Journal of Research in Marketing,Progress in Human Geography,Institutional Change in Retailing: A Geographical Interpretation,https://openalex.org/W2735023853,https://doi.org/10.1177/030913258701100202,1987,article
International Journal of Research in Marketing,Journal of Macromarketing,State Economic Development Programs: The Orientation is Macro but the Strategy is Micro,https://openalex.org/W1983822382,https://doi.org/10.1177/027614678700700102,1987,article
International Journal of Research in Marketing,Journal of Macromarketing,Marketing and Economic Development: A Case Study from Classical India,https://openalex.org/W2007102561,https://doi.org/10.1177/027614678500500103,1985,article
International Journal of Research in Marketing,Journal of Macromarketing,Comparative Marketing: A Program for the Future,https://openalex.org/W2057304350,https://doi.org/10.1177/027614678200200207,1982,article
International Journal of Research in Marketing,Journal of Leisure Research,Status Differences and Interpersonal Influence in the Adoption of Outdoor Recreation Activities,https://openalex.org/W2791722625,https://doi.org/10.1080/00222216.1984.11969607,1984,article
International Journal of Research in Marketing,Journal of Economic Psychology,Role perceptions of services: A cross-cultural comparison with behavioral implications,https://openalex.org/W2038066848,https://doi.org/10.1016/0167-4870(89)90042-1,1989,article
International Journal of Research in Marketing,Psychological Bulletin,Effects of involvement on persuasion: A meta-analysis.,https://openalex.org/W2104953985,https://doi.org/10.1037/0033-2909.106.2.290,1989,article
International Journal of Research in Marketing,The Journal of Psychology,"Compensatory Effects of Cognitive Characteristics of the Source, the Message, and the Receiver Upon Attitude Change",https://openalex.org/W1995363823,https://doi.org/10.1080/00223980.1988.9915535,1988,article
International Journal of Research in Marketing,Industrial Marketing Management,High technology launch strategies in the U.K.,https://openalex.org/W2049961168,https://doi.org/10.1016/0019-8501(89)90029-1,1989,article
International Journal of Research in Marketing,International Journal of Forecasting,An analogical approach to the long term forecasting of major new product sales,https://openalex.org/W2085978604,https://doi.org/10.1016/0169-2070(89)90065-4,1989,article
International Journal of Research in Marketing,Recherche et Applications en Marketing (French Edition),Le comportement de l'acheteur: voies d'études pour les années à venir,https://openalex.org/W2318656685,https://doi.org/10.1177/076737018700200204,1987,article
International Journal of Research in Marketing,International Journal of Research in Marketing,Alternatives to information processing in consumer research New perspectives on old controversies,https://openalex.org/W2034368098,https://doi.org/10.1016/0167-8116(87)90011-5,1987,article
International Journal of Research in Marketing,International Journal of Research in Marketing,Consumer behavior,https://openalex.org/W4244089432,https://doi.org/10.1016/0167-8116(87)90015-2,1987,article
International Journal of Research in Marketing,Journal of Forecasting,Forecasting demand in international markets: The case of correlated time series,https://openalex.org/W1990205660,https://doi.org/10.1002/for.3980060104,1987,article
International Journal of Research in Marketing,Journal of Consumer Research,Buyer-Seller Negotiations Around the Pacific Rim: Differences in Fundamental Exchange Processes,https://openalex.org/W2090303467,https://doi.org/10.1086/209144,1988,article
International Journal of Research in Marketing,Marketing Science,Cross-Cultural Marketing Negotiations: A Laboratory Experiment,https://openalex.org/W2022612352,https://doi.org/10.1287/mksc.4.2.130,1985,article
International Journal of Research in Marketing,Journal of Product Innovation Management,Success and Failure in New Industrial Services,https://openalex.org/W2172063053,https://doi.org/10.1111/1540-5885.640239,1989,article
International Journal of Research in Marketing,International Journal of Research in Marketing,Perceptual maps and the optimal location of new products: An integrative essay,https://openalex.org/W1979002123,https://doi.org/10.1016/0167-8116(88)90003-1,1988,article
International Journal of Research in Marketing,Recherche et Applications en Marketing (French Edition),La négociation commerciale Cadre théorique et Synthèse,https://openalex.org/W1991149679,https://doi.org/10.1177/076737018900400403,1989,article
International Journal of Research in Marketing,European Journal of Operational Research,Static game theory models and their applications in management science,https://openalex.org/W2009314707,https://doi.org/10.1016/0377-2217(89)90055-6,1989,article
International Journal of Research in Marketing,Journal of Macromarketing,Scale Economies in American Retailing: A Cross-Industry Comparison,https://openalex.org/W2045125813,https://doi.org/10.1177/027614678400400205,1984,article
International Journal of Research in Marketing,Journal of Marketing Research,Estimating Brand Positioning Maps Using Supermarket Scanning Data,https://openalex.org/W2314985678,https://doi.org/10.1177/002224378702400101,1987,article
International Journal of Research in Marketing,Journal of Food Quality,PERCEIVED QUALITY OF FOOD PRODUCTS AND ITS RELATIONSHIP TO CONSUMER PREFERENCES: THEORY AND MEASUREMENT<sup>1</sup>,https://openalex.org/W2060324070,https://doi.org/10.1111/j.1745-4557.1986.tb00807.x,1986,article
International Journal of Research in Marketing,International Journal of Research in Marketing,Estimating the sales potential of a new heating system An ‘inverted’ Lancaster approach,https://openalex.org/W2124493859,https://doi.org/10.1016/0167-8116(88)90006-7,1988,article
International Journal of Research in Marketing,None,Towards a multidisciplinary analysis of food consumption,https://openalex.org/W2122021718,None,1986,article
International Journal of Research in Marketing,Marketing Letters,Shopping trip behavior: An empirical investigation,https://openalex.org/W2088679760,https://doi.org/10.1007/bf00436149,1989,article
International Journal of Research in Marketing,International Journal of Research in Marketing,Understanding market characteristics from aggregated brand switching data by the method of spectral decomposition,https://openalex.org/W1976932988,https://doi.org/10.1016/0167-8116(88)90061-4,1988,article
International Journal of Research in Marketing,Service Industries Journal,Greek Marketing Strategies in the European Tourism Market,https://openalex.org/W2129724446,https://doi.org/10.1080/02642068900000030,1989,article
International Journal of Research in Marketing,International Marketing Review,USE OF ANALYTICAL TECHNIQUES IN INTERNATIONAL MARKETING,https://openalex.org/W2151848995,https://doi.org/10.1108/eb008354,1988,article
International Journal of Research in Marketing,Journal of Broadcasting & Electronic Media,Program audience duplication: A study of television inheritance effects,https://openalex.org/W2064407409,https://doi.org/10.1080/08838158509386571,1985,article
International Journal of Research in Marketing,Journal of Communication,Audience Behavior in the New Media Environment,https://openalex.org/W2133517178,https://doi.org/10.1111/j.1460-2466.1986.tb01439.x,1986,article
International Journal of Research in Marketing,International Journal of Advertising,How Much Does UK Television Cost?,https://openalex.org/W287138012,https://doi.org/10.1080/02650487.1983.11104954,1983,article
International Journal of Research in Marketing,The Information Society,The social significance of VCR technology: TV or not TV?,https://openalex.org/W2099323995,https://doi.org/10.1080/01972243.1988.9960054,1988,article
International Journal of Research in Marketing,De Economist,The relationship between price and quality in the marketplace,https://openalex.org/W1978100348,https://doi.org/10.1007/bf01803598,1988,article
International Journal of Research in Marketing,European Journal of Operational Research,Branch planning through decentralised marketing and regional analysis studies,https://openalex.org/W2068358811,https://doi.org/10.1016/0377-2217(87)90010-5,1987,article
International Journal of Research in Marketing,Journal of International Business Studies,Strategic Market Entry Factors and Market Share Achievement in Japan,https://openalex.org/W2150948223,https://doi.org/10.1057/palgrave.jibs.8490393,1988,article
International Journal of Research in Marketing,International Journal of Research in Marketing,Homogeneity and heterogeneity in stochastic models of brand choice behavior,https://openalex.org/W2035402933,https://doi.org/10.1016/0167-8116(85)90038-2,1985,article
International Journal of Research in Marketing,Recherche et Applications en Marketing (French Edition),Segmentation: Une approche méthodologique,https://openalex.org/W2161582303,https://doi.org/10.1177/076737018900400304,1989,article
International Journal of Research in Marketing,Journal of Marketing,Book Review,https://openalex.org/W4235256626,https://doi.org/10.1177/002224298605000212,1986,article
International Journal of Research in Marketing,None,An integrated procedure for building a common perceptual space based on completely individualized data collection,https://openalex.org/W2571605092,None,1987,article
International Journal of Research in Marketing,International Journal of Research in Marketing,"Comment on: “An investigation of the structure of expectancy-value attitude and its implications”, by Youj ae Ji",https://openalex.org/W2051285416,https://doi.org/10.1016/0167-8116(89)90002-5,1989,article
International Journal of Research in Marketing,International Journal of Research in Marketing,Rejoinder to: An investigation of the structure of expectancy-value attitude and its implications,https://openalex.org/W2091812829,https://doi.org/10.1016/0167-8116(89)90003-7,1989,article
International Journal of Research in Marketing,International Journal of Research in Marketing,An international comparison in the general food trade. Cases of structural change,https://openalex.org/W2105109778,https://doi.org/10.1016/0167-8116(86)90004-2,1986,article
International Journal of Research in Marketing,Recherche et Applications en Marketing (French Edition),Les grandes surfaces en France: étude de la relation ventes/surface du magasin,https://openalex.org/W2327751071,https://doi.org/10.1177/076737018800300302,1988,article
International Journal of Research in Marketing,ERIM Top-Core Articles,An international comparison in the general food trade: cases of structural change,https://openalex.org/W3151007769,None,1986,article
International Journal of Research in Marketing,Decision Support Systems,A knowledge-based system for supporting data analysis problems,https://openalex.org/W1983697318,https://doi.org/10.1016/0167-9236(89)90014-6,1989,article
International Journal of Research in Marketing,Applied Stochastic Models and Data Analysis,Data analysis and decision support,https://openalex.org/W4214724512,https://doi.org/10.1002/asm.3150050403,1989,article
International Journal of Research in Marketing,European Journal of Marketing,Measuring Channel Sensitivities to New Industrial Service Designs: Managerial Implications,https://openalex.org/W2110445589,https://doi.org/10.1108/eum0000000000565,1989,article
International Journal of Research in Marketing,Journal of Marketing Research,The Validity of Computer-Controlled Magnitude Scaling to Measure Emotional Impact of Stimuli,https://openalex.org/W2320310817,https://doi.org/10.1177/002224378402100309,1984,article
International Journal of Research in Marketing,Organizational Behavior and Human Decision Processes,Negotiator cognitions: A descriptive approach to negotiators' understanding of their opponents,https://openalex.org/W2002805164,https://doi.org/10.1016/0749-5978(88)90034-9,1988,article
International Journal of Research in Marketing,IEEE Transactions on Engineering Management,R&amp;D/marketing linkage and innovation strategy: some West German experience,https://openalex.org/W2057288723,https://doi.org/10.1109/17.7436,1988,article
International Journal of Research in Marketing,Journal of Engineering and Technology Management,Technology indicators: Conceptual issues and measurement problems,https://openalex.org/W2083019931,https://doi.org/10.1016/0923-4748(89)90001-5,1989,article
International Journal of Research in Marketing,International Marketing Review,USE OF ANALYTICAL TECHNIQUES IN INTERNATIONAL MARKETING,https://openalex.org/W2151848995,https://doi.org/10.1108/eb008354,1988,article
International Journal of Research in Marketing,Journal of Marketing Management,Marketing capability—A key success factor in small business?,https://openalex.org/W2082024075,https://doi.org/10.1080/0267257x.1987.9964038,1987,article
International Journal of Research in Marketing,Recherche et Applications en Marketing (French Edition),Spécificités et apports des méthodes d'analyse multivariée de la deuxième génération,https://openalex.org/W2323323918,https://doi.org/10.1177/076737018800300402,1988,article
International Journal of Research in Marketing,British Journal of Addiction,The Limitations of Econometric Analysis in Cigarette Advertising Studies,https://openalex.org/W2061464354,https://doi.org/10.1111/j.1360-0443.1989.tb00723.x,1989,article
International Journal of Research in Marketing,Journal of Marketing Research,"Market Share Specification, Estimation, and Validation: Toward Reconciling Seemingly Divergent Views",https://openalex.org/W2319310259,https://doi.org/10.1177/002224378502200411,1985,article
International Journal of Research in Marketing,Journal of Marketing,Advertising and Industry Sales: An Empirical Study of the West German Cigarette Market,https://openalex.org/W4241552977,https://doi.org/10.1177/002224298504900408,1985,article
International Journal of Research in Marketing,International Journal of Research in Marketing,"Research in marketing in Europe: Some reflections on its setting, accomplishments and challenges",https://openalex.org/W2047551890,https://doi.org/10.1016/0167-8116(85)90019-9,1985,article
International Journal of Research in Marketing,European Journal of Communication,What is Learnt Early is Learnt Well? A Study of the Influence of Tobacco Advertising on Adolescents,https://openalex.org/W2004313231,https://doi.org/10.1177/0267323188003003004,1988,article
International Journal of Research in Marketing,Management Research News,An Investigation of the Effects of Three Variables in Response Rate of Mail Surveys,https://openalex.org/W1970655277,https://doi.org/10.1108/eb027858,1985,article
International Journal of Research in Marketing,The Journalism Educator,Journalism and Anthropology: Creation of Cultural Curriculum,https://openalex.org/W2078579201,https://doi.org/10.1177/107769588904400404,1989,article
International Journal of Research in Marketing,European Journal of Operational Research,A factorial investigation of methods of stimulating response to a mail survey,https://openalex.org/W2057932867,https://doi.org/10.1016/0377-2217(88)90325-6,1988,article
International Journal of Research in Marketing,Journal of Marketing Management,To globalise or not—a managerial decision framework,https://openalex.org/W2367258091,https://doi.org/10.1080/0267257x.1986.9964009,1986,article
International Journal of Research in Marketing,International Journal of Research in Marketing,An examination of the effects of questionnaire factors on response to an industrial mail survey,https://openalex.org/W2067416843,https://doi.org/10.1016/0167-8116(89)90006-2,1989,article
International Journal of Research in Marketing,International Journal of Research in Marketing,Determinants of the new product screening decision A structural model analysis,https://openalex.org/W2086085699,https://doi.org/10.1016/0167-8116(88)90062-6,1988,article
International Journal of Research in Marketing,International Journal of Research in Marketing,"Integrating strategy, industrial product innovation and marketing research",https://openalex.org/W1985808478,https://doi.org/10.1016/0167-8116(88)90040-7,1988,article
International Journal of Research in Marketing,Marketing Science,SH.A.R.P.: Shelf Allocation for Retailers' Profit,https://openalex.org/W2170179128,https://doi.org/10.1287/mksc.7.3.211,1988,article
International Journal of Research in Marketing,Annals of Tourism Research,Allocating an advertising budget to international travel markets,https://openalex.org/W2025920218,https://doi.org/10.1016/0160-7383(86)90005-8,1986,article
International Journal of Research in Marketing,International Journal of Research in Marketing,A decision support system for optimizing advertising policy of a national tourist office model outline and case study,https://openalex.org/W1988694054,https://doi.org/10.1016/0167-8116(86)90011-x,1986,article
International Journal of Research in Marketing,International Journal of Research in Marketing,"Research in marketing in Europe: Some reflections on its setting, accomplishments and challenges",https://openalex.org/W2047551890,https://doi.org/10.1016/0167-8116(85)90019-9,1985,article
International Journal of Research in Marketing,European Journal of Operational Research,Stochastic models of consumer behaviour,https://openalex.org/W1989236959,https://doi.org/10.1016/0377-2217(87)90189-5,1987,article
International Journal of Research in Marketing,Recherche et Applications en Marketing (French Edition),Les grandes surfaces en France: étude de la relation ventes/surface du magasin,https://openalex.org/W2327751071,https://doi.org/10.1177/076737018800300302,1988,article
International Journal of Research in Marketing,International Journal of Research in Marketing,"Research in marketing in Europe: Some reflections on its setting, accomplishments and challenges",https://openalex.org/W2047551890,https://doi.org/10.1016/0167-8116(85)90019-9,1985,article
International Journal of Research in Marketing,Long Range Planning,A tough future for Australian business?,https://openalex.org/W2147215812,https://doi.org/10.1016/0024-6301(89)90051-4,1989,article
International Journal of Research in Marketing,International Journal of Research in Marketing,Assessing conjoint analysis internal validity: The effect of various continuous attribute level spacings,https://openalex.org/W1983154258,https://doi.org/10.1016/0167-8116(89)90045-1,1989,article
International Journal of Research in Marketing,Managerial Finance,INDIVIDUAL FORECASTING ABILITY,https://openalex.org/W1989634709,https://doi.org/10.1108/eb013580,1987,article
International Journal of Research in Marketing,South African Journal of Economics,"Soviet Technology and the West, 1945‐1985",https://openalex.org/W2033327811,https://doi.org/10.1111/j.1813-6982.1988.tb01074.x,1988,article
International Journal of Research in Marketing,International Journal of Research in Marketing,Estimating purchase frequency distributions with incomplete data,https://openalex.org/W1997558561,https://doi.org/10.1016/0167-8116(86)90022-4,1986,article
International Journal of Research in Marketing,Recherche et Applications en Marketing (French Edition),Le comportement de l'acheteur: voies d'études pour les années à venir,https://openalex.org/W2318656685,https://doi.org/10.1177/076737018700200204,1987,article
International Journal of Research in Marketing,Journal of Marketing Research,An Approach to the Measurement of Consumer Preferences Using Limited Information,https://openalex.org/W2052326272,https://doi.org/10.1177/002224378602300104,1986,article
International Journal of Research in Marketing,Journal of Advertising,Conceptualizing Involvement,https://openalex.org/W4248568333,https://doi.org/10.1080/00913367.1986.10672999,1986,article
International Journal of Research in Marketing,International Journal of Advertising,How Consumers React to Advertising,https://openalex.org/W2257724141,https://doi.org/10.1080/02650487.1989.11107110,1989,article
International Journal of Research in Marketing,International Journal of Research in Marketing,Rejoinder to: An investigation of the structure of expectancy-value attitude and its implications,https://openalex.org/W2091812829,https://doi.org/10.1016/0167-8116(89)90003-7,1989,article
International Journal of Research in Marketing,International Journal of Research in Marketing,Challenges and new research avenues in marketing science,https://openalex.org/W1981606854,https://doi.org/10.1016/0167-8116(84)90015-6,1984,article
International Journal of Research in Marketing,Strategic Management Journal,Cooperative strategy,https://openalex.org/W4234866818,https://doi.org/10.1002/smj.4250090507,1988,article
International Journal of Research in Marketing,International Journal of Research in Marketing,"Development of a non-linear model of attitudes, intentions and competition",https://openalex.org/W2025561768,https://doi.org/10.1016/0167-8116(89)90009-8,1989,article
International Journal of Research in Marketing,International Journal of Research in Marketing,Challenges and new research avenues in marketing science,https://openalex.org/W1981606854,https://doi.org/10.1016/0167-8116(84)90015-6,1984,article
