cites_article_in,source_journal,work_title,work_oaid,DOI,pub_year,work_type
Journal of Marketing,SSRN Electronic Journal,The Size Distribution of Business Firms,https://openalex.org/W2278442142,None,1958,article
Journal of Marketing,Review of Educational Research,Audio-Visual Materials,https://openalex.org/W2060977185,https://doi.org/10.2307/1168836,1956,article
Journal of Marketing,Health Education Monographs,Communication Problems Facing Our Profession,https://openalex.org/W177691110,https://doi.org/10.1177/109019815700100104,1957,article
Journal of Marketing,Health Education Journal,The Educational Approach To Health Work,https://openalex.org/W2033040758,https://doi.org/10.1177/001789695701500104,1957,article
Journal of Marketing,Japanese Sociological Review,Sociological Theory of Decision-making Analysis of the Behavior Process,https://openalex.org/W2320450005,https://doi.org/10.4057/jsr.8.3_52,1958,article
Journal of Marketing,American Psychologist,Reconciling conflicting results derived from experimental and survey studies of attitude change.,https://openalex.org/W1999918147,https://doi.org/10.1037/h0042210,1959,article
Journal of Marketing,The Journal of Social Psychology,The Relative Advantages and Limitations of the Panel and Successive-Sample Techniques in the Analysis of Opinion Change,https://openalex.org/W2036806327,https://doi.org/10.1080/00224545.1959.9922005,1959,article
Journal of Marketing,The Annuals of Japanese Political Science Association,UNITED STATES: PARTY REALIGENMENT. ITS EXPECTATION AND REALITY,https://openalex.org/W2514386646,https://doi.org/10.7218/nenpouseijigaku1953.7.0_49,1956,article
Journal of Marketing,Psychological Bulletin,Employee attitudes and employee performance.,https://openalex.org/W2125923622,https://doi.org/10.1037/h0045899,1955,article
Journal of Marketing,American Anthropologist,The Key Informant Technique: A Nonethnographic Application,https://openalex.org/W2024968308,https://doi.org/10.1525/aa.1957.59.4.02a00100,1957,article
Journal of Marketing,Journal of Personality,"Group support, legitimate power, and social influence1",https://openalex.org/W2090212098,https://doi.org/10.1111/j.1467-6494.1958.tb01595.x,1958,article
Journal of Marketing,Sociometry,Cognitive Similarity in Facilitating Communication,https://openalex.org/W2795828945,https://doi.org/10.2307/2785631,1956,article
Journal of Marketing,Human Relations,"Person, Setting, and Change in Social Interaction",https://openalex.org/W2025897639,https://doi.org/10.1177/001872675901200406,1959,article
Journal of Marketing,Human Relations,The Effects of Varied Clarity of Group Goal and Group Path upon the Individual and his Relation to his Group,https://openalex.org/W2069484964,https://doi.org/10.1177/001872675701000102,1957,article
Journal of Marketing,Acta Psychologica,“Group cohesiveness” in laboratory experiments,https://openalex.org/W2060492201,https://doi.org/10.1016/0001-6918(59)90087-3,1959,article
Journal of Marketing,Arthritis & Rheumatism,On the relationship between divorce and rheumatoid arthritis,https://openalex.org/W1980037253,https://doi.org/10.1002/1529-0131(195910)2:5<414::aid-art1780020506>3.0.co;2-b,1959,article
Journal of Marketing,Journal of Abnormal & Social Psychology,Predicting maintenance of membership in small groups.,https://openalex.org/W2051290766,https://doi.org/10.1037/h0043272,1955,article
Journal of Marketing,Child Development,PRE-ADOLESCENTS' VIEWS OF SOME OF THEIR RELATIONS WITH THEIR PARENTS1,https://openalex.org/W2031479834,https://doi.org/10.1111/j.1467-8624.1957.tb04848.x,1957,article
Journal of Marketing,The Journal of General Psychology,Relationship Between Visual and Auditory Discrimination and Anxiety Level,https://openalex.org/W2162873042,https://doi.org/10.1080/00221309.1958.9710178,1958,article
Journal of Marketing,Personnel Psychology,Union Leadership and Member Participation,https://openalex.org/W2130469401,https://doi.org/10.1111/j.1744-6570.1957.tb00781.x,1957,article
Journal of Marketing,American Political Science Review,"Opinions, Personality, and Political Behavior",https://openalex.org/W2333024904,https://doi.org/10.2307/1953009,1958,article
Journal of Marketing,American Journal of Public Health and the Nations Health,A Bookshelf on the Social Sciences and Public Health,https://openalex.org/W2021490120,https://doi.org/10.2105/ajph.49.4.441,1959,article
Journal of Marketing,Science Education,The effect of different learning methods on concept formation,https://openalex.org/W2140856900,https://doi.org/10.1002/sce.3730400409,1956,article
Journal of Marketing,The Journal of Genetic Psychology,Factors Relating to Opinions of Seventh Grade Children regarding the Acceptability of Certain Behaviors in the Peer Group,https://openalex.org/W2410955607,https://doi.org/10.1080/00221325.1959.10532432,1959,article
Journal of Marketing,The Journal of Social Psychology,An Experimental Investigation of the “Pull” Effect,https://openalex.org/W2161587039,https://doi.org/10.1080/00224545.1959.9919316,1959,article
Journal of Marketing,Review of Educational Research,Chapter VIII: Nonparametric Methods,https://openalex.org/W2097764697,https://doi.org/10.3102/00346543024005467,1954,article
Journal of Marketing,Human Relations,Functional Leadership and Popularity in Small Groups,https://openalex.org/W2127583047,https://doi.org/10.1177/001872675600900407,1956,article
Journal of Marketing,Annual Review of Psychology,Social Psychology and Group Processes,https://openalex.org/W3144223853,https://doi.org/10.1146/annurev.ps.10.020159.001313,1959,article
Journal of Marketing,Journal of Abnormal & Social Psychology,The level of aspiration of schizophrenic and normal subjects.,https://openalex.org/W1985371261,https://doi.org/10.1037/h0047545,1955,article
Journal of Marketing,Journal of Abnormal & Social Psychology,Salience of norms and order of questionnaire items: Their effect on responses to the items.,https://openalex.org/W2069904891,https://doi.org/10.1037/h0044326,1959,article
Journal of Marketing,Psychological Reports,Behavioral Scaling of Personality Tests,https://openalex.org/W1990246854,https://doi.org/10.2466/pr0.1956.2.3.195,1956,article
Journal of Marketing,The Psychological Record,Toward a description of language behavior: I. The speaking action,https://openalex.org/W4233161392,https://doi.org/10.1007/bf03393286,1957,article
Journal of Marketing,Review of Educational Research,Group Therapy in Educational Institutions,https://openalex.org/W1993473760,https://doi.org/10.2307/1169350,1954,article
Journal of Marketing,Review of Educational Research,Chapter II: Scaling,https://openalex.org/W2121664494,https://doi.org/10.3102/00346543024005375,1954,article
Journal of Marketing,Journal of Educational Psychology,A study of teachers' and psychologists' ability to predict seventh graders' opinions of certain behaviors of their peer group.,https://openalex.org/W2005070024,https://doi.org/10.1037/h0043471,1957,article
Journal of Marketing,The Personnel and Guidance Journal,Counseling Implications of Woman's Changing Role,https://openalex.org/W2009448104,https://doi.org/10.1002/j.2164-4918.1959.tb01261.x,1959,article
Journal of Marketing,Review of Educational Research,Developments and Applications in the Area of Construct Validity,https://openalex.org/W2084016281,https://doi.org/10.2307/1168939,1959,article
Journal of Marketing,Review of Educational Research,Survey-Research Methods for the Study of Communities and Community Problems,https://openalex.org/W1996399752,https://doi.org/10.2307/1169189,1953,article
Journal of Marketing,Educational Technology Research and Development,A neglected factor in communications,https://openalex.org/W2022287202,https://doi.org/10.1007/bf02713333,1954,article
Journal of Marketing,Review of Educational Research,Sample Surveys in Education,https://openalex.org/W2034768383,https://doi.org/10.2307/1169041,1954,article
Journal of Marketing,Review of Educational Research,Chapter VII: Developments and Applications in the Area of Construct Validity,https://openalex.org/W2038826550,https://doi.org/10.3102/00346543029001084,1959,article
Journal of Marketing,Review of Educational Research,Technics of Curriculum Research,https://openalex.org/W2088844427,https://doi.org/10.2307/1168949,1954,article
Journal of Marketing,Nordisk Psykiatrisk Medlemsblad,Begivenheder inden for psykiatrisk videnskab 1954,https://openalex.org/W2916175667,https://doi.org/10.3109/08039485509130651,1955,article
Journal of Marketing,Acta Psychologica,A note on measurement of cross-pressures in groups,https://openalex.org/W2085149428,https://doi.org/10.1016/0001-6918(58)90027-1,1958,article
Journal of Marketing,Review of Educational Research,Chapter I: Sample Surveys in Education,https://openalex.org/W2064990140,https://doi.org/10.3102/00346543024005359,1954,article
Journal of Marketing,Review of Educational Research,Chapter VI: Group Therapy in Educational Institutions,https://openalex.org/W2065861612,https://doi.org/10.3102/00346543024002156,1954,article
Journal of Marketing,Journal of Applied Psychology,Effect of time limitation on making settings on a linear scale.,https://openalex.org/W2064734613,https://doi.org/10.1037/h0042357,1958,article
Journal of Marketing,The Journal of Educational Research,A Brief Note on Trends in School Learning Research,https://openalex.org/W2089032204,https://doi.org/10.1080/00220671.1955.10882203,1955,article
Journal of Marketing,Econometrica,"An International Comparison of Household Expenditure Patterns, Commemorating the Centenary of Engel's Law",https://openalex.org/W2316519584,https://doi.org/10.2307/1905382,1957,article
Journal of Marketing,Trabajos de Estadistica,Algunos problemas estadisticos en la construccion de escalas de consumo,https://openalex.org/W2088109455,https://doi.org/10.1007/bf03003984,1959,article
Journal of Marketing,Journal of the American Statistical Association,On Grouping for Maximum Homogeneity,https://openalex.org/W1997648776,https://doi.org/10.1080/01621459.1958.10501479,1958,article
Journal of Marketing,Journal of the American Statistical Association,Minimum Variance Stratification,https://openalex.org/W2045685519,https://doi.org/10.1080/01621459.1959.10501501,1959,article
Journal of Marketing,The Canadian Entomologist,"Variation Between Samples of Immature Stages, and of Mortalities from Some Factors, of the Eye-Spotted Bud Moth, <i>Spilonota ocellana</i> (D. &amp; S.) (Lepidoptera: Olethreutidae), and the Pistol Casebearer, <i>Coleophora serratella</i> (L.) (Lepidoptera: Coleophoridae), on Apple in Quebec",https://openalex.org/W2082665237,https://doi.org/10.4039/ent91428-7,1959,article
Journal of Marketing,Journal of the American Statistical Association,The Precision of Unbiased Ratio-Type Estimators,https://openalex.org/W2012897632,https://doi.org/10.1080/01621459.1958.10501454,1958,article
Journal of Marketing,Journal of the American Statistical Association,Two Confidence Intervals for the Ratio of Two Probabilities and Some Measures of Effectiveness,https://openalex.org/W2130979296,https://doi.org/10.1080/01621459.1957.10501366,1957,article
Journal of Marketing,Child Development,The RELATIONSHIP BETWEEN PARENTAL ACCEPTANCE AND ADJUSTMENT OF CHILDREN1,https://openalex.org/W2006553915,https://doi.org/10.1111/j.1467-8624.1957.tb04832.x,1957,article
Journal of Marketing,Journal of the American Statistical Association,Some Problems of the Household Interview Design for the National Health Survey,https://openalex.org/W2027328120,https://doi.org/10.1080/01621459.1959.10501500,1959,article
Journal of Marketing,Journal of the American Statistical Association,On Variances of Ratios and their Differences in Multi-Stage Samples,https://openalex.org/W2088562970,https://doi.org/10.1080/01621459.1959.10501988,1959,article
Journal of Marketing,Journal of the American Statistical Association,The Estimation of an Optimum Subsampling Number*,https://openalex.org/W1972172852,https://doi.org/10.1080/01621459.1955.10501273,1955,article
Journal of Marketing,Psychological Bulletin,The use of the split-litter technique in psychological research.,https://openalex.org/W2053891582,https://doi.org/10.1037/h0045786,1957,article
Journal of Marketing,Scandinavian Actuarial Journal,Allocation in stratified sampling by means of linear programming,https://openalex.org/W2007143920,https://doi.org/10.1080/03461238.1956.10414926,1956,article
Journal of Marketing,Journal of the American Statistical Association,The Application of Sampling Procedures to Business Operations*,https://openalex.org/W2083783113,https://doi.org/10.1080/01621459.1955.10501965,1955,article
Journal of Marketing,American Journal of Public Health and the Nations Health,On the Use of Sampling in the Field of Public Health,https://openalex.org/W2159109147,https://doi.org/10.2105/ajph.44.6.719,1954,article
Journal of Marketing,Journal of Counseling Psychology,"Marital satisfaction, personality characteristics, and parental acceptance of children.",https://openalex.org/W2086035719,https://doi.org/10.1037/h0040333,1956,article
Journal of Marketing,Review of Educational Research,Sample Surveys in Education,https://openalex.org/W2034768383,https://doi.org/10.2307/1169041,1954,article
Journal of Marketing,Scandinavian Actuarial Journal,On ratio estimates in simple random sampling with some practical applications,https://openalex.org/W2052995240,https://doi.org/10.1080/03461238.1955.10432178,1955,article
Journal of Marketing,Scandinavian Actuarial Journal,On the determination of an optimal sample size,https://openalex.org/W2018282652,https://doi.org/10.1080/03461238.1954.10414195,1954,article
Journal of Marketing,ETS Research Bulletin Series,TEST NORMS AND SAMPLING THEORY*,https://openalex.org/W2041624096,https://doi.org/10.1002/j.2333-8504.1957.tb00068.x,1957,article
Journal of Marketing,Revue de l Institut International de Statistique / Review of the International Statistical Institute,An Illustration of Some Characteristic Situations in the Application of the Difference Estimate,https://openalex.org/W2795453071,https://doi.org/10.2307/1401279,1956,article
Journal of Marketing,Review of Educational Research,Chapter I: Sample Surveys in Education,https://openalex.org/W2064990140,https://doi.org/10.3102/00346543024005359,1954,article
Journal of Marketing,Scandinavian Actuarial Journal,On errors and optimal allocation in a census,https://openalex.org/W1984664152,https://doi.org/10.1080/03461238.1957.10405952,1957,article
Journal of Marketing,Statistica Neerlandica,Experiment en waarneming in de economische statistiek,https://openalex.org/W2152495983,https://doi.org/10.1111/j.1467-9574.1957.tb00021.x,1957,article
Journal of Marketing,None,"POINT-SAMPLING AND LINE-SAMPLING: TY THEORY, GEOMETRIC IMPLICATIONS, SYNTHESIS",https://openalex.org/W2394067959,None,1958,article
Journal of Marketing,Review of Educational Research,Community Action Projects in the Area of Intercultural Relations,https://openalex.org/W2012832611,https://doi.org/10.2307/1169194,1953,article
Journal of Marketing,School Science and Mathematics,SCIENCE TEACHERS EVALUATE SCIENCE TEACHERS,https://openalex.org/W2044534727,https://doi.org/10.1111/j.1949-8594.1958.tb08190.x,1958,article
Journal of Marketing,Review of Educational Research,Survey-Research Methods for the Study of Communities and Community Problems,https://openalex.org/W1996399752,https://doi.org/10.2307/1169189,1953,article
Journal of Marketing,Journal of Projective Techniques,Spontaneous Projection of Meaningful Forms,https://openalex.org/W2011745588,https://doi.org/10.1080/08853126.1957.10380762,1957,article
Journal of Marketing,Psychological Bulletin,The theory of decision making.,https://openalex.org/W1985876015,https://doi.org/10.1037/h0053870,1954,article
Journal of Marketing,The Canadian Journal of Economics and Political Science,Equilibrium Growth in an International Economy,https://openalex.org/W2802040484,https://doi.org/10.2307/138296,1953,article
Journal of Marketing,Review of Educational Research,Survey-Research Methods for the Study of Communities and Community Problems,https://openalex.org/W1996399752,https://doi.org/10.2307/1169189,1953,article
Journal of Marketing,Japanese Sociological Review,"The Concept, Models and the Measurement of the “Social System”",https://openalex.org/W2320041948,https://doi.org/10.4057/jsr.7.2_31,1957,article
Journal of Marketing,The Canadian Journal of Economics and Political Science,Consumption and the Rate of Interest,https://openalex.org/W2798262884,https://doi.org/10.2307/138964,1957,article
Journal of Marketing,Review of Educational Research,Chapter III: Survey-Research Methods for the Study of Communities and Community Problems,https://openalex.org/W2072555218,https://doi.org/10.3102/00346543023004329,1953,article
Journal of Marketing,Bulletin de l Institut de recherches économiques et sociales,Le diagnostic de conjuncture économique. Examen critique des diagnostics de l'Institut 1930-1957,https://openalex.org/W3204103143,https://doi.org/10.1017/s137397190007757x,1958,article
Journal of Marketing,American Political Science Review,Some Social Requisites of Democracy: Economic Development and Political Legitimacy,https://openalex.org/W2125353502,https://doi.org/10.2307/1951731,1959,article
Journal of Marketing,Journal of the American Statistical Association,On Grouping for Maximum Homogeneity,https://openalex.org/W1997648776,https://doi.org/10.1080/01621459.1958.10501479,1958,article
Journal of Marketing,The Journal of Genetic Psychology,Development of a Maternal Behavior Research Instrument,https://openalex.org/W2015602134,https://doi.org/10.1080/00221325.1959.10534247,1959,article
Journal of Marketing,Journal of Social Issues,The Cornell Study of Occupational Retirement,https://openalex.org/W2099305678,https://doi.org/10.1111/j.1540-4560.1958.tb01402.x,1958,article
Journal of Marketing,ETS Research Bulletin Series,EVIDENCE BEARING ON USE OF THE MYERS‐BRIGGS TYPE INDICATOR TO SELECT PERSONS FOR ADVANCED RELIGIOUS TRAINING: A PRELIMINARY REPORT,https://openalex.org/W2039119474,https://doi.org/10.1002/j.2333-8504.1957.tb00074.x,1957,article
Journal of Marketing,American Political Science Review,"Comment on “Opinions, Personality, and Political Behavior”",https://openalex.org/W2329569570,https://doi.org/10.2307/1953010,1958,article
Journal of Marketing,Australian Journal of Education,Research and the Profession,https://openalex.org/W2326631169,https://doi.org/10.1177/000494415900300105,1959,article
Journal of Marketing,Psychological Bulletin,Employee attitudes and employee performance.,https://openalex.org/W2125923622,https://doi.org/10.1037/h0045899,1955,article
Journal of Marketing,Monographs of the Society for Research in Child Development,Effects of a Severely Mentally Retarded Child on Family Integration,https://openalex.org/W2028900692,https://doi.org/10.2307/1165597,1959,article
Journal of Marketing,Information and Control,Systematic error on the part of human links in communication systems,https://openalex.org/W2037403258,https://doi.org/10.1016/s0019-9958(58)90219-5,1958,article
Journal of Marketing,Journal of the American Statistical Association,Influence of the Interviewer on the Accuracy of Survey Results,https://openalex.org/W2067261198,https://doi.org/10.1080/01621459.1958.10501465,1958,article
Journal of Marketing,Journal of the American Statistical Association,Some Problems of the Household Interview Design for the National Health Survey,https://openalex.org/W2027328120,https://doi.org/10.1080/01621459.1959.10501500,1959,article
Journal of Marketing,Australian Journal of Psychology,"Interview technique or conversational gambit: Problems of data-gathering with an example from mandailing, Sumatra",https://openalex.org/W1975548022,https://doi.org/10.1080/00049535808255970,1958,article
Journal of Marketing,The Pacific Sociological Review,Toward a Theoretical System of Human Ecology,https://openalex.org/W2529037252,https://doi.org/10.2307/1388334,1959,article
Journal of Marketing,The Professional Geographer,Further comments concerning “geographic” and “economic” economic geography,https://openalex.org/W4251878606,https://doi.org/10.1080/00330125909539950,1959,article
Journal of Marketing,ZOR. Zeitschrift für Operations-Research,Hauptprobleme der Unternehmensforschung,https://openalex.org/W2013037690,https://doi.org/10.1007/bf02084888,1956,article
Journal of Marketing,ZOR. Zeitschrift für Operations-Research,Elektronische Rechenautomaten im Dienste der industriellen Unternehmensforschung,https://openalex.org/W2058022337,https://doi.org/10.1007/bf01920904,1958,article
Journal of Marketing,ZOR. Zeitschrift für Operations-Research,"Lösung eines speziellen linearen Programms, z. B. für Kostenvergleichsprobleme",https://openalex.org/W1984451978,https://doi.org/10.1007/bf01921000,1959,article
Journal of Marketing,Trabajos de Estadistica,Special methods of inventory by sampling if the population sets have approximately negative exponential distribution,https://openalex.org/W2073745632,https://doi.org/10.1007/bf03003026,1959,article
Journal of Marketing,The Canadian Journal of Economics and Political Science,"Economic Development and the Transfer Mechanism: Canada, 1895–1913",https://openalex.org/W2797006951,https://doi.org/10.2307/138470,1953,article
Journal of Marketing,Metroeconomica,EXPLICATION DES CYCLES ECONOMIQUES PAR UN MODELE NON LINÉAIRE A RÉGULATION RETARDÉE (<sup>1</sup>)(<sup>2</sup>),https://openalex.org/W1975915919,https://doi.org/10.1111/j.1467-999x.1956.tb00091.x,1956,article
Journal of Marketing,The Canadian Journal of Economics and Political Science,Mr. Hicks's Trade Cycle Theory,https://openalex.org/W2800484968,https://doi.org/10.2307/137700,1951,article
Journal of Marketing,Kyklos,LA CONNAISSANCE DES CYCLES DURANT LES ANNÉES PRÉSENTES,https://openalex.org/W2156418970,https://doi.org/10.1111/j.1467-6435.1951.tb00565.x,1951,article
Journal of Marketing,Bulletin de l Institut de recherches économiques et sociales,Le rapport du capital au revenu: aspects théoriques,https://openalex.org/W2511667844,https://doi.org/10.1017/s1373971900068852,1954,article
Journal of Marketing,Review of Income and Wealth,ON ECONOMETRIC MODELS OF THE U.S. ECONOMY,https://openalex.org/W2788132853,https://doi.org/10.1111/j.1475-4991.1957.tb01082.x,1957,article
Journal of Marketing,The Canadian Journal of Economics and Political Science,Conservation and Capital Theory: A Comment,https://openalex.org/W2796078817,https://doi.org/10.2307/138271,1956,article
Journal of Marketing,Monographs of the Society for Research in Child Development,Mental Growth and Personality Development: A Longitudinal Study,https://openalex.org/W2028028819,https://doi.org/10.2307/1165594,1958,article
Journal of Marketing,Psychological Bulletin,Non-parametric statistics for psychological research.,https://openalex.org/W2031308278,https://doi.org/10.1037/h0056813,1952,article
Journal of Marketing,Journal of Clinical Psychology,Statistics for the investigation of individual cases,https://openalex.org/W2072575570,https://doi.org/10.1002/1097-4679(195704)13:2<115::aid-jclp2270130203>3.0.co;2-1,1957,article
Journal of Marketing,Psychological Bulletin,Models for testing the significance of combined results.,https://openalex.org/W2011813938,https://doi.org/10.1037/h0057844,1953,article
Journal of Marketing,Journal of Personality,Cortical Conductivity in the Brain‐Injured*,https://openalex.org/W2144088359,https://doi.org/10.1111/j.1467-6494.1952.tb01864.x,1952,article
Journal of Marketing,Psychological Reports,Associative Clustering as a Function of Verbal Association Strength,https://openalex.org/W2024712069,https://doi.org/10.2466/pr0.1958.4.g.127,1958,article
Journal of Marketing,Journal of Educational Psychology,Some effects of bilingualism upon the intelligence test performance of Puerto Rican children in New York City.,https://openalex.org/W2044247945,https://doi.org/10.1037/h0061639,1953,article
Journal of Marketing,The Journal of Experimental Education,The Relationship between the Social Structure of the Classroom and the Academic Success of the Pupils,https://openalex.org/W2007593712,https://doi.org/10.1080/00220973.1953.11010468,1953,article
Journal of Marketing,Journal of Consulting Psychology,The diagnosis of subclinical schizophrenia.,https://openalex.org/W2080196727,https://doi.org/10.1037/h0061349,1954,article
Journal of Marketing,The Journal of Experimental Education,The Behavior of Teachers and the Productive Behavior of their Pupils,https://openalex.org/W2324265580,https://doi.org/10.1080/00220973.1958.11010614,1958,article
Journal of Marketing,Journal of Clinical Psychology,Some factors influencing the unreliability of clinical judgments,https://openalex.org/W1965829175,https://doi.org/10.1002/1097-4679(195407)10:3<272::aid-jclp2270100319>3.0.co;2-v,1954,article
Journal of Marketing,The Pedagogical Seminary and Journal of Genetic Psychology,A Comparison of Negro and White Preschool Children in Language Development and Goodenough Draw-A-Man IQ,https://openalex.org/W2158201677,https://doi.org/10.1080/08856559.1952.10533642,1952,article
Journal of Marketing,American Journal of Physical Anthropology,Estimation of skeleton weight in the living,https://openalex.org/W2049666952,https://doi.org/10.1002/ajpa.1330140405,1956,article
Journal of Marketing,American Journal of Physical Anthropology,Postnatal growth of the frontal and parietal bones in white males,https://openalex.org/W2120943438,https://doi.org/10.1002/ajpa.1330150316,1957,article
Journal of Marketing,Journal of Abnormal & Social Psychology,"GSR conditioning in anxiety states, normals, and chronic functional schizophrenic subjects.",https://openalex.org/W1989456292,https://doi.org/10.1037/h0047365,1958,article
Journal of Marketing,Child Development,PARENTAL CORRELATES OF CHILD'S IQ AND HEIGHT: A CROSS-VALIDATION OF THE BERKELEY GROWTH STUDY RESULTS1,https://openalex.org/W2063315117,https://doi.org/10.1111/j.1467-8624.1959.tb04941.x,1959,article
Journal of Marketing,Journal of Abnormal & Social Psychology,The relationship between symbolic and manifest projections of sexuality with some incidental correlates.,https://openalex.org/W1979872090,https://doi.org/10.1037/h0047775,1955,article
Journal of Marketing,Biometrics,The Angular Transformation in Quantal Analysis,https://openalex.org/W2331320748,https://doi.org/10.2307/3001438,1953,article
Journal of Marketing,The Psychological Monographs,Personality and environmental factors in the development of delinquency.,https://openalex.org/W2082339825,https://doi.org/10.1037/h0093750,1959,article
Journal of Marketing,Psychological Review,Two kinds of experiment distinguished in terms of statistical operations.,https://openalex.org/W2033576481,https://doi.org/10.1037/h0055614,1951,article
Journal of Marketing,Review of Educational Research,Chapter IV: Discriminant Analysis,https://openalex.org/W2110252510,https://doi.org/10.3102/00346543024005402,1954,article
Journal of Marketing,Journal of Abnormal & Social Psychology,Language development and nonverbal IQ of Puerto Rican preschool children in New York City.,https://openalex.org/W2090310914,https://doi.org/10.1037/h0061826,1953,article
Journal of Marketing,Psychometrika,A square root method of selecting a minimum set of variables in multiple regression: I. The method,https://openalex.org/W2072678071,https://doi.org/10.1007/bf02310553,1951,article
Journal of Marketing,American Journal of Clinical Nutrition,Metabolism in Surgical Patients,https://openalex.org/W1833658072,https://doi.org/10.1093/ajcn/4.1.45,1956,article
Journal of Marketing,Journal of Experimental Psychology,The correlates of manifest anxiety in stylus maze learning.,https://openalex.org/W2027155348,https://doi.org/10.1037/h0047786,1956,article
Journal of Marketing,The Psychological Monographs,The effect of three teaching methods on achievement and motivational and outcomes in a how-to-study course.,https://openalex.org/W2062752857,https://doi.org/10.1037/h0093773,1957,article
Journal of Marketing,Journal of Educational Psychology,The effect of organizational aids on comprehension and retention.,https://openalex.org/W1991948860,https://doi.org/10.1037/h0040711,1955,article
Journal of Marketing,Journal of Experimental Psychology,Transmitted information and the length of rating scales.,https://openalex.org/W1972347603,https://doi.org/10.1037/h0055679,1954,article
Journal of Marketing,Journal of Consulting Psychology,The validity of anxiety and hostility Rorschach content scores among adolescents.,https://openalex.org/W2039239531,https://doi.org/10.1037/h0059988,1952,article
Journal of Marketing,Journal of Counseling Psychology,Analysis of counselor style by discussion units.,https://openalex.org/W1976698655,https://doi.org/10.1037/h0053802,1954,article
Journal of Marketing,Journal of Clinical Psychology,The hill-monroe inventory for predicting acceptability for psychotherapy in the institutionalized narcotic addict,https://openalex.org/W2084764442,https://doi.org/10.1002/1097-4679(195801)14:1<31::aid-jclp2270140110>3.0.co;2-o,1958,article
Journal of Marketing,Journal of Abnormal & Social Psychology,Predicting maintenance of membership in small groups.,https://openalex.org/W2051290766,https://doi.org/10.1037/h0043272,1955,article
Journal of Marketing,The Journal of General Psychology,The Effect of Intention upon Learning,https://openalex.org/W2045135098,https://doi.org/10.1080/00221309.1957.9920355,1957,article
Journal of Marketing,Journal of Consulting Psychology,"The correlates of manifest anxiety in perceptual reactivity, rigidity, and self concept.",https://openalex.org/W1967346754,https://doi.org/10.1037/h0048875,1957,article
Journal of Marketing,Sociometry,Racial Bias in Peer Ratings of Basic Airmen,https://openalex.org/W2796336957,https://doi.org/10.2307/2785793,1958,article
Journal of Marketing,Journal of Abnormal & Social Psychology,Authoritarian personality studied by a new variation of the sentence completion technique.,https://openalex.org/W1976472017,https://doi.org/10.1037/h0058772,1954,article
Journal of Marketing,Journal of Experimental Psychology,Effects of stress and anxiety on continuous high-speed color naming.,https://openalex.org/W2041427570,https://doi.org/10.1037/h0042265,1956,article
Journal of Marketing,Psychological Bulletin,Variance designs in psychological research.,https://openalex.org/W1986834500,https://doi.org/10.1037/h0055814,1953,article
Journal of Marketing,Journal of Abnormal & Social Psychology,Predicting hospitalization of psychiatric outpatients.,https://openalex.org/W2027239931,https://doi.org/10.1037/h0061851,1954,article
Journal of Marketing,Psychological Bulletin,Sequential analysis in psychological research.,https://openalex.org/W2045617373,https://doi.org/10.1037/h0053521,1954,article
Journal of Marketing,Journal of Applied Psychology,Is How Supervise? an intelligence test?,https://openalex.org/W2053166197,https://doi.org/10.1037/h0057153,1952,article
Journal of Marketing,The Journal of Educational Research,Concurrent Validity of the Vocational Values Inventory,https://openalex.org/W1984649835,https://doi.org/10.1080/00220671.1959.10882593,1959,article
Journal of Marketing,Blood,The Effects of Splenectomy on the Red Blood Cells of the Dog with Particular Emphasis on the Reticulocyte Response,https://openalex.org/W37452764,https://doi.org/10.1182/blood.v13.10.972.972,1958,article
Journal of Marketing,The Journal of Psychology,The Effects of Deuteranomaly and Deuteranopia Upon the Foveal Luminosity Curve,https://openalex.org/W2013773043,https://doi.org/10.1080/00223980.1959.9916365,1959,article
Journal of Marketing,Science Education,An experimental study in the teaching of scientific thinking in biological science at the college level,https://openalex.org/W2161063920,https://doi.org/10.1002/sce.3730360504,1952,article
Journal of Marketing,The Journal of Experimental Education,Some Empirical Aspects of the Sequential Analysis Technique as Applied to an Achievement Examination,https://openalex.org/W2000728801,https://doi.org/10.1080/00220973.1950.11010407,1950,article
Journal of Marketing,Journal of Abnormal & Social Psychology,"Studies of group behavior: stability, change, and interrelations of psychometric and sociometric variables.",https://openalex.org/W2042390850,https://doi.org/10.1037/h0058863,1951,article
Journal of Marketing,Behaviour,"Social ""Learning"" in Domestic Chicks )",https://openalex.org/W1974330523,https://doi.org/10.1163/156853956x00075,1957,article
Journal of Marketing,The Psychological Monographs,Age and sex differences in degree of conflict within certain areas of psychological adjustment.,https://openalex.org/W2019801693,https://doi.org/10.1037/h0093684,1955,article
Journal of Marketing,Journal of Projective Techniques,An Attempt to Sort Rorschach Records from Four Cultures,https://openalex.org/W2017647485,https://doi.org/10.1080/08853126.1956.10380685,1956,article
Journal of Marketing,The Journal of Educational Research,The Effect of Teacher Education on the Teacher’s Attitude,https://openalex.org/W2334026257,https://doi.org/10.1080/00220671.1956.10882342,1956,article
Journal of Marketing,Journal of Consulting Psychology,Prognosis in paranoid schizophrenia on the basis of the Rorschach.,https://openalex.org/W1984924677,https://doi.org/10.1037/h0054169,1953,article
Journal of Marketing,Journal of Applied Psychology,Permanence of Strong Vocational Interest Blank scores.,https://openalex.org/W1990253892,https://doi.org/10.1037/h0054704,1954,article
Journal of Marketing,Journal of Consulting Psychology,"Rorschach scoring categories as diagnostic ""signs.""",https://openalex.org/W2050327982,https://doi.org/10.1037/h0062113,1953,article
Journal of Marketing,Psychometrika,The choice of an error term in analysis of variance designs,https://openalex.org/W2073212603,https://doi.org/10.1007/bf02288958,1955,article
Journal of Marketing,Journal of Counseling Psychology,Matching versus randomization in studies of counseling.,https://openalex.org/W2025830011,https://doi.org/10.1037/h0048988,1956,article
Journal of Marketing,Journal of Personality,The Correlates of Manifest Anxiety in Paired Associate Learning,https://openalex.org/W2082110528,https://doi.org/10.1111/j.1467-6494.1956.tb01282.x,1956,article
Journal of Marketing,Journal of Applied Psychology,Scaling procedures based on the method of paired comparisons.,https://openalex.org/W2025717364,https://doi.org/10.1037/h0053709,1954,article
Journal of Marketing,The Journal of Experimental Education,The Selection of Students for Freshman Chemistry by Means of Discriminant Functions,https://openalex.org/W2327948142,https://doi.org/10.1080/00220973.1950.11010408,1950,article
Journal of Marketing,Journal of Consulting Psychology,Discrimination of female schizophrenics with configural analysis of the MMPI profile.,https://openalex.org/W2075359033,https://doi.org/10.1037/h0045064,1959,article
Journal of Marketing,Journal of Educational Psychology,The relationship of immediate retention of technical training material to career preferences and aptitudes.,https://openalex.org/W1981805584,https://doi.org/10.1037/h0042314,1955,article
Journal of Marketing,Psychological Bulletin,The interval estimation of a true score.,https://openalex.org/W2084574791,https://doi.org/10.1037/h0040016,1957,article
Journal of Marketing,Journal of Abnormal & Social Psychology,A psychogalvanometric test for neuroticism.,https://openalex.org/W1996125559,https://doi.org/10.1037/h0055374,1953,article
Journal of Marketing,Educational and Psychological Measurement,A Coded Profile Method for Predicting Achievement,https://openalex.org/W2001242773,https://doi.org/10.1177/001316445701700108,1957,article
Journal of Marketing,Psychological Bulletin,A table to facilitate comparison of proportions by slide rule.,https://openalex.org/W2006659155,https://doi.org/10.1037/h0042211,1957,article
Journal of Marketing,Monographs of the Society for Research in Child Development,Quantitative and Qualitative Analyses of Endogenous and Exogenous Boys on Arithmetic Achievement,https://openalex.org/W2008359777,https://doi.org/10.2307/1165514,1954,article
Journal of Marketing,The Journal of Experimental Education,Estimating Components of Variation in an Experimental Study of Learning,https://openalex.org/W2089576091,https://doi.org/10.1080/00220973.1954.11010483,1954,article
Journal of Marketing,Review of Educational Research,Recent Developments in Statistical Theory,https://openalex.org/W2065553420,https://doi.org/10.2307/1168305,1951,article
Journal of Marketing,Journal of Counseling Psychology,Differentiation of curricular groups based upon responses to unique items of the MMPI.,https://openalex.org/W1985646946,https://doi.org/10.1037/h0045609,1959,article
Journal of Marketing,Psychological Bulletin,"The ""post-mortem"" testing of experimental comparisons.",https://openalex.org/W2080638507,https://doi.org/10.1037/h0044530,1955,article
Journal of Marketing,Psychometrika,A comparison of two procedures for calculating discriminant function coefficients,https://openalex.org/W1988758816,https://doi.org/10.1007/bf02288871,1950,article
Journal of Marketing,Journal of Clinical Psychology,A criterion measure of within-hospital change in psychiatric illness,https://openalex.org/W2007694222,https://doi.org/10.1002/1097-4679(195704)13:2<145::aid-jclp2270130209>3.0.co;2-h,1957,article
Journal of Marketing,Child Development,THE WISC AND THE SRA PRIMARY MENTAL ABILITIES TEST1,https://openalex.org/W1981572834,https://doi.org/10.1111/j.1467-8624.1953.tb04731.x,1953,article
Journal of Marketing,Journal of Consulting Psychology,Certain aspects of Wechsler-Bellevue scatter at low IQ levels.,https://openalex.org/W2083140994,https://doi.org/10.1037/h0057225,1952,article
Journal of Marketing,The Journal of Experimental Education,The Influence of Socio-Cultural Characteristics on Educational Opportunities in Public School Instrumental Music,https://openalex.org/W1974325494,https://doi.org/10.1080/00220973.1955.11010506,1955,article
Journal of Marketing,The Journal of Experimental Education,The Interpretation of the Standard Error of Measurement,https://openalex.org/W1997157220,https://doi.org/10.1080/00220973.1955.11010510,1955,article
Journal of Marketing,Journal of Comparative and Physiological Psychology,The effect of a rachitogenic diet on the hoarding behavior of rats.,https://openalex.org/W2087393566,https://doi.org/10.1037/h0045176,1955,article
Journal of Marketing,Naunyn-Schmiedeberg s Archives of Pharmacology,Beitr�ge zur quantitativen Auswertung von Arzneimitteln,https://openalex.org/W2986503942,https://doi.org/10.1007/bf00245445,1952,article
Journal of Marketing,Research Quarterly American Association for Health Physical Education and Recreation,Development and Validation of an Objective Measure of Locomotor Response to Auditory Rhythmic Stimuli,https://openalex.org/W2057103476,https://doi.org/10.1080/10671188.1958.10762027,1958,article
Journal of Marketing,The Journal of Experimental Education,Functional Competence in Mathematics,https://openalex.org/W2029243917,https://doi.org/10.1080/00220973.1954.11010479,1954,article
Journal of Marketing,Journal of Applied Psychology,Permanence of interests and maturity.,https://openalex.org/W2085939198,https://doi.org/10.1037/h0061041,1954,article
Journal of Marketing,The Journal of Educational Research,A Study of Two Methods of Teaching Students to Read The Micrometer*,https://openalex.org/W2313385928,https://doi.org/10.1080/00220671.1954.10882185,1954,article
Journal of Marketing,The Journal of Educational Research,The Effectiveness of Visual Aids in Dental Teaching,https://openalex.org/W2058126210,https://doi.org/10.1080/00220671.1958.10882528,1958,article
Journal of Marketing,Psychological Review,An experimental investigation of differential secondary reinforcing effects with two different drives.,https://openalex.org/W1976882650,https://doi.org/10.1037/h0053759,1951,article
Journal of Marketing,Psychological Bulletin,"Note on ""A qualification in the use of analysis of variance.""",https://openalex.org/W2094238519,https://doi.org/10.1037/h0053774,1952,article
Journal of Marketing,The Journal of Psychology,Personality Traits of Psychotic Patients as Revealed in Their Spontaneous Paintings,https://openalex.org/W2019957667,https://doi.org/10.1080/00223980.1953.9712892,1953,article
Journal of Marketing,Research Quarterly American Association for Health Physical Education and Recreation,Determining Healthy Growth for 4-H Club Members,https://openalex.org/W237273256,https://doi.org/10.1080/10671188.1953.10624923,1953,article
Journal of Marketing,The Journal of Educational Research,Use of a Difference-Score Criterion in Item Analysis,https://openalex.org/W2013788695,https://doi.org/10.1080/00220671.1957.10882392,1957,article
Journal of Marketing,Science Education,Instruction in textbook reading and achievement in elementary engineering physics at the university of Minnesota,https://openalex.org/W2159341590,https://doi.org/10.1002/sce.3730390206,1955,article
Journal of Marketing,American Antiquity,A Statistical Technique for Classifying Human Skeletal Remains,https://openalex.org/W2320311969,https://doi.org/10.2307/276599,1959,article
Journal of Marketing,Springer eBooks,Beiträge zur quantitativen Auswertung von Arzneimitteln,https://openalex.org/W1527826779,https://doi.org/10.1007/978-3-642-49902-9_50,1952,article
Journal of Marketing,The Journal of Experimental Education,An Experimental Evaluation of Two Methods of Teaching Music in the Fourth and Fifth Grades,https://openalex.org/W2059232649,https://doi.org/10.1080/00220973.1955.11010508,1955,article
Journal of Marketing,The Journal of Educational Research,A Comparison of Certain Aspects of Student Leadership and Non-Leadership: Significant Differences on Four Psychometric Tests,https://openalex.org/W2333271103,https://doi.org/10.1080/00220671.1956.10882312,1956,article
Journal of Marketing,Biometrische Zeitschrift,Zur Schätzung der klinischen Bedeutsamkeit von Unterschieden mit Hilfe des „prospektiven Aussagewertes”︁,https://openalex.org/W2130609690,https://doi.org/10.1002/bimj.19590010203,1959,article
Journal of Marketing,The Journal of Experimental Education,The Statistical Interpretation of Degrees of Freedom,https://openalex.org/W1992168903,https://doi.org/10.1080/00220973.1953.11010459,1953,article
Journal of Marketing,Trabajos de Estadistica,Bibliografia,https://openalex.org/W4205480831,https://doi.org/10.1007/bf03006867,1953,article
Journal of Marketing,The Journal of Genetic Psychology,An Assessment of Personal-Social Adjustments of a Group of Middle-Class Mothers,https://openalex.org/W1967672956,https://doi.org/10.1080/00221325.1956.10534218,1956,article
Journal of Marketing,The Journal of Educational Research,A Comparative Analysis of Achievement in Three and Five Hour Sections of Freshman English,https://openalex.org/W2074994313,https://doi.org/10.1080/00220671.1956.10882311,1956,article
Journal of Marketing,The Journal of Experimental Education,Main Effects and Non-Zero Interactions in a Two-Way Classification,https://openalex.org/W2317209048,https://doi.org/10.1080/00220973.1958.11010601,1958,article
Journal of Marketing,Teachers College Record The Voice of Scholarship in Education,Implications of Recent Advances in Prediction and Control of Behavior,https://openalex.org/W4210656206,https://doi.org/10.1177/016146815605700506,1956,article
Journal of Marketing,British Journal of Educational Studies,Education for automation technical education and training in an age of rapid technological advance,https://openalex.org/W2091562631,https://doi.org/10.1080/00071005.1958.9972996,1958,article
Journal of Marketing,The Speech Teacher,The use of the case method in college discussion classes,https://openalex.org/W2053713967,https://doi.org/10.1080/03634525809376957,1958,article
Journal of Marketing,Journal of the American Institute of Planners,The Case of The Case Study in City Planning and Municipal Management,https://openalex.org/W1972652868,https://doi.org/10.1080/01944365608979355,1956,article
Journal of Marketing,L Actualité économique,La formation du personnel administratif en Europe occidentale,https://openalex.org/W2094857567,https://doi.org/10.7202/1001423ar,1959,article
Journal of Marketing,Journal of the American Dietetic Association,The Case Approach in Educating the Intern . I Developing the Administrative Point of View,https://openalex.org/W2436414258,https://doi.org/10.1016/s0002-8223(21)17633-3,1959,article
Journal of Marketing,IRE Transactions on Education,Success in Science or Engineering,https://openalex.org/W2124557995,https://doi.org/10.1109/te.1959.4322092,1959,article
Journal of Marketing,Geographical Review of Japan,Wild-tea Industry in the Mountain of Kyushu,https://openalex.org/W2313296117,https://doi.org/10.4157/grj.30.275,1957,article
Journal of Marketing,Psychological Reports,Actuarial and Clinical Approaches to Psychodiagnosis,https://openalex.org/W1998266332,https://doi.org/10.2466/pr0.1956.2.3.413,1956,article
Journal of Marketing,Soviet Studies,"The Soviet Union as a neutral, 1939–1941",https://openalex.org/W1986117003,https://doi.org/10.1080/09668135808410135,1958,article
Journal of Marketing,Australian Outlook,Since the Calcutta Conference,https://openalex.org/W1999058906,https://doi.org/10.1080/10357715908444058,1959,article
Journal of Marketing,None,Trading areas and shopper characteristics of three Tucson shopping centers,https://openalex.org/W803613633,None,1959,article
Journal of Marketing,The Journal of Psychology,A Laboratory and Field Program for an Experimental Social Psychology Course,https://openalex.org/W2083512858,https://doi.org/10.1080/00223980.1952.9916113,1952,article
Journal of Marketing,The Milbank Memorial Fund Quarterly,Experiences of Discharged Chronic Schizophrenic Patients in Various Types of Living Group,https://openalex.org/W2410608784,https://doi.org/10.2307/3348588,1959,article
Journal of Marketing,Journal of the American Statistical Association,Minimum Variance Stratification,https://openalex.org/W2045685519,https://doi.org/10.1080/01621459.1959.10501501,1959,article
Journal of Marketing,Scandinavian Actuarial Journal,The choice of stratification points,https://openalex.org/W2032768031,https://doi.org/10.1080/03461238.1957.10405970,1957,article
Journal of Marketing,Scandinavian Actuarial Journal,Numerical considerations for the stratification of variables following a logarithmic normal distribution,https://openalex.org/W2015188305,https://doi.org/10.1080/03461238.1958.10405995,1958,article
Journal of Marketing,Biometrics,Accident Statistics and the Concept of Accident-Proneness,https://openalex.org/W2001534132,https://doi.org/10.2307/3001656,1951,article
Journal of Marketing,Journal of Ecology,The Effect of Quadrat Size on the Estimation of the Parameters of Neyman's and Thomas's Distributions,https://openalex.org/W2321618475,https://doi.org/10.2307/2257075,1957,article
Journal of Marketing,Review of Educational Research,Recent Developments in Statistical Theory,https://openalex.org/W2065553420,https://doi.org/10.2307/1168305,1951,article
Journal of Marketing,The American Naturalist,The Random Distribution of Genes on Chromosomes,https://openalex.org/W2077006291,https://doi.org/10.1086/281689,1951,article
Journal of Marketing,The Journal of Economic History,The Depression of the Nineties,https://openalex.org/W2115577312,https://doi.org/10.1017/s0022050700058629,1956,article
Journal of Marketing,National Tax Journal,EFFECTS OF A SHIFTED CORPORATE INCOME TAX ON REAL INVESTMENT,https://openalex.org/W3137360138,https://doi.org/10.1086/ntj41790063,1955,article
Journal of Marketing,Business Horizons,The theory of inventory (MIS) management,https://openalex.org/W2009072447,https://doi.org/10.1016/0007-6813(58)90063-6,1958,article
Journal of Marketing,Revista de Economía y Estadística,Revistas,https://openalex.org/W4312659475,https://doi.org/10.55444/2451.7321.1951.v4.n1-2-3-4.3304,1951,article
Journal of Marketing,Human Relations,Psychological Effects of the Western Film: A Study in Television Viewing,https://openalex.org/W2152217383,https://doi.org/10.1177/001872675901200301,1959,article
Journal of Marketing,Child Development,ADULT DISCOUNT. AN ASPECT OF CHILDREN'S CHANGING TASTE,https://openalex.org/W2027257410,https://doi.org/10.1111/j.1467-8624.1953.tb04714.x,1953,article
Journal of Marketing,Social Problems,"Mass, Class, and the Reviewer",https://openalex.org/W1970865800,https://doi.org/10.2307/798991,1958,article
Journal of Marketing,The Quarterly of Film Radio and Television,Portrait of an Art-Theater Audience,https://openalex.org/W1984437936,https://doi.org/10.2307/1209911,1953,article
Journal of Marketing,Review of Educational Research,"The Mass Media: Journalism, Broadcasting",https://openalex.org/W2091263894,https://doi.org/10.2307/1168869,1958,article
Journal of Marketing,American Journal of Sociology,Reflections on Business,https://openalex.org/W1986119502,https://doi.org/10.1086/222622,1959,article
Journal of Marketing,American Journal of Sociology,Reflections on Business,https://openalex.org/W1986119502,https://doi.org/10.1086/222622,1959,article
Journal of Marketing,The Canadian Journal of Economics and Political Science,The Role of Support Prices in a Full-Employment Economy,https://openalex.org/W2801147123,https://doi.org/10.2307/137691,1951,article
Journal of Marketing,Revista de Economía y Estadística,Ingreso Nacional de Guatemala,https://openalex.org/W1531672580,https://doi.org/10.55444/2451.7321.1955.v8.n1-2.3448,1955,article
Journal of Marketing,Angewandte Chemie,Über ferromagnetische Eisenoxyde,https://openalex.org/W2115233018,https://doi.org/10.1002/ange.19580701203,1958,article
Journal of Marketing,Trabajos de Estadistica,Bibliografia,https://openalex.org/W4234627301,https://doi.org/10.1007/bf03005994,1955,article
Journal of Marketing,U.S. Geological Survey circular/U.S. Geological Survey Circular,"Geology of the Shinarump No. 1 uranium mine, Seven Mile Canyon area, Grand County, Utah",https://openalex.org/W1605574945,https://doi.org/10.3133/cir336,1954,article
Journal of Marketing,The Journal of Social Psychology,Consistency Test of Psychic Tension Ratings Involved in Consumer Purchasing Behavior,https://openalex.org/W2116599171,https://doi.org/10.1080/00224545.1957.9714288,1957,article
Journal of Marketing,None,Analysis of the General Agreement on Tariffs and Trade,https://openalex.org/W2469748500,None,1954,article
Journal of Marketing,The Journal of Economic History,The Commerce of Nations,https://openalex.org/W2072082898,https://doi.org/10.1017/s0022050700062471,1951,article
Journal of Marketing,None,Controls and the comptroller.,https://openalex.org/W1570460907,None,1958,article
Journal of Marketing,The Journal of Social Psychology,Three Basic Themes in Mexican and Puerto Rican Family Values,https://openalex.org/W2033357291,https://doi.org/10.1080/00224545.1958.9919280,1958,article
Journal of Marketing,Journal of Applied Psychology,The accuracy of application blank work histories.,https://openalex.org/W2010282052,https://doi.org/10.1037/h0062865,1952,article
Journal of Marketing,American Sociological Review,Toward Causal Analysis in the Prediction of Attributes,https://openalex.org/W2312321291,https://doi.org/10.2307/2088357,1952,article
Journal of Marketing,Educational and Psychological Measurement,Developing a Depth Questionnaire to Explore Motivation and Likelihood of Action,https://openalex.org/W2054782186,https://doi.org/10.1177/001316445201200408,1952,article
Journal of Marketing,The Journal of Negro History,A Bibliography of Recent Publications on Negro History,https://openalex.org/W4238172344,https://doi.org/10.1086/jnhv41n2p172,1956,article
Journal of Marketing,Journal of the Royal Statistical Society Series A (General),The British Propensity to Save,https://openalex.org/W2801904717,https://doi.org/10.2307/2342990,1958,article
Journal of Marketing,Textile Research Journal,Quality Control and the Research Function,https://openalex.org/W2064151255,https://doi.org/10.1177/004051755302300308,1953,article
Journal of Marketing,Business Horizons,Policy reappraisal and maintenance,https://openalex.org/W1984933703,https://doi.org/10.1016/0007-6813(59)90011-4,1959,article
Journal of Marketing,Econometrica,The Pricing of Consumers' Durables,https://openalex.org/W2317528035,https://doi.org/10.2307/1909351,1959,article
Journal of Marketing,Psychological Bulletin,Factors relevant to the validity of experiments in social settings.,https://openalex.org/W1982803242,https://doi.org/10.1037/h0040950,1957,article
Journal of Marketing,Journal of Applied Psychology,A multiple factor analysis of advertising readership.,https://openalex.org/W1977096298,https://doi.org/10.1037/h0062819,1952,article
Journal of Marketing,Political Research Organization and Design,The Italian Socialist Party and Political Participation,https://openalex.org/W1970998447,https://doi.org/10.1177/000276425900300405,1959,article
Journal of Marketing,Political Research Organization and Design,15. Annotated Bibliography on Political Research,https://openalex.org/W4252575884,https://doi.org/10.1177/000276425800100515,1958,article
Journal of Marketing,Economic Geography,"Putting the ""Economic"" into Economic Geography",https://openalex.org/W2321301448,https://doi.org/10.2307/142309,1957,article
Journal of Marketing,Journal of the American Statistical Association,Redistribution of Population: 1940 to 1950,https://openalex.org/W2128734346,https://doi.org/10.1080/01621459.1951.10500799,1951,article
Journal of Marketing,The Quarterly Journal of Economics,A Second Supplementary Bibliography on Monopolistic Competition,https://openalex.org/W2003192041,https://doi.org/10.2307/1881868,1956,article
Journal of Marketing,Journal of the American Statistical Association,Distributed Lags and Demand Analysis for Agricultural and Other Commodities.,https://openalex.org/W2331538301,https://doi.org/10.2307/2282158,1959,article
Journal of Marketing,Journal of Farm Economics,Distributed Lags and Demand Analysis for Agricultural and Other Commodities,https://openalex.org/W2281866559,https://doi.org/10.2307/1235214,1959,article
Journal of Marketing,L Actualité économique,Articles récents en lecture à la bibliothèque de l’École des Hautes Études commerciales,https://openalex.org/W4250773608,https://doi.org/10.7202/1001279ar,1957,article
Journal of Marketing,Business Horizons,Rising productivity and the decades ahead,https://openalex.org/W2035708806,https://doi.org/10.1016/0007-6813(59)90019-9,1959,article
Journal of Marketing,The Canadian Journal of Economics and Political Science,Energy Sources in Canada: A Further Comment,https://openalex.org/W2797483007,https://doi.org/10.2307/138775,1958,article
Journal of Marketing,De Economist,De empirische betekenis van de theorie van het consumentengedrag,https://openalex.org/W1979155798,https://doi.org/10.1007/bf02285779,1955,article
Journal of Marketing,Occupational Therapy the Official Journal of the Association of Occupational Therapists,Occupational Therapists as Specialists in Mental Hospitals,https://openalex.org/W3153941689,https://doi.org/10.1177/030802265802101202,1958,article
Journal of Marketing,The Journal of Social Psychology,Consistency Test of Psychic Tension Ratings Involved in Consumer Purchasing Behavior,https://openalex.org/W2116599171,https://doi.org/10.1080/00224545.1957.9714288,1957,article
Journal of Marketing,Vegetatio,Aspects of the ecology and productivity of some of the more arid regions of Southern and Eastern Africa,https://openalex.org/W2011000735,https://doi.org/10.1007/bf00578536,1956,article
Journal of Marketing,The Journal of Economic History,"Recent Contributions to Economic History: The United States, The Twentieth Century",https://openalex.org/W2145432552,https://doi.org/10.1017/s0022050700107818,1959,article
Journal of Marketing,Textile Research Journal,Predicting Commercial Acceptance of a Fiber,https://openalex.org/W2016829938,https://doi.org/10.1177/004051755802800905,1958,article
Journal of Marketing,The Quarterly Journal of Economics,A Second Supplementary Bibliography on Monopolistic Competition,https://openalex.org/W2003192041,https://doi.org/10.2307/1881868,1956,article
Journal of Marketing,None,Effectiveness of selected methods for increasing the consumption of dairy products in Montana,https://openalex.org/W234435303,None,1959,article
Journal of Marketing,The Canadian Journal of Economics and Political Science,Some Recent Econometric Developments,https://openalex.org/W2796681944,https://doi.org/10.2307/138868,1959,article
Journal of Marketing,The Canadian Journal of Economics and Political Science,Consumption and the Rate of Interest,https://openalex.org/W2798262884,https://doi.org/10.2307/138964,1957,article
Journal of Marketing,The Journal of Economic History,Agricultural Conditions in the Northern Colonies Before the Revolution,https://openalex.org/W1908050856,https://doi.org/10.1017/s002205070006455x,1953,article
Journal of Marketing,The Journal of Economic History,Recent Contributions to American Economic History: American History to 1789,https://openalex.org/W2134836938,https://doi.org/10.1017/s0022050700107788,1959,article
Journal of Marketing,The Quarterly Journal of Economics,A Second Supplementary Bibliography on Monopolistic Competition,https://openalex.org/W2003192041,https://doi.org/10.2307/1881868,1956,article
Journal of Marketing,L Actualité économique,Articles récents en lecture à la bibliothèque de l’École des Hautes Études commerciales,https://openalex.org/W4244154774,https://doi.org/10.7202/1001490ar,1959,article
Journal of Marketing,Social Problems,"Local Industrial Structures, Economic Power, and Community Welfare",https://openalex.org/W2009074538,https://doi.org/10.2307/798994,1958,article
Journal of Marketing,The Canadian Journal of Economics and Political Science,Industrial Concentration in Canada and The United States,https://openalex.org/W4243371624,https://doi.org/10.2307/138510,1954,article
Journal of Marketing,Political Research Organization and Design,The Italian Socialist Party and Political Participation,https://openalex.org/W1970998447,https://doi.org/10.1177/000276425900300405,1959,article
Journal of Marketing,Nature, Para-Localization Energy (Free-Electron Molecular-Orbital Method) and Polarographic Half-Wave Potentials of some Polynuclear Hydrocarbons,https://openalex.org/W1975095192,https://doi.org/10.1038/179829a0,1957,article
Journal of Marketing,Nature,Para-Localization Energy (Free-Electron Molecular-Orbital) and Polarographic Half-Wave Potential of some Polynuclear Hydrocarbons,https://openalex.org/W2087172015,https://doi.org/10.1038/180143a0,1957,article
Journal of Marketing,The Quarterly Journal of Economics,A Second Supplementary Bibliography on Monopolistic Competition,https://openalex.org/W2003192041,https://doi.org/10.2307/1881868,1956,article
Journal of Marketing,Business Horizons,The furor over dealer franchises,https://openalex.org/W2038313175,https://doi.org/10.1016/0007-6813(58)90011-9,1957,article
Journal of Marketing,Bulletin de l Institut de recherches économiques et sociales,Le diagnostic de conjuncture économique. Examen critique des diagnostics de l'Institut 1930-1957,https://openalex.org/W3204103143,https://doi.org/10.1017/s137397190007757x,1958,article
Journal of Marketing,The Business History Review,The Beginnings of “Big Business” in American Industry,https://openalex.org/W2127476926,https://doi.org/10.2307/3111932,1959,article
Journal of Marketing,American Water Works Association,Foxecasting City Population by the Ratio Method,https://openalex.org/W2889056746,https://doi.org/10.1002/j.1551-8833.1954.tb16592.x,1954,article
Journal of Marketing,The Quarterly Journal of Economics,A Second Supplementary Bibliography on Monopolistic Competition,https://openalex.org/W2003192041,https://doi.org/10.2307/1881868,1956,article
Journal of Marketing,The Journal of Social Psychology,Consistency Test of Psychic Tension Ratings Involved in Consumer Purchasing Behavior,https://openalex.org/W2116599171,https://doi.org/10.1080/00224545.1957.9714288,1957,article
Journal of Marketing,The Canadian Journal of Economics and Political Science,Changes in the Structure of Canada's International Trade,https://openalex.org/W2797933295,https://doi.org/10.2307/138228,1955,article
Journal of Marketing,The American Statistician,A “Replacement” Procedure for Reducing the Bias of Nonresponse,https://openalex.org/W2000111263,https://doi.org/10.1080/00031305.1959.10482601,1959,article
Journal of Marketing,Business Horizons,Value-of-service pricing for the railroads,https://openalex.org/W1975134944,https://doi.org/10.1016/0007-6813(58)90061-2,1958,article
Journal of Marketing,Quarterly Journal of Speech,Recent books in radio and television,https://openalex.org/W2027864769,https://doi.org/10.1080/00335635309381889,1953,article
Journal of Marketing,Transactions of the Royal Society of Tropical Medicine and Hygiene,Goitre in Sierra Leone,https://openalex.org/W2043607047,https://doi.org/10.1016/0035-9203(54)90083-8,1954,article
Journal of Marketing,None,Time and Motion Studies in Libraries,https://openalex.org/W655311089,None,1954,article
Journal of Marketing,None,On the design of business systems for computers,https://openalex.org/W2149025983,https://doi.org/10.1145/800258.808942,1956,article
Journal of Marketing,Research Bulletin (Iowa Agriculture and Home Economics Experiment Station),An input-output analysis emphasizing regional and commodity sectors of agriculture,https://openalex.org/W2626942276,None,1959,article
Journal of Marketing,The Journal of Social Psychology,Consistency Test of Psychic Tension Ratings Involved in Consumer Purchasing Behavior,https://openalex.org/W2116599171,https://doi.org/10.1080/00224545.1957.9714288,1957,article
Journal of Marketing,None,An analysis of instalment credit within commercial banks,https://openalex.org/W856763754,None,1958,article
Journal of Marketing,IRE Transactions on Engineering Management,Market Development - The Neglected Companion of Product Development,https://openalex.org/W1982955073,https://doi.org/10.1109/iret-em.1956.5007362,1956,article
Journal of Marketing,Journal of the American Statistical Association,Recent Developments in the Sampling of Human Populations in Great Britain*,https://openalex.org/W1996478462,https://doi.org/10.1080/01621459.1955.10501300,1955,article
Journal of Marketing,Review of Educational Research,Chapter VI: The Wider Social Context of Education,https://openalex.org/W2071541099,https://doi.org/10.3102/00346543025001061,1955,article
Journal of Marketing,Review of Educational Research,The Wider Social Context of Education,https://openalex.org/W2046168487,https://doi.org/10.2307/1168999,1955,article
Journal of Marketing,International Organization,International Monetary Fund,https://openalex.org/W4300815468,https://doi.org/10.1017/s0020818300000138,1959,article
Journal of Marketing,International Organization,International Monetary Fund,https://openalex.org/W2799328789,https://doi.org/10.1017/s0020818300007918,1956,article
Journal of Marketing,Journal of the American Statistical Association,A Guide to the Literature on Statistics of Religious Affiliation with References to Related Social Studies,https://openalex.org/W2125206395,https://doi.org/10.1080/01621459.1959.10501982,1959,article
Journal of Marketing,European Journal of Wood and Wood Products,Die Anwendung der statistischen Gütekontrolle an Furnierschälmaschinen,https://openalex.org/W107851354,https://doi.org/10.1007/bf02626324,1959,article
Journal of Marketing,The Canadian Journal of Economics and Political Science,What Kind of Psychology Does Economics Need?,https://openalex.org/W2287743642,https://doi.org/10.2307/137982,1950,article
Journal of Marketing,The Canadian Journal of Economics and Political Science,The Nature of Economic Man—A Rejoinder,https://openalex.org/W2802364453,https://doi.org/10.2307/137782,1951,article
Journal of Marketing,Speech Monographs,A bibliography of rhetoric and public address for the year 1958,https://openalex.org/W2091580482,https://doi.org/10.1080/03637755909375263,1959,article
Journal of Marketing,L Actualité économique,Articles récents en lecture à la bibliothèque de l’École des Hautes Études commerciales,https://openalex.org/W4250773608,https://doi.org/10.7202/1001279ar,1957,article
Journal of Marketing,Proceedings of the IRE,Quality Control in Electronics,https://openalex.org/W2082481606,https://doi.org/10.1109/jrproc.1956.274871,1956,article
Journal of Marketing,None,The role of management consultants in industry and government.,https://openalex.org/W850660053,None,1956,article
Journal of Marketing,Gazette (Leiden Netherlands),The Modern Advertisement as an Emblem,https://openalex.org/W2030159601,https://doi.org/10.1177/001654925900500202,1959,article
Journal of Marketing,Political Research Organization and Design,16. Annotated BIBLIOGRAPHY on Political Research,https://openalex.org/W4243231340,https://doi.org/10.1177/000276425800100416,1958,article
Journal of Marketing,Trabajos de Estadistica,Algunos problemas estadisticos en la construccion de escalas de consumo,https://openalex.org/W2088109455,https://doi.org/10.1007/bf03003984,1959,article
Journal of Marketing,Quarterly Journal of Speech,Recent books in radio and television,https://openalex.org/W2027864769,https://doi.org/10.1080/00335635309381889,1953,article
Journal of Marketing,None,Personnel in Circulation Service,https://openalex.org/W2263333757,None,1957,article
Journal of Marketing,American Journal of Sociology,Reflections on Business,https://openalex.org/W1986119502,https://doi.org/10.1086/222622,1959,article
Journal of Marketing,The Canadian Journal of Economics and Political Science,The Inter-Industry Structure of the Canadian Economy,https://openalex.org/W2796179578,https://doi.org/10.2307/138956,1957,article
Journal of Marketing,ZOR. Zeitschrift für Operations-Research,Über einige Modelle der Absatzplanung,https://openalex.org/W2000692136,https://doi.org/10.1007/bf01962867,1959,article
Journal of Marketing,L Actualité économique,Articles récents en lecture à la bibliothèque de l’École des Hautes Études commerciales,https://openalex.org/W4244154774,https://doi.org/10.7202/1001490ar,1959,article
Journal of Marketing,Journal of the American Statistical Association,Recent Developments in the Sampling of Human Populations in Great Britain*,https://openalex.org/W1996478462,https://doi.org/10.1080/01621459.1955.10501300,1955,article
Journal of Marketing,None,THE TlIEORY AND TECHNIQUE OF ASSESSMENTl.2,https://openalex.org/W2183071913,None,1956,article
Journal of Marketing,L Actualité économique,Articles récents en lecture à la bibliothèque de l’École des Hautes Études commerciales,https://openalex.org/W4250773608,https://doi.org/10.7202/1001279ar,1957,article
Journal of Marketing,L Actualité économique,Ouvrages et articles récents en lecture à la bibliothèque de l’École des Hautes Études commerciales,https://openalex.org/W4245217875,https://doi.org/10.7202/1002605ar,1955,article
Journal of Marketing,Journal of the American Dietetic Association,Body Size and Sweetness Preference,https://openalex.org/W2394930808,https://doi.org/10.1016/s0002-8223(21)17316-x,1958,article
Journal of Marketing,The Business History Review,"The Beginnings of the Money-Back Guarantee and the One-Price Policy in Champaign-Urbana, Illinois, 1833–1880",https://openalex.org/W2331180834,https://doi.org/10.2307/3111973,1956,article
Journal of Marketing,Educational Technology Research and Development,Problems involving a number of factors,https://openalex.org/W4252164212,https://doi.org/10.1007/bf02799336,1957,article
Journal of Marketing,Political Research Organization and Design,10. Cost as a Measurement of Value,https://openalex.org/W2009665473,https://doi.org/10.1177/000276425900200310,1959,article
Journal of Marketing,Review of Educational Research,Chapter III: Financial Support,https://openalex.org/W1986543280,https://doi.org/10.3102/00346543022004298,1952,article
Journal of Marketing,Journal of the American Statistical Association,Census Tracts and Urban Research,https://openalex.org/W2093802399,https://doi.org/10.1080/01621459.1953.10501196,1953,article
Journal of Marketing,L Actualité économique,Ouvrages et articles récents en lecture à la bibliothèque de l’École des Hautes Études commerciales,https://openalex.org/W4210507161,https://doi.org/10.7202/1002654ar,1955,article
Journal of Marketing,Journal of the American Statistical Association,Census Tracts and Urban Research,https://openalex.org/W2093802399,https://doi.org/10.1080/01621459.1953.10501196,1953,article
Journal of Marketing,None,Inventory valuation and the lifo controversy,https://openalex.org/W121954977,None,1958,article
Journal of Marketing,The Quarterly Journal of Economics,A Second Supplementary Bibliography on Monopolistic Competition,https://openalex.org/W2003192041,https://doi.org/10.2307/1881868,1956,article
Journal of Marketing,Journal of Marketing,The Question of the “Regression” Fallacy,https://openalex.org/W2330272037,https://doi.org/10.1177/002224295902300410,1959,article
Journal of Marketing,The Business History Review,"Department Stores in Down State Illinois, 1889–1943",https://openalex.org/W1974335609,https://doi.org/10.2307/3111863,1955,article
Journal of Marketing,Aslib Proceedings,SIGNPOSTS,https://openalex.org/W2916194744,https://doi.org/10.1108/eb049623,1957,article
Journal of Marketing,Personnel Psychology,A Training Evaluation Study,https://openalex.org/W2039421458,https://doi.org/10.1111/j.1744-6570.1953.tb01506.x,1953,article
Journal of Marketing,None,Bibliografia,https://openalex.org/W4249137750,https://doi.org/10.1007/bf03003568,1953,article
Journal of Marketing,National Tax Journal,THE PRICING OF HIGHWAY SERVICES,https://openalex.org/W2520028448,https://doi.org/10.1086/ntj41789931,1952,article
Journal of Marketing,The Journal of Economic History,Conspectus for a History of Economic and Business Literature,https://openalex.org/W2097584042,https://doi.org/10.1017/s002205070008668x,1957,article
Journal of Marketing,The Personnel and Guidance Journal,THE GENERAL APTITUDE TEST BATTERY,https://openalex.org/W2099614998,https://doi.org/10.1002/j.2164-4918.1956.tb01726.x,1956,article
Journal of Marketing,The bulletin of the National Association of Secondary School Principals,Chapter VII,https://openalex.org/W2321684530,https://doi.org/10.1177/019263655203618408,1952,article
Journal of Marketing,The Personnel and Guidance Journal,THE GENERAL APTITUDE TEST BATTERY,https://openalex.org/W2099614998,https://doi.org/10.1002/j.2164-4918.1956.tb01726.x,1956,article
Journal of Marketing,Transactions of the IMF,Chemically Brightened and Anodised Aluminium and its Employment in Automobile Manufacture,https://openalex.org/W2613177599,https://doi.org/10.1080/00202967.1955.11869699,1955,article
Journal of Marketing,Quarterly Journal of Speech,Recent books in radio and television,https://openalex.org/W2027864769,https://doi.org/10.1080/00335635309381889,1953,article
Journal of Marketing,Annals of the Association of American Geographers,SOME RECENT BOOKS ON TRANSPORTATION,https://openalex.org/W2116656786,https://doi.org/10.1111/j.1467-8306.1957.tb01526.x,1957,article
Journal of Marketing,Journal of the American Statistical Association,A Refinement in the Use of Mark-Sense Cards for Test Research,https://openalex.org/W2093745867,https://doi.org/10.1080/01621459.1955.10501280,1955,article
Journal of Marketing,The Forestry Chronicle,REVIEWS,https://openalex.org/W4235811500,https://doi.org/10.5558/tfc30095b1-1,1954,article
Journal of Marketing,Journal of the American Statistical Association,A Refinement in the Use of Mark-Sense Cards for Test Research,https://openalex.org/W2093745867,https://doi.org/10.1080/01621459.1955.10501280,1955,article
Journal of Marketing,Proceedings of the IRE,Quality Control in Electronics,https://openalex.org/W2082481606,https://doi.org/10.1109/jrproc.1956.274871,1956,article
Journal of Marketing,The Canadian Journal of Economics and Political Science,Canadian Tariff Policy,https://openalex.org/W2796613759,https://doi.org/10.2307/138128,1955,article
Journal of Marketing,None,Public Relations of Academic Libraries,https://openalex.org/W182207376,None,1958,article
Journal of Marketing,IRE Transactions on Engineering Management,Market Development - The Neglected Companion of Product Development,https://openalex.org/W1982955073,https://doi.org/10.1109/iret-em.1956.5007362,1956,article
Journal of Marketing,L Actualité économique,Articles récents en lecture à la bibliothèque de l’École des Hautes Études commerciales,https://openalex.org/W4233321989,https://doi.org/10.7202/1001300ar,1958,article
Journal of Marketing,Political Research Organization and Design,15. Annotated Bibliography on Political Research,https://openalex.org/W4252575884,https://doi.org/10.1177/000276425800100515,1958,article
Journal of Marketing,L Actualité économique,Articles récents en lecture à la bibliothèque de l’École des Hautes Études commerciales,https://openalex.org/W4244154774,https://doi.org/10.7202/1001490ar,1959,article
