cites_article_in,source_journal,work_title,work_oaid,DOI,pub_year,work_type
Journal of Marketing,De Economist,De problematiek der welvaartsplanning en haar ontwikkeling in de buitenlandse litteratuur,https://openalex.org/W1981871350,https://doi.org/10.1007/bf02200811,1948,article
Journal of Marketing,The Journal of Economic History,Historical Aspects of Imperfect Competition,https://openalex.org/W1750965759,https://doi.org/10.1017/s0022050700083868,1943,article
Journal of Marketing,The Journal of Economic History,The Role of the State in Shaping Things Economic,https://openalex.org/W2136171989,https://doi.org/10.1017/s0022050700065268,1947,article
Journal of Marketing,Review of Educational Research,Chapter IV: Mental Health in Community Life,https://openalex.org/W2035404625,https://doi.org/10.3102/00346543019005395,1949,article
Journal of Marketing,The Canadian Journal of Economics and Political Science,Polling and Science,https://openalex.org/W2797209303,https://doi.org/10.2307/137736,1949,article
Journal of Marketing,The Journal of Psychology,The Evasion of Propaganda: How Prejudiced People Respond to Anti-Prejudice Propaganda,https://openalex.org/W2013491432,https://doi.org/10.1080/00223980.1947.9917316,1947,article
Journal of Marketing,Psychological Bulletin,Age differences in personality during adult years.,https://openalex.org/W2047761294,https://doi.org/10.1037/h0062959,1945,article
Journal of Marketing,Review of Educational Research,Radio and Records in Education,https://openalex.org/W2034406905,https://doi.org/10.2307/1168714,1942,article
Journal of Marketing,Hollywood Quarterly,The Columbia Office of Radio Research,https://openalex.org/W2044527994,https://doi.org/10.2307/1209589,1945,article
Journal of Marketing,Review of Educational Research,Chapter VI: Radio and Records in Education,https://openalex.org/W2112824530,https://doi.org/10.3102/00346543012003305,1942,article
Journal of Marketing,Educational and Psychological Measurement,"The Office of Radio Research: A Division of the Bureau of Applied Social Research, Columbia University",https://openalex.org/W1497330938,https://doi.org/10.1177/001316444500500403,1945,article
Journal of Marketing,The Journal of Psychology,Showmanship in Radio Educational Programs,https://openalex.org/W2003567196,https://doi.org/10.1080/00223980.1945.9712767,1945,article
Journal of Marketing,Journal of the American Statistical Association,Use of the Discriminant Function for More than two Groups,https://openalex.org/W2066739098,https://doi.org/10.1080/01621459.1942.10500647,1942,article
Journal of Marketing,Journal of Marketing,Towards a Theory of Marketing,https://openalex.org/W3160436763,https://doi.org/10.1177/002224294801300201,1948,article
Journal of Marketing,Personnel Psychology,The Employment Interview: a Critical Summary,https://openalex.org/W2003035984,https://doi.org/10.1111/j.1744-6570.1949.tb01669.x,1949,article
Journal of Marketing,Personnel Psychology,"Sales Personnel Research, 1935–1945: A Review<sup>1</sup>",https://openalex.org/W2082754814,https://doi.org/10.1111/j.1744-6570.1948.tb01306.x,1948,article
Journal of Marketing,Public Opinion Quarterly,The Press-Radio War: 1933-1935,https://openalex.org/W2096162688,https://doi.org/10.1086/266071,1949,article
Journal of Marketing,Quarterly Journal of Speech,How good is British radio?,https://openalex.org/W1976998332,https://doi.org/10.1080/00335634909381500,1949,article
Journal of Marketing,Review of Educational Research,Education and the Changing Pattern of Economic Life,https://openalex.org/W2052037267,https://doi.org/10.2307/1168380,1949,article
Journal of Marketing,De Economist,De problematiek der welvaartsplanning en haar ontwikkeling in de buitenlandse litteratuur,https://openalex.org/W1981871350,https://doi.org/10.1007/bf02200811,1948,article
Journal of Marketing,Review of Educational Research,Chapter IV: Education and the Changing Pattern of Economic Life,https://openalex.org/W2045385124,https://doi.org/10.3102/00346543019001042,1949,article
Journal of Marketing,The Canadian Journal of Economics and Political Science,"Canada's Balance of International Payments, 1940–5",https://openalex.org/W2795480038,https://doi.org/10.2307/137760,1947,article
Journal of Marketing,The Far Eastern Quarterly,Outstanding Recent Books on the Far East,https://openalex.org/W2795230733,https://doi.org/10.2307/2049695,1945,article
Journal of Marketing,Canadian Historical Review,Canada and Foreign Affairs,https://openalex.org/W2615428057,https://doi.org/10.3138/chr-025-02-05,1944,article
Journal of Marketing,Psychological Bulletin,Opinion-attitude methodology.,https://openalex.org/W2054491867,https://doi.org/10.1037/h0060985,1946,article
Journal of Marketing,The Journal of Psychology,The Psychological Effects of Enforced Segregation: A Survey of Social Science Opinion,https://openalex.org/W2026848281,https://doi.org/10.1080/00223980.1948.9917408,1948,article
Journal of Marketing,Review of Educational Research,Interests and Attitudes,https://openalex.org/W2043864430,https://doi.org/10.2307/1168465,1947,article
Journal of Marketing,The Psychological Monographs,Attitudes of German prisoners of war: A study of the dynamics of National-Socialistic followership.,https://openalex.org/W2050795649,https://doi.org/10.1037/h0093572,1948,article
Journal of Marketing,The Journal of Social Psychology,"Migration to a Medium Sized American City: Attitudes, Motives, and Personal Characteristics Revealed by Open-End Interview Methodology",https://openalex.org/W2102291173,https://doi.org/10.1080/00224545.1949.9712339,1949,article
Journal of Marketing,Review of Educational Research,Chapter V: Interests and Attitudes,https://openalex.org/W2135800378,https://doi.org/10.3102/00346543017001064,1947,article
Journal of Marketing,Journal of Clinical Psychology,Mental hygiene in industry—a clinical psychologist's contribution,https://openalex.org/W1992367271,https://doi.org/10.1002/1097-4679(194710)3:4<309::aid-jclp2270030402>3.0.co;2-a,1947,article
Journal of Marketing,The Journal of Economic History,Early Examples of Marine Insurance,https://openalex.org/W2147273416,https://doi.org/10.1017/s0022050700112975,1945,article
Journal of Marketing,The Journal of Economic History,Railroads as an Economic Force in American Development,https://openalex.org/W2130276813,https://doi.org/10.1017/s002205070008400x,1944,article
Journal of Marketing,The Review of Politics,Civilization at the Crossroads - II,https://openalex.org/W2047047342,https://doi.org/10.1017/s0034670500002047,1941,article
Journal of Marketing,The Business History Review,Itinerant Merchandising in the Ante-bellum South,https://openalex.org/W2335164980,https://doi.org/10.1017/s0007680500008229,1945,article
Journal of Marketing,The Review of Politics,On the Future of American Civilization,https://openalex.org/W2112665043,https://doi.org/10.1017/s0034670500000528,1940,article
Journal of Marketing,The Business History Review,"Manufacturer's Drummer, 1852, With Comments on Western and Southern Markets",https://openalex.org/W2103943033,https://doi.org/10.1017/s0007680500023746,1948,article
Journal of Marketing,Law and Contemporary Problems,An Evaluation of Large-Scale Retailing with Emphasis on the Chain Store,https://openalex.org/W1586089767,https://doi.org/10.2307/1189676,1941,article
Journal of Marketing,Review of Educational Research,Radio and Records in Education,https://openalex.org/W2034406905,https://doi.org/10.2307/1168714,1942,article
Journal of Marketing,Review of Educational Research,Chapter VI: Radio and Records in Education,https://openalex.org/W2112824530,https://doi.org/10.3102/00346543012003305,1942,article
Journal of Marketing,Speech Monographs,A study of the vocabulary of radio∗,https://openalex.org/W1982893502,https://doi.org/10.1080/03637754509390106,1945,article
Journal of Marketing,Music Educators Journal,The Choral Conductor and the Mike,https://openalex.org/W2084173574,https://doi.org/10.2307/3387179,1947,article
Journal of Marketing,The Journal of Economic History,American Historians and the Business Elite,https://openalex.org/W2145428040,https://doi.org/10.1017/s0022050700063087,1949,article
Journal of Marketing,Review of Educational Research,Chapter VII: Recent Developments in Statistical Theory,https://openalex.org/W4250795903,https://doi.org/10.3102/00346543018005469,1948,article
Journal of Marketing,Human Relations,Social Psychology in the United States During the Second World War,https://openalex.org/W2166840987,https://doi.org/10.1177/001872674800100305,1948,article
Journal of Marketing,Journal of Clinical Psychology,Mental hygiene in industry—a clinical psychologist's contribution,https://openalex.org/W1992367271,https://doi.org/10.1002/1097-4679(194710)3:4<309::aid-jclp2270030402>3.0.co;2-a,1947,article
Journal of Marketing,Journal of Applied Psychology,Some milestones in public opinion research.,https://openalex.org/W1970618420,https://doi.org/10.1037/h0056069,1947,article
Journal of Marketing,American Political Science Review,Public Opinion Research in Government,https://openalex.org/W2274530616,https://doi.org/10.2307/1950077,1949,article
Journal of Marketing,Review of Educational Research,Adult Education for Citizenship,https://openalex.org/W2065517043,https://doi.org/10.2307/1168327,1947,article
Journal of Marketing,Review of Educational Research,Chapter IV: Adult Education for Citizenship,https://openalex.org/W2094309849,https://doi.org/10.3102/00346543017004293,1947,article
Journal of Marketing,Philosophy of Science,Basic and Applied Social Psychology,https://openalex.org/W2017433325,https://doi.org/10.1086/287037,1949,article
Journal of Marketing,Human Relations,Social Psychology in the United States During the Second World War,https://openalex.org/W2166840987,https://doi.org/10.1177/001872674800100305,1948,article
Journal of Marketing,American Journal of Economics and Sociology,Toward Understanding Economic Behavior,https://openalex.org/W2098827163,https://doi.org/10.1111/j.1536-7150.1949.tb00796.x,1949,article
Journal of Marketing,Maandblad Voor Accountancy en Bedrijfseconomie,REPERTORIUM VAN TIJDSCHRIFTLITERATUUR OP HET GEBIED VAN ACCOUNTANCY EN BEDRIJFSHUISHOUDKUNDE,https://openalex.org/W4247155797,https://doi.org/10.5117/mab.17.15895,1940,article
Journal of Marketing,The Annals of the American Academy of Political and Social Science,Emerging Developments in Intercity Transportation,https://openalex.org/W2009491815,https://doi.org/10.1177/000271624524200108,1945,article
Journal of Marketing,The Social Studies,Social Education in the Air Age,https://openalex.org/W2090611711,https://doi.org/10.1080/00220973.1936.11016755,1942,article
Journal of Marketing,Journal of Marketing,Towards a Theory of Marketing,https://openalex.org/W3160436763,https://doi.org/10.1177/002224294801300201,1948,article
Journal of Marketing,Personnel Psychology,"Sales Personnel Research, 1935–1945: A Review<sup>1</sup>",https://openalex.org/W2082754814,https://doi.org/10.1111/j.1744-6570.1948.tb01306.x,1948,article
Journal of Marketing,The Canadian Journal of Economics and Political Science,Rate Control on Canadian Public Utilities,https://openalex.org/W2795863378,https://doi.org/10.2307/137261,1946,article
Journal of Marketing,Economic Botany,World production and consumption of millet and sorghum,https://openalex.org/W2031673310,https://doi.org/10.1007/bf02859097,1949,article
Journal of Marketing,Economic Record,COST OF PRODUCTION SURVEYS IN RELATION TO PRICE FIXING OF PRIMARY PRODUCTS,https://openalex.org/W4239128617,https://doi.org/10.1111/j.1475-4932.1949.tb01240.x,1949,article
Journal of Marketing,Canadian Historical Review,Canada and Foreign Affairs,https://openalex.org/W2622642753,https://doi.org/10.3138/chr-023-04-br15,1942,article
Journal of Marketing,Land Economics,Shopping Centers in Urban Redevelopment,https://openalex.org/W571294964,https://doi.org/10.2307/3159429,1948,article
Journal of Marketing,The Journal of Social Psychology,Social Psychology and the Civilian War Effort,https://openalex.org/W1991167829,https://doi.org/10.1080/00224545.1943.9921708,1943,article
Journal of Marketing,Human Relations,Social Psychology in the United States During the Second World War,https://openalex.org/W2166840987,https://doi.org/10.1177/001872674800100305,1948,article
Journal of Marketing,Journal of Consulting Psychology,Psychological factors in the restoration of the civilian economy.,https://openalex.org/W2020799050,https://doi.org/10.1037/h0054595,1946,article
Journal of Marketing,Economica,War Economics: A Bibliographical Approach,https://openalex.org/W2321421278,https://doi.org/10.2307/2549876,1942,article
Journal of Marketing,The Annals of the American Academy of Political and Social Science,"The Distribution and Control of Natural Resources, and America's World Position",https://openalex.org/W2021433483,https://doi.org/10.1177/000271624121800107,1941,article
Journal of Marketing,PubMed,"Sampling in studies of opinions, attitudes, and consumer wants.",https://openalex.org/W2420155309,None,1948,article
Journal of Marketing,Journal of Marketing,Towards a Theory of Marketing,https://openalex.org/W3160436763,https://doi.org/10.1177/002224294801300201,1948,article
Journal of Marketing,The Journal of Economic History,Entrepreneurial Leadership Among the “Robber Barons”: A Trial Balance,https://openalex.org/W2108249307,https://doi.org/10.1017/s002205070005289x,1946,article
Journal of Marketing,The Journal of Economic History,Transportation as a Factor in Economic Growth,https://openalex.org/W1784803319,https://doi.org/10.1017/s0022050700065232,1947,article
Journal of Marketing,Review of Educational Research,Education and the Changing Pattern of Economic Life,https://openalex.org/W2052037267,https://doi.org/10.2307/1168380,1949,article
Journal of Marketing,De Economist,De problematiek der welvaartsplanning en haar ontwikkeling in de buitenlandse litteratuur,https://openalex.org/W1981871350,https://doi.org/10.1007/bf02200811,1948,article
Journal of Marketing,The Review of Politics,ROP volume 9 issue 1 Cover and Front matter,https://openalex.org/W4233013007,https://doi.org/10.1017/s003467050003789x,1947,article
Journal of Marketing,Review of Educational Research,Chapter IV: Education and the Changing Pattern of Economic Life,https://openalex.org/W2045385124,https://doi.org/10.3102/00346543019001042,1949,article
Journal of Marketing,Maandblad Voor Accountancy en Bedrijfseconomie,REPERTORIUM VAN TIJDSCHRIFTLITERATUUR OP HET GEBIED VAN ACCOUNTANCY EN BEDRIJFSHUISHOUDKUNDE,https://openalex.org/W4247155797,https://doi.org/10.5117/mab.17.15895,1940,article
Journal of Marketing,Journal of Marketing,Towards a Theory of Marketing,https://openalex.org/W3160436763,https://doi.org/10.1177/002224294801300201,1948,article
Journal of Marketing,Land Economics,Shopping Centers in Urban Redevelopment,https://openalex.org/W571294964,https://doi.org/10.2307/3159429,1948,article
Journal of Marketing,Economic Record,COST OF PRODUCTION SURVEYS IN RELATION TO PRICE FIXING OF PRIMARY PRODUCTS,https://openalex.org/W4239128617,https://doi.org/10.1111/j.1475-4932.1949.tb01240.x,1949,article
Journal of Marketing,Law and Contemporary Problems,Social and Economic Background of the Small Loan Problem,https://openalex.org/W6541989,https://doi.org/10.2307/1189370,1941,article
Journal of Marketing,The University of Chicago Law Review,The Drift Toward a Consumer Credit Code,https://openalex.org/W2462917275,https://doi.org/10.2307/1598059,1949,article
Journal of Marketing,Maandblad Voor Accountancy en Bedrijfseconomie,REPERTORIUM VAN TIJDSCHRIFTLITERATUUR OP HET GEBIED VAN ACCOUNTANCY EN BEDRIJFSHUISHOUDKUNDE,https://openalex.org/W4247155797,https://doi.org/10.5117/mab.17.15895,1940,article
Journal of Marketing,Review of Educational Research,"Bibliographical and Documentary Techniques in Education, Psychology, and Social Science",https://openalex.org/W2063317142,https://doi.org/10.2307/1168484,1942,article
Journal of Marketing,Review of Educational Research,"Chapter I: Bibliographical and Documentary Techniques in Education, Psychology, and Social Science",https://openalex.org/W2068736814,https://doi.org/10.3102/00346543012005460,1942,article
Journal of Marketing,Experientia,Experientia majorum,https://openalex.org/W3090219719,https://doi.org/10.1007/bf02153607,1946,article
Journal of Marketing,Journal of Marketing,Towards a Theory of Marketing,https://openalex.org/W3160436763,https://doi.org/10.1177/002224294801300201,1948,article
Journal of Marketing,The bulletin of the National Association of Secondary School Principals,Concepts of Consumer Education,https://openalex.org/W2035956854,https://doi.org/10.1177/019263654302711203,1943,article
Journal of Marketing,Journal of Marketing,Stratification in Representative Sampling,https://openalex.org/W2323926393,https://doi.org/10.1177/002224294100600107,1941,article
Journal of Marketing,Journal of Marketing,Towards a Theory of Marketing,https://openalex.org/W3160436763,https://doi.org/10.1177/002224294801300201,1948,article
Journal of Marketing,Land Economics,Shopping Centers in Urban Redevelopment,https://openalex.org/W571294964,https://doi.org/10.2307/3159429,1948,article
Journal of Marketing,American Sociological Review,Rural Roads to Security: America's Third Struggle for Freedom.,https://openalex.org/W2048177442,https://doi.org/10.2307/2086381,1941,article
Journal of Marketing,The Business History Review,"Manufacturer's Drummer, 1852, With Comments on Western and Southern Markets",https://openalex.org/W2103943033,https://doi.org/10.1017/s0007680500023746,1948,article
Journal of Marketing,School Science and Mathematics,ADAPTING INSTRUCTION IN SCIENCE AND MATHEMATICS TO POST‐WAR CONDITIONS AND NEEDS*,https://openalex.org/W1979465068,https://doi.org/10.1111/j.1949-8594.1945.tb06256.x,1945,article
Journal of Marketing,Canadian Historical Review,Recent Books on the United States,https://openalex.org/W2624113527,https://doi.org/10.3138/chr-025-03-06,1944,article
Journal of Marketing,American Journal of International Law,Books Received,https://openalex.org/W4242435699,https://doi.org/10.1017/s0002930000156787,1944,article
Journal of Marketing,Helvetica Chimica Acta,Sulla contituzione dei prodotti di condensazione del cloralio con etossalil‐chetoni,https://openalex.org/W1972891842,https://doi.org/10.1002/hlca.19490320624,1949,article
Journal of Marketing,Journal of Marketing,Towards a Theory of Marketing,https://openalex.org/W3160436763,https://doi.org/10.1177/002224294801300201,1948,article
Journal of Marketing,Review of Educational Research,Radio and Records in Education,https://openalex.org/W2034406905,https://doi.org/10.2307/1168714,1942,article
Journal of Marketing,Review of Educational Research,Chapter VI: Radio and Records in Education,https://openalex.org/W2112824530,https://doi.org/10.3102/00346543012003305,1942,article
Journal of Marketing,Review of Educational Research,Nonschool Education outside the Home,https://openalex.org/W2011420905,https://doi.org/10.2307/1168815,1946,article
Journal of Marketing,Journal of Farm Economics,The Economics of Public Measures to Subsidize Food Consumption,https://openalex.org/W2287743118,https://doi.org/10.2307/1232262,1945,article
Journal of Marketing,Journal of the American Medical Association,ADEQUACY OF AMERICAN DIETS,https://openalex.org/W2009455705,https://doi.org/10.1001/jama.1949.72900260001007,1949,article
Journal of Marketing,The Canadian Journal of Economics and Political Science,Stabilization of the Income of the Primary Producer,https://openalex.org/W4233642801,https://doi.org/10.2307/137401,1945,article
Journal of Marketing,Maandblad Voor Accountancy en Bedrijfseconomie,REPERTORIUM VAN TIJDSCHRIFTLITERATUUR OP HET GEBIED VAN ACCOUNTANCY EN BEDRIJFSHUISHOUDKUNDE,https://openalex.org/W4247155797,https://doi.org/10.5117/mab.17.15895,1940,article
Journal of Marketing,Law and Contemporary Problems,Internal Marketing Barriers in Europe: Pre-Hitler Austria as an Outstanding Example,https://openalex.org/W51017859,https://doi.org/10.2307/1189681,1941,article
Journal of Marketing,Occupations The Vocational Guidance Journal,Occupational Information in Counseling: Present Practices and Historical Development,https://openalex.org/W2067895734,https://doi.org/10.1002/j.2164-5892.1946.tb00767.x,1946,article
Journal of Marketing,Law and Contemporary Problems,Internal Marketing Barriers in Europe: Pre-Hitler Austria as an Outstanding Example,https://openalex.org/W51017859,https://doi.org/10.2307/1189681,1941,article
Journal of Marketing,Journal of Marketing,Towards a Theory of Marketing,https://openalex.org/W3160436763,https://doi.org/10.1177/002224294801300201,1948,article
Journal of Marketing,The Review of Politics,The Social Significance of Cooperation,https://openalex.org/W2165186071,https://doi.org/10.1017/s0034670500010706,1942,article
Journal of Marketing,Bulletin de l Institut de recherches économiques et sociales,Le marché noir,https://openalex.org/W654867726,https://doi.org/10.1017/s1373971900084778,1949,article
Journal of Marketing,Scandinavian Actuarial Journal,On statistical demand analysis from the viewpoint of simultaneous equations,https://openalex.org/W2059127248,https://doi.org/10.1080/03461238.1946.10419632,1946,article
Journal of Marketing,Far Eastern Survey,The Philippines as an American Investment,https://openalex.org/W2021879288,https://doi.org/10.2307/3021661,1940,article
Journal of Marketing,American Political Science Review,The Recording of World War II,https://openalex.org/W4232677346,https://doi.org/10.2307/1950171,1944,article
Journal of Marketing,Review of Educational Research,Chapter VIII: Statistical Methods Related to Test Construction and Evaluation,https://openalex.org/W2058004974,https://doi.org/10.3102/00346543011001109,1941,article
Journal of Marketing,American Psychologist,A bibliography on careers in psychology: II.,https://openalex.org/W2078046252,https://doi.org/10.1037/h0055559,1948,article
Journal of Marketing,Journal of Marketing,This Fascinating Advertising Business,https://openalex.org/W4214664740,https://doi.org/10.2307/1246841,1948,article
Journal of Marketing,University of Toronto Quarterly,The State and Economic Life in Fascist Italy,https://openalex.org/W2033785587,https://doi.org/10.3138/utq.9.4.428,1940,article
Journal of Marketing,Maandblad Voor Accountancy en Bedrijfseconomie,REPERTORIUM VAN TIJDSCHRIFT LITERATUUR OP HET GEBIED VAN ACCOUNTANCY EN BEDRIJFSHUISHOUDKUNDE,https://openalex.org/W4241949358,https://doi.org/10.5117/mab.17.15274,1940,article
Journal of Marketing,The Quarterly Journal of Economics,A Supplementary Bibliography on Monopolistic Competition,https://openalex.org/W2172272302,https://doi.org/10.2307/1881771,1948,article
Journal of Marketing,Personnel Psychology,"Sales Personnel Research, 1935–1945: A Review<sup>1</sup>",https://openalex.org/W2082754814,https://doi.org/10.1111/j.1744-6570.1948.tb01306.x,1948,article
Journal of Marketing,Review of Educational Research,Chapter III: The Social Studies,https://openalex.org/W2090750655,https://doi.org/10.3102/00346543017004279,1947,article
Journal of Marketing,The Journal of the American Dental Association,Trade Areas as Planning Units,https://openalex.org/W1974455202,https://doi.org/10.14219/jada.archive.1946.0074,1946,article
Journal of Marketing,Personnel Psychology,"Sales Personnel Research, 1935–1945: A Review<sup>1</sup>",https://openalex.org/W2082754814,https://doi.org/10.1111/j.1744-6570.1948.tb01306.x,1948,article
Journal of Marketing,Journal of Marketing,A Case Study in the Costs of Distribution,https://openalex.org/W2330771774,https://doi.org/10.1177/002224294400900103,1944,article
Journal of Marketing,Teachers College Record The Voice of Scholarship in Education,Section II Problems of Curriculum Reconstruction General Techniques of. Curriculum Planning,https://openalex.org/W4293157039,https://doi.org/10.1177/016146814504600905,1945,article
Journal of Marketing,The Americas A Quarterly Review of Latin American History,"Latin American Studies in the Economics Curriculum, with Special Reference to Teaching Material",https://openalex.org/W1968845761,https://doi.org/10.2307/978542,1945,article
Journal of Marketing,The Journal of Economic History,Coal and Oil in the American Economy,https://openalex.org/W2123513735,https://doi.org/10.1017/s0022050700065220,1947,article
Journal of Marketing,Journal of Educational Psychology,A quantitative study of family practices in training children in the use of money.,https://openalex.org/W2012213549,https://doi.org/10.1037/h0061065,1945,article
Journal of Marketing,Journal of Marketing,Stratification in Representative Sampling,https://openalex.org/W2323926393,https://doi.org/10.1177/002224294100600107,1941,article
Journal of Marketing,Teachers College Record The Voice of Scholarship in Education,Business Education—Clerical and Distributive,https://openalex.org/W4298195662,https://doi.org/10.1177/016146814304400913,1943,article
Journal of Marketing,Review of Educational Research,Chapter VII: Educational and Vocational Information,https://openalex.org/W2562553648,https://doi.org/10.3102/00346543015002173,1945,article
