cites_article_in,source_journal,work_title,work_oaid,DOI,pub_year,work_type
Journal of the Academy of Marketing Science,Journal of the Academy of Marketing Science,Is All Social Exchange Marketing?,https://openalex.org/W1972019057,https://doi.org/10.1177/009207037700500302,1977,article
Journal of the Academy of Marketing Science,Journal of the Academy of Marketing Science,Is all social exchange marketing?: A reply,https://openalex.org/W2072541714,https://doi.org/10.1007/bf02722062,1977,article
Journal of the Academy of Marketing Science,Journal of the Academy of Marketing Science,Is all social exchange marketing?,https://openalex.org/W4237256082,https://doi.org/10.1007/bf02722061,1977,article
Journal of the Academy of Marketing Science,Journal of the Academy of Marketing Science,Leisure and consumer behavior,https://openalex.org/W2082301892,https://doi.org/10.1007/bf02729687,1979,article
Journal of the Academy of Marketing Science,Journal of Marketing Research,Some Relationships between Personality and Consumer Decision Making,https://openalex.org/W2317313462,https://doi.org/10.1177/002224377901600208,1979,article
Journal of the Academy of Marketing Science,Journal of Advertising,Women in Advertisements: Retrospect and Prospect,https://openalex.org/W2089853265,https://doi.org/10.1080/00913367.1979.10673287,1979,article
Journal of the Academy of Marketing Science,Journal of the Academy of Marketing Science,Differences in retail store images within husband-wife dyads,https://openalex.org/W1966598761,https://doi.org/10.1007/bf02721871,1979,article
Journal of the Academy of Marketing Science,Journal of Advertising,Women in Advertisements: Retrospect and Prospect,https://openalex.org/W2089853265,https://doi.org/10.1080/00913367.1979.10673287,1979,article
Journal of the Academy of Marketing Science,Journal of the Academy of Marketing Science,Differences in retail store images within husband-wife dyads,https://openalex.org/W1966598761,https://doi.org/10.1007/bf02721871,1979,article
Journal of the Academy of Marketing Science,Industrial Marketing Management,The role of industrial trade shows,https://openalex.org/W2056000247,https://doi.org/10.1016/0019-8501(74)90004-2,1974,article
Journal of the Academy of Marketing Science,Journal of the Academy of Marketing Science,Instability and consumer alienation in France,https://openalex.org/W2072494067,https://doi.org/10.1007/bf02729831,1976,article
Journal of the Academy of Marketing Science,American Behavioral Scientist,Marketing as Exchange: A Theory of Transactions in the Marketplace,https://openalex.org/W2474802602,https://doi.org/10.1177/000276427802100406,1978,article
Journal of the Academy of Marketing Science,Cradle of Knowledge African Journal of Educational and Social Science Research (The),"Customer Trust and Marketing Performance of Micro and Small Enterprises within Nyanza Region, Kenya",https://openalex.org/W4378894783,https://doi.org/10.4314/ajessr.v11i1.5,1970,article
Journal of the Academy of Marketing Science,Journal of Consumer Research,The Attribution Process in Consumer Decision Making,https://openalex.org/W2090707790,https://doi.org/10.1086/208756,1979,article
Journal of the Academy of Marketing Science,Perceptual and Motor Skills,Cognitive Differentiation and Alienation of Consumers,https://openalex.org/W2000906856,https://doi.org/10.2466/pms.1979.49.1.99,1979,article
Journal of the Academy of Marketing Science,Journal of Consumer Affairs,Satisfaction/Dissatisfaction with Food Shopping Among Elderly Consumers,https://openalex.org/W2090739745,https://doi.org/10.1111/j.1745-6606.1979.tb00151.x,1979,article
Journal of the Academy of Marketing Science,Industrial Marketing Management,Better use of the industrial marketing concept,https://openalex.org/W1984690864,https://doi.org/10.1016/0019-8501(78)90037-8,1978,article
Journal of the Academy of Marketing Science,Journal of Business Research,Recycling consumer solid waste: A commentary on selected channel alternatives,https://openalex.org/W2002520447,https://doi.org/10.1016/0148-2963(78)90017-6,1978,article
Journal of the Academy of Marketing Science,Journal of Marketing Research,Cross-Shopping and Retail Growth,https://openalex.org/W2326919948,https://doi.org/10.1177/002224377701400206,1977,article
Journal of the Academy of Marketing Science,Journal of the Academy of Marketing Science,A logic system for the choice of risk levels in hypothesis testing,https://openalex.org/W2036259695,https://doi.org/10.1007/bf02722045,1976,article
Journal of the Academy of Marketing Science,Business Horizons,A marketing communications model,https://openalex.org/W2082463999,https://doi.org/10.1016/0007-6813(77)90029-5,1977,article
Journal of the Academy of Marketing Science,Journal of the Academy of Marketing Science,Preliminary tests of a marketing communications model,https://openalex.org/W2086628735,https://doi.org/10.1007/bf02732316,1978,article
Journal of the Academy of Marketing Science,Journal of the Academy of Marketing Science,Unofficial FTC judgments of deception Vs. Adults' and students' judgments of deception,https://openalex.org/W1985502472,https://doi.org/10.1007/bf02729283,1975,article
Journal of the Academy of Marketing Science,Communication & Society,Publicidad ilícita en la mira: las denuncias como mecanismo de control,https://openalex.org/W4312876436,https://doi.org/10.15581/003.28.35970,1970,article
Journal of the Academy of Marketing Science,Journal of the Academy of Marketing Science,The development of a standardized student evaluation form,https://openalex.org/W2002313297,https://doi.org/10.1007/bf02721879,1979,article
Journal of the Academy of Marketing Science,Journal of the Academy of Marketing Science,The effects of incorrect specification of the Minkowski metric: A simulation experiment,https://openalex.org/W2083923608,https://doi.org/10.1007/bf02729284,1975,article
Journal of the Academy of Marketing Science,Journal of Marketing Research,Pre-Test-Market Evaluation of New Packaged Goods: A Model and Measurement Methodology,https://openalex.org/W2133462476,https://doi.org/10.1177/002224377801500201,1978,article
Journal of the Academy of Marketing Science,Decision Sciences,SIMPLE MODELS FOR MONITORING NEW PRODUCT PERFORMANCE,https://openalex.org/W1999893860,https://doi.org/10.1111/j.1540-5915.1975.tb01015.x,1975,article
Journal of the Academy of Marketing Science,Journal of the Academy of Marketing Science,Unofficial FTC judgments of deception Vs. Adults' and students' judgments of deception,https://openalex.org/W1985502472,https://doi.org/10.1007/bf02729283,1975,article
Journal of the Academy of Marketing Science,Long Range Planning,Product regrouping can aid MNE planning,https://openalex.org/W1965028924,https://doi.org/10.1016/s0024-6301(78)80003-x,1978,article
Journal of the Academy of Marketing Science,Long Range Planning,Product regrouping can aid MNE planning,https://openalex.org/W4236780370,https://doi.org/10.1016/0024-6301(78)90046-8,1978,article
Journal of the Academy of Marketing Science,Journal of the Academy of Marketing Science,The role of consumers in the public policy process,https://openalex.org/W2050677146,https://doi.org/10.1007/bf02729782,1978,article
Journal of the Academy of Marketing Science,Journal of the Academy of Marketing Science,The marketing of hamburger buns: An improved model for prediction,https://openalex.org/W2018754923,https://doi.org/10.1007/bf02729282,1975,article
Journal of the Academy of Marketing Science,Journal of the Academy of Marketing Science,The role of consumers in the public policy process,https://openalex.org/W2050677146,https://doi.org/10.1007/bf02729782,1978,article
Journal of the Academy of Marketing Science,Journal of Marketing Research,Cross-Shopping and Retail Growth,https://openalex.org/W2326919948,https://doi.org/10.1177/002224377701400206,1977,article
Journal of the Academy of Marketing Science,Journal of Marketing Research,Pre-Test-Market Evaluation of New Packaged Goods: A Model and Measurement Methodology,https://openalex.org/W2133462476,https://doi.org/10.1177/002224377801500201,1978,article
Journal of the Academy of Marketing Science,Perceptual and Motor Skills,Cognitive Differentiation and Alienation of Consumers,https://openalex.org/W2000906856,https://doi.org/10.2466/pms.1979.49.1.99,1979,article
