cites_article_in,source_journal,work_title,work_oaid,DOI,pub_year,work_type
Journal of Marketing,Psychometrika,Studies in mathematical theory of human relations. II,https://openalex.org/W2067585525,https://doi.org/10.1007/bf02287940,1939,article
Journal of Marketing,Bulletin of the American Mathematical Society,New publications,https://openalex.org/W4205961711,https://doi.org/10.1090/s0002-9904-1938-06820-6,1938,article
Journal of Marketing,The Business History Review,Urban Retailing 100 Years Ago,https://openalex.org/W2080489013,https://doi.org/10.1017/s0007680500022005,1938,article
Journal of Marketing,The Canadian Journal of Economics and Political Science,The Inflexibility of Canadian Wholesale Prices,https://openalex.org/W4231837565,https://doi.org/10.2307/136620,1938,article
Journal of Marketing,Maandblad Voor Accountancy en Bedrijfseconomie,REPERTORIUM VAN TIJDSCHRIFTLITERATUUR OP HET GEBIED VAN ACCOUNTANCY EN BEDRIJFSHUISHOUDKUNDE,https://openalex.org/W4241629265,https://doi.org/10.5117/mab.14.13129,1937,article
Journal of Marketing,Journal of Food Science,FOOD FLAVORS–A CRITICAL REVIEW OF RECENT LITERATURE,https://openalex.org/W1978046354,https://doi.org/10.1111/j.1365-2621.1937.tb16509.x,1937,article
Journal of Marketing,Maandblad Voor Accountancy en Bedrijfseconomie,REPERTORIUM VAN TIJDSCHRIFT-LITERATUUR OP HET GEBIED VAN ACCOUNTANCY EN BEDRIJFSHUISHOUDKUNDE,https://openalex.org/W4230143692,https://doi.org/10.5117/mab.15.13138,1938,article
Journal of Marketing,Maandblad Voor Accountancy en Bedrijfseconomie,REPERTORIUM VAN TIJDSCHRIFT-LITERATUUR OP HET GEBIED VAN ACCOUNTANCY EN BEDRIJFSHUISHOUDKUNDE,https://openalex.org/W4252326952,https://doi.org/10.5117/mab.14.14619,1937,article
Journal of Marketing,The Canadian Journal of Economics and Political Science,The Co-operative Movement,https://openalex.org/W2802699844,https://doi.org/10.2307/136896,1937,article
Journal of Marketing,Psychological Bulletin,Character and personality tests.,https://openalex.org/W2042637093,https://doi.org/10.1037/h0063322,1935,article
Journal of Marketing,The Journal of General Psychology,Attitudes: III. Their Measurement,https://openalex.org/W1995509033,https://doi.org/10.1080/00221309.1939.10544306,1939,article
Journal of Marketing,Maandblad Voor Accountancy en Bedrijfseconomie,REPERTORIUM VAN TIJDSCHRIFT-LITERATUUR OP HET GEBIED VAN ACCOUNTANCY EN BEDRIJFSHUISHOUDKUNDE,https://openalex.org/W4233042023,https://doi.org/10.5117/mab.16.11091,1939,article
Journal of Marketing,Maandblad Voor Accountancy en Bedrijfseconomie,REPERTORIUM VAN TIJDSCHRIFT LITERATUUR OP HET GEBIED VAN ACCOUNTANCY EN BEDRIJFSHUISHOUDKUNDE,https://openalex.org/W4243831316,https://doi.org/10.5117/mab.15.12087,1938,article
Journal of Marketing,The Canadian Journal of Economics and Political Science,The Inflexibility of Canadian Wholesale Prices,https://openalex.org/W4231837565,https://doi.org/10.2307/136620,1938,article
Journal of Marketing,Occupations The Vocational Guidance Journal,Occupations in Advertising,https://openalex.org/W4236905835,https://doi.org/10.1002/j.2164-5892.1938.tb01872.x,1938,article
Journal of Marketing,Maandblad Voor Accountancy en Bedrijfseconomie,REPERTORIUM VAN TIJDSCHRIFT-LITERATUUR OP HET GEBIED VAN ACCOUNTANCY EN BEDRIJFSHUISHOUDKUNDE,https://openalex.org/W4255902039,https://doi.org/10.5117/mab.13.12066,1936,article
Journal of Marketing,Maandblad Voor Accountancy en Bedrijfseconomie,REPERTORIUM VAN TIJDSCHRIFT LITERATUUR OP HET GEBIED VAN ACCOUNTANCY EN BEDRIJFSHUISHOUDKUNDE,https://openalex.org/W4243831316,https://doi.org/10.5117/mab.15.12087,1938,article
Journal of Marketing,Occupations The Vocational Guidance Journal,Occupations in Advertising,https://openalex.org/W4236905835,https://doi.org/10.1002/j.2164-5892.1938.tb01872.x,1938,article
Journal of Marketing,De Economist,Hoofdproblemen van den modernen detailhandel,https://openalex.org/W1989265289,https://doi.org/10.1007/bf02199871,1939,article
Journal of Marketing,Occupations The Vocational Guidance Journal,Occupations in Advertising,https://openalex.org/W4236905835,https://doi.org/10.1002/j.2164-5892.1938.tb01872.x,1938,article
Journal of Marketing,Psychological Bulletin,The psychological effects of unemployment.,https://openalex.org/W2025722954,https://doi.org/10.1037/h0063426,1938,article
Journal of Marketing,Maandblad Voor Accountancy en Bedrijfseconomie,REPERTORIUM VAN TIJDSCHRIFT-LITERATUUR OP HET GEBIED VAN ACCOUNTANCY EN BEDRIJFSHUISHOUDKUNDE,https://openalex.org/W4234599022,https://doi.org/10.5117/mab.13.13117,1936,article
Journal of Marketing,Maandblad Voor Accountancy en Bedrijfseconomie,REPERTORIUM VAN TIJDSCHRIFT-LITERATUUR OP HET GEBIED VAN ACCOUNTANCY EN BEDRIJFSHUISHOUDKUNDE,https://openalex.org/W4230143692,https://doi.org/10.5117/mab.15.13138,1938,article
Journal of Marketing,Maandblad Voor Accountancy en Bedrijfseconomie,REPERTORIUM VAN TIJDSCHRIFT LITERATUUR OP HET GEBIED VAN ACCOUNTANCY EN BEDRIJFSHUISHOUDKUNDE,https://openalex.org/W4229503238,https://doi.org/10.5117/mab.15.10149,1938,article
