cites_article_in,source_journal,work_title,work_oaid,DOI,pub_year,work_type
Journal of Retailing,Journal of Marketing,A Gap Analysis of Professional Service Quality,https://openalex.org/W2018872114,https://doi.org/10.2307/1251416,1989,article
Journal of Retailing,Leisure Sciences,Users' perceptions of the relative importance of service quality dimensions in selected public recreation programs,https://openalex.org/W2154049231,https://doi.org/10.1080/01490408909512233,1989,article
Journal of Retailing,Journal of the Academy of Marketing Science,Consumer and provider expectations and experiences in evaluating professional service quality,https://openalex.org/W2095238650,https://doi.org/10.1007/bf02723377,1989,article
Journal of Retailing,Leisure Studies,A conceptual model of consumer evaluation of recreation service quality,https://openalex.org/W1985136101,https://doi.org/10.1080/02614368800390041,1988,article
Journal of Retailing,Journal of Services Marketing,Service Pricing: a Differentiation Premium Approach,https://openalex.org/W2034994184,https://doi.org/10.1108/eum0000000002490,1989,article
Journal of Retailing,Industrial Marketing Management,Identify and fulfill customer service expectations,https://openalex.org/W2090471181,https://doi.org/10.1016/0019-8501(88)90030-2,1988,article
Journal of Retailing,Service Industries Journal,The Role of Non-verbal Communication in Service Provision and Representation,https://openalex.org/W2061626671,https://doi.org/10.1080/02642068900000068,1989,article
Journal of Retailing,Journal of Consumer Policy,Evaluating service firms: Approaches with policy recommendations,https://openalex.org/W126661222,https://doi.org/10.1007/bf00411480,1987,article
Journal of Retailing,Journal of Consumer Affairs,A Methodology for Profiling Consumers' Decision‐Making Styles,https://openalex.org/W2014239045,https://doi.org/10.1111/j.1745-6606.1986.tb00382.x,1986,article
Journal of Retailing,Journal of the Academy of Marketing Science,Extending the concept of shopping: An investigation of browsing activity,https://openalex.org/W2004677557,https://doi.org/10.1007/bf02726349,1989,article
Journal of Retailing,Journal of Business and Psychology,There's something social happening at the mall,https://openalex.org/W2015175168,https://doi.org/10.1007/bf01023038,1989,article
Journal of Retailing,Journal of Direct Marketing,A profile of direct marketing television shoppers,https://openalex.org/W1980214408,https://doi.org/10.1002/dir.4000010405,1987,article
Journal of Retailing,Journal of Business Research,Store image and the prediction of performance in retailing,https://openalex.org/W2064308515,https://doi.org/10.1016/0148-2963(88)90026-4,1988,article
Journal of Retailing,International Journal of Hospitality Management,Repeat patronage: Cultivating alliances with customers,https://openalex.org/W2103772400,https://doi.org/10.1016/0278-4319(88)90022-9,1988,article
Journal of Retailing,International Journal of Research in Marketing,An implicit product theory approach to consumers' inferential judgments about products,https://openalex.org/W1987678559,https://doi.org/10.1016/0167-8116(86)90040-6,1986,article
Journal of Retailing,Journal of Professional Services Marketing,Office Atmospherics and Dental Service Satisfaction,https://openalex.org/W2062624026,https://doi.org/10.1300/j090v01n04_09,1986,article
Journal of Retailing,Journal of Marketing Research,Models of Consumer Satisfaction Formation: An Extension,https://openalex.org/W2010427130,https://doi.org/10.2307/3172652,1988,article
Journal of Retailing,Journal of Marketing,Consumer Perceptions of Interpersonal Equity and Satisfaction in Transactions: A Field Survey Approach,https://openalex.org/W2327975117,https://doi.org/10.2307/1251411,1989,article
Journal of Retailing,Journal of Consumer Research,Response Determinants in Satisfaction Judgments,https://openalex.org/W2090014697,https://doi.org/10.1086/209131,1988,article
Journal of Retailing,Journal of Consumer Research,Equity and Disconfirmation Perceptions as Influences on Merchant and Product Satisfaction,https://openalex.org/W2170512058,https://doi.org/10.1086/209223,1989,article
Journal of Retailing,Journal of Marketing Research,A Longitudinal Assessment of Consumer Satisfaction/Dissatisfaction: The Dynamic Aspect of the Cognitive Process,https://openalex.org/W2042353493,https://doi.org/10.1177/002224378302000406,1983,article
Journal of Retailing,Journal of Business Research,Disconfirmation processes and consumer evaluations in product usage,https://openalex.org/W1975731671,https://doi.org/10.1016/0148-2963(85)90029-3,1985,article
Journal of Retailing,Psychology and Marketing,When consumers switch brands,https://openalex.org/W1992749846,https://doi.org/10.1002/mar.4220040104,1987,article
Journal of Retailing,Journal of the Academy of Marketing Science,Influence of Catalog VS. Store Shopping and Prior Satisfaction on Perceived Risk,https://openalex.org/W2038851734,https://doi.org/10.1177/009207038601400405,1986,article
Journal of Retailing,Journal of the Academy of Marketing Science,Satisfying customer expectations: The effect on conflict and repurchase intentions in industrial marketing channels,https://openalex.org/W2032646895,https://doi.org/10.1007/bf02726352,1989,article
Journal of Retailing,Journal of Consumer Affairs,Profiling Consumers Who Register Complaints Against Auto Repair Services,https://openalex.org/W2077397053,https://doi.org/10.1111/j.1745-6606.1983.tb00306.x,1983,article
Journal of Retailing,Journal of the Academy of Marketing Science,Examining retail image before and after a repositioning strategy,https://openalex.org/W2083517104,https://doi.org/10.1007/bf02721796,1984,article
Journal of Retailing,Applied Psychological Measurement,A Probabilistic Multidimensional Scaling Vector Model,https://openalex.org/W1974747694,https://doi.org/10.1177/014662168601000107,1986,article
Journal of Retailing,Journal of the Academy of Marketing Science,The Role of Customer Service In Determining Customer Satisfaction,https://openalex.org/W1977539519,https://doi.org/10.1177/009207038601400205,1986,article
Journal of Retailing,Information & Management,Accounting and billing software and user reactions: An interactive diagnostic audit trail,https://openalex.org/W2013179042,https://doi.org/10.1016/0378-7206(85)90023-0,1985,article
Journal of Retailing,Journal of Pharmaceutical Marketing & Management,Satisfaction-Dissatisfaction with Prescription Medication,https://openalex.org/W2100830190,https://doi.org/10.3109/j058v04n01_02,1989,article
Journal of Retailing,Advances in Engineering Software (1978),Preliminary studies on the development of a decision support system for evaluating engineering and scientific software,https://openalex.org/W2016720392,https://doi.org/10.1016/0141-1195(85)90046-4,1985,article
Journal of Retailing,None,Order processing and inventory control software related to computer user satisfaction,https://openalex.org/W2056644627,https://doi.org/10.1145/317164.317186,1985,article
Journal of Retailing,Health Policy,Health and medical software related to computer user satisfaction: an interactive online expert system using diagnostic audit trails through telecommunication networks,https://openalex.org/W2089322052,https://doi.org/10.1016/0168-8510(85)90035-1,1985,article
Journal of Retailing,Cybernetics & Systems,INTERACTIVE DIAGNOSTIC SYSTEM FOR INSURANCE SOFTWARE: AN EXPERT SYSTEM USING ARTIFICIAL INTELLIGENCE (ESAI),https://openalex.org/W1978845577,https://doi.org/10.1080/01969728708902137,1987,article
Journal of Retailing,Microprocessing and Microprogramming,Microcomputer application diagnostic system for identification and evaluation of user satisfaction factors of purchasing software,https://openalex.org/W2003896906,https://doi.org/10.1016/0165-6074(86)90113-4,1986,article
Journal of Retailing,International Journal of Hospitality Management,"Quality, capacity and productivity in service industries",https://openalex.org/W2090791580,https://doi.org/10.1016/0278-4319(88)90031-x,1988,article
Journal of Retailing,International Journal of Operations & Production Management,The Impact of Trends in Service Operations on Food Service Delivery Systems,https://openalex.org/W2043275504,https://doi.org/10.1108/eb054846,1988,article
Journal of Retailing,Journal of Applied Psychology,Employee and customer perceptions of service in banks: Replication and extension.,https://openalex.org/W1983990142,https://doi.org/10.1037/0021-9010.70.3.423,1985,article
Journal of Retailing,Journal of Marketing Research,Modeling Consumer Satisfaction Processes Using Experience-Based Norms,https://openalex.org/W2314778166,https://doi.org/10.2307/3151833,1983,article
Journal of Retailing,Personnel Psychology,ORGANIZATIONAL PERFORMANCE AND ORGANIZATIONAL LEVEL TRAINING AND SUPPORT,https://openalex.org/W2011178514,https://doi.org/10.1111/j.1744-6570.1985.tb00570.x,1985,article
Journal of Retailing,Journal of Economic Psychology,Consumer retail satisfaction in rural areas: A reanalysis of survey data,https://openalex.org/W2052453458,https://doi.org/10.1016/0167-4870(87)90004-3,1987,article
Journal of Retailing,Service Industries Journal,Packaging the Service Provider,https://openalex.org/W2057361779,https://doi.org/10.1080/02642068500000006,1985,article
Journal of Retailing,Applied Psychological Measurement,A Probabilistic Multidimensional Scaling Vector Model,https://openalex.org/W1974747694,https://doi.org/10.1177/014662168601000107,1986,article
Journal of Retailing,Journal of the Academy of Marketing Science,The Role of Customer Service In Determining Customer Satisfaction,https://openalex.org/W1977539519,https://doi.org/10.1177/009207038601400205,1986,article
Journal of Retailing,Journal of the Academy of Marketing Science,An Exploration of Client Satisfaction in a Nonprofit Context,https://openalex.org/W2079253204,https://doi.org/10.1177/009207038901700403,1989,article
Journal of Retailing,None,Service Begets Sales: An Investigation into the Relationship of Automotive Dealership Customer Service Satisfaction with Sales Success,https://openalex.org/W2563104900,None,1986,article
Journal of Retailing,Journal of Consumer Research,The Buying Impulse,https://openalex.org/W2110094096,https://doi.org/10.1086/209105,1987,article
Journal of Retailing,ACR North American Advances,Effects of Impulse Purchases on Consumers' Affective States,https://openalex.org/W2416949738,None,1988,article
Journal of Retailing,Journal of Marketing Management,"Information seeking, external search and “shopping” behaviour: Preliminary evidence from a planned shopping centre",https://openalex.org/W2037633410,https://doi.org/10.1080/0267257x.1988.9964058,1988,article
Journal of Retailing,None,The need for new theory,https://openalex.org/W3195472066,None,1989,article
Journal of Retailing,Journal of Marketing Research,Product/Consumption-Based Affective Responses and Postpurchase Processes,https://openalex.org/W2322233365,https://doi.org/10.1177/002224378702400302,1987,article
Journal of Retailing,Journal of Marketing,Consumer Complaint Intentions and Behavior: Definitional and Taxonomical Issues,https://openalex.org/W2316552461,https://doi.org/10.1177/002224298805200108,1988,article
Journal of Retailing,Journal of Consumer Affairs,The Role of Public and Private Complaining in Satisfaction with Problem Resolution,https://openalex.org/W2084301582,https://doi.org/10.1111/j.1745-6606.1985.tb00353.x,1985,article
Journal of Retailing,Law and Human Behavior,Individual differences and the pursuit of legal rights: A preliminary inquiry.,https://openalex.org/W2315169064,https://doi.org/10.1007/bf01044743,1987,article
Journal of Retailing,Journal of Macromarketing,Empirical Evidence on Marketplace Alienation,https://openalex.org/W2165392030,https://doi.org/10.1177/027614678300300203,1983,article
Journal of Retailing,Journal of the Academy of Marketing Science,The Role of Customer Service In Determining Customer Satisfaction,https://openalex.org/W1977539519,https://doi.org/10.1177/009207038601400205,1986,article
Journal of Retailing,Journal of Public Policy & Marketing,Consumer Medical Complaint Behavior: Determinants of and Alternatives to Malpractice Litigation,https://openalex.org/W2908687010,https://doi.org/10.1177/074391568400300106,1984,article
Journal of Retailing,None,Individual Differences Legal Rights and the Pursuit of,https://openalex.org/W2557465295,None,1987,article
Journal of Retailing,None,Service Begets Sales: An Investigation into the Relationship of Automotive Dealership Customer Service Satisfaction with Sales Success,https://openalex.org/W2563104900,None,1986,article
Journal of Retailing,Journal of Marketing,Consumer Complaint Intentions and Behavior: Definitional and Taxonomical Issues,https://openalex.org/W2316552461,https://doi.org/10.1177/002224298805200108,1988,article
Journal of Retailing,Journal of the Academy of Marketing Science,A Multivariate Analysis of Responses to Dissatisfaction,https://openalex.org/W1981167345,https://doi.org/10.1177/009207038701500303,1987,article
Journal of Retailing,Journal of Consumer Affairs,Determinants of Consumers’ Decisions to Seek Third Party Redress: An Empirical Study of Dissatisfied Patients,https://openalex.org/W2019489722,https://doi.org/10.1111/j.1745-6606.1989.tb00251.x,1989,article
Journal of Retailing,Journal of Consumer Affairs,The Role of Public and Private Complaining in Satisfaction with Problem Resolution,https://openalex.org/W2084301582,https://doi.org/10.1111/j.1745-6606.1985.tb00353.x,1985,article
Journal of Retailing,Psychology and Marketing,Attributional influences on consumers' desires to communicate about products,https://openalex.org/W2060360256,https://doi.org/10.1002/mar.4220040105,1987,article
Journal of Retailing,Journal of Business Research,Relationship correspondence: similarities and differences in business response to complimentary versus complaining consumers,https://openalex.org/W2030625179,https://doi.org/10.1016/0148-2963(88)90049-5,1988,article
Journal of Retailing,Journal of the Academy of Marketing Science,The Role of Customer Service In Determining Customer Satisfaction,https://openalex.org/W1977539519,https://doi.org/10.1177/009207038601400205,1986,article
Journal of Retailing,Journal Of Consumer Studies and Home Economics,Cross‐national differences in satisfaction/dissatisfaction and complaint behaviour concerning apparel products,https://openalex.org/W2162194847,https://doi.org/10.1111/j.1470-6431.1989.tb00013.x,1989,article
Journal of Retailing,Journal of Direct Marketing,The potential impact of emerging communications technologies on distribution channels,https://openalex.org/W2051761643,https://doi.org/10.1002/dir.4000030406,1989,article
Journal of Retailing,Journal of Marketing Management,"Information seeking, external search and “shopping” behaviour: Preliminary evidence from a planned shopping centre",https://openalex.org/W2037633410,https://doi.org/10.1080/0267257x.1988.9964058,1988,article
Journal of Retailing,Recherche et Applications en Marketing (French Edition),Les voies de recherche en distribution,https://openalex.org/W2326156550,https://doi.org/10.1177/076737018800300304,1988,article
Journal of Retailing,Journal of the Academy of Marketing Science,A path-analytic study of a model of salesperson performance,https://openalex.org/W2019970984,https://doi.org/10.1007/bf02722111,1986,article
Journal of Retailing,Journal of Business Research,Antecedents of retail salesperson performance: A path-analytic perspective,https://openalex.org/W2041673783,https://doi.org/10.1016/0148-2963(86)90005-6,1986,article
Journal of Retailing,Journal of Risk & Insurance,Job-Related Responses of Insurance Agents: A Multi-Firm Investigation,https://openalex.org/W2326001279,https://doi.org/10.2307/252783,1985,article
Journal of Retailing,Journal of Risk & Insurance,Impact of Sales Supervisor Leadership Behavior on Insurance Agent Attitudes and Performance,https://openalex.org/W2315963540,https://doi.org/10.2307/253285,1988,article
Journal of Retailing,Journal of Business Ethics,The individualistic ethic and the design of organizations,https://openalex.org/W1981914682,https://doi.org/10.1007/bf00382028,1987,article
Journal of Retailing,Journal of Applied Psychology,Cumulative evidence of the relationship between employee age and job performance.,https://openalex.org/W2009532356,https://doi.org/10.1037/0021-9010.74.1.11,1989,article
Journal of Retailing,Journal of Nutrition Education,"Point of choice nutrition information, federal regulations, and consumer health education: a critical view",https://openalex.org/W2003932669,https://doi.org/10.1016/s0022-3182(89)80200-6,1989,article
Journal of Retailing,Service Industries Journal,The Role of the Surrogate Consumer in Service Delivery,https://openalex.org/W2171523069,https://doi.org/10.1080/02642068700000034,1987,article
Journal of Retailing,Service Industries Journal,Estimation of Threshold Costs in Service Industries,https://openalex.org/W2081378424,https://doi.org/10.1080/02642068700000007,1987,article
Journal of Retailing,International Small Business Journal Researching Entrepreneurship,"Degree of Affiliation and Retail Labour Productivity in France, The Netherlands and the UK",https://openalex.org/W2122200567,https://doi.org/10.1177/026624268500300405,1985,article
Journal of Retailing,European Economic Review,Normal costs and demand effects in price setting,https://openalex.org/W2170104393,https://doi.org/10.1016/0014-2921(88)90057-8,1988,article
Journal of Retailing,International Journal of Research in Marketing,On the measurement of retail marketing mix effects in the presence of different economic regimes,https://openalex.org/W2075907251,https://doi.org/10.1016/0167-8116(88)90063-8,1988,article
Journal of Retailing,None,On the effects . measurement of retail marketing mix in the presence of different economic,https://openalex.org/W2166041277,None,1988,article
