cites_article_in,source_journal,work_title,work_oaid,DOI,pub_year,work_type
Psychology and Marketing,Journal of Public Policy & Marketing,The Effectiveness of Advertising Explicit Warranties,https://openalex.org/W2909453461,https://doi.org/10.1177/074391568500400111,1985,article
Psychology and Marketing,Journal of Economic Psychology,A causal model of consumer involvement,https://openalex.org/W2039415189,https://doi.org/10.1016/0167-4870(89)90030-5,1989,article
Psychology and Marketing,Journal of Personality and Social Psychology,A structural equation test of the value-attitude-behavior hierarchy.,https://openalex.org/W1995363267,https://doi.org/10.1037/0022-3514.54.4.638,1988,article
Psychology and Marketing,Journal of Business Research,The involvement—commitment model: Theory and implications,https://openalex.org/W2079337383,https://doi.org/10.1016/0148-2963(88)90039-2,1988,article
Psychology and Marketing,Journal of Marketing,The Nine Nations of North America and the Value Basis of Geographic Segmentation,https://openalex.org/W2317148696,https://doi.org/10.2307/1251598,1986,article
Psychology and Marketing,None,CHANGES IN SOCIAL VALUES IN THE UNITED STATES DURING THE PAST DECADE,https://openalex.org/W2741761563,None,1988,article
Psychology and Marketing,Journal of the Academy of Marketing Science,Hispanic Values and Subcultural Research,https://openalex.org/W1992151005,https://doi.org/10.1177/009207038901700103,1989,article
Psychology and Marketing,Journal of the Academy of Marketing Science,Hispanic values and subcultural research,https://openalex.org/W4244126183,https://doi.org/10.1007/bf02726350,1989,article
Psychology and Marketing,Journal of the Academy of Marketing Science,Shared Organizational Values: Measurement and Impact Upon Strategic Marketing Implementation,https://openalex.org/W2018546604,https://doi.org/10.1177/009207038701500103,1987,article
Psychology and Marketing,Psychology and Marketing,Social values in the eighties: A special issue,https://openalex.org/W2028343652,https://doi.org/10.1002/mar.4220020403,1985,article
Psychology and Marketing,Psychology and Marketing,Black and white response to culturally targeted television commercials: A values‐based approach,https://openalex.org/W2040530470,https://doi.org/10.1002/mar.4220060406,1989,article
Psychology and Marketing,Journal of Marketing,The Nine Nations of North America and the Value Basis of Geographic Segmentation,https://openalex.org/W4254405191,https://doi.org/10.1177/002224298605000203,1986,article
Psychology and Marketing,Journal of the Academy of Marketing Science,Shared organizational values: Measurement and impact upon strategic marketing implementation,https://openalex.org/W4248386289,https://doi.org/10.1007/bf02721950,1987,article
Psychology and Marketing,Recherche et Applications en Marketing (French Edition),Analyse structurelle comparative des composantes des systèmes de valeurs selon Kahle et Rokeach,https://openalex.org/W2315997816,https://doi.org/10.1177/076737018800300102,1988,article
Psychology and Marketing,Journal of the Academy of Marketing Science,Performance congruence and value congruence impact on sales force annual sales,https://openalex.org/W2010977722,https://doi.org/10.1007/bf02726645,1989,article
Psychology and Marketing,Journal of International Consumer Marketing,The Two Nations of Canada vs. The Nine Nations of North America:,https://openalex.org/W2096994912,https://doi.org/10.1300/j046v01n04_06,1989,article
Psychology and Marketing,Journal of Marketing Research,The Impact of Feelings on Ad-Based Affect and Cognition,https://openalex.org/W2326996902,https://doi.org/10.2307/3172670,1989,article
Psychology and Marketing,Journal of Advertising,Emotional Feelings and Attitude toward the Advertisement: The Roles of Brand Familarity and Repetition,https://openalex.org/W2033530627,https://doi.org/10.1080/00913367.1988.10673121,1988,article
Psychology and Marketing,Journal of Advertising,Cultural Differences and Advertising Expression: A Comparative Content Analysis of Japanese and U.S. Magazine Advertising,https://openalex.org/W2072237803,https://doi.org/10.1080/00913367.1987.10673061,1987,article
Psychology and Marketing,Journal of Marketing Research,The Impact of Feelings on Ad-Based Affect and Cognition,https://openalex.org/W4256677788,https://doi.org/10.1177/002224378902600106,1989,article
Psychology and Marketing,Journal of Marketing,"Mirror, Mirror, on the Wall, What's Unfair in the Reflections on Advertising?",https://openalex.org/W2328094565,https://doi.org/10.1177/002224298705100307,1987,article
Psychology and Marketing,Journal of Marketing Research,Assessing the Role of Contingency Awareness in Attitudinal Conditioning with Implications for Advertising Research,https://openalex.org/W2320423603,https://doi.org/10.2307/3172667,1989,article
Psychology and Marketing,Journal of Advertising,Measuring Emotional Response to Advertising,https://openalex.org/W2057482827,https://doi.org/10.1080/00913367.1986.10673036,1986,article
Psychology and Marketing,Journal of Marketing,On the Value of Reflections on the Values in “The Distorted Mirror”,https://openalex.org/W2067779312,https://doi.org/10.1177/002224298705100308,1987,article
Psychology and Marketing,Journal of Marketing Research,Assessing the Role of Contingency Awareness in Attitudinal Conditioning with Implications for Advertising Research,https://openalex.org/W4247293753,https://doi.org/10.1177/002224378902600103,1989,article
Psychology and Marketing,Psychology and Marketing,Assessing the validity of emotional typologies,https://openalex.org/W1964200655,https://doi.org/10.1002/mar.4220060203,1989,article
Psychology and Marketing,Psychology and Marketing,The intensifying effects of exciting television programs on the reception of subsequent commercials,https://openalex.org/W1991254978,https://doi.org/10.1002/mar.4220060102,1989,article
Psychology and Marketing,Journal of Advertising,Subliminal Stimulation: Some New Data and Interpretation,https://openalex.org/W2334662299,https://doi.org/10.1080/00913367.1989.10673156,1989,article
Psychology and Marketing,Industrial Marketing Management,How designers and buyers evaluate products,https://openalex.org/W1982648599,https://doi.org/10.1016/0019-8501(89)90024-2,1989,article
Psychology and Marketing,Journal of the Academy of Marketing Science,Effects of sales presentation topic on cognitive responses in industrial buying groups,https://openalex.org/W2131599903,https://doi.org/10.1007/bf02726641,1989,article
Psychology and Marketing,Journal of Consumer Research,"The Ideology of Consumption: A Structural-Syntactical Analysis of ""Dallas"" and ""Dynasty""",https://openalex.org/W2010911021,https://doi.org/10.1086/209171,1988,article
Psychology and Marketing,Journal of Marketing,Consumer Perceptions of Interpersonal Equity and Satisfaction in Transactions: A Field Survey Approach,https://openalex.org/W2327975117,https://doi.org/10.2307/1251411,1989,article
Psychology and Marketing,Journal of Marketing,Consumer Perceptions of Interpersonal Equity and Satisfaction in Transactions: A Field Survey Approach,https://openalex.org/W4247841719,https://doi.org/10.1177/002224298905300202,1989,article
Psychology and Marketing,Journal of Business Research,The involvement—commitment model: Theory and implications,https://openalex.org/W2079337383,https://doi.org/10.1016/0148-2963(88)90039-2,1988,article
Psychology and Marketing,Psychology and Marketing,Measuring Purchase‐decision involvement,https://openalex.org/W1989743986,https://doi.org/10.1002/mar.4220060206,1989,article
Psychology and Marketing,Journal of the Academy of Marketing Science,Alternative hierarchies of the attitude-behavior relationship: The impact of brand commitment and habit,https://openalex.org/W2051835401,https://doi.org/10.1007/bf02723310,1988,article
Psychology and Marketing,Psychology and Marketing,Comment: Measuring Consumer Involvement in Products: Comment on Traylor and Joseph,https://openalex.org/W2037188348,https://doi.org/10.1002/mar.4220020107,1985,article
Psychology and Marketing,Journal of Marketing Research,The Information Processing of Coordinated Media Campaigns,https://openalex.org/W2324616146,https://doi.org/10.1177/002224378902600202,1989,article
Psychology and Marketing,Journal of Consumer Research,A Field Study of Causal Inferences and Consumer Reaction: The View from the Airport,https://openalex.org/W2076635899,https://doi.org/10.1086/209086,1987,article
Psychology and Marketing,Journal of Marketing,Information Processing from Advertisements: Toward an Integrative Framework,https://openalex.org/W2089370919,https://doi.org/10.2307/1251376,1989,article
Psychology and Marketing,Journal of Marketing,Information Processing from Advertisements: Toward an Integrative Framework,https://openalex.org/W4244821477,https://doi.org/10.1177/002224298905300401,1989,article
Psychology and Marketing,Journal of Consumer Research,Are all the Effects of Ad-Induced Feelings Mediated by A$_ad$?,https://openalex.org/W2063906861,https://doi.org/10.1086/209173,1988,article
Psychology and Marketing,Journal of Advertising,The Nature of Emotional Response to Advertising: A Further Examination,https://openalex.org/W2016748746,https://doi.org/10.1080/00913367.1988.10673130,1988,article
Psychology and Marketing,Psychology and Marketing,Gender schema and fashion consciousness,https://openalex.org/W1982553581,https://doi.org/10.1002/mar.4220060205,1989,article
Psychology and Marketing,Sex Roles,Sexual identity scale: A new self-assessment measure,https://openalex.org/W2022221914,https://doi.org/10.1007/bf00287732,1987,article
Psychology and Marketing,International Journal of Research in Marketing,Applications of multiple recapture sampling in market research,https://openalex.org/W1975447179,https://doi.org/10.1016/0167-8116(89)90053-0,1989,article
Psychology and Marketing,Journal of Marketing Research,Models of Consumer Satisfaction Formation: An Extension,https://openalex.org/W2010427130,https://doi.org/10.2307/3172652,1988,article
Psychology and Marketing,Journal of Marketing Research,Models of Consumer Satisfaction Formation: An Extension,https://openalex.org/W4235303810,https://doi.org/10.1177/002224378802500209,1988,article
Psychology and Marketing,Journal of the Academy of Marketing Science,A social cognition model of consumer problem recognition,https://openalex.org/W4230606304,https://doi.org/10.1007/bf02723290,1987,article
Psychology and Marketing,Journal of the Academy of Marketing Science,A Social Cognition Model of Consumer Problem Recognition,https://openalex.org/W2018769588,https://doi.org/10.1177/009207038701500407,1987,article
Psychology and Marketing,Journal of Consumer Research,Situational Ethnicity and Consumer Behavior,https://openalex.org/W2024649498,https://doi.org/10.1086/209222,1989,article
Psychology and Marketing,Psychology and Marketing,Gender schema and fashion consciousness,https://openalex.org/W1982553581,https://doi.org/10.1002/mar.4220060205,1989,article
Psychology and Marketing,Journal of Consumer Marketing,Strategically Desirable Brand Name Characteristics,https://openalex.org/W2128692389,https://doi.org/10.1108/eum0000000002563,1989,article
Psychology and Marketing,Journal of the Academy of Marketing Science,Performance congruence and value congruence impact on sales force annual sales,https://openalex.org/W2010977722,https://doi.org/10.1007/bf02726645,1989,article
Psychology and Marketing,Journal of International Consumer Marketing,The Two Nations of Canada vs. The Nine Nations of North America:,https://openalex.org/W2096994912,https://doi.org/10.1300/j046v01n04_06,1989,article
Psychology and Marketing,Journal of Advertising,The Role of Psychological Meaning in Advertising,https://openalex.org/W2037556147,https://doi.org/10.1080/00913367.1988.10673101,1988,article
Psychology and Marketing,Journal of Product Innovation Management,Psychological meaning of products and product positioning,https://openalex.org/W1993468457,https://doi.org/10.1016/0737-6782(87)90030-0,1987,article
Psychology and Marketing,Psychological Reports,On the Internal Organization of Consumers' Cognitive Schemata,https://openalex.org/W2048322536,https://doi.org/10.2466/pr0.1989.65.1.115,1989,article
Psychology and Marketing,Journal of Product Innovation Management,Psychological Meaning of Products and Product Positioning,https://openalex.org/W4230789904,https://doi.org/10.1111/1540-5885.440265,1987,article
Psychology and Marketing,Psychology and Marketing,Psychological meaning: Empirical directions for identification and strategy development,https://openalex.org/W2015938229,https://doi.org/10.1002/mar.4220060103,1989,article
Psychology and Marketing,Psychology and Marketing,Social values in the eighties: A special issue,https://openalex.org/W2028343652,https://doi.org/10.1002/mar.4220020403,1985,article
Psychology and Marketing,Journal of Consumer Policy,Belief-value structures as determinants of consumer behaviour: A study of housing preferences and choices,https://openalex.org/W2318317403,https://doi.org/10.1007/bf00412067,1989,article
Psychology and Marketing,Journal of Consumer Research,How Consumers are Affected by the Framing of Attribute Information Before and After Consuming the Product,https://openalex.org/W2149688032,https://doi.org/10.1086/209174,1988,article
Psychology and Marketing,Journal of the Academy of Marketing Science,Do Source and Anonymity Affect Mail Survey Results?,https://openalex.org/W2071584699,https://doi.org/10.1177/009207038701500308,1987,article
Psychology and Marketing,Basic and Applied Social Psychology,Effects of Cover Appeal and Monetary Incentives on Survey Response: A Reactance Theory Application,https://openalex.org/W2089745981,https://doi.org/10.1207/s15324834basp0902_3,1988,article
Psychology and Marketing,Journal of the Academy of Marketing Science,Do source and anonymity affect mail survey results?,https://openalex.org/W4256635242,https://doi.org/10.1007/bf02722173,1987,article
Psychology and Marketing,Journal of the Academy of Marketing Science,Cash prizes and mail survey response rates: A threshold analysis,https://openalex.org/W1994602707,https://doi.org/10.1007/bf02723358,1988,article
Psychology and Marketing,Journal of the Academy of Marketing Science,Research Notes: Cash Prizes and Mail Survey Response Rates: A Threshold Analysis,https://openalex.org/W1643737940,https://doi.org/10.1177/009207038801600307,1988,article
Psychology and Marketing,Journal of Direct Marketing,Increasing response rates using an inducement question in mail surveys,https://openalex.org/W1999030790,https://doi.org/10.1002/dir.4000020107,1988,article
Psychology and Marketing,None,The Contrast Model of Similarity and Comparative Advertising,https://openalex.org/W1190770703,None,1988,article
Psychology and Marketing,Journal of Advertising,Executional Factors and Advertising Effectiveness: A Replication,https://openalex.org/W2082770034,https://doi.org/10.1080/00913367.1989.10673158,1989,article
Psychology and Marketing,Psychology and Marketing,Physiological responses and advertising effects: Is the cup half full or half empty?,https://openalex.org/W2002366722,https://doi.org/10.1002/mar.4220020207,1985,article
Psychology and Marketing,International Journal of Neuroscience,The Influence of Hans-Lukas Teuber and the Psychophysiological Laboratory on the Establishment and Development of Neuropsychology,https://openalex.org/W1970035394,https://doi.org/10.3109/00207458508985381,1985,article
Psychology and Marketing,The Journal of mind and behavior,Subliminal techniques as propaganda tools: review and critique,https://openalex.org/W2340305899,None,1989,article
Psychology and Marketing,Psychology and Marketing,The case against subliminal manipulation,https://openalex.org/W2052360580,https://doi.org/10.1002/mar.4220050403,1988,article
Psychology and Marketing,Psychology and Marketing,Recent perspectives on unconscious processing: Still no marketing applications,https://openalex.org/W2106341219,https://doi.org/10.1002/mar.4220050405,1988,article
Psychology and Marketing,Journal of Advertising,Subliminal Stimulation: Some New Data and Interpretation,https://openalex.org/W2334662299,https://doi.org/10.1080/00913367.1989.10673156,1989,article
Psychology and Marketing,Psychology and Marketing,Review and appraisal of subliminal perception within the context of signal detection theory,https://openalex.org/W2070262205,https://doi.org/10.1002/mar.4220050404,1988,article
Psychology and Marketing,Psychology and Marketing,The intensifying effects of exciting television programs on the reception of subsequent commercials,https://openalex.org/W1991254978,https://doi.org/10.1002/mar.4220060102,1989,article
Psychology and Marketing,Journal of Marketing,Cognitive Relativism and the Practice of Marketing Science,https://openalex.org/W2315050174,https://doi.org/10.1177/002224298705100102,1987,article
Psychology and Marketing,International Journal of Neuroscience,Attention to Television: Intrastimulus Effects of Movement and Scene Changes on Alpha Variation Over Time,https://openalex.org/W2010047555,https://doi.org/10.3109/00207458509149770,1985,article
Psychology and Marketing,Psychology and Marketing,Physiological responses and advertising effects: Is the cup half full or half empty?,https://openalex.org/W2002366722,https://doi.org/10.1002/mar.4220020207,1985,article
Psychology and Marketing,Psychology and Marketing,Physiological measurement of advertising effects,https://openalex.org/W2005111142,https://doi.org/10.1002/mar.4220010105,1984,article
Psychology and Marketing,International Journal of Advertising,Consumer Involvement,https://openalex.org/W2598532488,https://doi.org/10.1080/02650487.1985.11105055,1985,article
Psychology and Marketing,International Journal of Neuroscience,The Influence of Hans-Lukas Teuber and the Psychophysiological Laboratory on the Establishment and Development of Neuropsychology,https://openalex.org/W1970035394,https://doi.org/10.3109/00207458508985381,1985,article
Psychology and Marketing,Psychology and Marketing,Methodological considerations in the use of electroencephalographic techniques in advertising research,https://openalex.org/W2033874046,https://doi.org/10.1002/mar.4220010203,1984,article
Psychology and Marketing,Psychology and Marketing,Differences between basic research and the validation of specific measures: A reply to Weinstein; et al.,https://openalex.org/W1964162807,https://doi.org/10.1002/mar.4220020105,1985,article
Psychology and Marketing,Journal of the Academy of Marketing Science,Effects of sales presentation topic on cognitive responses in industrial buying groups,https://openalex.org/W2131599903,https://doi.org/10.1007/bf02726641,1989,article
Psychology and Marketing,Clinical Research Practices and Drug Regulatory Affairs,"Objective Claims Substantiation for Cosmetic and Pharmaceutical Products, Based Upon Measurement of Sensory, Perceptual, Analgesic, Pruritic, and Irritative Effects",https://openalex.org/W2023640333,https://doi.org/10.3109/10601338609051234,1986,article
Psychology and Marketing,Psychology and Marketing,The intensifying effects of exciting television programs on the reception of subsequent commercials,https://openalex.org/W1991254978,https://doi.org/10.1002/mar.4220060102,1989,article
Psychology and Marketing,Psychology and Marketing,Brain wave analysis in advertising research. Validation from basic research &amp; independent replications,https://openalex.org/W2045608788,https://doi.org/10.1002/mar.4220010309,1984,article
Psychology and Marketing,Psychology and Marketing,Physiological responses and advertising effects: Is the cup half full or half empty?,https://openalex.org/W2002366722,https://doi.org/10.1002/mar.4220020207,1985,article
Psychology and Marketing,Psychology and Marketing,Differences between basic research and the validation of specific measures: A reply to Weinstein; et al.,https://openalex.org/W1964162807,https://doi.org/10.1002/mar.4220020105,1985,article
Psychology and Marketing,Psychology and Marketing,Initial impressions in the retail environment: A comparison of black and white perceptions,https://openalex.org/W2151705304,https://doi.org/10.1002/mar.4220060407,1989,article
Psychology and Marketing,Progress in Energy and Combustion Science,Nonreacting turbulent mixing flows,https://openalex.org/W2085269970,https://doi.org/10.1016/0360-1285(86)90004-3,1986,article
Psychology and Marketing,Psychology and Marketing,Black and white response to culturally targeted television commercials: A values‐based approach,https://openalex.org/W2040530470,https://doi.org/10.1002/mar.4220060406,1989,article
Psychology and Marketing,Clothing and Textiles Research Journal,Consumer Use of Label Information In Ratings of Clothing Quality and Clothing Fashionability,https://openalex.org/W2100555176,https://doi.org/10.1177/0887302x8700600102,1987,article
Psychology and Marketing,Journal of Business Research,Nested multinomial logit analysis of scanner data for a hierarchical choice model,https://openalex.org/W2094654235,https://doi.org/10.1016/0148-2963(88)90048-3,1988,article
Psychology and Marketing,Communication Research,Diffusion and Social Impacts of Personal Computers,https://openalex.org/W2144587801,https://doi.org/10.1177/009365087014002005,1987,article
Psychology and Marketing,Computers in Human Behavior,The impact of a discontinuous innovation: Outcomes experienced by owners of home computers,https://openalex.org/W1999596868,https://doi.org/10.1016/0747-5632(89)90002-2,1989,article
Psychology and Marketing,Psychology and Marketing,Sex‐role self‐concept measures and marketing: A research note,https://openalex.org/W2083761004,https://doi.org/10.1002/mar.4220050107,1988,article
Psychology and Marketing,Journal of Consumer Research,Sex Typing and Consumer Behavior: A Test of Gender Schema Theory,https://openalex.org/W2066800376,https://doi.org/10.1086/209151,1988,article
Psychology and Marketing,Psychology and Marketing,Black and white response to culturally targeted television commercials: A values‐based approach,https://openalex.org/W2040530470,https://doi.org/10.1002/mar.4220060406,1989,article
Psychology and Marketing,Journal of Consumer Research,The Sacred and the Profane in Consumer Behavior: Theodicy on the Odyssey,https://openalex.org/W1997481215,https://doi.org/10.1086/209191,1989,article
Psychology and Marketing,Psychology and Marketing,Brain wave analysis in advertising research. Validation from basic research &amp; independent replications,https://openalex.org/W2045608788,https://doi.org/10.1002/mar.4220010309,1984,article
Psychology and Marketing,Psychology and Marketing,Physiological responses and advertising effects: Is the cup half full or half empty?,https://openalex.org/W2002366722,https://doi.org/10.1002/mar.4220020207,1985,article
Psychology and Marketing,Psychology and Marketing,Differences between basic research and the validation of specific measures: A reply to Weinstein; et al.,https://openalex.org/W1964162807,https://doi.org/10.1002/mar.4220020105,1985,article
Psychology and Marketing,Journal of Reproductive and Infant Psychology,Social and ethical problems of fetal diagnosis and screening,https://openalex.org/W2083952974,https://doi.org/10.1080/02646838908403590,1989,article
Psychology and Marketing,Leisure Sciences,An analysis of consumer loyalty to municipal recreation programs,https://openalex.org/W2103980526,https://doi.org/10.1080/01490408809512191,1988,article
Psychology and Marketing,Psychology and Marketing,Consumers' mood states: Antecedents and consequences of experiential versus informational strategies for brand choice,https://openalex.org/W1983391456,https://doi.org/10.1002/mar.4220050206,1988,article
Psychology and Marketing,Lifestyles,Unemployment induced adaptations: Relationships among economic responses and individual and marital well-being,https://openalex.org/W2087779209,https://doi.org/10.1007/bf00988286,1988,article
Psychology and Marketing,Psychology and Marketing,Middle‐class black consumers and intensity of ethnic identification,https://openalex.org/W1983518658,https://doi.org/10.1002/mar.4220060404,1989,article
Psychology and Marketing,Journal of Marketing,Managing What Consumers Learn from Experience,https://openalex.org/W2314333710,https://doi.org/10.1177/002224298905300201,1989,article
Psychology and Marketing,Journal of Product Innovation Management,Product Shape as a Design Innovation Strategy,https://openalex.org/W2103228824,https://doi.org/10.1111/1540-5885.440274,1987,article
Psychology and Marketing,Marketing Science,"Measuring Simple Preferences: An Approach to Blind, Forced Choice Product Testing",https://openalex.org/W2147777151,https://doi.org/10.1287/mksc.4.2.93,1985,article
Psychology and Marketing,Journal of Applied Psychology,Perceptual and preferential discrimination abilities in taste tests.,https://openalex.org/W1993886208,https://doi.org/10.1037/0021-9010.72.2.301,1987,article
Psychology and Marketing,Quarterly Journal of Marketing,質的データのための調査法とその展開、分析,https://openalex.org/W4393302923,https://doi.org/10.7222/marketing.1987.041,1987,article
Psychology and Marketing,Psychology and Marketing,Editor's note. On awards in advertising,https://openalex.org/W1996950559,https://doi.org/10.1002/mar.4220030302,1986,article
